 ____       ____  ____
|  _ \ ___ |  _ \/ ___|
| |_) / _ \| |_) \___ \
|  __/ (_) |  __/ ___) |
|_|   \___/|_|   |____/
PoPS 1.1.0 | resolved simulation launch
================================================================
  case                : api040_M03_stiffened
  target / backend    : system / production
  compute             : native C++ / Kokkos OpenMP
  execution lanes     : 1
  precision           : double (8 bytes)
  communicator        : MPI_COMM_WORLD (1 rank)
  blocks              : renamed_material
  numerics renamed_material : finite_volume, variables=conservative, reconstruction=firstorder, riemann=rusanov, formal_order=1, ghost_depth=1, boundaries=1
  layout 0            : Uniform; 100 x 100 cells; 1 level; [-0.5, 0.5] x [0, 1]
  step strategy       : adaptive_cfl (cfl=0.25)
  interval            : 0 -> 0.15 (max 100000 accepted steps)
  consumers           : scientific_output npz @ every(1) -> accepted/euler
  output root         : /Users/romaindespoulain/Documents/Codex/2026-09-28/dans-le-d-p-t-pops/outputs/m03-stiffened-boundary-budget/states/stiffened/trajectory_100 (explicit-root)
  artifact identity   : 11791a845805d105
  run identity        : 63521882c342e068
================================================================
----------------------------------------------------------------
PoPS run completed
  accepted / rejected : 165 / 0
  final time / step   : 0.15 / 165
  elapsed             : 5.469277 s
  run identity        : 63521882c342e068
 ____       ____  ____
|  _ \ ___ |  _ \/ ___|
| |_) / _ \| |_) \___ \
|  __/ (_) |  __/ ___) |
|_|   \___/|_|   |____/
PoPS 1.1.0 | resolved simulation launch
================================================================
  case                : api040_M03_stiffened
  target / backend    : system / production
  compute             : native C++ / Kokkos OpenMP
  execution lanes     : 1
  precision           : double (8 bytes)
  communicator        : MPI_COMM_WORLD (1 rank)
  blocks              : renamed_material
  numerics renamed_material : finite_volume, variables=conservative, reconstruction=firstorder, riemann=rusanov, formal_order=1, ghost_depth=1, boundaries=1
  layout 0            : Uniform; 200 x 200 cells; 1 level; [-0.5, 0.5] x [0, 1]
  step strategy       : adaptive_cfl (cfl=0.25)
  interval            : 0 -> 0.15 (max 100000 accepted steps)
  consumers           : scientific_output npz @ every(1) -> accepted/euler
  output root         : /Users/romaindespoulain/Documents/Codex/2026-09-28/dans-le-d-p-t-pops/outputs/m03-stiffened-boundary-budget/states/stiffened/trajectory_200 (explicit-root)
  artifact identity   : a85e9537ef08a889
  run identity        : d5e7dbc3c2792aa0
================================================================
----------------------------------------------------------------
PoPS run completed
  accepted / rejected : 341 / 0
  final time / step   : 0.15 / 341
  elapsed             : 25.836709 s
  run identity        : d5e7dbc3c2792aa0
 ____       ____  ____
|  _ \ ___ |  _ \/ ___|
| |_) / _ \| |_) \___ \
|  __/ (_) |  __/ ___) |
|_|   \___/|_|   |____/
PoPS 1.1.0 | resolved simulation launch
================================================================
  case                : api040_M03_stiffened
  target / backend    : system / production
  compute             : native C++ / Kokkos OpenMP
  execution lanes     : 1
  precision           : double (8 bytes)
  communicator        : MPI_COMM_WORLD (1 rank)
  blocks              : renamed_material
  numerics renamed_material : finite_volume, variables=conservative, reconstruction=firstorder, riemann=rusanov, formal_order=1, ghost_depth=1, boundaries=1
  layout 0            : Uniform; 400 x 400 cells; 1 level; [-0.5, 0.5] x [0, 1]
  step strategy       : adaptive_cfl (cfl=0.25)
  interval            : 0 -> 0.15 (max 100000 accepted steps)
  consumers           : scientific_output npz @ every(1) -> accepted/euler
  output root         : /Users/romaindespoulain/Documents/Codex/2026-09-28/dans-le-d-p-t-pops/outputs/m03-stiffened-boundary-budget/states/stiffened/trajectory_400 (explicit-root)
  artifact identity   : dd7173b2dd588a71
  run identity        : 08ff0551a3001f87
================================================================
----------------------------------------------------------------
PoPS run completed
  accepted / rejected : 693 / 0
  final time / step   : 0.15 / 693
  elapsed             : 195.375623 s
  run identity        : 08ff0551a3001f87
{
  "schema_version": 2,
  "case": "M03",
  "eos": "stiffened",
  "balance_oracle": "SSPRK2 boundary quadrature from every saved native accepted state",
  "balance_revision": "v2: incoming numerical boundary flux, unchanged tolerances",
  "status": "passed",
  "criteria": {
    "density_l1_max": {
      "100": 0.09,
      "200": 0.07,
      "400": 0.055
    },
    "density_l1_strictly_decreasing": true,
    "mass_defect_max": 2e-10,
    "energy_defect_max": 2e-10,
    "momentum_balance_defect_max": 3e-09,
    "transverse_momentum_max": 2e-11,
    "y_invariance_max": 2e-11,
    "initial_max_error": 1e-12,
    "time_error_max": 1e-12,
    "minimum_density": 0.0,
    "minimum_internal_energy_density": 0.0,
    "minimum_pressure": 0.0
  },
  "scope": "Dim=2 NxN, 1D solution invariant in y; not Dim=1",
  "method": "authored Euler/EOS; first-order Rusanov; SSPRK2",
  "cfl": 0.25,
  "t_end": 0.15,
  "resolutions": [
    100,
    200,
    400
  ],
  "component_names": [
    "a",
    "b",
    "c",
    "d"
  ],
  "parameter_names": [
    "ratio_of_heats",
    "pressure_shift"
  ],
  "state_name": "renamed_conservative_values",
  "block_name": "renamed_material",
  "package_file": "/Users/romaindespoulain/miniforge3/envs/pops-api040/lib/python3.12/site-packages/pops/__init__.py",
  "package_version": "1.1.0",
  "native_file": "/Users/romaindespoulain/miniforge3/envs/pops-api040/lib/python3.12/site-packages/pops/_native/dim2/_pops.cpython-312-darwin.so",
  "native_sha256": "e1070cb63a8e733b0a6032ac4d2b8ad003756668c100e057e5f8edd5b9c01280",
  "abi_key": "compiler=Apple LLVM 21.0.0 (clang-2100.1.1.101);std=202002L;headers=aa301ce673e78b6833d4cd25c3dfe283d3eb8e6506795f7a50dc5b88a6feff2f;kokkos=1;stdlib=libc++_210106;mpi=1;mpi_abi=f7d12ae87f8a0b401f7e2330986eddea52855a5fd643fb650d8bf8c5fc2ff8a5;dim=2",
  "prefix": "/Users/romaindespoulain/miniforge3/envs/pops-api040",
  "threads_requested": "1",
  "records": [
    {
      "eos": "stiffened",
      "gamma": 1.4,
      "p_inf": 0.3,
      "cells": [
        100,
        100
      ],
      "time": 0.15,
      "accepted_steps": 165,
      "density_l1": 0.031146938527343092,
      "rho_min": 0.12528724308890202,
      "internal_energy_density_min": 1.3032208495395383,
      "pressure_min": 0.10128833981581525,
      "mass_defect": 1.1905048073659191e-18,
      "energy_defect": 1.6225085511245574e-16,
      "momentum_balance_defect": 0.0,
      "transverse_momentum_max": 1.0005328775130579e-16,
      "y_invariance_max": 8.881784197001252e-16,
      "initial_max_error": 0.0,
      "incoming_boundary_increment": [
        -3.7512062773815383e-06,
        0.1349920551162692,
        2.3154330726959182e-36,
        -4.203378470507129e-05
      ],
      "farfield_flux_deviation": [
        -3.7512062773815383e-06,
        -7.944883730820473e-06,
        2.3154330726959182e-36,
        -4.203378470507129e-05
      ],
      "maximum_per_step_balance_defect": [
        2.0465407879329203e-16,
        4.5102810375396984e-17,
        3.5510084696021617e-34,
        9.551023226937897e-16
      ],
      "boundary_budget": "boundary_budget_100.npz",
      "boundary_budget_sha256": "519b3017e9c591cf1894e35c5c597817d708e864b7a3494521297a84fa7d55da",
      "trajectory_series": "trajectory_100/accepted/euler/series__f59c027b87a1bced498d0adb884442dae25b6c45da7d220772bd83c00af64193d.npz.series",
      "trajectory_members": [
        {
          "path": "trajectory_100/accepted/euler/scientific-output-accept__pops.handle.v1-case-api0__f59c027b87a1bced498d0adb884442dae25b6c45da7d220772bd83c00af64193d__s000000001__609ce42a0c99db9893bd95527b6bc1903c93b909a388e55a53d44c6161258f0b.npz",
          "sha256": "7b2d1da0507ffb1637a304fad9204d0055af1a46b8b63cd9461b9af8d055260e"
        },
        {
          "path": "trajectory_100/accepted/euler/scientific-output-accept__pops.handle.v1-case-api0__f59c027b87a1bced498d0adb884442dae25b6c45da7d220772bd83c00af64193d__s000000002__1d69763ed29f0cc431b037d49c6e29cd27bc06e7f50d3a1a7c812e9922c77f4f.npz",
          "sha256": "e781a4afefe9646df5520595c81609167678611e3f392a404f0a242da5cd7876"
        },
        {
          "path": "trajectory_100/accepted/euler/scientific-output-accept__pops.handle.v1-case-api0__f59c027b87a1bced498d0adb884442dae25b6c45da7d220772bd83c00af64193d__s000000003__24454b94455db9fe4f3196a9fe59819cc7b08c881e953ea623acbe700364e92b.npz",
          "sha256": "52ff1dd7a72641fcb0f50c1839f09964ffd74ae6d879779136dd26455989068c"
        },
        {
          "path": "trajectory_100/accepted/euler/scientific-output-accept__pops.handle.v1-case-api0__f59c027b87a1bced498d0adb884442dae25b6c45da7d220772bd83c00af64193d__s000000004__cd54919680c9ef0e9dfb2caa9c863fdb55d1a7d942370761424051f499826c47.npz",
          "sha256": "4a2994bf1c098b53848fc551223aac0920d103d96af6b2a5651935c44c00d432"
        },
        {
          "path": "trajectory_100/accepted/euler/scientific-output-accept__pops.handle.v1-case-api0__f59c027b87a1bced498d0adb884442dae25b6c45da7d220772bd83c00af64193d__s000000005__a98c3b46d3becc925a89ac41a897a4ab932b0b891caf3bd7a1d1bd10761b4b72.npz",
          "sha256": "5d1042b6bd994d58c5bf295ba2d3cc80731bd051e449b73da8c3a5a4e8cb6de6"
        },
        {
          "path": "trajectory_100/accepted/euler/scientific-output-accept__pops.handle.v1-case-api0__f59c027b87a1bced498d0adb884442dae25b6c45da7d220772bd83c00af64193d__s000000006__dd93a18af7bbaf8e8fdec1f9588de184a927fac23137b83b2bf1fe49ea710787.npz",
          "sha256": "7bdba7290408539da4dfe16c722f78d1679460f80ac6861cb8295239d90e17bb"
        },
        {
          "path": "trajectory_100/accepted/euler/scientific-output-accept__pops.handle.v1-case-api0__f59c027b87a1bced498d0adb884442dae25b6c45da7d220772bd83c00af64193d__s000000007__6abde65e80d2570265af37eded2cfdcef99cbd5f02d5cfbed80b57454fd683ee.npz",
          "sha256": "0f2a6e68b36e08a0b3de0c044411931873e8f6533de47a8615728d108923639a"
        },
        {
          "path": "trajectory_100/accepted/euler/scientific-output-accept__pops.handle.v1-case-api0__f59c027b87a1bced498d0adb884442dae25b6c45da7d220772bd83c00af64193d__s000000008__7d3613ab31db3162c025430dd8963313e984f63d1f45d7a2b69fafd3cde9392f.npz",
          "sha256": "b395dc561d56dbb235e7aa22fe38ca966c714d119b06a461a391ff13c101bfca"
        },
        {
          "path": "trajectory_100/accepted/euler/scientific-output-accept__pops.handle.v1-case-api0__f59c027b87a1bced498d0adb884442dae25b6c45da7d220772bd83c00af64193d__s000000009__544a4ec3cdbf7fe7f7a76369d2b931feb750f594e036186e78461a21f683dcd7.npz",
          "sha256": "1286929a7cb002f9b9893b31657176daf945cd27db6177f9aff33b728564037b"
        },
        {
          "path": "trajectory_100/accepted/euler/scientific-output-accept__pops.handle.v1-case-api0__f59c027b87a1bced498d0adb884442dae25b6c45da7d220772bd83c00af64193d__s000000010__335347c6eb9a3caddbf2fb81dc86b4d0bf255f6398579241dc00c2559a03ccd8.npz",
          "sha256": "b9a398ee8f414ca8c6a31163c6d500615bd9d4782c11eabe2c6d94ca25038003"
        },
        {
          "path": "trajectory_100/accepted/euler/scientific-output-accept__pops.handle.v1-case-api0__f59c027b87a1bced498d0adb884442dae25b6c45da7d220772bd83c00af64193d__s000000011__96ce1087006e8d44ef253d736e9196a390a59584e5cd2074b88901789891b5c2.npz",
          "sha256": "1c200c164b0371da0053495805fd411274e38b4155c9f5edfa01feda8dfb4919"
        },
        {
          "path": "trajectory_100/accepted/euler/scientific-output-accept__pops.handle.v1-case-api0__f59c027b87a1bced498d0adb884442dae25b6c45da7d220772bd83c00af64193d__s000000012__d5dc40a55b8d2c2423276806937c5cd69fbe280451f008b98884a4723723cc5c.npz",
          "sha256": "df7532ff4bf5fe78bb2b833b60f803dc3901f09001de959ffa581560a82f4bd3"
        },
        {
          "path": "trajectory_100/accepted/euler/scientific-output-accept__pops.handle.v1-case-api0__f59c027b87a1bced498d0adb884442dae25b6c45da7d220772bd83c00af64193d__s000000013__a5aff094cca62aa3c3fcd3204d57a1056b6725e0bfc990d711458f34e5fa9f38.npz",
          "sha256": "326f425e8095e3948a68840c2df289e52dcd82fd41dedc9e51f7e8a0880ad49a"
        },
        {
          "path": "trajectory_100/accepted/euler/scientific-output-accept__pops.handle.v1-case-api0__f59c027b87a1bced498d0adb884442dae25b6c45da7d220772bd83c00af64193d__s000000014__772bd2a7d9af45a6923446c56cd4b6d9cee3ea28fbbb7eb3bc32abc160f51d94.npz",
          "sha256": "2380ce4ca7aae14a4fb3ecccb94b80920e07e4128951e265c2761f19c211df1f"
        },
        {
          "path": "trajectory_100/accepted/euler/scientific-output-accept__pops.handle.v1-case-api0__f59c027b87a1bced498d0adb884442dae25b6c45da7d220772bd83c00af64193d__s000000015__e65353e7f4999e07820764c240944698a311cd14fb1d3fad37331dd6621694fb.npz",
          "sha256": "a855f5bdb7696d589d16a6bde39558d15bb2ae4532f5f570d58afa1e66aa0428"
        },
        {
          "path": "trajectory_100/accepted/euler/scientific-output-accept__pops.handle.v1-case-api0__f59c027b87a1bced498d0adb884442dae25b6c45da7d220772bd83c00af64193d__s000000016__66623994d3ab3715df4b3445bcfeb031db0cd68297bc8ee0e5e37ba01883f3a1.npz",
          "sha256": "43753732a652e08db8f6ea712588869810d5bed2e3b4ec1ba4b78d5e54eda341"
        },
        {
          "path": "trajectory_100/accepted/euler/scientific-output-accept__pops.handle.v1-case-api0__f59c027b87a1bced498d0adb884442dae25b6c45da7d220772bd83c00af64193d__s000000017__99c211dc207c336dae8a045151582ecffc70827cf12f75aaa2a7d02e447d7eec.npz",
          "sha256": "5bdacff52f1426e498dfa53e458662cc31fb8b802c4b2aec22b359cc8d357799"
        },
        {
          "path": "trajectory_100/accepted/euler/scientific-output-accept__pops.handle.v1-case-api0__f59c027b87a1bced498d0adb884442dae25b6c45da7d220772bd83c00af64193d__s000000018__0e7510a6b04d85d012d420a386ed4b189a81fe5b44f4032d4b46874e12615bf8.npz",
          "sha256": "d93b30493456376ea4a9516607bc0e0c05bf9aebd1b931bf90f891f87f38fd6f"
        },
        {
          "path": "trajectory_100/accepted/euler/scientific-output-accept__pops.handle.v1-case-api0__f59c027b87a1bced498d0adb884442dae25b6c45da7d220772bd83c00af64193d__s000000019__e4646c7efd7404324cee1a01c294caf12023866d0a719fd54622a0e4b28a5787.npz",
          "sha256": "7194aadf990a9e750f5d870d8a7c7b2f4f655c062472cea23c3b6696084bf706"
        },
        {
          "path": "trajectory_100/accepted/euler/scientific-output-accept__pops.handle.v1-case-api0__f59c027b87a1bced498d0adb884442dae25b6c45da7d220772bd83c00af64193d__s000000020__a388c6c0d9b52a59b9b405f13585c729dc41d9c34a35c41be2f0a7da9f524c5e.npz",
          "sha256": "05b90ee8311923e6ae3bc8fdabb4d145c751b8e96417e3ed76d0e48fa39d556b"
        },
        {
          "path": "trajectory_100/accepted/euler/scientific-output-accept__pops.handle.v1-case-api0__f59c027b87a1bced498d0adb884442dae25b6c45da7d220772bd83c00af64193d__s000000021__5fec35836452c66ebb1e068b2bbf335b63ca0b3bfae9c5999b9164302138b95b.npz",
          "sha256": "fea34ee1051f214cf856d185951b330ebfaa7c0a18e426c17c546a51bacacf8e"
        },
        {
          "path": "trajectory_100/accepted/euler/scientific-output-accept__pops.handle.v1-case-api0__f59c027b87a1bced498d0adb884442dae25b6c45da7d220772bd83c00af64193d__s000000022__e8e4293a2685a0ff0c272d0d932e63c69d53b5c64848d5d37983cd5e8b5e59d9.npz",
          "sha256": "b83441b0f8b784bf28a5e77b306b0f5bc1dec9f8a895a02f3a6d6357f3d7062a"
        },
        {
          "path": "trajectory_100/accepted/euler/scientific-output-accept__pops.handle.v1-case-api0__f59c027b87a1bced498d0adb884442dae25b6c45da7d220772bd83c00af64193d__s000000023__ffa92f1c6ea5e51fe1df99f8c471c082cd47e489b935255a691df2b44a42af43.npz",
          "sha256": "4b11d9da8ba0b1d419977e921639ef7a6e63518f13aaca5ff8e8744591620996"
        },
        {
          "path": "trajectory_100/accepted/euler/scientific-output-accept__pops.handle.v1-case-api0__f59c027b87a1bced498d0adb884442dae25b6c45da7d220772bd83c00af64193d__s000000024__e7abadc03347cec603e808d913fb0ff353ae6c2b7797e2b8a3ff21db67a4ca4b.npz",
          "sha256": "0257d28c7542b422d15f61c24497c155e3ddfd7af20fe2778d3b64dff3ca2a00"
        },
        {
          "path": "trajectory_100/accepted/euler/scientific-output-accept__pops.handle.v1-case-api0__f59c027b87a1bced498d0adb884442dae25b6c45da7d220772bd83c00af64193d__s000000025__6e761722b9cc9c160408f6f9c18820c604484ac1a7e22284b55cfa85f2ac80c4.npz",
          "sha256": "0cfb5998ed35bc26304600304a70d9d31084851ec7baffa2515b50ee62966daa"
        },
        {
          "path": "trajectory_100/accepted/euler/scientific-output-accept__pops.handle.v1-case-api0__f59c027b87a1bced498d0adb884442dae25b6c45da7d220772bd83c00af64193d__s000000026__faeaeb09d76540e1e9f49645d5767a352d56824e15b9b3a87518559f1e144088.npz",
          "sha256": "2ea087a7f21eb7e28a8f1189ec2a55436785b959fb7b1349b5b1489d626f020f"
        },
        {
          "path": "trajectory_100/accepted/euler/scientific-output-accept__pops.handle.v1-case-api0__f59c027b87a1bced498d0adb884442dae25b6c45da7d220772bd83c00af64193d__s000000027__c07b3575b63ad9e20d4bcbd2d62055ec3213f87b74f6c4fd8eaba7e4f604ee9c.npz",
          "sha256": "8d66d91607fd95e64085c822483cf4db5170456a436cf2cee66b4f415875927f"
        },
        {
          "path": "trajectory_100/accepted/euler/scientific-output-accept__pops.handle.v1-case-api0__f59c027b87a1bced498d0adb884442dae25b6c45da7d220772bd83c00af64193d__s000000028__9ee3eb53929a525a064d3807a402ecafecd634451e60ce77f66516df02d81322.npz",
          "sha256": "2c7d34710a334b2c6842aaf50f89be66c8108b903412ac2c8f010ff44e38039a"
        },
        {
          "path": "trajectory_100/accepted/euler/scientific-output-accept__pops.handle.v1-case-api0__f59c027b87a1bced498d0adb884442dae25b6c45da7d220772bd83c00af64193d__s000000029__dbf5f94a90865357f3b0f54f468eaa0891fc71d87aa45d53f237bd05b6429622.npz",
          "sha256": "a61d4db82de63e895b8c303c5ba5b6b82b114845c758fd0dfb1af0bbb47bc309"
        },
        {
          "path": "trajectory_100/accepted/euler/scientific-output-accept__pops.handle.v1-case-api0__f59c027b87a1bced498d0adb884442dae25b6c45da7d220772bd83c00af64193d__s000000030__8f63a5c87314efb1ff37343e47778a8e0c2a47dc75d41fe74cb0a0f94b917314.npz",
          "sha256": "12853a0ed702b112240c56356c5724d7fa32f0e6ba96b3798a767a6317bd2640"
        },
        {
          "path": "trajectory_100/accepted/euler/scientific-output-accept__pops.handle.v1-case-api0__f59c027b87a1bced498d0adb884442dae25b6c45da7d220772bd83c00af64193d__s000000031__48da48dd3589a146c6a886733d9d02656f0ba722959fde50caf073277224bf27.npz",
          "sha256": "2794ce7902c9cf7cea88da271a48725b2364b438e5d054ee109a46a8b9c78be1"
        },
        {
          "path": "trajectory_100/accepted/euler/scientific-output-accept__pops.handle.v1-case-api0__f59c027b87a1bced498d0adb884442dae25b6c45da7d220772bd83c00af64193d__s000000032__b6a15f14823580380fc219a4e6639ac5d910f47c01b3da1c73a52b17c329eab2.npz",
          "sha256": "d67880f4fa06d8eaced070a9809751ce0c441fa22afe427b3f4670b86251a585"
        },
        {
          "path": "trajectory_100/accepted/euler/scientific-output-accept__pops.handle.v1-case-api0__f59c027b87a1bced498d0adb884442dae25b6c45da7d220772bd83c00af64193d__s000000033__f9db5c0a515db71470b55a6e3c947fa9daebf2c257583597072f5e92d5067f18.npz",
          "sha256": "e9e5337a82c6392da9792e60e07cdbf15211570b3f217fdf2f9683fe46845831"
        },
        {
          "path": "trajectory_100/accepted/euler/scientific-output-accept__pops.handle.v1-case-api0__f59c027b87a1bced498d0adb884442dae25b6c45da7d220772bd83c00af64193d__s000000034__d9ec7770e76a67ad19f233ec356def9c81d3d4cfb7f960ff82cbebb4a7499db0.npz",
          "sha256": "b6c13914a66ce13aa8dbb0a471a6e80ff34d049d5e5cb85251889d1e1e5edc3f"
        },
        {
          "path": "trajectory_100/accepted/euler/scientific-output-accept__pops.handle.v1-case-api0__f59c027b87a1bced498d0adb884442dae25b6c45da7d220772bd83c00af64193d__s000000035__adcd2ca808d2cdd60736a7b5f4a162079dc7c5239fb2bdb74a8bf0de6f819690.npz",
          "sha256": "cf9ded60ce479340beb2e4f117a894bea9472c26c00c81f24891350fb9c8641f"
        },
        {
          "path": "trajectory_100/accepted/euler/scientific-output-accept__pops.handle.v1-case-api0__f59c027b87a1bced498d0adb884442dae25b6c45da7d220772bd83c00af64193d__s000000036__74cb0236501b007946eb48781f39b26a5243ab9e66a4c82966b36563db663e40.npz",
          "sha256": "6c0852528569e484052f81ff7541d462d7e7a9edfd81009249eed068e1c4ddce"
        },
        {
          "path": "trajectory_100/accepted/euler/scientific-output-accept__pops.handle.v1-case-api0__f59c027b87a1bced498d0adb884442dae25b6c45da7d220772bd83c00af64193d__s000000037__ca447b7c3d28e0e172602cb95c00b31bde98def8e1bb35da18cc9d65b810fe43.npz",
          "sha256": "6493b72099b7d2ecad71b61bea6b6a108f9f62e893f1d679ed4e863f6a466a6a"
        },
        {
          "path": "trajectory_100/accepted/euler/scientific-output-accept__pops.handle.v1-case-api0__f59c027b87a1bced498d0adb884442dae25b6c45da7d220772bd83c00af64193d__s000000038__c10bdd1be77b9c6fcd2559dc084211280c3a423e18957007c2032f8cfdf0c09f.npz",
          "sha256": "4c7e7a5aa6d98b5b993e01beab52ba9af78e395864e632f005a1dd99ce2ca4c5"
        },
        {
          "path": "trajectory_100/accepted/euler/scientific-output-accept__pops.handle.v1-case-api0__f59c027b87a1bced498d0adb884442dae25b6c45da7d220772bd83c00af64193d__s000000039__166bd709549aa100bf6139b7ed701896d2bc22c41553e0f8b5ff810ddd1239fd.npz",
          "sha256": "408ade4c0ae6422b61cb29fbe744279851856cb54954657bb789d0cc891a596c"
        },
        {
          "path": "trajectory_100/accepted/euler/scientific-output-accept__pops.handle.v1-case-api0__f59c027b87a1bced498d0adb884442dae25b6c45da7d220772bd83c00af64193d__s000000040__7399c248e9456a2e950593ff5124e91b72686e947645dcd92b21a221b3cbf639.npz",
          "sha256": "e5beec80bd4bc86d46f92ecbc35c596a197c18e6a49a6db19aca98929b717092"
        },
        {
          "path": "trajectory_100/accepted/euler/scientific-output-accept__pops.handle.v1-case-api0__f59c027b87a1bced498d0adb884442dae25b6c45da7d220772bd83c00af64193d__s000000041__1346025a7a161c5ab4b01ccb84d1515c1d893948148f55c60c4ccee067a20a4e.npz",
          "sha256": "4a744b83360ae7bcc2946dc74eb73b04bd9fc89ad2738514eed46f67a34a1f98"
        },
        {
          "path": "trajectory_100/accepted/euler/scientific-output-accept__pops.handle.v1-case-api0__f59c027b87a1bced498d0adb884442dae25b6c45da7d220772bd83c00af64193d__s000000042__8a0bbf36888d62a881af9acd4e03d16d4ca0cf5d43a44193888bd1b214e751f8.npz",
          "sha256": "13cc954fe26d78c733bbcd8b9dac4cff8224921cfbdbb2b8056b52b91e027011"
        },
        {
          "path": "trajectory_100/accepted/euler/scientific-output-accept__pops.handle.v1-case-api0__f59c027b87a1bced498d0adb884442dae25b6c45da7d220772bd83c00af64193d__s000000043__2e1ff53e6f660395a997d3989d3f5a09c9a5473c45ad916a49f19a391302792b.npz",
          "sha256": "f85c8c4036fe15ca7e46a8299baf4642074d24b563a18fb890ef7c777d10a9ea"
        },
        {
          "path": "trajectory_100/accepted/euler/scientific-output-accept__pops.handle.v1-case-api0__f59c027b87a1bced498d0adb884442dae25b6c45da7d220772bd83c00af64193d__s000000044__c3c984734fe790631dea6dea0e20626651a49176dba2e6b102c53ff4a8868d9c.npz",
          "sha256": "621d985872760d21e7b366a35accd77307629e4ebdc577a239148763f081f537"
        },
        {
          "path": "trajectory_100/accepted/euler/scientific-output-accept__pops.handle.v1-case-api0__f59c027b87a1bced498d0adb884442dae25b6c45da7d220772bd83c00af64193d__s000000045__c9404feefa6387debad10a0ca9e175d1add6c8a72d46f9ff688c49c084090ab7.npz",
          "sha256": "88108ec9b99096b0489428f11ddf2722de15478b06f02541284f2b4abc1b78b6"
        },
        {
          "path": "trajectory_100/accepted/euler/scientific-output-accept__pops.handle.v1-case-api0__f59c027b87a1bced498d0adb884442dae25b6c45da7d220772bd83c00af64193d__s000000046__2e9739a5724b9ecbd9c0babeafb193b84515fb8177d8174ae5dc5e6406f7a9a0.npz",
          "sha256": "7fa11012a04b07f4e66790e3834e9be2b9e7476eb77b6dd8b6160954b9d41bf2"
        },
        {
          "path": "trajectory_100/accepted/euler/scientific-output-accept__pops.handle.v1-case-api0__f59c027b87a1bced498d0adb884442dae25b6c45da7d220772bd83c00af64193d__s000000047__2d392bb43c017e0bac83ee57a69de3e655f103f80bc059bd05844bd358ef0a2f.npz",
          "sha256": "79c7cafe4cc8cf5c6d1302d3bfdc2e5ae4d1a2545f39d874930dd0583daf8ee8"
        },
        {
          "path": "trajectory_100/accepted/euler/scientific-output-accept__pops.handle.v1-case-api0__f59c027b87a1bced498d0adb884442dae25b6c45da7d220772bd83c00af64193d__s000000048__520be4ba585dcdb5a073cf71ac20bafbcd68932d4fb2f5f31f22ed796328118d.npz",
          "sha256": "0dbf098484ecb8e3dd21ddaa975217d20ede8eaf6feec592217a86a1a8e18425"
        },
        {
          "path": "trajectory_100/accepted/euler/scientific-output-accept__pops.handle.v1-case-api0__f59c027b87a1bced498d0adb884442dae25b6c45da7d220772bd83c00af64193d__s000000049__27068d99ce3e9d38e62ff8275098e8d5476fc9c92f07bba9f2e8f4932acff8da.npz",
          "sha256": "2ea5090e507f5b0887db4145771c45f01c7e35f116e35c2750a3bbab5bfb5a2e"
        },
        {
          "path": "trajectory_100/accepted/euler/scientific-output-accept__pops.handle.v1-case-api0__f59c027b87a1bced498d0adb884442dae25b6c45da7d220772bd83c00af64193d__s000000050__dd1c47a7c5fb8562a75d2da0d24c632d0da7b343403443fd1bd0341a6a040f0c.npz",
          "sha256": "c4b7b8a7007c9ad39fe0ecca6c706caa98f35b24fd5e8c462e237f7201a70e30"
        },
        {
          "path": "trajectory_100/accepted/euler/scientific-output-accept__pops.handle.v1-case-api0__f59c027b87a1bced498d0adb884442dae25b6c45da7d220772bd83c00af64193d__s000000051__941f091ea13a15cc07d79d1aaf45f8596eea17932cc6fdc3d87206c35cd0827e.npz",
          "sha256": "75a0a09e09b07f67a13cf2e47b0c3ce0208e3fea468ebdc10392afa3c4806ed0"
        },
        {
          "path": "trajectory_100/accepted/euler/scientific-output-accept__pops.handle.v1-case-api0__f59c027b87a1bced498d0adb884442dae25b6c45da7d220772bd83c00af64193d__s000000052__c0a167888e5fd2880c766fa60cbcc28ed2e6782834a8774fe47f62e4e277ed18.npz",
          "sha256": "ac7bd828c1e5b4f9d4c5b857af1bcb58bdb4c31b02b1eca664b3b580b35a8cde"
        },
        {
          "path": "trajectory_100/accepted/euler/scientific-output-accept__pops.handle.v1-case-api0__f59c027b87a1bced498d0adb884442dae25b6c45da7d220772bd83c00af64193d__s000000053__248f612acd16001521d4eb70e80b7f22fa49e0be28bb3f5b4cf19f5369d2d2c7.npz",
          "sha256": "0a424a87fcd404dc6ae8f643fdd950655a9f8f02650f16af2ded1cb5215f922a"
        },
        {
          "path": "trajectory_100/accepted/euler/scientific-output-accept__pops.handle.v1-case-api0__f59c027b87a1bced498d0adb884442dae25b6c45da7d220772bd83c00af64193d__s000000054__e919caafdd1ca524c6221ec44ddda59bab5ae9f4168cc6953ee385146f2c3f4a.npz",
          "sha256": "75d7dcb5dd9dc3c59df3c29898dc1e26b0bcbee89f5057d28c71bca5a147980e"
        },
        {
          "path": "trajectory_100/accepted/euler/scientific-output-accept__pops.handle.v1-case-api0__f59c027b87a1bced498d0adb884442dae25b6c45da7d220772bd83c00af64193d__s000000055__cf5e0801b8d8bce1cd70b00f5cb1c61389f50af8567ff7b54a8830ec98b6fb56.npz",
          "sha256": "4e0425bec56263b06f39cc2a663b9e8a17a1b3925a06df886cc9190d8ace10ce"
        },
        {
          "path": "trajectory_100/accepted/euler/scientific-output-accept__pops.handle.v1-case-api0__f59c027b87a1bced498d0adb884442dae25b6c45da7d220772bd83c00af64193d__s000000056__58116f4848f010c1732b04ada5771b93b63d1f8b1d63fe13547cd40b2a34af09.npz",
          "sha256": "a04d5f6f8707f91b5e9e7f6d0f71cd0116171de62d6bafb42172ff59d83efd35"
        },
        {
          "path": "trajectory_100/accepted/euler/scientific-output-accept__pops.handle.v1-case-api0__f59c027b87a1bced498d0adb884442dae25b6c45da7d220772bd83c00af64193d__s000000057__1dc91c886905f59f430d39a841b13ad0676ef3b01aebbf1f2e24b54538756e2f.npz",
          "sha256": "c324fbfd17879a1f8010f9dede3b6362a89b2286ec14166037870cbf8ca25fec"
        },
        {
          "path": "trajectory_100/accepted/euler/scientific-output-accept__pops.handle.v1-case-api0__f59c027b87a1bced498d0adb884442dae25b6c45da7d220772bd83c00af64193d__s000000058__0082a1516a0650c9f3e22c56856720f922b1de78dc8d437b9e1d3039d530c20c.npz",
          "sha256": "6a688bdfa0b6e4e2f7aed047dc5ff14ee745f5c6b15181713164a8b47aea25d4"
        },
        {
          "path": "trajectory_100/accepted/euler/scientific-output-accept__pops.handle.v1-case-api0__f59c027b87a1bced498d0adb884442dae25b6c45da7d220772bd83c00af64193d__s000000059__2cc3b5b998a2854ffb8d01c35201fdcef8d9cef720da4c9da04600d446109491.npz",
          "sha256": "0c5f2c22a04ae821b300ca2e1fc57a99bab0f4ab52c449591ed37c45bce6ddf0"
        },
        {
          "path": "trajectory_100/accepted/euler/scientific-output-accept__pops.handle.v1-case-api0__f59c027b87a1bced498d0adb884442dae25b6c45da7d220772bd83c00af64193d__s000000060__90697a5bd120a35590117b2a6f73a884f18b00cfe1f2b92ae458077a66029c60.npz",
          "sha256": "2941c58db5b06b135f959d11ba03d132d97aa1a3cf8c61a1bb7a6a9a7a0e893c"
        },
        {
          "path": "trajectory_100/accepted/euler/scientific-output-accept__pops.handle.v1-case-api0__f59c027b87a1bced498d0adb884442dae25b6c45da7d220772bd83c00af64193d__s000000061__e73c236f05e841dfd4c1c9055521b921025a2a285d63097bd101c9e4a23eaaea.npz",
          "sha256": "22b1a370d76029085f4766c7edc18833ec765cdf65e6d8358a51359e0b9438f8"
        },
        {
          "path": "trajectory_100/accepted/euler/scientific-output-accept__pops.handle.v1-case-api0__f59c027b87a1bced498d0adb884442dae25b6c45da7d220772bd83c00af64193d__s000000062__e4d8382b20b70295e39de514af9329985ec19b11c35e7a5ad380fabf2fd7d450.npz",
          "sha256": "bb218b9a06bab1a4c10cc15a79ec14923985952d0dbe27821d278080daad34e1"
        },
        {
          "path": "trajectory_100/accepted/euler/scientific-output-accept__pops.handle.v1-case-api0__f59c027b87a1bced498d0adb884442dae25b6c45da7d220772bd83c00af64193d__s000000063__a8ace913be5cb6be3e500d6a52ebf0664f0c69e731bbcbd923d7534cb363d769.npz",
          "sha256": "c81049162c6085b8b4a213a77d9fea5a6770c108da2bc68cb7e839c5c2e14677"
        },
        {
          "path": "trajectory_100/accepted/euler/scientific-output-accept__pops.handle.v1-case-api0__f59c027b87a1bced498d0adb884442dae25b6c45da7d220772bd83c00af64193d__s000000064__d5d68969f8283e81c362bb715ee734cf1a184793a20b7bedb5ea4e0dab7900db.npz",
          "sha256": "9327c99b60dc291d85d20210d15ea389c7d58e7d201bb939033cad6dd696b6f9"
        },
        {
          "path": "trajectory_100/accepted/euler/scientific-output-accept__pops.handle.v1-case-api0__f59c027b87a1bced498d0adb884442dae25b6c45da7d220772bd83c00af64193d__s000000065__917f41cb2d9d9ef3ea3cd2199f6272ae92a2b0a6938acb4a8f700c729aa6f6fe.npz",
          "sha256": "6e9296519c1515277815108bf68fa5c1669f465ee0a6d2bcd869281b3731d37e"
        },
        {
          "path": "trajectory_100/accepted/euler/scientific-output-accept__pops.handle.v1-case-api0__f59c027b87a1bced498d0adb884442dae25b6c45da7d220772bd83c00af64193d__s000000066__9ec6a56391cab5da27acde5d1de14100a4490247b9ed0a329a1652a8fb8b98c0.npz",
          "sha256": "7686d6ad0d73f6fcfb76959ca639d283012f6f837f376454f89ca04aafbd8796"
        },
        {
          "path": "trajectory_100/accepted/euler/scientific-output-accept__pops.handle.v1-case-api0__f59c027b87a1bced498d0adb884442dae25b6c45da7d220772bd83c00af64193d__s000000067__58ed3fcd8ad4ab2ad1989d81c5fc09c208bef1f68053032bd1b798138f2cbcd2.npz",
          "sha256": "f24c1e1635cec664b5ed7160d73f260eb9f3183181aea6720793e4774af4feab"
        },
        {
          "path": "trajectory_100/accepted/euler/scientific-output-accept__pops.handle.v1-case-api0__f59c027b87a1bced498d0adb884442dae25b6c45da7d220772bd83c00af64193d__s000000068__fab12eea7c6ac860f6e4d2918533fdf23b877651a36cfb2f97d329a56c4f8530.npz",
          "sha256": "32c773b4688792f09b3c1645ff0beffc2897daafe1527511462a62ac8a24a21b"
        },
        {
          "path": "trajectory_100/accepted/euler/scientific-output-accept__pops.handle.v1-case-api0__f59c027b87a1bced498d0adb884442dae25b6c45da7d220772bd83c00af64193d__s000000069__99b29cfc1cd2d78b4d268ce7a56743e6e7921d66826ebcc378e5a60e345c8ecb.npz",
          "sha256": "418f2c7683591d390c6f72fc808dd46d6978d09853134c5a9fe57b174c441297"
        },
        {
          "path": "trajectory_100/accepted/euler/scientific-output-accept__pops.handle.v1-case-api0__f59c027b87a1bced498d0adb884442dae25b6c45da7d220772bd83c00af64193d__s000000070__952cc35564108e223c3a99fac7ef40532d70f6e951aa9c4731a901f326a2df82.npz",
          "sha256": "f011daab998e02608bb80f343a9c8b3610e59f01b57327a8efbaf8dedd456100"
        },
        {
          "path": "trajectory_100/accepted/euler/scientific-output-accept__pops.handle.v1-case-api0__f59c027b87a1bced498d0adb884442dae25b6c45da7d220772bd83c00af64193d__s000000071__f6071eab48fa649d169955ae898e7899d7a7fbfff3160b5c43b07e477438f594.npz",
          "sha256": "55825fe78f5f91d597c7ab3e4a0d97e72a6b4b966b771f1f66927bccdea89ec1"
        },
        {
          "path": "trajectory_100/accepted/euler/scientific-output-accept__pops.handle.v1-case-api0__f59c027b87a1bced498d0adb884442dae25b6c45da7d220772bd83c00af64193d__s000000072__76f5fe80f857b7d027c44a59b626b1e38d455a00ecbae522b469bec645934cba.npz",
          "sha256": "7a98deac6e2ac4919137a8ca519388eb8197e8e5439b14072b506ad5a0ebe472"
        },
        {
          "path": "trajectory_100/accepted/euler/scientific-output-accept__pops.handle.v1-case-api0__f59c027b87a1bced498d0adb884442dae25b6c45da7d220772bd83c00af64193d__s000000073__432d971974b51f4641d01e750fb2896d1370adae56e0cee4cff064e7c3f0ec95.npz",
          "sha256": "423557887209feb0d397bd41aa45d3a62b825c49800953ba9ace6febb0e774c7"
        },
        {
          "path": "trajectory_100/accepted/euler/scientific-output-accept__pops.handle.v1-case-api0__f59c027b87a1bced498d0adb884442dae25b6c45da7d220772bd83c00af64193d__s000000074__8ed08ab82196524f80aa0ec01b72b6d119101aeef4ee4d58e0e9303b0e99e3e7.npz",
          "sha256": "cc3e85d3597702f495326f052f08b1e3cacee0407df93c6debbfda9c1f4fdf6e"
        },
        {
          "path": "trajectory_100/accepted/euler/scientific-output-accept__pops.handle.v1-case-api0__f59c027b87a1bced498d0adb884442dae25b6c45da7d220772bd83c00af64193d__s000000075__6a622adc2dc791f4adb03411e237a96f1f9054316e05cafdb0272fd67ae6939c.npz",
          "sha256": "8cb6311a13a4f9fbdfebbbffde381721b262d9ab5c11f4608cbf8af53f087267"
        },
        {
          "path": "trajectory_100/accepted/euler/scientific-output-accept__pops.handle.v1-case-api0__f59c027b87a1bced498d0adb884442dae25b6c45da7d220772bd83c00af64193d__s000000076__aa74a4772bdc3924f0656c8d49118cbd0e7c6605eb5cf387c3e8029558edac16.npz",
          "sha256": "516315369d11c6608aeb5a5dcfac57c4bb9db196de927989e309a833964b777f"
        },
        {
          "path": "trajectory_100/accepted/euler/scientific-output-accept__pops.handle.v1-case-api0__f59c027b87a1bced498d0adb884442dae25b6c45da7d220772bd83c00af64193d__s000000077__cbdd7cf124ca9dae65f13b9f3fc6a89fa87d8c41d70f4a6242ced0d4ec0713b0.npz",
          "sha256": "01033c181ce6075f3b5573b95ae5878a4bd77470af99f9487f5b04939cef5ffe"
        },
        {
          "path": "trajectory_100/accepted/euler/scientific-output-accept__pops.handle.v1-case-api0__f59c027b87a1bced498d0adb884442dae25b6c45da7d220772bd83c00af64193d__s000000078__41487f4d53b58728cd0e3b40042378a265df0258cc4ff393a68ac43cfb8a969e.npz",
          "sha256": "071843958c912d227acb70240da58e811a38dd946ba10b9f91232b7bc7b884e2"
        },
        {
          "path": "trajectory_100/accepted/euler/scientific-output-accept__pops.handle.v1-case-api0__f59c027b87a1bced498d0adb884442dae25b6c45da7d220772bd83c00af64193d__s000000079__a9c06cf5380e08b53c5ef1cdb599aa24fbcbe5b202c41df2b9d2662454a2baea.npz",
          "sha256": "832551434d11ea47edb4c773db5c4e7fff0a8cff72385a14cc7598da2bd1c6e1"
        },
        {
          "path": "trajectory_100/accepted/euler/scientific-output-accept__pops.handle.v1-case-api0__f59c027b87a1bced498d0adb884442dae25b6c45da7d220772bd83c00af64193d__s000000080__f2b2905193e3784ace4e12899474f226d622819ba67cf6fb7dd059b17b71a0ab.npz",
          "sha256": "1c2150518a11f5323e695998fc4c23a189a61397720385ce2465317430a71a74"
        },
        {
          "path": "trajectory_100/accepted/euler/scientific-output-accept__pops.handle.v1-case-api0__f59c027b87a1bced498d0adb884442dae25b6c45da7d220772bd83c00af64193d__s000000081__2861e46277631d83cb9a2b22b160da0ce746fc24242ae817020bce4a4531e4f8.npz",
          "sha256": "34321d7d0cbd118cfbd71c1ffb35c07b993f6a66ff01922322224b17d9704303"
        },
        {
          "path": "trajectory_100/accepted/euler/scientific-output-accept__pops.handle.v1-case-api0__f59c027b87a1bced498d0adb884442dae25b6c45da7d220772bd83c00af64193d__s000000082__f3fe4c6ccb5754a332dfbd28e0c4b8d8e2f9a3f067f43cb0ef57faa1c3aecd9b.npz",
          "sha256": "5f6347bd18ada328cc84eaf5eba38e2770019026b4ebd4808365a04bb2b978dc"
        },
        {
          "path": "trajectory_100/accepted/euler/scientific-output-accept__pops.handle.v1-case-api0__f59c027b87a1bced498d0adb884442dae25b6c45da7d220772bd83c00af64193d__s000000083__e3123b715ce3ed13149f3181c2a14b9a97583fc1809e1bc0a6e2783ed3267665.npz",
          "sha256": "2015af0f828f82dff48bd213230925f78dfea6b68ea37fb1408135c9e5cb5f05"
        },
        {
          "path": "trajectory_100/accepted/euler/scientific-output-accept__pops.handle.v1-case-api0__f59c027b87a1bced498d0adb884442dae25b6c45da7d220772bd83c00af64193d__s000000084__4fb86bd0844f63cadc7624743f14d68610d8df15997dcc865c9d8c3deb433920.npz",
          "sha256": "188b07e59035f15789f7d7ce5f83afca7c9a6c004115ac0937e7f655acdc1cd4"
        },
        {
          "path": "trajectory_100/accepted/euler/scientific-output-accept__pops.handle.v1-case-api0__f59c027b87a1bced498d0adb884442dae25b6c45da7d220772bd83c00af64193d__s000000085__5c11f2af7d79aa469dfb4d7d004d949aa5b07c3e15404cb4da6067eae7e47391.npz",
          "sha256": "098fdbcd08eac9cbb6541a8ed266dc095a0bd18577a7ff6492798206a03e1331"
        },
        {
          "path": "trajectory_100/accepted/euler/scientific-output-accept__pops.handle.v1-case-api0__f59c027b87a1bced498d0adb884442dae25b6c45da7d220772bd83c00af64193d__s000000086__de80dcf3165fa8929b748017c71e484fd9317e861aea8bb7e8984e1f2e331eed.npz",
          "sha256": "23f81f4efb1ac86a1c620ab931ef06dba678533fef2ff5a13736b0bbc9c928f8"
        },
        {
          "path": "trajectory_100/accepted/euler/scientific-output-accept__pops.handle.v1-case-api0__f59c027b87a1bced498d0adb884442dae25b6c45da7d220772bd83c00af64193d__s000000087__f62ad4249e7d98d9de75fc939c9dfc96ad13d88b1c1c6bfb6b0a8e93eaa62055.npz",
          "sha256": "2cbefccb3a0311430343b29d3c9e14240e83b09a1b02c7bd83d76ea8a975447b"
        },
        {
          "path": "trajectory_100/accepted/euler/scientific-output-accept__pops.handle.v1-case-api0__f59c027b87a1bced498d0adb884442dae25b6c45da7d220772bd83c00af64193d__s000000088__c45ee35a5f88e4580dc498bf5d911bb79a2716818ba7d9e6d81d0ada471c2170.npz",
          "sha256": "4098f1b8aeed4174967cd6686f891d51e0f5a48fdf0675d0515f3c3def333320"
        },
        {
          "path": "trajectory_100/accepted/euler/scientific-output-accept__pops.handle.v1-case-api0__f59c027b87a1bced498d0adb884442dae25b6c45da7d220772bd83c00af64193d__s000000089__d0d3ce10ce7d6677d99b38998e582dca3becb4d587cf2613ab3d9a9ad54e476b.npz",
          "sha256": "25c6b0048575f3c7256778e2f10f226805dda5b371e604872f9679d083cb3656"
        },
        {
          "path": "trajectory_100/accepted/euler/scientific-output-accept__pops.handle.v1-case-api0__f59c027b87a1bced498d0adb884442dae25b6c45da7d220772bd83c00af64193d__s000000090__1525b68322881c2424f360fed370a86ff283866dc74a50cd3c8eb1f4e939e202.npz",
          "sha256": "74d70c00eda059d3eed47e7ef79c0bfda2819c16c8db61a2a5a6a2939a6f6b6c"
        },
        {
          "path": "trajectory_100/accepted/euler/scientific-output-accept__pops.handle.v1-case-api0__f59c027b87a1bced498d0adb884442dae25b6c45da7d220772bd83c00af64193d__s000000091__1423317634cd2996c36d755969e5383019b5ac4f4007748cdd3f11e2d2069fcf.npz",
          "sha256": "55782665aef38562a5f6c4468b8e807857e0148aa6695c7c4f730773a84a0130"
        },
        {
          "path": "trajectory_100/accepted/euler/scientific-output-accept__pops.handle.v1-case-api0__f59c027b87a1bced498d0adb884442dae25b6c45da7d220772bd83c00af64193d__s000000092__d047c8e6dc710a8a872e91631270bb1dad941fc901a7a7958d89d461b5c63844.npz",
          "sha256": "289e27874fb90685aeecfdce812d9ec1cb36fbf74a0baf40fbb8616389c65530"
        },
        {
          "path": "trajectory_100/accepted/euler/scientific-output-accept__pops.handle.v1-case-api0__f59c027b87a1bced498d0adb884442dae25b6c45da7d220772bd83c00af64193d__s000000093__6dbf14cb709e467c246ca9e9a841c86244632d1eed7b504acb0805c1ec2897cd.npz",
          "sha256": "171b703b5e1a77f43691beefbad051f624700f5b1184b82064f05b2b24c3eba4"
        },
        {
          "path": "trajectory_100/accepted/euler/scientific-output-accept__pops.handle.v1-case-api0__f59c027b87a1bced498d0adb884442dae25b6c45da7d220772bd83c00af64193d__s000000094__24827673265791cf3d0ebc827bb536c7a8ef051d3621eb9747b35123461bcf43.npz",
          "sha256": "26188f6634da151e8bd48f694c9a2a55062b542d6b5f03d48997702793dcd460"
        },
        {
          "path": "trajectory_100/accepted/euler/scientific-output-accept__pops.handle.v1-case-api0__f59c027b87a1bced498d0adb884442dae25b6c45da7d220772bd83c00af64193d__s000000095__7531e4e05bd73e15e4f3f8718472c374ad840a706d58911a0ffe8f9dc1080c7b.npz",
          "sha256": "902f816ebb654674043f6ab69ec569394829e73be9fb889f88286ea5f8e37c61"
        },
        {
          "path": "trajectory_100/accepted/euler/scientific-output-accept__pops.handle.v1-case-api0__f59c027b87a1bced498d0adb884442dae25b6c45da7d220772bd83c00af64193d__s000000096__ccb480feb5b973c45424121a0bf1965765ff1547f2799c4e47618036fc747531.npz",
          "sha256": "0784e5b183478e55ab324b83fab0b7c404b32a25e3b5de4e69794ffdc2925467"
        },
        {
          "path": "trajectory_100/accepted/euler/scientific-output-accept__pops.handle.v1-case-api0__f59c027b87a1bced498d0adb884442dae25b6c45da7d220772bd83c00af64193d__s000000097__a55a47281b8ceb2add91fa51c2d7b91d183e50cf210e4ec0ec95fa79febbddd6.npz",
          "sha256": "af60c957f2338b6ab880256028f7ad14baaa8a00870a98fd12d7a9954a56b753"
        },
        {
          "path": "trajectory_100/accepted/euler/scientific-output-accept__pops.handle.v1-case-api0__f59c027b87a1bced498d0adb884442dae25b6c45da7d220772bd83c00af64193d__s000000098__ce5b70e1d5c0dc84b415cc44a51c217e47a658aef633e8ba0d150837202796d2.npz",
          "sha256": "ea2b1fbfc1555e64a103b1597f9c4f652d6eef9a347bc76f50627c18f6ecf19f"
        },
        {
          "path": "trajectory_100/accepted/euler/scientific-output-accept__pops.handle.v1-case-api0__f59c027b87a1bced498d0adb884442dae25b6c45da7d220772bd83c00af64193d__s000000099__2034f69596f0cfb3395de0beed80dd952d863b7b506c24f06e58ac818d12d879.npz",
          "sha256": "adf08bae77754d87ca0699a93e302702ac3f41cff74fda3964c2d4b2cb0d0f0c"
        },
        {
          "path": "trajectory_100/accepted/euler/scientific-output-accept__pops.handle.v1-case-api0__f59c027b87a1bced498d0adb884442dae25b6c45da7d220772bd83c00af64193d__s000000100__4e1324325c8a287f79765925f22562329312775e9d17ac780d147f5b734e83e4.npz",
          "sha256": "717f2c7db72c0828ee57934cf24bb1414de73af113b054bcbb7563bca2d50bb2"
        },
        {
          "path": "trajectory_100/accepted/euler/scientific-output-accept__pops.handle.v1-case-api0__f59c027b87a1bced498d0adb884442dae25b6c45da7d220772bd83c00af64193d__s000000101__60cafdce7ee06c585310d23753074c10e624697f61340a1289f09f642cb19782.npz",
          "sha256": "26b60fa94020fa21d973dcb47af8467b93c56d760b357e107aa537ac87e075b2"
        },
        {
          "path": "trajectory_100/accepted/euler/scientific-output-accept__pops.handle.v1-case-api0__f59c027b87a1bced498d0adb884442dae25b6c45da7d220772bd83c00af64193d__s000000102__6e399af7773a7378ac8fc14e34a9ff3a1b155fcc780306892a7fb9fecd8c7571.npz",
          "sha256": "cb1836c113a11404f04b140f3745debc01241b6c60eb5f6c9714e2fe789611d8"
        },
        {
          "path": "trajectory_100/accepted/euler/scientific-output-accept__pops.handle.v1-case-api0__f59c027b87a1bced498d0adb884442dae25b6c45da7d220772bd83c00af64193d__s000000103__61398af3f563a67c8c6d91fdb69ddaad4df6661df78c36743269729dbcbb8974.npz",
          "sha256": "2683c80de6378830b8ddf2e16c9c15a74fba3b0fc2d151b2c1b93a5127625327"
        },
        {
          "path": "trajectory_100/accepted/euler/scientific-output-accept__pops.handle.v1-case-api0__f59c027b87a1bced498d0adb884442dae25b6c45da7d220772bd83c00af64193d__s000000104__65cf54cc1e46072f645503a60eaf70ffe31a3bfbd425e1e1b3db91ae209044ae.npz",
          "sha256": "6c1b2d27febf86e904d67b3ff07535f64ce491c2edbc66e0e4236864b39d67e6"
        },
        {
          "path": "trajectory_100/accepted/euler/scientific-output-accept__pops.handle.v1-case-api0__f59c027b87a1bced498d0adb884442dae25b6c45da7d220772bd83c00af64193d__s000000105__ff53384d049c554c30bace6ae9b0ca9a58b4d096eb5f26c7a5affc993f9a5c78.npz",
          "sha256": "8965def247afca138a7174c02b026cfd630242246f554bb875f14453218f2f0d"
        },
        {
          "path": "trajectory_100/accepted/euler/scientific-output-accept__pops.handle.v1-case-api0__f59c027b87a1bced498d0adb884442dae25b6c45da7d220772bd83c00af64193d__s000000106__2b4e1d08595a5a682f5386be93bcda95bea6c531e32f019c8ec8a4ab796dd349.npz",
          "sha256": "66446f4a28110abe6f7094740a31705c80fe747323c149c233843a859ef5187e"
        },
        {
          "path": "trajectory_100/accepted/euler/scientific-output-accept__pops.handle.v1-case-api0__f59c027b87a1bced498d0adb884442dae25b6c45da7d220772bd83c00af64193d__s000000107__a28ddddced7c05f6b8a48423034800c4a892536c1d979ed85190f61f6f1f3229.npz",
          "sha256": "575444b2c217b4947ae5a18fbc2b29f4a56cf6fe42f2ccf9b1bc24884027d22b"
        },
        {
          "path": "trajectory_100/accepted/euler/scientific-output-accept__pops.handle.v1-case-api0__f59c027b87a1bced498d0adb884442dae25b6c45da7d220772bd83c00af64193d__s000000108__278c298fdd8d4994ec406862118a1fb6a7d55f14b6b7deafda335e5dbd7b6b09.npz",
          "sha256": "ebb4d825683a10f50c2e302e053d0eb63458ebb1ccc7053c54d5df0606ea95fc"
        },
        {
          "path": "trajectory_100/accepted/euler/scientific-output-accept__pops.handle.v1-case-api0__f59c027b87a1bced498d0adb884442dae25b6c45da7d220772bd83c00af64193d__s000000109__cebde01868989b2b9b19036130d955cef961528906bbe31c62fceb1e239eb714.npz",
          "sha256": "7939801c54bd91cd404700d104d2ea5690b23e0090e0d72a36422986a2378c66"
        },
        {
          "path": "trajectory_100/accepted/euler/scientific-output-accept__pops.handle.v1-case-api0__f59c027b87a1bced498d0adb884442dae25b6c45da7d220772bd83c00af64193d__s000000110__43e7af56e4d4430e1a772ee1eafabc448c6bd2ae060ac4509c2ee93d9786cb29.npz",
          "sha256": "235b846fea7735a4003f384972aaa7efa543814302c0fcf0615c35c1b2f0eb6d"
        },
        {
          "path": "trajectory_100/accepted/euler/scientific-output-accept__pops.handle.v1-case-api0__f59c027b87a1bced498d0adb884442dae25b6c45da7d220772bd83c00af64193d__s000000111__ac86f5fa06385db8e975c6197cb002f89aa08e4d4691409be8866cf05fceeba2.npz",
          "sha256": "e0d17ed918c246429caa68fe07e44e02973f358e906536fce35acdc46a625aaf"
        },
        {
          "path": "trajectory_100/accepted/euler/scientific-output-accept__pops.handle.v1-case-api0__f59c027b87a1bced498d0adb884442dae25b6c45da7d220772bd83c00af64193d__s000000112__77e24477ec4729f720249f8c3afabcb5f788185514ecbec2a9acff5e22130d9b.npz",
          "sha256": "8840681748b98340527ac2a60882f6d12c9c801627b0b4a82b40e66eb6f0ab01"
        },
        {
          "path": "trajectory_100/accepted/euler/scientific-output-accept__pops.handle.v1-case-api0__f59c027b87a1bced498d0adb884442dae25b6c45da7d220772bd83c00af64193d__s000000113__788efefaccaca2efb90c26b2205641d2f03342ef217ded80cf3925a985400553.npz",
          "sha256": "cdbce002a2a208ec2c6bdac3227b75c183c77788f1bd9ece32d15ffb687b3361"
        },
        {
          "path": "trajectory_100/accepted/euler/scientific-output-accept__pops.handle.v1-case-api0__f59c027b87a1bced498d0adb884442dae25b6c45da7d220772bd83c00af64193d__s000000114__0c69a8bc3e5cc84f449897f57d499347ce1a04c84c2e2bfb48ce34b3fdf020f2.npz",
          "sha256": "d23fb547d93f7d710b2aed9296f01637dd733703dcdc02b65dc42503291dc91f"
        },
        {
          "path": "trajectory_100/accepted/euler/scientific-output-accept__pops.handle.v1-case-api0__f59c027b87a1bced498d0adb884442dae25b6c45da7d220772bd83c00af64193d__s000000115__b8a8a344ab07d10d359361c48d0ffba8e8e5dfd615ee21e0aa5b73c4a9921ced.npz",
          "sha256": "642bb6a07645a25ee0bdb95253be1b1316d9ce35287e81dbd19264676cd52575"
        },
        {
          "path": "trajectory_100/accepted/euler/scientific-output-accept__pops.handle.v1-case-api0__f59c027b87a1bced498d0adb884442dae25b6c45da7d220772bd83c00af64193d__s000000116__b6ce03d3b2907ff4677bf19c69ccf0b46a8812d84275d167b68ab9b5400adcf9.npz",
          "sha256": "152e9113d79cc0b735ca1cb1c5255aa1ae4adebf4da0dffe78b7299d924855a2"
        },
        {
          "path": "trajectory_100/accepted/euler/scientific-output-accept__pops.handle.v1-case-api0__f59c027b87a1bced498d0adb884442dae25b6c45da7d220772bd83c00af64193d__s000000117__7e46463db95a8df8e2f82ae8386d769c5ac0ae66209a75aaeac422df7e48b77f.npz",
          "sha256": "ba428ea9a401932d085c21e6e96db942814f7dda424cfba0c138c0ca89c873e6"
        },
        {
          "path": "trajectory_100/accepted/euler/scientific-output-accept__pops.handle.v1-case-api0__f59c027b87a1bced498d0adb884442dae25b6c45da7d220772bd83c00af64193d__s000000118__0899b2088cc502ca954d6e32ba7e10c16e2892790bf3e4f9691854437d1a0150.npz",
          "sha256": "a25760dfd2c793c3ad32d9eabb2c793fdd564b432d185f9cb3feaca92f29ab32"
        },
        {
          "path": "trajectory_100/accepted/euler/scientific-output-accept__pops.handle.v1-case-api0__f59c027b87a1bced498d0adb884442dae25b6c45da7d220772bd83c00af64193d__s000000119__c57e06af1b97609fe40a4c949c96b1637ad6725238195056d1b013354871c1ed.npz",
          "sha256": "0a084e48e23cfeaa4614b51cf02cf11574ab9fba5932d29d2590449def5f347b"
        },
        {
          "path": "trajectory_100/accepted/euler/scientific-output-accept__pops.handle.v1-case-api0__f59c027b87a1bced498d0adb884442dae25b6c45da7d220772bd83c00af64193d__s000000120__6d3a9d4c027eec2560be4572aafc1cc3a6256879167f14387925338a5e380749.npz",
          "sha256": "b13a08dc9cc79b854a54cf35443de64067c6cd675a8c37f1b48a4ae2c05dca9d"
        },
        {
          "path": "trajectory_100/accepted/euler/scientific-output-accept__pops.handle.v1-case-api0__f59c027b87a1bced498d0adb884442dae25b6c45da7d220772bd83c00af64193d__s000000121__e36925236a40754852703b48c919b416ce6e594defb5bfb0776551c17919057d.npz",
          "sha256": "84903dc3a5a66c0be20febc2ba1ede45cde04ccc97862150d30b2e13a42e9d04"
        },
        {
          "path": "trajectory_100/accepted/euler/scientific-output-accept__pops.handle.v1-case-api0__f59c027b87a1bced498d0adb884442dae25b6c45da7d220772bd83c00af64193d__s000000122__44190d6626d9f5b8ee56af977be808c007209ede49d2e0efd1903d8d6d6e2dc3.npz",
          "sha256": "4b4ecb0e44104c6da7a70f2600d6437f70f25345fd293eab76171db5def160b2"
        },
        {
          "path": "trajectory_100/accepted/euler/scientific-output-accept__pops.handle.v1-case-api0__f59c027b87a1bced498d0adb884442dae25b6c45da7d220772bd83c00af64193d__s000000123__d468a6a0a24b618b428fe48ed65b4611b8723f7526400b694b20b01affaccaa0.npz",
          "sha256": "38165b6f73baf5826a06a08dffe7a2eebc9af107b9785f783e3f9ea5d52c25f9"
        },
        {
          "path": "trajectory_100/accepted/euler/scientific-output-accept__pops.handle.v1-case-api0__f59c027b87a1bced498d0adb884442dae25b6c45da7d220772bd83c00af64193d__s000000124__60b53e04b3a9538d1f99ed8e42eb04956238e23ab805a738a027486eb9bebc60.npz",
          "sha256": "afb378f69c52555bc0b1dc1273e2d69ff368d1df4a030ce50d4e812e6d6a0d90"
        },
        {
          "path": "trajectory_100/accepted/euler/scientific-output-accept__pops.handle.v1-case-api0__f59c027b87a1bced498d0adb884442dae25b6c45da7d220772bd83c00af64193d__s000000125__1621b396a062b9ec461e3cd3b005bc8afb9478c8dead1454c95dd2c10e633362.npz",
          "sha256": "7d0d7cb08084eb306ad93fdff80968ea357ba8c15861b0beae69680d97619463"
        },
        {
          "path": "trajectory_100/accepted/euler/scientific-output-accept__pops.handle.v1-case-api0__f59c027b87a1bced498d0adb884442dae25b6c45da7d220772bd83c00af64193d__s000000126__449a4aff4870bc5d492f49f2b2c157c05e76735c3d912434b5fb4c0262771c05.npz",
          "sha256": "a83659eaaea19ac331ed5d8bd892a9e3ee05af7a1b921de68d8d15942b377fa1"
        },
        {
          "path": "trajectory_100/accepted/euler/scientific-output-accept__pops.handle.v1-case-api0__f59c027b87a1bced498d0adb884442dae25b6c45da7d220772bd83c00af64193d__s000000127__b76693036f486c2f3b06489b544a8f4e473136db14539f90ef5c3468f59bd760.npz",
          "sha256": "b5b84872fc5fa5b780cf073063497bbefe3f5c49c610bfa6258814b704971f39"
        },
        {
          "path": "trajectory_100/accepted/euler/scientific-output-accept__pops.handle.v1-case-api0__f59c027b87a1bced498d0adb884442dae25b6c45da7d220772bd83c00af64193d__s000000128__91a7c61a85c5f39ce8dc8abad108c0a7030580739548878a625af4c3c5aa81c1.npz",
          "sha256": "f794ceedbffb4c46f398932c54aecfb9bc0948b97adfde0dda3b554694700578"
        },
        {
          "path": "trajectory_100/accepted/euler/scientific-output-accept__pops.handle.v1-case-api0__f59c027b87a1bced498d0adb884442dae25b6c45da7d220772bd83c00af64193d__s000000129__bb13975c84102438519a68ed39211793f2eb6cf7745de17f75caae485d539f35.npz",
          "sha256": "744098b2f04b63350bfd66923d0d98fe9eb3fbb635c116c606a4760e27cee531"
        },
        {
          "path": "trajectory_100/accepted/euler/scientific-output-accept__pops.handle.v1-case-api0__f59c027b87a1bced498d0adb884442dae25b6c45da7d220772bd83c00af64193d__s000000130__de292f811094f6bd3a71defa14d3fa0a0650694e6a70f77d80062abd82c0aaf1.npz",
          "sha256": "8ea71e2294d98755dc427752ec43fb9a0903b1d34e3afb031b2d0c540397de63"
        },
        {
          "path": "trajectory_100/accepted/euler/scientific-output-accept__pops.handle.v1-case-api0__f59c027b87a1bced498d0adb884442dae25b6c45da7d220772bd83c00af64193d__s000000131__efcedbfbb1cff60bc813cf6b503b83cd08d471490d32f2b68b68745c4e4ffc49.npz",
          "sha256": "d1b63c494c28c9e7c2cbca1a44c77d9621c78f1699beeb72d203cc0cdce2e8f3"
        },
        {
          "path": "trajectory_100/accepted/euler/scientific-output-accept__pops.handle.v1-case-api0__f59c027b87a1bced498d0adb884442dae25b6c45da7d220772bd83c00af64193d__s000000132__b4202e6864af428437b19d444c4f4fbb271b198cc5c972438aaf798c9d809f99.npz",
          "sha256": "4e5b3b56911605a918d9055aa0f73d907885f9ac75e52c9adb568830b6fa10be"
        },
        {
          "path": "trajectory_100/accepted/euler/scientific-output-accept__pops.handle.v1-case-api0__f59c027b87a1bced498d0adb884442dae25b6c45da7d220772bd83c00af64193d__s000000133__dfdf20be89d18a8052599c1d14f8dd7b876b8d442075deb75703f0a48cdddfcb.npz",
          "sha256": "a109d837fa44db629cd71a0c3d25057ab5c739cf39575e8e4db8d5be15a2a6a7"
        },
        {
          "path": "trajectory_100/accepted/euler/scientific-output-accept__pops.handle.v1-case-api0__f59c027b87a1bced498d0adb884442dae25b6c45da7d220772bd83c00af64193d__s000000134__087a465ef733b0351dde0b61e7d9996516e9707893c3b7cc5018bb5f69ba05b0.npz",
          "sha256": "6fe5b166b5c811548ce109e7885797811a0165cad6fbdd0ff66aad2bf1f14fe3"
        },
        {
          "path": "trajectory_100/accepted/euler/scientific-output-accept__pops.handle.v1-case-api0__f59c027b87a1bced498d0adb884442dae25b6c45da7d220772bd83c00af64193d__s000000135__8210f3776999ffd7b99f37333756fc9e4df3bf87977aba8cae7ff2080a0c0470.npz",
          "sha256": "297e520e0b9459d17f4a6ab1760ab67c61144c83202aa2e59970c885ca4421dc"
        },
        {
          "path": "trajectory_100/accepted/euler/scientific-output-accept__pops.handle.v1-case-api0__f59c027b87a1bced498d0adb884442dae25b6c45da7d220772bd83c00af64193d__s000000136__13f75614b979716c212ffac779e6fdea0a01d5bfb8a0096c046f6fc6c56ee629.npz",
          "sha256": "62d132aaa8b1dae1008c191866f898b8cbe194cfa451c40bde7908ddee31f5f3"
        },
        {
          "path": "trajectory_100/accepted/euler/scientific-output-accept__pops.handle.v1-case-api0__f59c027b87a1bced498d0adb884442dae25b6c45da7d220772bd83c00af64193d__s000000137__0c8a9dc4ed3c3a318f40b015447e9d612df1d4a0ce5c3885fcb881b58e26dc1b.npz",
          "sha256": "0c724fa18f4a4bf0d86c56692510134cc226747d54aa144b18a835b83a5715b5"
        },
        {
          "path": "trajectory_100/accepted/euler/scientific-output-accept__pops.handle.v1-case-api0__f59c027b87a1bced498d0adb884442dae25b6c45da7d220772bd83c00af64193d__s000000138__d7456f88aaa8174a1b743f48bcdfd6e5826f0327c7af9dfa5e5457422993b607.npz",
          "sha256": "e7007ab1b442de6b0b3c8fcd1c8c7d06139a0ee7b2e59f5aa663327d1b3912a8"
        },
        {
          "path": "trajectory_100/accepted/euler/scientific-output-accept__pops.handle.v1-case-api0__f59c027b87a1bced498d0adb884442dae25b6c45da7d220772bd83c00af64193d__s000000139__e2939f6738f345c067010af442e437392e10f8adcc2274da68e039817c94e908.npz",
          "sha256": "6c2e3e091d5dc009f34ceac081a6b8831bdc9962c999f035176675634fd04eed"
        },
        {
          "path": "trajectory_100/accepted/euler/scientific-output-accept__pops.handle.v1-case-api0__f59c027b87a1bced498d0adb884442dae25b6c45da7d220772bd83c00af64193d__s000000140__deb273d96e106b7448faf71af34ac0d56f45fca046639a912af3340bad032d2e.npz",
          "sha256": "b211c1b28d69b54f570b68adbda9021868bcb239217719e9681e4e2d6b74f476"
        },
        {
          "path": "trajectory_100/accepted/euler/scientific-output-accept__pops.handle.v1-case-api0__f59c027b87a1bced498d0adb884442dae25b6c45da7d220772bd83c00af64193d__s000000141__2200303abc9f51ea2ce40c1227d80037366a8b2908e9a68629e7eb7539df285f.npz",
          "sha256": "dee426a839c73c703faf922674fd7ba370730e14585dcabceaf97af1a7d2c257"
        },
        {
          "path": "trajectory_100/accepted/euler/scientific-output-accept__pops.handle.v1-case-api0__f59c027b87a1bced498d0adb884442dae25b6c45da7d220772bd83c00af64193d__s000000142__6532cd7ecdb56fa78c0d2870675ff9c27bb100266748c84b1ff9db48e44a482e.npz",
          "sha256": "082a5b21a73347f9a947ff61ea9c90f31e96981a3715d65f46df8ec4a3ec8213"
        },
        {
          "path": "trajectory_100/accepted/euler/scientific-output-accept__pops.handle.v1-case-api0__f59c027b87a1bced498d0adb884442dae25b6c45da7d220772bd83c00af64193d__s000000143__c0099f13a55c884523988e22d6b45721997529085838667f298f0d7c6ab2e0da.npz",
          "sha256": "2171ce5f0afe799d80e2401643543d8560a8f2c882b58fe595c3656d618931b5"
        },
        {
          "path": "trajectory_100/accepted/euler/scientific-output-accept__pops.handle.v1-case-api0__f59c027b87a1bced498d0adb884442dae25b6c45da7d220772bd83c00af64193d__s000000144__0f5ea192336e0d6c9e0a2c5ab577f0f09bd0c8f67bd25e624a3e685c69221662.npz",
          "sha256": "b1ff6892d347d6dac2ff9016b7d6343c053a37228229a5b85dd15e10fd03a830"
        },
        {
          "path": "trajectory_100/accepted/euler/scientific-output-accept__pops.handle.v1-case-api0__f59c027b87a1bced498d0adb884442dae25b6c45da7d220772bd83c00af64193d__s000000145__698857ab59147965d1c151de296aafe69077e46be46b79425cb002235cfbd6d2.npz",
          "sha256": "a306f4fbf52c7aedec05cecc162c1516b26214a992faa6fce0693acfe13a388b"
        },
        {
          "path": "trajectory_100/accepted/euler/scientific-output-accept__pops.handle.v1-case-api0__f59c027b87a1bced498d0adb884442dae25b6c45da7d220772bd83c00af64193d__s000000146__b59d4079246194822b712c7d3c7ba1c03a9ca94e90eb24a35ac2a484a1385211.npz",
          "sha256": "2498e3dc1bf4506d689ae9245e8a3a5d6b22aa2b7d00f458c23c353ec3f4e834"
        },
        {
          "path": "trajectory_100/accepted/euler/scientific-output-accept__pops.handle.v1-case-api0__f59c027b87a1bced498d0adb884442dae25b6c45da7d220772bd83c00af64193d__s000000147__066a82af1a7cd255888dabf62a626f4a509e06a53e0cdf40099f200f5396eaae.npz",
          "sha256": "aa764c43775e31dd1ad605a5d884184e6c1c9c68f1fadceec5b7579fda298afc"
        },
        {
          "path": "trajectory_100/accepted/euler/scientific-output-accept__pops.handle.v1-case-api0__f59c027b87a1bced498d0adb884442dae25b6c45da7d220772bd83c00af64193d__s000000148__c105b6ab747dff6bf3eb4334f7c61a77f3e98bfc75914b799f4107c0fc847e72.npz",
          "sha256": "c8461f675e1ed538d27a3959a0a6dbc8faa909bf69c8bd80dfd55de441942d19"
        },
        {
          "path": "trajectory_100/accepted/euler/scientific-output-accept__pops.handle.v1-case-api0__f59c027b87a1bced498d0adb884442dae25b6c45da7d220772bd83c00af64193d__s000000149__d86b785582f018db219acc041bbeaad3ce9b98737c015ba624d1389ac836b059.npz",
          "sha256": "1da23731aac3a8a4fdf169c758b75096d631f404180624519cd5f4b2af4ec5a8"
        },
        {
          "path": "trajectory_100/accepted/euler/scientific-output-accept__pops.handle.v1-case-api0__f59c027b87a1bced498d0adb884442dae25b6c45da7d220772bd83c00af64193d__s000000150__3b44736bf1b34ca6346d46945fd84b371a9110693155845036af7fe76162f0a5.npz",
          "sha256": "227273ac3c5da2488cb08888332d943c3c3c6f26ac4083cc1d9b1c2584d2aa33"
        },
        {
          "path": "trajectory_100/accepted/euler/scientific-output-accept__pops.handle.v1-case-api0__f59c027b87a1bced498d0adb884442dae25b6c45da7d220772bd83c00af64193d__s000000151__cb973616cfbfdb26030e9def3a75024c50f2521fe56855b14fce01cfaaebe565.npz",
          "sha256": "493332fd98501b8f9a27d3ca2737f6eae7af369214b8a985035f2ca091340081"
        },
        {
          "path": "trajectory_100/accepted/euler/scientific-output-accept__pops.handle.v1-case-api0__f59c027b87a1bced498d0adb884442dae25b6c45da7d220772bd83c00af64193d__s000000152__e7754520ef1d846e098c3f4d2a1b78a49af779cf2836dc62d79115953eda65df.npz",
          "sha256": "4424ef7976a731758aa8fe84365d9d441e9cfe54e754c5b5411089d2e79be7c4"
        },
        {
          "path": "trajectory_100/accepted/euler/scientific-output-accept__pops.handle.v1-case-api0__f59c027b87a1bced498d0adb884442dae25b6c45da7d220772bd83c00af64193d__s000000153__ee0378534368cb00cc982de07ab536bcf7d6b715ee142e45e45d5561c85a6f58.npz",
          "sha256": "aaceba62196caac656d8db49ab4c0a6315bd9c1298e24508d6e8da04c3adec0a"
        },
        {
          "path": "trajectory_100/accepted/euler/scientific-output-accept__pops.handle.v1-case-api0__f59c027b87a1bced498d0adb884442dae25b6c45da7d220772bd83c00af64193d__s000000154__3a46942e12c17ea3e1a576c19b55b0033d24a9c62234eb91b765be3cb6ee046b.npz",
          "sha256": "041c0f25e241ccf443dc0ef9c995708cb8c9ef6da93484f8462d7fbce2739548"
        },
        {
          "path": "trajectory_100/accepted/euler/scientific-output-accept__pops.handle.v1-case-api0__f59c027b87a1bced498d0adb884442dae25b6c45da7d220772bd83c00af64193d__s000000155__347eb4d08b80a92c9470b5f246b2d8cff186ddef4d420e8bc3ae4be23b0a0634.npz",
          "sha256": "de3f78536d76de46c9328e6e2077f4bd99529888ebc4f47aceef108e2c34cf12"
        },
        {
          "path": "trajectory_100/accepted/euler/scientific-output-accept__pops.handle.v1-case-api0__f59c027b87a1bced498d0adb884442dae25b6c45da7d220772bd83c00af64193d__s000000156__42d8a4979b34ce6ea2b4c347e9df6b755ae1ffbb46be08ff82d31006fdd46e02.npz",
          "sha256": "df44da6eb6bfec03da44ad0554aea54d4a9784a24249e2ecaf7e789de79ae0d1"
        },
        {
          "path": "trajectory_100/accepted/euler/scientific-output-accept__pops.handle.v1-case-api0__f59c027b87a1bced498d0adb884442dae25b6c45da7d220772bd83c00af64193d__s000000157__61ef1038a176ea0469ce0ae9670afe8e65aea4c051ed64938a4198b535f5389f.npz",
          "sha256": "487d72e4926c0399132a8529d23ba568670adee2303432d3e4533595c48d4930"
        },
        {
          "path": "trajectory_100/accepted/euler/scientific-output-accept__pops.handle.v1-case-api0__f59c027b87a1bced498d0adb884442dae25b6c45da7d220772bd83c00af64193d__s000000158__1b68357e63f6a4565d392595c62fcbd52b596423634c9bbf90fb28b5d1184b7b.npz",
          "sha256": "ab7a8a45a4db3e028c4336351636d2ab5ff1162f10becd80ee86cc30688ecfcd"
        },
        {
          "path": "trajectory_100/accepted/euler/scientific-output-accept__pops.handle.v1-case-api0__f59c027b87a1bced498d0adb884442dae25b6c45da7d220772bd83c00af64193d__s000000159__602883df7b9368abc194d5dbabea31c8ebcd9c9fb9b7217eb52256dd929e8927.npz",
          "sha256": "a78975b6c731d01ebc457ef7c29b28cac2250306b5cdfc4e8b203848b3a9783a"
        },
        {
          "path": "trajectory_100/accepted/euler/scientific-output-accept__pops.handle.v1-case-api0__f59c027b87a1bced498d0adb884442dae25b6c45da7d220772bd83c00af64193d__s000000160__40bfe36f7d1fecab6657d57f0a9f005b5c5b2582cea6a6197870f308b1907994.npz",
          "sha256": "2b38c1a41a10a493f549ff24fdcd603c15af9e983310616b31cfd285fe8cc68e"
        },
        {
          "path": "trajectory_100/accepted/euler/scientific-output-accept__pops.handle.v1-case-api0__f59c027b87a1bced498d0adb884442dae25b6c45da7d220772bd83c00af64193d__s000000161__a6b7f3c2c05f97d424f040dfa6514624b8a11e0354856ab255b53b6c0401a86e.npz",
          "sha256": "4812fbcb6724c18ed064113b904192c08fbf6ab268423543c4e2b515f1eb196e"
        },
        {
          "path": "trajectory_100/accepted/euler/scientific-output-accept__pops.handle.v1-case-api0__f59c027b87a1bced498d0adb884442dae25b6c45da7d220772bd83c00af64193d__s000000162__4948262d45fbee75c9ba1f9e4b82e0cb8b2d2ba0b1bf432697ca0bb7fb038d88.npz",
          "sha256": "54f302faaa47bbfc6d720336a6aedec8bf4c1f8a3aa28d6b556210ea52812409"
        },
        {
          "path": "trajectory_100/accepted/euler/scientific-output-accept__pops.handle.v1-case-api0__f59c027b87a1bced498d0adb884442dae25b6c45da7d220772bd83c00af64193d__s000000163__b4f011208f022b91d7e43e9a8dd96dcfde586fda6df46d83898f5b2dd6ccb2d7.npz",
          "sha256": "4088ce9de26d15ad4d4eb044777e52b144b799c48c884ddb08eb15290dad20a4"
        },
        {
          "path": "trajectory_100/accepted/euler/scientific-output-accept__pops.handle.v1-case-api0__f59c027b87a1bced498d0adb884442dae25b6c45da7d220772bd83c00af64193d__s000000164__7b9ddbbc078b27dd1601f1a44759fc28bfb27567c574bab02502ffe64326c416.npz",
          "sha256": "199f1d5056785514acae26153a9f00aea146c7ad18d4d8099aac952182b93094"
        },
        {
          "path": "trajectory_100/accepted/euler/scientific-output-accept__pops.handle.v1-case-api0__f59c027b87a1bced498d0adb884442dae25b6c45da7d220772bd83c00af64193d__s000000165__7768377b0dc544fdfc0c138b73e66853a1581301fd8b25e13474bb9f16d9d047.npz",
          "sha256": "a1931f19be00d69b37bbd0e9a1b9bf53b561b56ab830a5df00f5121e347419fb"
        }
      ],
      "compile_seconds": 3.205646957969293,
      "run_seconds": 5.607161500025541,
      "run_report": {
        "accepted_steps": 165,
        "rejected_steps": 0,
        "final_time": 0.15,
        "final_macro_step": 165,
        "stop_reason": "target_time_reached",
        "run_identity": {
          "domain": "run",
          "schema_version": 1,
          "algorithm": "sha256",
          "digest": {
            "encoding": "hex",
            "bytes": "63521882c342e06809254c0fae8f0d0937bc77cc5959d19256891ddc68d35d92"
          }
        },
        "bind_identity": {
          "domain": "bind",
          "schema_version": 1,
          "algorithm": "sha256",
          "digest": {
            "encoding": "hex",
            "bytes": "c550f3de6f4db94bcd4a7df016ed7e64c852aa5b501d23e63ca2b21b8ee070fc"
          }
        },
        "execution_identity": {
          "domain": "execution-context",
          "schema_version": 1,
          "algorithm": "sha256",
          "digest": {
            "encoding": "hex",
            "bytes": "60cb7f9078e144527fc6335fe2a35d83d2bc478f407802974c26591ec5b6b68a"
          }
        },
        "artifact_identity": {
          "domain": "artifact",
          "schema_version": 1,
          "algorithm": "sha256",
          "digest": {
            "encoding": "hex",
            "bytes": "11791a845805d105a388e3e0a2b142210039b45db67b4f3c2562fa74e0af3b88"
          }
        },
        "field_providers": []
      },
      "mpi_ranks": 1,
      "execution_context": {
        "schema_version": 1,
        "backend_identity": {
          "domain": "runtime-backend-manifest",
          "schema_version": 1,
          "algorithm": "sha256",
          "digest": {
            "encoding": "hex",
            "bytes": "4f0b25caa22b4aaf5fc10e81b5b07f6c30e9a311614a8e08ea1444c5ea167359"
          }
        },
        "communicator": {
          "kind": "communicator",
          "identity": "MPI_COMM_WORLD"
        },
        "datatype": {
          "kind": "datatype",
          "identity": "float64"
        },
        "device": {
          "kind": "device",
          "identity": "cpu"
        }
      },
      "runtime_backend": {
        "schema_version": 1,
        "backend": {
          "value": "production",
          "evidence": "pops.native.2d-float64.mpi-world.v2;execution=OpenMP;device=cpu;shared=Host;kabi=6bd5e8adfe8ac62d0b0999e12cb422843910027d3a06931352504e0a0d156555"
        },
        "target": {
          "value": "system",
          "evidence": "pops.native.2d-float64.mpi-world.v2;execution=OpenMP;device=cpu;shared=Host;kabi=6bd5e8adfe8ac62d0b0999e12cb422843910027d3a06931352504e0a0d156555"
        },
        "abi": {
          "value": "compiler=Apple LLVM 21.0.0 (clang-2100.1.1.101);std=202002L;headers=aa301ce673e78b6833d4cd25c3dfe283d3eb8e6506795f7a50dc5b88a6feff2f;kokkos=1;stdlib=libc++_210106;mpi=1;mpi_abi=f7d12ae87f8a0b401f7e2330986eddea52855a5fd643fb650d8bf8c5fc2ff8a5;dim=2",
          "evidence": "pops.native.2d-float64.mpi-world.v2;execution=OpenMP;device=cpu;shared=Host;kabi=6bd5e8adfe8ac62d0b0999e12cb422843910027d3a06931352504e0a0d156555"
        },
        "precision": {
          "storage": {
            "value": "float64",
            "evidence": "pops.native.2d-float64.mpi-world.v2;execution=OpenMP;device=cpu;shared=Host;kabi=6bd5e8adfe8ac62d0b0999e12cb422843910027d3a06931352504e0a0d156555"
          },
          "compute": {
            "value": "float64",
            "evidence": "pops.native.2d-float64.mpi-world.v2;execution=OpenMP;device=cpu;shared=Host;kabi=6bd5e8adfe8ac62d0b0999e12cb422843910027d3a06931352504e0a0d156555"
          },
          "accumulation": {
            "value": "float64",
            "evidence": "pops.native.2d-float64.mpi-world.v2;execution=OpenMP;device=cpu;shared=Host;kabi=6bd5e8adfe8ac62d0b0999e12cb422843910027d3a06931352504e0a0d156555"
          },
          "reduction": {
            "value": "float64",
            "evidence": "pops.native.2d-float64.mpi-world.v2;execution=OpenMP;device=cpu;shared=Host;kabi=6bd5e8adfe8ac62d0b0999e12cb422843910027d3a06931352504e0a0d156555"
          }
        },
        "device": {
          "value": "cpu",
          "evidence": "pops.native.2d-float64.mpi-world.v2;execution=OpenMP;device=cpu;shared=Host;kabi=6bd5e8adfe8ac62d0b0999e12cb422843910027d3a06931352504e0a0d156555"
        },
        "memory_spaces": {
          "value": [
            "host"
          ],
          "evidence": "pops.native.2d-float64.mpi-world.v2;execution=OpenMP;device=cpu;shared=Host;kabi=6bd5e8adfe8ac62d0b0999e12cb422843910027d3a06931352504e0a0d156555"
        },
        "communicator": {
          "value": "MPI_COMM_WORLD",
          "evidence": "pops.native.2d-float64.mpi-world.v2;execution=OpenMP;device=cpu;shared=Host;kabi=6bd5e8adfe8ac62d0b0999e12cb422843910027d3a06931352504e0a0d156555"
        },
        "capabilities": {
          "centerings": {
            "value": [
              "cell"
            ],
            "evidence": "pops.native.2d-float64.mpi-world.v2;execution=OpenMP;device=cpu;shared=Host;kabi=6bd5e8adfe8ac62d0b0999e12cb422843910027d3a06931352504e0a0d156555"
          },
          "execution_backend": {
            "value": "OpenMP",
            "evidence": "pops.native.2d-float64.mpi-world.v2;execution=OpenMP;device=cpu;shared=Host;kabi=6bd5e8adfe8ac62d0b0999e12cb422843910027d3a06931352504e0a0d156555"
          },
          "generic_field_view": {
            "value": true,
            "evidence": "pops.native.2d-float64.mpi-world.v2;execution=OpenMP;device=cpu;shared=Host;kabi=6bd5e8adfe8ac62d0b0999e12cb422843910027d3a06931352504e0a0d156555"
          },
          "layouts": {
            "value": [
              "right",
              "left",
              "strided"
            ],
            "evidence": "pops.native.2d-float64.mpi-world.v2;execution=OpenMP;device=cpu;shared=Host;kabi=6bd5e8adfe8ac62d0b0999e12cb422843910027d3a06931352504e0a0d156555"
          },
          "ownership": {
            "value": [
              "borrowed",
              "owned",
              "shared"
            ],
            "evidence": "pops.native.2d-float64.mpi-world.v2;execution=OpenMP;device=cpu;shared=Host;kabi=6bd5e8adfe8ac62d0b0999e12cb422843910027d3a06931352504e0a0d156555"
          },
          "scalars": {
            "value": [
              "float64"
            ],
            "evidence": "pops.native.2d-float64.mpi-world.v2;execution=OpenMP;device=cpu;shared=Host;kabi=6bd5e8adfe8ac62d0b0999e12cb422843910027d3a06931352504e0a0d156555"
          },
          "shared_space": {
            "value": "Host",
            "evidence": "pops.native.2d-float64.mpi-world.v2;execution=OpenMP;device=cpu;shared=Host;kabi=6bd5e8adfe8ac62d0b0999e12cb422843910027d3a06931352504e0a0d156555"
          },
          "stream_identity": {
            "value": "Kokkos::OpenMP::synchronous",
            "evidence": "pops.native.2d-float64.mpi-world.v2;execution=OpenMP;device=cpu;shared=Host;kabi=6bd5e8adfe8ac62d0b0999e12cb422843910027d3a06931352504e0a0d156555"
          },
          "supported_dimensions": {
            "value": [
              2
            ],
            "evidence": "pops.native.2d-float64.mpi-world.v2;execution=OpenMP;device=cpu;shared=Host;kabi=6bd5e8adfe8ac62d0b0999e12cb422843910027d3a06931352504e0a0d156555"
          }
        }
      },
      "saved_state": "state_100.npz",
      "saved_state_sha256": "bf29816dcb796f9cc7e5827300514bd61f116adb26e1c17fdcef70c7f80756a1"
    },
    {
      "eos": "stiffened",
      "gamma": 1.4,
      "p_inf": 0.3,
      "cells": [
        200,
        200
      ],
      "time": 0.15,
      "accepted_steps": 341,
      "density_l1": 0.021854543387881314,
      "rho_min": 0.1250028236172997,
      "internal_energy_density_min": 1.3000316248549861,
      "pressure_min": 0.10001264994199438,
      "mass_defect": 4.254686198727753e-17,
      "energy_defect": 1.952221155101418e-16,
      "momentum_balance_defect": 2.7755575615628914e-17,
      "transverse_momentum_max": 1.3662014872139993e-16,
      "y_invariance_max": 8.881784197001252e-16,
      "initial_max_error": 0.0,
      "incoming_boundary_increment": [
        -2.017963170084202e-08,
        0.13499995728750822,
        1.813980965989412e-36,
        -2.2601291879791369e-07
      ],
      "farfield_flux_deviation": [
        -2.017963170084202e-08,
        -4.271249179343961e-08,
        1.813980965989412e-36,
        -2.2601291879791369e-07
      ],
      "maximum_per_step_balance_defect": [
        1.9468352418176388e-16,
        5.648693318649478e-17,
        2.7610206276331566e-34,
        1.0325447140346772e-15
      ],
      "boundary_budget": "boundary_budget_200.npz",
      "boundary_budget_sha256": "d82aafce44f7e3358235a5f4c7b1c7d1c6784acfb45d85ad1cc447df41e602f9",
      "trajectory_series": "trajectory_200/accepted/euler/series__f3e7170f42eecacbe4f87ebb02c16748c61ca23a1b76c090d394d274b530a7421.npz.series",
      "trajectory_members": [
        {
          "path": "trajectory_200/accepted/euler/scientific-output-accept__pops.handle.v1-case-api0__f3e7170f42eecacbe4f87ebb02c16748c61ca23a1b76c090d394d274b530a7421__s000000001__bc754be28312391c5cb0639fbdddd4281501b8a772ffa6426290311d7550bf1e.npz",
          "sha256": "baf82f584d96e93f234fd52755644e0efdea4ae8cc75fe2166ef4290e3fab62c"
        },
        {
          "path": "trajectory_200/accepted/euler/scientific-output-accept__pops.handle.v1-case-api0__f3e7170f42eecacbe4f87ebb02c16748c61ca23a1b76c090d394d274b530a7421__s000000002__9f78e2dd7bf358d37b965a3164a556af09a5a5e50c8dca7cdc6d38a8129e5543.npz",
          "sha256": "a1ed666f0e22e83f0854858d91878a7b08f1be0fb11efe7e28be4fa4315e02ae"
        },
        {
          "path": "trajectory_200/accepted/euler/scientific-output-accept__pops.handle.v1-case-api0__f3e7170f42eecacbe4f87ebb02c16748c61ca23a1b76c090d394d274b530a7421__s000000003__72d3659aee07b5f68dcd6e744fa4816b4759774add02d0009872ad3f55df67ee.npz",
          "sha256": "c60c3af73a6bceefdbf7d1206371def734d6f8fa1124fd51f8c682daece74058"
        },
        {
          "path": "trajectory_200/accepted/euler/scientific-output-accept__pops.handle.v1-case-api0__f3e7170f42eecacbe4f87ebb02c16748c61ca23a1b76c090d394d274b530a7421__s000000004__298d8a9c0ffd1c541bcd67b91279f349be792fde25612a8e18c686821fb7f0ed.npz",
          "sha256": "c344fbc9a87d948578032574da90db471fe27e5070fcc4428fd22646fa7daf6d"
        },
        {
          "path": "trajectory_200/accepted/euler/scientific-output-accept__pops.handle.v1-case-api0__f3e7170f42eecacbe4f87ebb02c16748c61ca23a1b76c090d394d274b530a7421__s000000005__a184fccff550c6e60d431690ba846a6d448ebfd5e1806f7da282714ec0a763e0.npz",
          "sha256": "5d5493be1156e573bb7b297f94a6c71b5cac35df461407ba7570219adb624453"
        },
        {
          "path": "trajectory_200/accepted/euler/scientific-output-accept__pops.handle.v1-case-api0__f3e7170f42eecacbe4f87ebb02c16748c61ca23a1b76c090d394d274b530a7421__s000000006__4e2d6634c27a30873bafdefb603c00daf111bed2ce5f7280139652016cf753a0.npz",
          "sha256": "45d07a12e180fdcf58135ee5ebf7008ba9396f60aa473145342b874304d54b87"
        },
        {
          "path": "trajectory_200/accepted/euler/scientific-output-accept__pops.handle.v1-case-api0__f3e7170f42eecacbe4f87ebb02c16748c61ca23a1b76c090d394d274b530a7421__s000000007__d82db6c61c7be3900ebd56204d43de545f189e69f09cd2e0a7fb4cb268d25fe3.npz",
          "sha256": "013d56a01c39c4468239ed174fb2f8e2b21269e3f41a8ed2c05ab68dfba075d7"
        },
        {
          "path": "trajectory_200/accepted/euler/scientific-output-accept__pops.handle.v1-case-api0__f3e7170f42eecacbe4f87ebb02c16748c61ca23a1b76c090d394d274b530a7421__s000000008__0b798a6c58add0412f47945a12f22e32188a0fb6aeecfcac2f3e62522174690e.npz",
          "sha256": "ddcd8444eb3bdbb225cdc6351697b8ab95ea28c6338ce1f0d8b2555a6c4a3a94"
        },
        {
          "path": "trajectory_200/accepted/euler/scientific-output-accept__pops.handle.v1-case-api0__f3e7170f42eecacbe4f87ebb02c16748c61ca23a1b76c090d394d274b530a7421__s000000009__3dd5e88dc4f63e836e1634f7851e4297b230e90d1178b0820e96a947d99bdb3d.npz",
          "sha256": "f22b3b9ef65d4e85d0d0b68c7e8d508addd8fb5dbbfb4b208c850411d480df92"
        },
        {
          "path": "trajectory_200/accepted/euler/scientific-output-accept__pops.handle.v1-case-api0__f3e7170f42eecacbe4f87ebb02c16748c61ca23a1b76c090d394d274b530a7421__s000000010__fafc2c3ab851edab8226faa629b32a225a5b20e09ce1b32adb1054ec65d9c433.npz",
          "sha256": "b91c88fd8b697bee2eab62ed3a6f833f0ecfd057ded0144f3f3b05aa0f9629e6"
        },
        {
          "path": "trajectory_200/accepted/euler/scientific-output-accept__pops.handle.v1-case-api0__f3e7170f42eecacbe4f87ebb02c16748c61ca23a1b76c090d394d274b530a7421__s000000011__9dde068e8fbc62c8c02094a719a4d9f7c5ba02e828d2691b8d3c8e6b787bef58.npz",
          "sha256": "067a19eedc9b1c7e4bb152d6d166ed56eb014028f65fd455a50672974b216170"
        },
        {
          "path": "trajectory_200/accepted/euler/scientific-output-accept__pops.handle.v1-case-api0__f3e7170f42eecacbe4f87ebb02c16748c61ca23a1b76c090d394d274b530a7421__s000000012__d299c95bb8687d129bf10ef0ff859cf5a3b427392fa75dc10a4932d4fe7efa8d.npz",
          "sha256": "387826510b992bc270d31f7b202da9e03ca29d229c27d03f5856eefa85434f79"
        },
        {
          "path": "trajectory_200/accepted/euler/scientific-output-accept__pops.handle.v1-case-api0__f3e7170f42eecacbe4f87ebb02c16748c61ca23a1b76c090d394d274b530a7421__s000000013__4a466fe0631e94f7ff0abcfbe9261dcf2d819e69b75032defcae9874795e913d.npz",
          "sha256": "0d2d8e4e80cd237de1be32b99b2edee25ed98eccac2c2afbbebded2878db3dcb"
        },
        {
          "path": "trajectory_200/accepted/euler/scientific-output-accept__pops.handle.v1-case-api0__f3e7170f42eecacbe4f87ebb02c16748c61ca23a1b76c090d394d274b530a7421__s000000014__3f5b4e19494ff58b37ed11b5e98f84c257ecbd2b4e2d387b6e7fa17d7cba0bc2.npz",
          "sha256": "bea2a55b5d6972951d86448430f7ac14cd1e8265a091d21830a00644668897df"
        },
        {
          "path": "trajectory_200/accepted/euler/scientific-output-accept__pops.handle.v1-case-api0__f3e7170f42eecacbe4f87ebb02c16748c61ca23a1b76c090d394d274b530a7421__s000000015__0bbad6cebb31430b1f3c093b77656629d357b28491cc0fc05b8e1ac0792571c4.npz",
          "sha256": "9a9ce45979a106583f0aa55864f526fd4d6b2f124bb4f2ce66b609b8d7bc06e2"
        },
        {
          "path": "trajectory_200/accepted/euler/scientific-output-accept__pops.handle.v1-case-api0__f3e7170f42eecacbe4f87ebb02c16748c61ca23a1b76c090d394d274b530a7421__s000000016__47aaaf6902ac741dcaf0ab90b65abd1a44af9f48216cfe1b84fbd78697c37551.npz",
          "sha256": "61ac3689100091e3ecc73bcc95cfa26c0bc7c783ecdd1815a157f536cb494ee2"
        },
        {
          "path": "trajectory_200/accepted/euler/scientific-output-accept__pops.handle.v1-case-api0__f3e7170f42eecacbe4f87ebb02c16748c61ca23a1b76c090d394d274b530a7421__s000000017__4b5631cfd8b23b73edc8a535f2e794ad65dbc69d4b6e70f2ddea04804d8903fe.npz",
          "sha256": "0ece794340617d99873960b5717961c0aec215574d85d62594117bce53cd072f"
        },
        {
          "path": "trajectory_200/accepted/euler/scientific-output-accept__pops.handle.v1-case-api0__f3e7170f42eecacbe4f87ebb02c16748c61ca23a1b76c090d394d274b530a7421__s000000018__1a34320d9a9873791c34f28d2d16ce61c59f8ee4505fd6c9aa8433b76c395dff.npz",
          "sha256": "230f23fb14616547c05d919390b8adf722347cca47867005023ae651a734a1ae"
        },
        {
          "path": "trajectory_200/accepted/euler/scientific-output-accept__pops.handle.v1-case-api0__f3e7170f42eecacbe4f87ebb02c16748c61ca23a1b76c090d394d274b530a7421__s000000019__0029ec612f7f19d17f84638fdfa3fd1f8c7e237b55cf565729ac1c511d2a801f.npz",
          "sha256": "b2a13a84fc2d062b1e5336bd56f5c74b69ae98fd9b0240c59d4df0bb672e8cbd"
        },
        {
          "path": "trajectory_200/accepted/euler/scientific-output-accept__pops.handle.v1-case-api0__f3e7170f42eecacbe4f87ebb02c16748c61ca23a1b76c090d394d274b530a7421__s000000020__5168b1f879fd96738d3825a14d35f6b1cdaea0f0235981f34028cc7132f0a82c.npz",
          "sha256": "5cfc85bce022e681d15dd7bdda015366ce357470cc8cfa3f3b0be4e8031a74ab"
        },
        {
          "path": "trajectory_200/accepted/euler/scientific-output-accept__pops.handle.v1-case-api0__f3e7170f42eecacbe4f87ebb02c16748c61ca23a1b76c090d394d274b530a7421__s000000021__235f1e0e57eb145547f3a632212e3317595ec7969c0ffa7857aa3b98d586b68d.npz",
          "sha256": "54406e3a28d49fa56c0f3d6803d28e840ca0f89d5db2239ebca4e8da7fb8d6ed"
        },
        {
          "path": "trajectory_200/accepted/euler/scientific-output-accept__pops.handle.v1-case-api0__f3e7170f42eecacbe4f87ebb02c16748c61ca23a1b76c090d394d274b530a7421__s000000022__a090122de7ffc7eb8b274fe346e4ef59946e41c684f2dd8007429f2a18e9ec0a.npz",
          "sha256": "3194dbe473b2a3ed97bcb49b3548542a9b2a9894f73b8715a154eaf9cbde34e9"
        },
        {
          "path": "trajectory_200/accepted/euler/scientific-output-accept__pops.handle.v1-case-api0__f3e7170f42eecacbe4f87ebb02c16748c61ca23a1b76c090d394d274b530a7421__s000000023__c1c671f7d74404bc6c919d33e61263772ccc8d398f25b02aedaadf54e0202fa8.npz",
          "sha256": "09d596747f457fc04ac2152badf27645ea967bbf7f1c3918dbd91d875a19955b"
        },
        {
          "path": "trajectory_200/accepted/euler/scientific-output-accept__pops.handle.v1-case-api0__f3e7170f42eecacbe4f87ebb02c16748c61ca23a1b76c090d394d274b530a7421__s000000024__b626d39dcebf9324ea20c464d43e9ae08ad1c8177d8e30792b087d65a96b0769.npz",
          "sha256": "d8a0dd5dcb33a7ee33082af09edcf17c2219af5a6c2c6170d4a2dec1af058ee0"
        },
        {
          "path": "trajectory_200/accepted/euler/scientific-output-accept__pops.handle.v1-case-api0__f3e7170f42eecacbe4f87ebb02c16748c61ca23a1b76c090d394d274b530a7421__s000000025__3fbba0c6b7675829e04786531618d7fa164be4e994312b44128a86030ef27e6d.npz",
          "sha256": "c481bd944c5e823098ef315d2e6032f2bc716d9479f5a8012cdc5bf38fb65326"
        },
        {
          "path": "trajectory_200/accepted/euler/scientific-output-accept__pops.handle.v1-case-api0__f3e7170f42eecacbe4f87ebb02c16748c61ca23a1b76c090d394d274b530a7421__s000000026__60080ef65f73956bd0d2d1f123bbc4d00297a2df4ddf2ae767d2b4e053a23b06.npz",
          "sha256": "9cded1e57262b5b844ba1287ca9d9542de323c0b84c4646cfe4cca27f250a9c3"
        },
        {
          "path": "trajectory_200/accepted/euler/scientific-output-accept__pops.handle.v1-case-api0__f3e7170f42eecacbe4f87ebb02c16748c61ca23a1b76c090d394d274b530a7421__s000000027__d2093175c981d09d8ee1bf4cc9506e661c3a583e3452043dbc23293cd21de971.npz",
          "sha256": "6273232bf5a367ab315ea78f93e84f186ea4bc01546009adbb734dc6afa5b42b"
        },
        {
          "path": "trajectory_200/accepted/euler/scientific-output-accept__pops.handle.v1-case-api0__f3e7170f42eecacbe4f87ebb02c16748c61ca23a1b76c090d394d274b530a7421__s000000028__be5c40b6eacb4c5b255220caf822a312078033123cafeb60471ad4944af5d2c7.npz",
          "sha256": "1f24cac5c35d5655c67f86bd63fdb374c33550b092c482c1c0099671a0f7ff9a"
        },
        {
          "path": "trajectory_200/accepted/euler/scientific-output-accept__pops.handle.v1-case-api0__f3e7170f42eecacbe4f87ebb02c16748c61ca23a1b76c090d394d274b530a7421__s000000029__091445f910b262abc97d28de4e75fd99f5c385664203b3d0d14c5cfe4461b8f6.npz",
          "sha256": "2466b17c0c8d42242044be60a9357154de323bf6b091d153a57c9488df936c79"
        },
        {
          "path": "trajectory_200/accepted/euler/scientific-output-accept__pops.handle.v1-case-api0__f3e7170f42eecacbe4f87ebb02c16748c61ca23a1b76c090d394d274b530a7421__s000000030__4f0c9b362e1316f69082e6aef8e07fe58d0765cb74dfe953952f03ab5e914479.npz",
          "sha256": "30989af1f32271348cd0d290e22b6aa31c20899b720d4b77c1d275b449bb79d8"
        },
        {
          "path": "trajectory_200/accepted/euler/scientific-output-accept__pops.handle.v1-case-api0__f3e7170f42eecacbe4f87ebb02c16748c61ca23a1b76c090d394d274b530a7421__s000000031__ca711ca48e15f621e1a5104c660b413f6e19ee0336a1765964dd18e0ff677cf4.npz",
          "sha256": "de6b0d22e15e4eb176c20567e0b57d81bf5aa609d281d47f3e424d772791b323"
        },
        {
          "path": "trajectory_200/accepted/euler/scientific-output-accept__pops.handle.v1-case-api0__f3e7170f42eecacbe4f87ebb02c16748c61ca23a1b76c090d394d274b530a7421__s000000032__1e587b40bbff8ac7b0f338a1fd81ebdcae4ad4e060a98880306348d185ed5c31.npz",
          "sha256": "ba199b9862a6f817ffdafbdeb577003538bff57a9bed7f7eec79841f74c7c253"
        },
        {
          "path": "trajectory_200/accepted/euler/scientific-output-accept__pops.handle.v1-case-api0__f3e7170f42eecacbe4f87ebb02c16748c61ca23a1b76c090d394d274b530a7421__s000000033__8ede950646539348998997a256d7da0ed12ebfaf86fe9e6db5d8aa86b6f2b609.npz",
          "sha256": "d661c117fa5b4286a3798175a12765c47cf69b9e841f42b457058c06e9199fbd"
        },
        {
          "path": "trajectory_200/accepted/euler/scientific-output-accept__pops.handle.v1-case-api0__f3e7170f42eecacbe4f87ebb02c16748c61ca23a1b76c090d394d274b530a7421__s000000034__954fc3365e442e79ca2fc0725761a98e08f84b229c1dd5c52fdba1b7df9e04cb.npz",
          "sha256": "9d89613f8c686a908e1c9fb50cd39ef01bd0396ca4817a0d74e5eee97ec9ca39"
        },
        {
          "path": "trajectory_200/accepted/euler/scientific-output-accept__pops.handle.v1-case-api0__f3e7170f42eecacbe4f87ebb02c16748c61ca23a1b76c090d394d274b530a7421__s000000035__e7f350b86e1969329326b83beabf558fc4fc13f2cf2b7e7e57f81c054911194e.npz",
          "sha256": "ad99a88df49a86d7ad7a5f27131a3c5bf10e98a80f6786331fd073523999ac0d"
        },
        {
          "path": "trajectory_200/accepted/euler/scientific-output-accept__pops.handle.v1-case-api0__f3e7170f42eecacbe4f87ebb02c16748c61ca23a1b76c090d394d274b530a7421__s000000036__ad39631c05b45f5bd08cb2b90ea4a5953e92edd71145491a29b0f92ebf51408d.npz",
          "sha256": "284ba1596743a8141562192b10b025885e387c39da2a3cc136e677817cb3c8e7"
        },
        {
          "path": "trajectory_200/accepted/euler/scientific-output-accept__pops.handle.v1-case-api0__f3e7170f42eecacbe4f87ebb02c16748c61ca23a1b76c090d394d274b530a7421__s000000037__4d931cffb5a6fe5b3f9dbd24fc1b8f59063dd03c0139afa30be79bc76fdd1b3c.npz",
          "sha256": "39a0376d052742d511dd3fa27e67c6eb105c13612f2bdf6b9c50e60982d44708"
        },
        {
          "path": "trajectory_200/accepted/euler/scientific-output-accept__pops.handle.v1-case-api0__f3e7170f42eecacbe4f87ebb02c16748c61ca23a1b76c090d394d274b530a7421__s000000038__70fe8bae432f98ee9cce59acc5030a0477af7597cf9fcf3a19eff84304fa7b37.npz",
          "sha256": "10f1f08ecdbc31a0285af1bf2edb7000b963a4a9292ae0d0eb9dbb88683ae331"
        },
        {
          "path": "trajectory_200/accepted/euler/scientific-output-accept__pops.handle.v1-case-api0__f3e7170f42eecacbe4f87ebb02c16748c61ca23a1b76c090d394d274b530a7421__s000000039__94d6f115b7ecd4e2ba103877dd432a3b0ee473fea0f77b3950f080eb0a91ed34.npz",
          "sha256": "8ac708d622853289c929efa61050972e46715814f7f1d1bf72694165490105eb"
        },
        {
          "path": "trajectory_200/accepted/euler/scientific-output-accept__pops.handle.v1-case-api0__f3e7170f42eecacbe4f87ebb02c16748c61ca23a1b76c090d394d274b530a7421__s000000040__68df253a73fb6a674103047bc090dd48c74f71472ee7455b07f5418d5445c0ba.npz",
          "sha256": "82a50adb27547b93c2eb5d9bbafd47ae0c9da7b3a89d793a3d500ce0e9f3b9c6"
        },
        {
          "path": "trajectory_200/accepted/euler/scientific-output-accept__pops.handle.v1-case-api0__f3e7170f42eecacbe4f87ebb02c16748c61ca23a1b76c090d394d274b530a7421__s000000041__b4a4ab70f15b4f1a4837b09118f2456e934fdc5e4add816c7ec7b6b6d71e9498.npz",
          "sha256": "91a315aeec010546c1b0e7538e732a2c19625a9d1080ef0aacb2c672e3defee6"
        },
        {
          "path": "trajectory_200/accepted/euler/scientific-output-accept__pops.handle.v1-case-api0__f3e7170f42eecacbe4f87ebb02c16748c61ca23a1b76c090d394d274b530a7421__s000000042__84ff1a172eb57f270a25449d88bded40594ad1883a2a32b40607b84c79f46485.npz",
          "sha256": "1a1c52e3b300ecca003b042a0c3beb48b54704ca068a7fe9697154a4909086d0"
        },
        {
          "path": "trajectory_200/accepted/euler/scientific-output-accept__pops.handle.v1-case-api0__f3e7170f42eecacbe4f87ebb02c16748c61ca23a1b76c090d394d274b530a7421__s000000043__8bb9c5846d3876603b951443723d6bcaf31b48745de37299b9262d020591adff.npz",
          "sha256": "f8ddd2d299f5782a9ee3b3db4fdfd6d51d64d07b89a540ece32ab82319ff86c6"
        },
        {
          "path": "trajectory_200/accepted/euler/scientific-output-accept__pops.handle.v1-case-api0__f3e7170f42eecacbe4f87ebb02c16748c61ca23a1b76c090d394d274b530a7421__s000000044__5482e939720c60163aef970ca5634ccc1035fd0f63e9cd5108d887ac899cad8c.npz",
          "sha256": "e47a0d4fa0465c63d494305995b68d5596e071058ac89bf88c6365f602146af8"
        },
        {
          "path": "trajectory_200/accepted/euler/scientific-output-accept__pops.handle.v1-case-api0__f3e7170f42eecacbe4f87ebb02c16748c61ca23a1b76c090d394d274b530a7421__s000000045__bfc93df90c72859a4b54ce0e42933b7491e5329d88d26718a48db0f83c93a44a.npz",
          "sha256": "589a965666ba7801c3da68b0411547f4f84f9c3ded2df82cfe1a6956d8cd2607"
        },
        {
          "path": "trajectory_200/accepted/euler/scientific-output-accept__pops.handle.v1-case-api0__f3e7170f42eecacbe4f87ebb02c16748c61ca23a1b76c090d394d274b530a7421__s000000046__dd5af4e5d34feb179937b76bf0210943859d560c69a04ba77c3eb5b698f1d5c4.npz",
          "sha256": "5f2b25633b4de95c5b998dacab5e5a16a2c2bf1717ff9b3e7b7237670933cb27"
        },
        {
          "path": "trajectory_200/accepted/euler/scientific-output-accept__pops.handle.v1-case-api0__f3e7170f42eecacbe4f87ebb02c16748c61ca23a1b76c090d394d274b530a7421__s000000047__5737c93c5830cf07195cf424f9457a64af390eac9cc1a7b6323377a75aa36f70.npz",
          "sha256": "e9c1362cd74d7821ccd579490a1c98e53501ba9fa7cd0c1a125939748c4f58ee"
        },
        {
          "path": "trajectory_200/accepted/euler/scientific-output-accept__pops.handle.v1-case-api0__f3e7170f42eecacbe4f87ebb02c16748c61ca23a1b76c090d394d274b530a7421__s000000048__1ff43cec24777e0561b4e03f0ce8f23a68297f716b12d61839d33e670cf4111f.npz",
          "sha256": "25e7e841f8673aa6ee53dd5570b7dd8c5018c05499f3650855254b55a6e09e73"
        },
        {
          "path": "trajectory_200/accepted/euler/scientific-output-accept__pops.handle.v1-case-api0__f3e7170f42eecacbe4f87ebb02c16748c61ca23a1b76c090d394d274b530a7421__s000000049__3a46257e76a214270983a315f4f31040ed4f5b53bc56553719e0c7bcb9c69cdd.npz",
          "sha256": "ac7bd45c892795ecea14f2c22079e668612578c6694c20e6929ce4fe80c1ff94"
        },
        {
          "path": "trajectory_200/accepted/euler/scientific-output-accept__pops.handle.v1-case-api0__f3e7170f42eecacbe4f87ebb02c16748c61ca23a1b76c090d394d274b530a7421__s000000050__c89ed2c45cdb54a05dbadb25e98004d882bbacf9cfae8f114e1b3fb5e66aaea2.npz",
          "sha256": "4cb368eb016e875352f86db7e91cef517a4baa94bc467c910a2336df6860f7da"
        },
        {
          "path": "trajectory_200/accepted/euler/scientific-output-accept__pops.handle.v1-case-api0__f3e7170f42eecacbe4f87ebb02c16748c61ca23a1b76c090d394d274b530a7421__s000000051__1c3543edba6c7ece6b98e24310cbc72392b81a27be55151f4ea84acfc7e706cf.npz",
          "sha256": "a8172442a49df93ab09d95353b3a9a1f703be12d0e325c79fc369baabcd80cca"
        },
        {
          "path": "trajectory_200/accepted/euler/scientific-output-accept__pops.handle.v1-case-api0__f3e7170f42eecacbe4f87ebb02c16748c61ca23a1b76c090d394d274b530a7421__s000000052__7e325e82486bb924f98fc7111d4acac68bcbeb9fe1a34d20b4c693660d0bd990.npz",
          "sha256": "7ec2878973b8684a63e5252b067c4ba94cb0017726151b55aaffd89697d4f26c"
        },
        {
          "path": "trajectory_200/accepted/euler/scientific-output-accept__pops.handle.v1-case-api0__f3e7170f42eecacbe4f87ebb02c16748c61ca23a1b76c090d394d274b530a7421__s000000053__59aa2b869ad3dd7e87da814e8baabc0b3cd83519afc878f70fae01a83f58af02.npz",
          "sha256": "050733a23b39d8441970773753b52fac2085c033bd81ede86992de53b84f000e"
        },
        {
          "path": "trajectory_200/accepted/euler/scientific-output-accept__pops.handle.v1-case-api0__f3e7170f42eecacbe4f87ebb02c16748c61ca23a1b76c090d394d274b530a7421__s000000054__477e0c35c536796ec5cef19cbaf827f5dcb3d28ef0969c68c6a9d66fa1b800ba.npz",
          "sha256": "875c70314f0e382694ffb4356409c5f785212febd654b716c5e99276b6a6678c"
        },
        {
          "path": "trajectory_200/accepted/euler/scientific-output-accept__pops.handle.v1-case-api0__f3e7170f42eecacbe4f87ebb02c16748c61ca23a1b76c090d394d274b530a7421__s000000055__b96e9f4d351e99e8f1a47c87e38c2f6a5f0ec0ea771bf9a330aae30f51653f0f.npz",
          "sha256": "6095e245a132834f4147fd39cd7cf206e6f63a4afafb89209933697afc96ae85"
        },
        {
          "path": "trajectory_200/accepted/euler/scientific-output-accept__pops.handle.v1-case-api0__f3e7170f42eecacbe4f87ebb02c16748c61ca23a1b76c090d394d274b530a7421__s000000056__2dfc0d146764ac66894547036abd9be4966ed448f904803742ea5d3f9f1775c1.npz",
          "sha256": "4c351d9f49d62a5fef03c1d4553530dae922acaaecf6f667bef65d90aff8e1b1"
        },
        {
          "path": "trajectory_200/accepted/euler/scientific-output-accept__pops.handle.v1-case-api0__f3e7170f42eecacbe4f87ebb02c16748c61ca23a1b76c090d394d274b530a7421__s000000057__43ef97a1fbb0e36166bd565ce9010d009adfc7dab42c9ff285d6c8addffee8f4.npz",
          "sha256": "7879d4702b3382b6edfff7f58b32b4de7051e0ba0eb36920ff0d221ca1c29de3"
        },
        {
          "path": "trajectory_200/accepted/euler/scientific-output-accept__pops.handle.v1-case-api0__f3e7170f42eecacbe4f87ebb02c16748c61ca23a1b76c090d394d274b530a7421__s000000058__68645a22a95bc2e41e5d949512ebdb00c0af51be60fa1d3550d1e0fdd60cb17c.npz",
          "sha256": "ef77881306dcb899545b5c625e8c3447d3379c323ee642bec7620a809103fa2a"
        },
        {
          "path": "trajectory_200/accepted/euler/scientific-output-accept__pops.handle.v1-case-api0__f3e7170f42eecacbe4f87ebb02c16748c61ca23a1b76c090d394d274b530a7421__s000000059__9f769f767ad9e73df263411a4204f2ad0a5753d6ae09496f8d76428092fa71d6.npz",
          "sha256": "95ff5b069bf417ea16e82abb73175a526d941cb2c709ba7967a8f7e4a9ada7a3"
        },
        {
          "path": "trajectory_200/accepted/euler/scientific-output-accept__pops.handle.v1-case-api0__f3e7170f42eecacbe4f87ebb02c16748c61ca23a1b76c090d394d274b530a7421__s000000060__e395fe919d60b3fe3db7d02aa15a96559c1ec5e05d81968379ea65fdb6561c9f.npz",
          "sha256": "1facfce9a6cee4055825b1654f775f5ef4c0768c64ffe47c38262f7cf6c677e1"
        },
        {
          "path": "trajectory_200/accepted/euler/scientific-output-accept__pops.handle.v1-case-api0__f3e7170f42eecacbe4f87ebb02c16748c61ca23a1b76c090d394d274b530a7421__s000000061__7b9deb8df39bee97bf03ba52427e7dea5aa153d1b735f5d17bdb112967aaec6c.npz",
          "sha256": "56d76bd83327731e2fe21cdc34129b7b7f1f0dcbed412e2092c8201d7b6ac986"
        },
        {
          "path": "trajectory_200/accepted/euler/scientific-output-accept__pops.handle.v1-case-api0__f3e7170f42eecacbe4f87ebb02c16748c61ca23a1b76c090d394d274b530a7421__s000000062__683197aeb8ebc7b16196e405d7a3e1c41f02be9da8d8c18c897c3fa8a5bfea40.npz",
          "sha256": "5f4fb5a67609570fbc62dacf8205a848f0ffe198d6221d05ec40a799143dbe8d"
        },
        {
          "path": "trajectory_200/accepted/euler/scientific-output-accept__pops.handle.v1-case-api0__f3e7170f42eecacbe4f87ebb02c16748c61ca23a1b76c090d394d274b530a7421__s000000063__d6b6ac297bc22c3534601eb5da297a1520f76ee014fd6144561baf7072238481.npz",
          "sha256": "581866eebbf6b9cc6261e24f75dcbed36bac39ddd533f0d3065741250deb36ef"
        },
        {
          "path": "trajectory_200/accepted/euler/scientific-output-accept__pops.handle.v1-case-api0__f3e7170f42eecacbe4f87ebb02c16748c61ca23a1b76c090d394d274b530a7421__s000000064__1b779c348ac25ae406fcf295120806d49d88c9c348343c327eef7980cdfe8c4c.npz",
          "sha256": "f55c2cd20d0fd5babbed3f4c1d16bb3fcfad6a7d31605f69f07378e4a67da226"
        },
        {
          "path": "trajectory_200/accepted/euler/scientific-output-accept__pops.handle.v1-case-api0__f3e7170f42eecacbe4f87ebb02c16748c61ca23a1b76c090d394d274b530a7421__s000000065__cfbb0950ece9fa23cce353374e6a5ff3134ea7d30ff5fca5c9bccb80acd92ac6.npz",
          "sha256": "931364b7b95f8c91fdec0efd798b9160c898f18f5fe7175abd4b9f495f673bfd"
        },
        {
          "path": "trajectory_200/accepted/euler/scientific-output-accept__pops.handle.v1-case-api0__f3e7170f42eecacbe4f87ebb02c16748c61ca23a1b76c090d394d274b530a7421__s000000066__dbaafb80cef18aeb1748e43d033b29f7da397783b4d59c670d7364f7f2979edc.npz",
          "sha256": "16ee7a2dcfe6e809737e964b8f122da491ef19b38e87c3df4b7e7b3c84f6aaff"
        },
        {
          "path": "trajectory_200/accepted/euler/scientific-output-accept__pops.handle.v1-case-api0__f3e7170f42eecacbe4f87ebb02c16748c61ca23a1b76c090d394d274b530a7421__s000000067__bd4e9fc70e29f96d996df4ec03355ac656353a8ec57d67d11b8f30326fcba9ba.npz",
          "sha256": "0876767498de745f220ef95acf248ed51c3a0a82d831504a822f3f7161941003"
        },
        {
          "path": "trajectory_200/accepted/euler/scientific-output-accept__pops.handle.v1-case-api0__f3e7170f42eecacbe4f87ebb02c16748c61ca23a1b76c090d394d274b530a7421__s000000068__283c18b5c24b6b1980236051140046a381223b6a53a67c6fee3d9ac122f63b64.npz",
          "sha256": "22b5b1508cec1605f3c14fb2435e12ef15308318c56172ee1aafd991ad0842fe"
        },
        {
          "path": "trajectory_200/accepted/euler/scientific-output-accept__pops.handle.v1-case-api0__f3e7170f42eecacbe4f87ebb02c16748c61ca23a1b76c090d394d274b530a7421__s000000069__a8f8f5f71e4e41858c086694ea69813aef0ea3b60e17fb703d204b52eb8846e1.npz",
          "sha256": "4f0faded01f833998926d1c987c1174d7ee53560c0d876c610a32df6d43aaeac"
        },
        {
          "path": "trajectory_200/accepted/euler/scientific-output-accept__pops.handle.v1-case-api0__f3e7170f42eecacbe4f87ebb02c16748c61ca23a1b76c090d394d274b530a7421__s000000070__3776c4dcff6d72f6286aa7b68488cd6e248c746c6ae800d518121d07a8b0fe6a.npz",
          "sha256": "47923697f3dc34e5fdc37d6a9bd54fcc52ca73c5be98df1a328040d047193a01"
        },
        {
          "path": "trajectory_200/accepted/euler/scientific-output-accept__pops.handle.v1-case-api0__f3e7170f42eecacbe4f87ebb02c16748c61ca23a1b76c090d394d274b530a7421__s000000071__c63445269043c571ffd79a18e03831444bc6d9bd1c00f3fbff2b6299289133de.npz",
          "sha256": "2100947166503e95f642d0396f063f43e3320bb079c02779694b15431bee37a6"
        },
        {
          "path": "trajectory_200/accepted/euler/scientific-output-accept__pops.handle.v1-case-api0__f3e7170f42eecacbe4f87ebb02c16748c61ca23a1b76c090d394d274b530a7421__s000000072__4a35fa58c7f34d5029deb9bd54e57de0123997645f74596ca69d2994ed02d62b.npz",
          "sha256": "e8c7027db5c13835fb520a29f1172e1d1d027c63e612f341dcffa25cbe65b803"
        },
        {
          "path": "trajectory_200/accepted/euler/scientific-output-accept__pops.handle.v1-case-api0__f3e7170f42eecacbe4f87ebb02c16748c61ca23a1b76c090d394d274b530a7421__s000000073__961d42e4fc7a6d8120947b03c5f096bf36ddcaac11ddeb768e21eb09581d8563.npz",
          "sha256": "45e00e731f23fd16276fe92330cb1a9dec00aac3628b2e237f814ebfd3639c26"
        },
        {
          "path": "trajectory_200/accepted/euler/scientific-output-accept__pops.handle.v1-case-api0__f3e7170f42eecacbe4f87ebb02c16748c61ca23a1b76c090d394d274b530a7421__s000000074__bea923889af08add58a3a48ad9a7e311156d38b305b09da99d4d274a885a8760.npz",
          "sha256": "0007c44ee4b189cb0d8b0ed25c2f8e46698d71609aa09e6bcbf9235f7d0c3143"
        },
        {
          "path": "trajectory_200/accepted/euler/scientific-output-accept__pops.handle.v1-case-api0__f3e7170f42eecacbe4f87ebb02c16748c61ca23a1b76c090d394d274b530a7421__s000000075__86615de66064488918e979ebf7b68b6d19417df426ee95c39d1b58426786abbf.npz",
          "sha256": "9b9ea8a2802fb47f751d0ae2e3865d2dd67420bb1236106144603b9a3f53f757"
        },
        {
          "path": "trajectory_200/accepted/euler/scientific-output-accept__pops.handle.v1-case-api0__f3e7170f42eecacbe4f87ebb02c16748c61ca23a1b76c090d394d274b530a7421__s000000076__c33d13d9f3f9032fa1ed2f391d0bd10a55063c8666f3771ba6b558857b8e8a40.npz",
          "sha256": "330fdb7755214dabc8524984edc0978266564f5dc9661437fb5da929e874e9c4"
        },
        {
          "path": "trajectory_200/accepted/euler/scientific-output-accept__pops.handle.v1-case-api0__f3e7170f42eecacbe4f87ebb02c16748c61ca23a1b76c090d394d274b530a7421__s000000077__994461e64430bc4faa4756bd5e787faff12a994bdee470376aece3ee49ef562d.npz",
          "sha256": "d1897048704cf3c793a5b19cad4067424adb782961dd1bacfd6b5f2f6dedba35"
        },
        {
          "path": "trajectory_200/accepted/euler/scientific-output-accept__pops.handle.v1-case-api0__f3e7170f42eecacbe4f87ebb02c16748c61ca23a1b76c090d394d274b530a7421__s000000078__4a1f43004048bee616af847b62f47096ff5f029ebfc5691b40a5c9ec0cbfcf51.npz",
          "sha256": "599316e485fb70be55f791003a0cbf95d5ba67a7881fe5eb44ea7ba6461ca5bc"
        },
        {
          "path": "trajectory_200/accepted/euler/scientific-output-accept__pops.handle.v1-case-api0__f3e7170f42eecacbe4f87ebb02c16748c61ca23a1b76c090d394d274b530a7421__s000000079__57b041f1d04ee65a950b4b6383b34ce7018d05b24a350b06b74da36a47952da0.npz",
          "sha256": "d4eb30bd491ebeb1d15aa34d1fc0eea91730de98062f2b766e4cd23d8002e32f"
        },
        {
          "path": "trajectory_200/accepted/euler/scientific-output-accept__pops.handle.v1-case-api0__f3e7170f42eecacbe4f87ebb02c16748c61ca23a1b76c090d394d274b530a7421__s000000080__32e8bdbbff59bafb6a22d677ce8bf5d2783f37ea8f7cfd2f40430f7254e26f8b.npz",
          "sha256": "aa5d2674ba573736d4e0bad1616ed88640ff1023517b8f86a7a5bf2e20b44819"
        },
        {
          "path": "trajectory_200/accepted/euler/scientific-output-accept__pops.handle.v1-case-api0__f3e7170f42eecacbe4f87ebb02c16748c61ca23a1b76c090d394d274b530a7421__s000000081__92fe844e317271e2ffa990c3292c0a5d4efd3c62c4109f48984af8fc307d9fcb.npz",
          "sha256": "2710104c7212fb2d890eaff15c599e2855d460e59f47c0fba16ebb603ad4570b"
        },
        {
          "path": "trajectory_200/accepted/euler/scientific-output-accept__pops.handle.v1-case-api0__f3e7170f42eecacbe4f87ebb02c16748c61ca23a1b76c090d394d274b530a7421__s000000082__1a8734fec1ea18f8a1eb415d99daaa35bfc11907248de47a254781b177407ded.npz",
          "sha256": "75482919a93b2f3a9105e9eddf7592f800e9d75438b6a2d30ad870ed0a427e43"
        },
        {
          "path": "trajectory_200/accepted/euler/scientific-output-accept__pops.handle.v1-case-api0__f3e7170f42eecacbe4f87ebb02c16748c61ca23a1b76c090d394d274b530a7421__s000000083__efdac9a0a301113d7ed028bc493bd247705798031b7ca61d4a12e3fa4f6a1334.npz",
          "sha256": "f53e9b81f37c0bdda751e9058b16f7fd9a9ec27b09dc7e4cd1baf6f4dcd24643"
        },
        {
          "path": "trajectory_200/accepted/euler/scientific-output-accept__pops.handle.v1-case-api0__f3e7170f42eecacbe4f87ebb02c16748c61ca23a1b76c090d394d274b530a7421__s000000084__b733ec989d954b0c5a8cd26f7bf177b0d4ea92c1f17125df926b2648383c16f1.npz",
          "sha256": "5a777468530e57968d89cb63d4697f1b5b2c53c4811318cfd477d212e255cc8c"
        },
        {
          "path": "trajectory_200/accepted/euler/scientific-output-accept__pops.handle.v1-case-api0__f3e7170f42eecacbe4f87ebb02c16748c61ca23a1b76c090d394d274b530a7421__s000000085__74d38aa29280c5bf8d6955e96e29dce05891e149e4fb71fb1a3c27aec9f6c8d9.npz",
          "sha256": "5b0e2bb05f49b71017c58a2c5630eed58913c3df999fa88471f9a7645f3b6db1"
        },
        {
          "path": "trajectory_200/accepted/euler/scientific-output-accept__pops.handle.v1-case-api0__f3e7170f42eecacbe4f87ebb02c16748c61ca23a1b76c090d394d274b530a7421__s000000086__1b690e95f7ae7e0444a9d902b18e252b8bf00f3cd0bec0bddebd67873fefeb2d.npz",
          "sha256": "ccf6480209f1a0cba02c1e6d612abf5db10ff6d4efdbeac3b2e03f2e831c4d71"
        },
        {
          "path": "trajectory_200/accepted/euler/scientific-output-accept__pops.handle.v1-case-api0__f3e7170f42eecacbe4f87ebb02c16748c61ca23a1b76c090d394d274b530a7421__s000000087__1b5dd24e92996c0b88e97127dee408964b5705cfe9e00d089775cc6bdbb09ab6.npz",
          "sha256": "304b6682467c3c62a455c3f4b25e863d7e8c883b45fce427bfa591c452366e60"
        },
        {
          "path": "trajectory_200/accepted/euler/scientific-output-accept__pops.handle.v1-case-api0__f3e7170f42eecacbe4f87ebb02c16748c61ca23a1b76c090d394d274b530a7421__s000000088__4ac4e3e89441d8aaab5801b07ea66e9e40f98515250583a441ebae3b09d1fe03.npz",
          "sha256": "913ee88effd70ef5770294d1364e534851b30ade156cf8687639384643aef98e"
        },
        {
          "path": "trajectory_200/accepted/euler/scientific-output-accept__pops.handle.v1-case-api0__f3e7170f42eecacbe4f87ebb02c16748c61ca23a1b76c090d394d274b530a7421__s000000089__5db2b01029aa64dce2e988eb754690d38b02019d211d3d840a81252ca313d434.npz",
          "sha256": "b02f54524d1769a9ff746e6573ec0761bea3c405cb16b5323651786bac8758a7"
        },
        {
          "path": "trajectory_200/accepted/euler/scientific-output-accept__pops.handle.v1-case-api0__f3e7170f42eecacbe4f87ebb02c16748c61ca23a1b76c090d394d274b530a7421__s000000090__3a66eb59da7a192360e47b8071d56ca7b62f6ac4d27aecbd7a7746ebf8924623.npz",
          "sha256": "0bec1983429d590f6fbf5478bd0ef0d31d8ca1be9981971a7a979121bcb60a84"
        },
        {
          "path": "trajectory_200/accepted/euler/scientific-output-accept__pops.handle.v1-case-api0__f3e7170f42eecacbe4f87ebb02c16748c61ca23a1b76c090d394d274b530a7421__s000000091__544dd6ca61355b20bfdb6e3fb15300399dbb76418ab34060dad9820e9ebbae40.npz",
          "sha256": "7f46321b04611df89dd5c9564a90285d11bbebae06f23d93d053b0b86423864c"
        },
        {
          "path": "trajectory_200/accepted/euler/scientific-output-accept__pops.handle.v1-case-api0__f3e7170f42eecacbe4f87ebb02c16748c61ca23a1b76c090d394d274b530a7421__s000000092__7f24498294d90f1304ff27f47a1ab8d43bd09f67a9108788763830cacd9d5d2d.npz",
          "sha256": "b5d908480cad65be73545722436ba183dbb77de433cd973c89b9e295749a9680"
        },
        {
          "path": "trajectory_200/accepted/euler/scientific-output-accept__pops.handle.v1-case-api0__f3e7170f42eecacbe4f87ebb02c16748c61ca23a1b76c090d394d274b530a7421__s000000093__f5ddbeb20ec7e6eb34a7e35885af46335e1a01feac319db6c7b36f98658a1d1a.npz",
          "sha256": "27c142e1a4720d8845268a18088eb8d60a4dac5c092332c595fba9eb512bbc27"
        },
        {
          "path": "trajectory_200/accepted/euler/scientific-output-accept__pops.handle.v1-case-api0__f3e7170f42eecacbe4f87ebb02c16748c61ca23a1b76c090d394d274b530a7421__s000000094__2d88ae3b8323e8643a0cb564422a473b680353efaeaa383131646246dfda46a1.npz",
          "sha256": "dc7a9ebe39b0d637bb4d595743e89cca0212a2eca0cc56dc935f7ab62a8d5a09"
        },
        {
          "path": "trajectory_200/accepted/euler/scientific-output-accept__pops.handle.v1-case-api0__f3e7170f42eecacbe4f87ebb02c16748c61ca23a1b76c090d394d274b530a7421__s000000095__ecaffc1952391047326139f1016411e5b129213b94fefa19e767832be07b5338.npz",
          "sha256": "a01fbb8f272da8aaf662f57a6ea5e313a095368ad3439d54fc20f8a5428815fd"
        },
        {
          "path": "trajectory_200/accepted/euler/scientific-output-accept__pops.handle.v1-case-api0__f3e7170f42eecacbe4f87ebb02c16748c61ca23a1b76c090d394d274b530a7421__s000000096__1adc679679aabceb5d662c65ef83a8aedbd6a0e5de6b87d73162623fbdb145e9.npz",
          "sha256": "b96850cf28f4c57a5c49dd40b71a32944e1e1477bda37c8f9513655e9102e821"
        },
        {
          "path": "trajectory_200/accepted/euler/scientific-output-accept__pops.handle.v1-case-api0__f3e7170f42eecacbe4f87ebb02c16748c61ca23a1b76c090d394d274b530a7421__s000000097__2f1101f1c7b3753629ddc843b9df6559aa1c0fa101f195f95cc82cb5292e9d21.npz",
          "sha256": "00f4f6a1baa57e837b04b85d9b2d12ffcf6237e6769e64cc278d205bee703322"
        },
        {
          "path": "trajectory_200/accepted/euler/scientific-output-accept__pops.handle.v1-case-api0__f3e7170f42eecacbe4f87ebb02c16748c61ca23a1b76c090d394d274b530a7421__s000000098__00bd582c7edc200a7037001cc6f59d5fd49111612f27f7e5f558b97350a9ab43.npz",
          "sha256": "8ed9e97f838eca2da705eac93047909ba37172a4e3ddbc30394c76e58600f891"
        },
        {
          "path": "trajectory_200/accepted/euler/scientific-output-accept__pops.handle.v1-case-api0__f3e7170f42eecacbe4f87ebb02c16748c61ca23a1b76c090d394d274b530a7421__s000000099__b25d004c3ab29a3bd653a94d5d4fc7ecf706212df65de37438517f7ded1e32b3.npz",
          "sha256": "f647a738d87f28b8cae6ad69f8868a9be8faa4ce6089341d9b3841f9e64bbfc7"
        },
        {
          "path": "trajectory_200/accepted/euler/scientific-output-accept__pops.handle.v1-case-api0__f3e7170f42eecacbe4f87ebb02c16748c61ca23a1b76c090d394d274b530a7421__s000000100__83a8f10e3916d55a010f3040cfdb87147042ef5ba8d02ddd4621702b566e9ec5.npz",
          "sha256": "099a2de6ad096ec5876a974493641ecec6e471b66bbad1967d70aecb39b98b0b"
        },
        {
          "path": "trajectory_200/accepted/euler/scientific-output-accept__pops.handle.v1-case-api0__f3e7170f42eecacbe4f87ebb02c16748c61ca23a1b76c090d394d274b530a7421__s000000101__c96b67deb17de75e6f47ab80fb870a5b6a92e54315bb7f9b1028327a194c4866.npz",
          "sha256": "313461abb9f713efb5b3f168075a8cd1451e7f475aee44a935b03d85a16313a4"
        },
        {
          "path": "trajectory_200/accepted/euler/scientific-output-accept__pops.handle.v1-case-api0__f3e7170f42eecacbe4f87ebb02c16748c61ca23a1b76c090d394d274b530a7421__s000000102__b0198910c3c1dc80313fafb841d27e1616f9f7fdf28c272af8ba682e3cedbe40.npz",
          "sha256": "23f09e3cb1178d71fe2595853944d1b2d0362d37004d13ab36a7cb34566bb214"
        },
        {
          "path": "trajectory_200/accepted/euler/scientific-output-accept__pops.handle.v1-case-api0__f3e7170f42eecacbe4f87ebb02c16748c61ca23a1b76c090d394d274b530a7421__s000000103__fc6b2d1ee2479c2417a1eda33f558c6e86ebea489737507424cc44d36a746ce9.npz",
          "sha256": "6c660035856bc58dc56c89ab83ec161af7bdf80e2e9a96c4d5840d7054ef8d08"
        },
        {
          "path": "trajectory_200/accepted/euler/scientific-output-accept__pops.handle.v1-case-api0__f3e7170f42eecacbe4f87ebb02c16748c61ca23a1b76c090d394d274b530a7421__s000000104__e2b0cc0a5b4b07120e17708fb8a8721f2f51a8d338e5100846f6f32cdb8143bf.npz",
          "sha256": "78aad71017fe56c8ee84c9d8d9854795f9e602e6d57f7e84fb624c44badb658b"
        },
        {
          "path": "trajectory_200/accepted/euler/scientific-output-accept__pops.handle.v1-case-api0__f3e7170f42eecacbe4f87ebb02c16748c61ca23a1b76c090d394d274b530a7421__s000000105__4821a97b983bb5092d1318f6ae75af18ec5c97f3e07b2118066d162a72979f9f.npz",
          "sha256": "1d5b08cc6432eb44d6b58bb2e5e66820224d8aa0674fadb84bb631742fa27fa8"
        },
        {
          "path": "trajectory_200/accepted/euler/scientific-output-accept__pops.handle.v1-case-api0__f3e7170f42eecacbe4f87ebb02c16748c61ca23a1b76c090d394d274b530a7421__s000000106__b765022035891f2e4c117747e4d3895597dda1fa6a8bda67b0e56d25c159da43.npz",
          "sha256": "0ef4ec659f275c47a78ff7ae77753a0186918ba69574778422aef6549f5f2324"
        },
        {
          "path": "trajectory_200/accepted/euler/scientific-output-accept__pops.handle.v1-case-api0__f3e7170f42eecacbe4f87ebb02c16748c61ca23a1b76c090d394d274b530a7421__s000000107__99a7a6c5b96434c43aa1c9376a035c63656d29bed1f5d623752e0494ed52d990.npz",
          "sha256": "ee6a73beaa62aa1a04a6ae34d2dd01aa3a2b79b4c079c1e16397155a05a2ed47"
        },
        {
          "path": "trajectory_200/accepted/euler/scientific-output-accept__pops.handle.v1-case-api0__f3e7170f42eecacbe4f87ebb02c16748c61ca23a1b76c090d394d274b530a7421__s000000108__227e093a031a330dd419aef7c547d673ef179c02213fa9ec16fa77dbd41cd61a.npz",
          "sha256": "a5af830130a1cc1fd569267e0341953b5031cedb6e0c3f3477875765358d08da"
        },
        {
          "path": "trajectory_200/accepted/euler/scientific-output-accept__pops.handle.v1-case-api0__f3e7170f42eecacbe4f87ebb02c16748c61ca23a1b76c090d394d274b530a7421__s000000109__bca6663df44d2bfebb5b3e3b75a38054fba54a7722c242bd58efe0cb3a7af455.npz",
          "sha256": "e34cf170a2c22c75d6b2c5e05b968bff2f94ac58502469433cfd2fd57d8847bf"
        },
        {
          "path": "trajectory_200/accepted/euler/scientific-output-accept__pops.handle.v1-case-api0__f3e7170f42eecacbe4f87ebb02c16748c61ca23a1b76c090d394d274b530a7421__s000000110__9d54e5f86b24fa66e00a767806b2dc3fe48b48cb21f8b2fdf4543e4dce485aae.npz",
          "sha256": "dbe381ea71613f47248c982e15e124bf827545f4810ac9a04ac2b5a69adac3ec"
        },
        {
          "path": "trajectory_200/accepted/euler/scientific-output-accept__pops.handle.v1-case-api0__f3e7170f42eecacbe4f87ebb02c16748c61ca23a1b76c090d394d274b530a7421__s000000111__c7ae9af8bcb8ccb22d25c0973e590682df5efce49a32da65af515f775b714eee.npz",
          "sha256": "55fe7b8e0ddb193ef2b2d3295d4c61076039a1083a71a70bc4558d87f50f7252"
        },
        {
          "path": "trajectory_200/accepted/euler/scientific-output-accept__pops.handle.v1-case-api0__f3e7170f42eecacbe4f87ebb02c16748c61ca23a1b76c090d394d274b530a7421__s000000112__6405298703a85c4ed5776718dc0033c8a2cd5ee03f228f446c907a433ec7b482.npz",
          "sha256": "ef7c1ee42e9ee269415138acc1e52c4b56a060ed34557dd46e10cf142670b246"
        },
        {
          "path": "trajectory_200/accepted/euler/scientific-output-accept__pops.handle.v1-case-api0__f3e7170f42eecacbe4f87ebb02c16748c61ca23a1b76c090d394d274b530a7421__s000000113__87014d1a9d75f7165a0b95b252249005ca513016df1cb76c009ff19775088876.npz",
          "sha256": "53b9af431cdfd5ba741d046da34030f9a90772747495fc2c340ba2445504e7f1"
        },
        {
          "path": "trajectory_200/accepted/euler/scientific-output-accept__pops.handle.v1-case-api0__f3e7170f42eecacbe4f87ebb02c16748c61ca23a1b76c090d394d274b530a7421__s000000114__6e7c629a951f6bb8872aff09388c4553daaf8ac7d927c536cdf7c9508b628092.npz",
          "sha256": "4d0e213cda1d6251aa0b967ce41ab9c854989ede14a4e332c8682dbc2f77ec9f"
        },
        {
          "path": "trajectory_200/accepted/euler/scientific-output-accept__pops.handle.v1-case-api0__f3e7170f42eecacbe4f87ebb02c16748c61ca23a1b76c090d394d274b530a7421__s000000115__405a817da5dce89312db3096bee5ce0d54ffababbc64a99bdd07ccfa8bde39f3.npz",
          "sha256": "ba39e8e54b769f4810a0ea282e95e2766bd47baab8714a9cc0dec2039eecc5c1"
        },
        {
          "path": "trajectory_200/accepted/euler/scientific-output-accept__pops.handle.v1-case-api0__f3e7170f42eecacbe4f87ebb02c16748c61ca23a1b76c090d394d274b530a7421__s000000116__916beb392142fe0413a88abe04f96702494625cddfacb4411845860603675da4.npz",
          "sha256": "c958f3dac155be319c55e1c3e10d600b06af3d830533d873ab6c2afac05ba93a"
        },
        {
          "path": "trajectory_200/accepted/euler/scientific-output-accept__pops.handle.v1-case-api0__f3e7170f42eecacbe4f87ebb02c16748c61ca23a1b76c090d394d274b530a7421__s000000117__0575d60424597c92b548424bab411f70479a94df89473b74ee1e51e86a7f7443.npz",
          "sha256": "52c97227ab6d022dec12ad946475027f868e8660daee68799df1eae470773700"
        },
        {
          "path": "trajectory_200/accepted/euler/scientific-output-accept__pops.handle.v1-case-api0__f3e7170f42eecacbe4f87ebb02c16748c61ca23a1b76c090d394d274b530a7421__s000000118__ad0b932fa1019c584d0ed7656e7442d8ffe5def3926c9d8392b82694063f2bd2.npz",
          "sha256": "02fa56abe5dced40dfb8a51541e0bfa8f5c88ab8ac12581289223a2437bf8b25"
        },
        {
          "path": "trajectory_200/accepted/euler/scientific-output-accept__pops.handle.v1-case-api0__f3e7170f42eecacbe4f87ebb02c16748c61ca23a1b76c090d394d274b530a7421__s000000119__64024fa7f00efc4a599c389fdd7647a852425c10c62270a92a17d1290c55e5b2.npz",
          "sha256": "87f562bf891384a2ba332d5369d2ee601993f9ed122110bae203b556f1e8ffa5"
        },
        {
          "path": "trajectory_200/accepted/euler/scientific-output-accept__pops.handle.v1-case-api0__f3e7170f42eecacbe4f87ebb02c16748c61ca23a1b76c090d394d274b530a7421__s000000120__aedd832af4bb1f01bf58e5284d784488cf72b535460c1d9ff0c1eb492fcd1f84.npz",
          "sha256": "fdb3d385c71fd9d900e9f5fe287197107c733023a592b198e0bb826fc1f64dcd"
        },
        {
          "path": "trajectory_200/accepted/euler/scientific-output-accept__pops.handle.v1-case-api0__f3e7170f42eecacbe4f87ebb02c16748c61ca23a1b76c090d394d274b530a7421__s000000121__ae207f684fa44f389c2d10ac550884b6d3115c9187c6fb22cebc33821db7062a.npz",
          "sha256": "ec1870b6034beace6b2f17dfa7a85036a7bccf6f6b04f7cf611fd9110d2609d9"
        },
        {
          "path": "trajectory_200/accepted/euler/scientific-output-accept__pops.handle.v1-case-api0__f3e7170f42eecacbe4f87ebb02c16748c61ca23a1b76c090d394d274b530a7421__s000000122__f8041c01fa0c83eba0ecfc04a5fc8e2184f18a59bab68f6b00643ca5b4c7206c.npz",
          "sha256": "f02419e03e92479920df6e994ede43a3106ca2d20cb9158af47914e316ed1c31"
        },
        {
          "path": "trajectory_200/accepted/euler/scientific-output-accept__pops.handle.v1-case-api0__f3e7170f42eecacbe4f87ebb02c16748c61ca23a1b76c090d394d274b530a7421__s000000123__10484385ed2223852c62a45b4e782807dc8024dfc6a875b955196e8dfe06cd3e.npz",
          "sha256": "f8dbb718a9a57e77f89af553117e41f7aa1bd9d2b4d9586d606f98de50c401bb"
        },
        {
          "path": "trajectory_200/accepted/euler/scientific-output-accept__pops.handle.v1-case-api0__f3e7170f42eecacbe4f87ebb02c16748c61ca23a1b76c090d394d274b530a7421__s000000124__1510844b43659b8bbf724d6205bed4b66f84cd2287f59f39624f73f630330042.npz",
          "sha256": "6b586a9c778d143791b15c3fc08f630929dff0e0f37a1aeb03cc06574faa2a05"
        },
        {
          "path": "trajectory_200/accepted/euler/scientific-output-accept__pops.handle.v1-case-api0__f3e7170f42eecacbe4f87ebb02c16748c61ca23a1b76c090d394d274b530a7421__s000000125__09538b777cef3dbaa4b9f423559b62aee510325808e8944d9ba35a86f925b1cf.npz",
          "sha256": "ff33c7861fc64326542f30f860da59dcaf473ca8168a7bd415470e929db0450f"
        },
        {
          "path": "trajectory_200/accepted/euler/scientific-output-accept__pops.handle.v1-case-api0__f3e7170f42eecacbe4f87ebb02c16748c61ca23a1b76c090d394d274b530a7421__s000000126__46e603971afe6d0f66efb3ef6076ac47e5264b2fff0fe8cf41bb27fefcb3eb1c.npz",
          "sha256": "6b6355316606fdb990ac2a97d759418d6eb1a1ad23da618a236f351858447947"
        },
        {
          "path": "trajectory_200/accepted/euler/scientific-output-accept__pops.handle.v1-case-api0__f3e7170f42eecacbe4f87ebb02c16748c61ca23a1b76c090d394d274b530a7421__s000000127__2dfdf31ea5e42416624e5291d68a0a03f72e0186d72b06d8f2141e3d43aabf7a.npz",
          "sha256": "0dcccfe85aaa4a0c336ea3cc36d1984990a9c92cfac00915fcc7b283f99509a8"
        },
        {
          "path": "trajectory_200/accepted/euler/scientific-output-accept__pops.handle.v1-case-api0__f3e7170f42eecacbe4f87ebb02c16748c61ca23a1b76c090d394d274b530a7421__s000000128__6aa5bdcf7763489ea685106a753a242b4f3a6960e2443ca682aab6d3a254066f.npz",
          "sha256": "db4b0725ef0fd04c791abb70ae16abae8adef0cf09f5c55b3f35dbe412e00145"
        },
        {
          "path": "trajectory_200/accepted/euler/scientific-output-accept__pops.handle.v1-case-api0__f3e7170f42eecacbe4f87ebb02c16748c61ca23a1b76c090d394d274b530a7421__s000000129__c9f76f38db2240ef374fe08964d7038b6599990ee4cb1451f3f1b864970bba33.npz",
          "sha256": "a5e6097c5d91f70bc16e23ff1b808f54026997654e74cafefdc1fc6ed6cf6fa9"
        },
        {
          "path": "trajectory_200/accepted/euler/scientific-output-accept__pops.handle.v1-case-api0__f3e7170f42eecacbe4f87ebb02c16748c61ca23a1b76c090d394d274b530a7421__s000000130__46335de724602545aacb6fc9193db7b61a605e8643de2e3f329242ec6952dfc9.npz",
          "sha256": "5a693e66eb6bc0e4e034a97e6ab168f656765f5979a942cc991af0fd39b9157e"
        },
        {
          "path": "trajectory_200/accepted/euler/scientific-output-accept__pops.handle.v1-case-api0__f3e7170f42eecacbe4f87ebb02c16748c61ca23a1b76c090d394d274b530a7421__s000000131__5c6346e9dbd024114aadf44bc74eb01f7416abb508fbd384223dd683de859c2c.npz",
          "sha256": "2521db9077630c32a4bd5a5dff0a943e4c06af9122a3e3b0a1ad52894ec8eb54"
        },
        {
          "path": "trajectory_200/accepted/euler/scientific-output-accept__pops.handle.v1-case-api0__f3e7170f42eecacbe4f87ebb02c16748c61ca23a1b76c090d394d274b530a7421__s000000132__5548107493a8c8d9f0f08f9879e64d374c32a23a653155097d85fd660ae0494f.npz",
          "sha256": "3d9911dc6a5c13063297f660860b017b5f3c958cee16f5cc7e57f7ecfb8819f1"
        },
        {
          "path": "trajectory_200/accepted/euler/scientific-output-accept__pops.handle.v1-case-api0__f3e7170f42eecacbe4f87ebb02c16748c61ca23a1b76c090d394d274b530a7421__s000000133__80124285bd588f77c40192cc3d757f9765bf100a3c9c0d28f08cb3a8c85bd172.npz",
          "sha256": "f9e21a7e7ada8d42a13289286430fc93fecb25e3cbae11b44b1a8167e36f07f5"
        },
        {
          "path": "trajectory_200/accepted/euler/scientific-output-accept__pops.handle.v1-case-api0__f3e7170f42eecacbe4f87ebb02c16748c61ca23a1b76c090d394d274b530a7421__s000000134__4b4099a906851f9733f3ba0481752761358326d5e0374cc2b613a376bdf15054.npz",
          "sha256": "c0abba7aee9a25b4fd2815c6f40f5dbad6cdbba49e6ded48fffee9d6b2eb814f"
        },
        {
          "path": "trajectory_200/accepted/euler/scientific-output-accept__pops.handle.v1-case-api0__f3e7170f42eecacbe4f87ebb02c16748c61ca23a1b76c090d394d274b530a7421__s000000135__bdb908460aef8cad50d8feb889ccc34e1a7535b6e608b11e37bab708f6e2a4d2.npz",
          "sha256": "71242612b7ef3ddcaa919c970c69f147a27f3b5305d07b1095e56639cd46d20c"
        },
        {
          "path": "trajectory_200/accepted/euler/scientific-output-accept__pops.handle.v1-case-api0__f3e7170f42eecacbe4f87ebb02c16748c61ca23a1b76c090d394d274b530a7421__s000000136__07f381618a3079deaab9e6eb26e9707f733e93fd32fe0dc14657ff31bda34d2f.npz",
          "sha256": "3643bbb2b03c7ccae0e970edad9b625f49784f52b1cbc5ec573303ed07ab60ee"
        },
        {
          "path": "trajectory_200/accepted/euler/scientific-output-accept__pops.handle.v1-case-api0__f3e7170f42eecacbe4f87ebb02c16748c61ca23a1b76c090d394d274b530a7421__s000000137__64b0f7fb8a86d2cedaf13deaf4a7eb379a2c1c745237540e59bc51b8709d68bf.npz",
          "sha256": "706a0dcd46d0f092f73cc464afd371a389e4649a9016c73928952b61571cd790"
        },
        {
          "path": "trajectory_200/accepted/euler/scientific-output-accept__pops.handle.v1-case-api0__f3e7170f42eecacbe4f87ebb02c16748c61ca23a1b76c090d394d274b530a7421__s000000138__d397b73e02e7c25905ba1f986281ddf737f922088afa212501f7831bd6490905.npz",
          "sha256": "d5f895084a67bab5dcb15ec3bee89f78a45ff8f836c2473a7a9e8b73eb6afd32"
        },
        {
          "path": "trajectory_200/accepted/euler/scientific-output-accept__pops.handle.v1-case-api0__f3e7170f42eecacbe4f87ebb02c16748c61ca23a1b76c090d394d274b530a7421__s000000139__9c971644e1ff0c876d3315041fac939fb9f07332c0c08d7dbdafc8d655626884.npz",
          "sha256": "30055b566383461c11f5cc02f4a6352b6ec2f69bc0675c0c4aee348770c8802d"
        },
        {
          "path": "trajectory_200/accepted/euler/scientific-output-accept__pops.handle.v1-case-api0__f3e7170f42eecacbe4f87ebb02c16748c61ca23a1b76c090d394d274b530a7421__s000000140__cebfd71d788526a137f7062b8c94c4a8da99f4925bf1df394a12177e1a8ac1b0.npz",
          "sha256": "069d9d644f7f05330aa927d7f9cb1a8f89a36b0a1bbb85569d06dfc3c7a2d8f5"
        },
        {
          "path": "trajectory_200/accepted/euler/scientific-output-accept__pops.handle.v1-case-api0__f3e7170f42eecacbe4f87ebb02c16748c61ca23a1b76c090d394d274b530a7421__s000000141__0e92c4c5cd5d9ca1fd53c5b731adc905b90358481d55effe65830c0028766ba0.npz",
          "sha256": "bb09caf4064dd8c8ca3d77ba8bc3d981d3227ba75af8ba48fd48e5d05ffdc25a"
        },
        {
          "path": "trajectory_200/accepted/euler/scientific-output-accept__pops.handle.v1-case-api0__f3e7170f42eecacbe4f87ebb02c16748c61ca23a1b76c090d394d274b530a7421__s000000142__7c93ac33f2ecb81e708716c57969140732a1b4e2fbc121490ba4911c9ad9f99c.npz",
          "sha256": "76469f3396b299e978827dae5b2f140a5e1c9c0077b26b3527e66940fbdfc551"
        },
        {
          "path": "trajectory_200/accepted/euler/scientific-output-accept__pops.handle.v1-case-api0__f3e7170f42eecacbe4f87ebb02c16748c61ca23a1b76c090d394d274b530a7421__s000000143__42e3abede5607f8b7a93815dd6b1592039f757fe4c239cfcf865e2b68afe4df6.npz",
          "sha256": "90a61c8174fb0cd2ca22ec17ad3ba219cdeee8670701937e38cd5a645d39d4b4"
        },
        {
          "path": "trajectory_200/accepted/euler/scientific-output-accept__pops.handle.v1-case-api0__f3e7170f42eecacbe4f87ebb02c16748c61ca23a1b76c090d394d274b530a7421__s000000144__e21ae842aa89051a222388613712a6941df3fc16e5213eef495053ea599f2a0d.npz",
          "sha256": "19023d44794e1b2c59af7abe2d026e8b617beac237c3ede3f6cedce001cd2a6f"
        },
        {
          "path": "trajectory_200/accepted/euler/scientific-output-accept__pops.handle.v1-case-api0__f3e7170f42eecacbe4f87ebb02c16748c61ca23a1b76c090d394d274b530a7421__s000000145__6f8a0bf0d27f509fadeb09de7908e884d3813bb22b168ff0b433a78c02e922b7.npz",
          "sha256": "0c4f3c21b1a090d43dce19bfe223b5adc4e739b88414fe5d86c472ee18a1ca91"
        },
        {
          "path": "trajectory_200/accepted/euler/scientific-output-accept__pops.handle.v1-case-api0__f3e7170f42eecacbe4f87ebb02c16748c61ca23a1b76c090d394d274b530a7421__s000000146__ebaf8bc39333a8460486837adb868785e96299d49c4a0f23762f13f3ee107030.npz",
          "sha256": "193276dd09e9af398dd3e168f7eb2863444ff1f3e9d2e3400d203a204db5dc47"
        },
        {
          "path": "trajectory_200/accepted/euler/scientific-output-accept__pops.handle.v1-case-api0__f3e7170f42eecacbe4f87ebb02c16748c61ca23a1b76c090d394d274b530a7421__s000000147__f592881ad54b456b766472375e424c373c49e8affcaee6f51cf9cc6135fd06d8.npz",
          "sha256": "79f65fffce107437c8641d5f084d3f605c1b1691954888a4858d79c89668d459"
        },
        {
          "path": "trajectory_200/accepted/euler/scientific-output-accept__pops.handle.v1-case-api0__f3e7170f42eecacbe4f87ebb02c16748c61ca23a1b76c090d394d274b530a7421__s000000148__bd2f46c5371333acc8e4b2aec4da2462ac1927c335a9c8882c5763408d828b6e.npz",
          "sha256": "d10ec641ee3ffe989070bb3c9ccf49744b07d1024255636bfffea1508473b4cc"
        },
        {
          "path": "trajectory_200/accepted/euler/scientific-output-accept__pops.handle.v1-case-api0__f3e7170f42eecacbe4f87ebb02c16748c61ca23a1b76c090d394d274b530a7421__s000000149__faf505e460cd7f4f8334663bbc9a2edb9d61a888c08fd547b61e6cf6a5627e07.npz",
          "sha256": "6d8285aa1d21b235e4c5de6714b16f4d2fa01bb790d97ad7d3c1978154ef6250"
        },
        {
          "path": "trajectory_200/accepted/euler/scientific-output-accept__pops.handle.v1-case-api0__f3e7170f42eecacbe4f87ebb02c16748c61ca23a1b76c090d394d274b530a7421__s000000150__d3bb9d0bb791a2a34356fe231a99c6526a7994b81a5b47b241815c38524f40ad.npz",
          "sha256": "aa61af0fa7915209010ac233aa8789a66307a2fc4a22a5e503545b48a5c532aa"
        },
        {
          "path": "trajectory_200/accepted/euler/scientific-output-accept__pops.handle.v1-case-api0__f3e7170f42eecacbe4f87ebb02c16748c61ca23a1b76c090d394d274b530a7421__s000000151__3d9bb71501468fc1b86f579e6462e84afb62eb289bfaff5cab2cd6e556aac37c.npz",
          "sha256": "a179b9897b3e2ebeceac68f7532e257455418f1614ada7b389438350de6deee2"
        },
        {
          "path": "trajectory_200/accepted/euler/scientific-output-accept__pops.handle.v1-case-api0__f3e7170f42eecacbe4f87ebb02c16748c61ca23a1b76c090d394d274b530a7421__s000000152__04a286f173c38cae2bb91550fa4eada273b011ee576bb91a24880b2de499dc47.npz",
          "sha256": "24f8451fc8ba1bbd6e5169e694aae7b6a3a58222bf891974c7d91b2a258fbe94"
        },
        {
          "path": "trajectory_200/accepted/euler/scientific-output-accept__pops.handle.v1-case-api0__f3e7170f42eecacbe4f87ebb02c16748c61ca23a1b76c090d394d274b530a7421__s000000153__04175beae09ea3a4fc7366c27b2dad978bad3cd9fc3727cf74ae1369576cfd39.npz",
          "sha256": "7f373be40c39c1c5b120cd8b120ea2c72d731faf833f089c261a7d9aa8d78653"
        },
        {
          "path": "trajectory_200/accepted/euler/scientific-output-accept__pops.handle.v1-case-api0__f3e7170f42eecacbe4f87ebb02c16748c61ca23a1b76c090d394d274b530a7421__s000000154__da4c8dc3fb23bebf02866e6a078b8d4abbbc619116e9b1d58196c16b3b6c4b3c.npz",
          "sha256": "6241fddfc66183a3131ed2d9ac0ab62a2510556d7ad9eb6f040fd9783e369314"
        },
        {
          "path": "trajectory_200/accepted/euler/scientific-output-accept__pops.handle.v1-case-api0__f3e7170f42eecacbe4f87ebb02c16748c61ca23a1b76c090d394d274b530a7421__s000000155__61b74776bcb67822ac6945812105cf6e393661216931fa003ab4c411b72981a2.npz",
          "sha256": "5a5ccaf1c64c17983a0e8952b6e812910df2815ee8b9354bfd65e6e6037ee756"
        },
        {
          "path": "trajectory_200/accepted/euler/scientific-output-accept__pops.handle.v1-case-api0__f3e7170f42eecacbe4f87ebb02c16748c61ca23a1b76c090d394d274b530a7421__s000000156__b49e9b52427609ea62ae6083f45731a62f0179c7b8bc656cbc83c318a2d1d77a.npz",
          "sha256": "96f310701e12af1f1ec5b78d2318ac42245decf8715a0361b1083a57dc6d87ac"
        },
        {
          "path": "trajectory_200/accepted/euler/scientific-output-accept__pops.handle.v1-case-api0__f3e7170f42eecacbe4f87ebb02c16748c61ca23a1b76c090d394d274b530a7421__s000000157__7f6bbd2ca4c09525a584ed03061d6733426c1b995493b701625574ead7b833fe.npz",
          "sha256": "1e63492ce5657ef48a6d63e9e8a151afbe1d5592da982484d7965ee16caec6d3"
        },
        {
          "path": "trajectory_200/accepted/euler/scientific-output-accept__pops.handle.v1-case-api0__f3e7170f42eecacbe4f87ebb02c16748c61ca23a1b76c090d394d274b530a7421__s000000158__b2fd4395f7871e4207dd83534b3a1955737c642815072cde3a4dc566b282b899.npz",
          "sha256": "c789a96fd3f56f0414817efbe3904ab01479f3630f828551fbba19999ae323b1"
        },
        {
          "path": "trajectory_200/accepted/euler/scientific-output-accept__pops.handle.v1-case-api0__f3e7170f42eecacbe4f87ebb02c16748c61ca23a1b76c090d394d274b530a7421__s000000159__9e86e2343357f850165964c28e8ee4ace1f122407803fbc5c583ea3eaaa02a57.npz",
          "sha256": "d31c6d13b95fdb34476eef2e7e4e114772e5af88de4345311126b89d780a7fb0"
        },
        {
          "path": "trajectory_200/accepted/euler/scientific-output-accept__pops.handle.v1-case-api0__f3e7170f42eecacbe4f87ebb02c16748c61ca23a1b76c090d394d274b530a7421__s000000160__b6e4e200d7646b4d2a8bc5fbdd7aa1e32d3a50c94a5c82095fdaa7e3f5b0a069.npz",
          "sha256": "0928f827fdef3cba6f76980b4cddd43fbbbb400c82eb86a53750f42eb788f817"
        },
        {
          "path": "trajectory_200/accepted/euler/scientific-output-accept__pops.handle.v1-case-api0__f3e7170f42eecacbe4f87ebb02c16748c61ca23a1b76c090d394d274b530a7421__s000000161__cdb1583ab55e8163f0643c080a6970787555e9397361c3371ae2ceadc4aba090.npz",
          "sha256": "f03bc79077b2699294b65930003b820236061eb01ba13260baceb1d865ebe86c"
        },
        {
          "path": "trajectory_200/accepted/euler/scientific-output-accept__pops.handle.v1-case-api0__f3e7170f42eecacbe4f87ebb02c16748c61ca23a1b76c090d394d274b530a7421__s000000162__522e6a39f7410d95e086f0263aa8eab3ff7dc6e1705d91c3154663b2a6ba0042.npz",
          "sha256": "245f40ad76f28dd88fdaf658189538c00067b6762a3fc1e2a8758ee099efab25"
        },
        {
          "path": "trajectory_200/accepted/euler/scientific-output-accept__pops.handle.v1-case-api0__f3e7170f42eecacbe4f87ebb02c16748c61ca23a1b76c090d394d274b530a7421__s000000163__e983aa18c22372d59ba576e24e437f5c14809c9e88d22c20abab3e7a821df53b.npz",
          "sha256": "282f4557647d3b5b5ff2f5a3e141f3e4d210319e70412bb97702c53a8c5fa3dd"
        },
        {
          "path": "trajectory_200/accepted/euler/scientific-output-accept__pops.handle.v1-case-api0__f3e7170f42eecacbe4f87ebb02c16748c61ca23a1b76c090d394d274b530a7421__s000000164__dcbf676eb326b71dbf0fc616730db93003234d767d4ca062c707385232a9bec7.npz",
          "sha256": "0deb2c5daea0239ee1a22455908a23770ba3559732fbb90ebf945a61639fb638"
        },
        {
          "path": "trajectory_200/accepted/euler/scientific-output-accept__pops.handle.v1-case-api0__f3e7170f42eecacbe4f87ebb02c16748c61ca23a1b76c090d394d274b530a7421__s000000165__ff5a28a4d33865efab5e566a533c3226dbba3499dfe63439189e315c5d46c32e.npz",
          "sha256": "ac8ec3a017a04f3a75953e681c07e411ef65e4d8288d7c2460346ccc97491035"
        },
        {
          "path": "trajectory_200/accepted/euler/scientific-output-accept__pops.handle.v1-case-api0__f3e7170f42eecacbe4f87ebb02c16748c61ca23a1b76c090d394d274b530a7421__s000000166__9b3cd6a37761ac9d0172fa848e99ef69cbc1e8fe1ec906e7838b45d258a186f8.npz",
          "sha256": "6f077c7faf4cd4b528084fdaf2705e266bd8c3095a2a773202e1ed3c435bf3ea"
        },
        {
          "path": "trajectory_200/accepted/euler/scientific-output-accept__pops.handle.v1-case-api0__f3e7170f42eecacbe4f87ebb02c16748c61ca23a1b76c090d394d274b530a7421__s000000167__b1bce67820819d03df5d8bdafcb2ccdc9fb1c9bba93176b3553de57e2b784945.npz",
          "sha256": "db55bc9c5528c6525d38c09dc0cf0e0888c5b3ed438a2c9d2512b1dac8f6fed5"
        },
        {
          "path": "trajectory_200/accepted/euler/scientific-output-accept__pops.handle.v1-case-api0__f3e7170f42eecacbe4f87ebb02c16748c61ca23a1b76c090d394d274b530a7421__s000000168__f39a510b18d8b7b325fca05e0106a3ff85f69f4daba5c05c11349a6efe3aee16.npz",
          "sha256": "8a1411b5760d04811986ad79ebff7a3130558b7f9662046e2cef01ff6d3a84b4"
        },
        {
          "path": "trajectory_200/accepted/euler/scientific-output-accept__pops.handle.v1-case-api0__f3e7170f42eecacbe4f87ebb02c16748c61ca23a1b76c090d394d274b530a7421__s000000169__e2276baaa3b6e8aabd3b7ce784f8b0492599a8fa5b1c816c8afa2fea51abce91.npz",
          "sha256": "7543fda391c6f3a8ee7b1b1bdb6b35adb1690c6efb9922c48f7bae84151cf876"
        },
        {
          "path": "trajectory_200/accepted/euler/scientific-output-accept__pops.handle.v1-case-api0__f3e7170f42eecacbe4f87ebb02c16748c61ca23a1b76c090d394d274b530a7421__s000000170__6298b7006f14f4f3b9310786ffd4cbecead04143ea5777b95473815ac6f6c335.npz",
          "sha256": "84bbf9616a1bc5419566757305dc724f8d933219eadcda20d0a4f10073dda088"
        },
        {
          "path": "trajectory_200/accepted/euler/scientific-output-accept__pops.handle.v1-case-api0__f3e7170f42eecacbe4f87ebb02c16748c61ca23a1b76c090d394d274b530a7421__s000000171__5f59d42077857b7a1f271dee74b171e95780b1a2421d4c5491550ceaf828fdd2.npz",
          "sha256": "173f239928f5ff05dce42a608bb363c8585f2710e22ee00a0c5da8f505719c12"
        },
        {
          "path": "trajectory_200/accepted/euler/scientific-output-accept__pops.handle.v1-case-api0__f3e7170f42eecacbe4f87ebb02c16748c61ca23a1b76c090d394d274b530a7421__s000000172__f053a66bbe0e3b70f353468306d4ab9a1f5fa64774f569415c637e56ae5994b4.npz",
          "sha256": "33d7641459a2bb60b51da148b4e6dfd46a30287ac11106b7b131f48335635530"
        },
        {
          "path": "trajectory_200/accepted/euler/scientific-output-accept__pops.handle.v1-case-api0__f3e7170f42eecacbe4f87ebb02c16748c61ca23a1b76c090d394d274b530a7421__s000000173__05c17359e13135e807ea332344a950bd5105cbbea51e7f071e5cadf83e6bd73b.npz",
          "sha256": "3b8bf807fc94a7a486eb5126e310e63aadb7bef4e7009b7a9b95e32477408796"
        },
        {
          "path": "trajectory_200/accepted/euler/scientific-output-accept__pops.handle.v1-case-api0__f3e7170f42eecacbe4f87ebb02c16748c61ca23a1b76c090d394d274b530a7421__s000000174__392e5eff619f1be029ef86ed584e6e0540a5037ceb26bfb3d6899c1e34f83adb.npz",
          "sha256": "e0f44229ada346b7f215f9c59596c2d9bede41b2d156fd46e8a66dc8a81937ae"
        },
        {
          "path": "trajectory_200/accepted/euler/scientific-output-accept__pops.handle.v1-case-api0__f3e7170f42eecacbe4f87ebb02c16748c61ca23a1b76c090d394d274b530a7421__s000000175__a75aff274c1270a83dc2ffb69d457c19d0950bd148b7742644179ec17f352100.npz",
          "sha256": "1356fa50b83bc6c6e488190982440bfce412022900a46462e17a80241a96132c"
        },
        {
          "path": "trajectory_200/accepted/euler/scientific-output-accept__pops.handle.v1-case-api0__f3e7170f42eecacbe4f87ebb02c16748c61ca23a1b76c090d394d274b530a7421__s000000176__85fc5a53a555c091a04cad9633b7a351b3eb366feaeefdfe251d5b2e4d6eda53.npz",
          "sha256": "cad9c07caceb6da95a345a60384bca39e756d465951084a727e426cf0a350009"
        },
        {
          "path": "trajectory_200/accepted/euler/scientific-output-accept__pops.handle.v1-case-api0__f3e7170f42eecacbe4f87ebb02c16748c61ca23a1b76c090d394d274b530a7421__s000000177__27641789718d737e376a732660c17b26442865a0b45e42fb26e50cf894f51d55.npz",
          "sha256": "8cd256f21e5c601a6327616801fb087cf0abc6e66b29165c5b05fb3271af6a63"
        },
        {
          "path": "trajectory_200/accepted/euler/scientific-output-accept__pops.handle.v1-case-api0__f3e7170f42eecacbe4f87ebb02c16748c61ca23a1b76c090d394d274b530a7421__s000000178__bd2faf9570c71c3feeed4dfde5b002568624ca6728cc3210aa1edb4a04ed0837.npz",
          "sha256": "bbc3f4607a3de13f341158789f324d166fa71260cc788d9e9c3a274403baa577"
        },
        {
          "path": "trajectory_200/accepted/euler/scientific-output-accept__pops.handle.v1-case-api0__f3e7170f42eecacbe4f87ebb02c16748c61ca23a1b76c090d394d274b530a7421__s000000179__9ef7c45e25ab5bdf5b7b57a9490bcc09e081c14f88ac2dab3611d17bc97a73cd.npz",
          "sha256": "4030e5eaf91097842be5739b011e5d3569799c4db48bae02435c536e3461069c"
        },
        {
          "path": "trajectory_200/accepted/euler/scientific-output-accept__pops.handle.v1-case-api0__f3e7170f42eecacbe4f87ebb02c16748c61ca23a1b76c090d394d274b530a7421__s000000180__bad00babbe399b7721b25cd52702ec4f94b44a19fb3bf13fa6b859a212bab8a0.npz",
          "sha256": "ce65831f7833e73addc92b207fc4d660bbb7f386e3327d3595bd9c458568eb1d"
        },
        {
          "path": "trajectory_200/accepted/euler/scientific-output-accept__pops.handle.v1-case-api0__f3e7170f42eecacbe4f87ebb02c16748c61ca23a1b76c090d394d274b530a7421__s000000181__405d671583553e5ce828da85e8da8638447ebe18c465553921788969da0dc8c7.npz",
          "sha256": "6434a28b8c49e5983c5667856a1ef654d3b370cf5416e32d718f88a0ddbafe29"
        },
        {
          "path": "trajectory_200/accepted/euler/scientific-output-accept__pops.handle.v1-case-api0__f3e7170f42eecacbe4f87ebb02c16748c61ca23a1b76c090d394d274b530a7421__s000000182__960434884c47eaa3ac61f0e143a82c71739e6fcecc414ed5d5450094a85eeb46.npz",
          "sha256": "a91409659b197ed4a47763572b554df53ad493ebc47490d7c432bebb35950290"
        },
        {
          "path": "trajectory_200/accepted/euler/scientific-output-accept__pops.handle.v1-case-api0__f3e7170f42eecacbe4f87ebb02c16748c61ca23a1b76c090d394d274b530a7421__s000000183__109ddfe0ebce32e42533a0bac173bf886d2735be012fcce142ff3baae85e4fcb.npz",
          "sha256": "f247e68fd5723586eb74b99ccf033d5f8680537caf6c45141ad1717c8a99db8a"
        },
        {
          "path": "trajectory_200/accepted/euler/scientific-output-accept__pops.handle.v1-case-api0__f3e7170f42eecacbe4f87ebb02c16748c61ca23a1b76c090d394d274b530a7421__s000000184__dee27f2e48b3ad5ea1956c6b8c5445452106f6167794ab2c968e71eba6547279.npz",
          "sha256": "7d0369e3e4ee69a717d38a0dd9c3d9b2a30b9a77aa8a6a6ed86e0c3f4f856f58"
        },
        {
          "path": "trajectory_200/accepted/euler/scientific-output-accept__pops.handle.v1-case-api0__f3e7170f42eecacbe4f87ebb02c16748c61ca23a1b76c090d394d274b530a7421__s000000185__cdf9cd54196c4d1f97a5e0071cab1a62664ffa6fe4b5643d149ba24d543912b8.npz",
          "sha256": "61b9b155b9914ec88923b8303635513d7dbe796a655d529a9b17666a0e544895"
        },
        {
          "path": "trajectory_200/accepted/euler/scientific-output-accept__pops.handle.v1-case-api0__f3e7170f42eecacbe4f87ebb02c16748c61ca23a1b76c090d394d274b530a7421__s000000186__916d090165c77fcc267d283c0ed5bfda0aeae69a3532084a54b6c26f04c9de5f.npz",
          "sha256": "9c461c3efdb43841f0ee962ebed522b689b759425e2af820d765c353bb2a2cfb"
        },
        {
          "path": "trajectory_200/accepted/euler/scientific-output-accept__pops.handle.v1-case-api0__f3e7170f42eecacbe4f87ebb02c16748c61ca23a1b76c090d394d274b530a7421__s000000187__61d698ae7226aaff2d3678d11594009a95216a15cf22746d009eb824ffb5bf66.npz",
          "sha256": "a7948901de88f91076f19f8d9e489037475b7e7aa7d59e342dfac30a07ee3daf"
        },
        {
          "path": "trajectory_200/accepted/euler/scientific-output-accept__pops.handle.v1-case-api0__f3e7170f42eecacbe4f87ebb02c16748c61ca23a1b76c090d394d274b530a7421__s000000188__36cac1e67a293df40fa9b891dc264675cde2fd1e5434f5cac283ecef1b661aa0.npz",
          "sha256": "a6a6707a73b3252805f846fb81276b0c3b8fe53e52b2eac19c8ae371f7b699fd"
        },
        {
          "path": "trajectory_200/accepted/euler/scientific-output-accept__pops.handle.v1-case-api0__f3e7170f42eecacbe4f87ebb02c16748c61ca23a1b76c090d394d274b530a7421__s000000189__dace6e04dca42476120747e274669a7ad9a506d612abd35c71b8ce1963bc3e0f.npz",
          "sha256": "ef4d0588a3289630d5319e59b21c6e1ef029d1e2340d45c4daa01b793a2e5766"
        },
        {
          "path": "trajectory_200/accepted/euler/scientific-output-accept__pops.handle.v1-case-api0__f3e7170f42eecacbe4f87ebb02c16748c61ca23a1b76c090d394d274b530a7421__s000000190__91d95ecafc97ba4221ab1ef54be800834c7f7c03e57de0df01ccd3ac699bc05a.npz",
          "sha256": "a44748e2f97a9ba25ba5d2806e6d3a51c0966935d903db35c63993da68e8e9b9"
        },
        {
          "path": "trajectory_200/accepted/euler/scientific-output-accept__pops.handle.v1-case-api0__f3e7170f42eecacbe4f87ebb02c16748c61ca23a1b76c090d394d274b530a7421__s000000191__22c04250e7b72b763cc99836537e0f84699cfc8b0fd559e3b6c4fe616e052cae.npz",
          "sha256": "6006571e1aa9888e7493ea09be92d98130b13345339c825568ee9ca87feb1ab9"
        },
        {
          "path": "trajectory_200/accepted/euler/scientific-output-accept__pops.handle.v1-case-api0__f3e7170f42eecacbe4f87ebb02c16748c61ca23a1b76c090d394d274b530a7421__s000000192__a6b10738a6ffb97116c0066ca7195e092b2c018d7315f58f407128c1ba541840.npz",
          "sha256": "e866dfc46c1490faa59811a6297532e0a0ef72b131c52dbff86eb3c8f2e105a0"
        },
        {
          "path": "trajectory_200/accepted/euler/scientific-output-accept__pops.handle.v1-case-api0__f3e7170f42eecacbe4f87ebb02c16748c61ca23a1b76c090d394d274b530a7421__s000000193__08fb93b95fdfb7b03a53a149c706f11df3eaf98faa8b79718964cb2f048f5cd1.npz",
          "sha256": "1bb1c6f7fc7d8fdc569edc25ecb2bc6ea20f4cb86eb86812f4f2022c524fabd0"
        },
        {
          "path": "trajectory_200/accepted/euler/scientific-output-accept__pops.handle.v1-case-api0__f3e7170f42eecacbe4f87ebb02c16748c61ca23a1b76c090d394d274b530a7421__s000000194__afd6d82cad3d2be0d3552f2e7570108982663b252b3583540e7d7ab22feb5d14.npz",
          "sha256": "6b95505ee3267ba965a5338d2b80123ec1a5d8e4aab7cd8fac89711448ed8c2a"
        },
        {
          "path": "trajectory_200/accepted/euler/scientific-output-accept__pops.handle.v1-case-api0__f3e7170f42eecacbe4f87ebb02c16748c61ca23a1b76c090d394d274b530a7421__s000000195__3b353f2f4e51f700fe7dfc0bd5ddfa1e3844b07385f54649942c385de465d75e.npz",
          "sha256": "988e4fc53f13ac501de3f5686e52034eb7320c756610a40457a9872c3a783134"
        },
        {
          "path": "trajectory_200/accepted/euler/scientific-output-accept__pops.handle.v1-case-api0__f3e7170f42eecacbe4f87ebb02c16748c61ca23a1b76c090d394d274b530a7421__s000000196__a02c7fdb958d9c5c0df123143229537f38cf1f91430f13146a1947e96f15e612.npz",
          "sha256": "a1b4e52797ebc4385f7012b4d99e68316ea9d0183bcd83aa61df40fa19cde5de"
        },
        {
          "path": "trajectory_200/accepted/euler/scientific-output-accept__pops.handle.v1-case-api0__f3e7170f42eecacbe4f87ebb02c16748c61ca23a1b76c090d394d274b530a7421__s000000197__9e11e7ad02fdad65a20381a2a9f536e2e001a7a353f4518e98664aacd7ff530d.npz",
          "sha256": "2382001e4a1905db6d00ee6322150e41362d67daf4a5a092302f53b001ad572f"
        },
        {
          "path": "trajectory_200/accepted/euler/scientific-output-accept__pops.handle.v1-case-api0__f3e7170f42eecacbe4f87ebb02c16748c61ca23a1b76c090d394d274b530a7421__s000000198__c3e69cac890a9f23fb2ac883e379c7c8122312d3c3c9e2bd5972c4ebee3b6b12.npz",
          "sha256": "375dd03a57015efdc147df0afa9e4ca18c467a24c8dbddc6b4145fe6a6b70707"
        },
        {
          "path": "trajectory_200/accepted/euler/scientific-output-accept__pops.handle.v1-case-api0__f3e7170f42eecacbe4f87ebb02c16748c61ca23a1b76c090d394d274b530a7421__s000000199__b8fc66b119e7cfd17e1154f4d4335e792ee988cbc59d57de63de89704415dca2.npz",
          "sha256": "ee70e9bba64702cc45eff8fe5424c376d60f2befb10560a6259d354c8b6ec269"
        },
        {
          "path": "trajectory_200/accepted/euler/scientific-output-accept__pops.handle.v1-case-api0__f3e7170f42eecacbe4f87ebb02c16748c61ca23a1b76c090d394d274b530a7421__s000000200__f37399093ccb843905bd5d14ae2a8f82ad8ae152ad7a8d7be5dc21c0ff97d847.npz",
          "sha256": "f120acfd948b6119bf12f43d79dc535bc85cbf668fcc7625458e88b33c43f317"
        },
        {
          "path": "trajectory_200/accepted/euler/scientific-output-accept__pops.handle.v1-case-api0__f3e7170f42eecacbe4f87ebb02c16748c61ca23a1b76c090d394d274b530a7421__s000000201__9886598f3e79b206e919624823fe8e20e0e96c6384776998ecf9f6fcde7245a7.npz",
          "sha256": "ffdabb3a4c9a52f53d98e9c3e8cb6217834304376fc573a8057fea4c0e301b9a"
        },
        {
          "path": "trajectory_200/accepted/euler/scientific-output-accept__pops.handle.v1-case-api0__f3e7170f42eecacbe4f87ebb02c16748c61ca23a1b76c090d394d274b530a7421__s000000202__ed6db55db322b04d6b84fda8c790f8500932a30c4a0e789dcd77de6ef00a0fa7.npz",
          "sha256": "1d66795a0d98208a430684a752c1e75621dac7891669ee1af3c6ec5b355b899f"
        },
        {
          "path": "trajectory_200/accepted/euler/scientific-output-accept__pops.handle.v1-case-api0__f3e7170f42eecacbe4f87ebb02c16748c61ca23a1b76c090d394d274b530a7421__s000000203__91a2b2b6adbd9e39ee575d24c4ed5fe3e56c8cf7cb376002934c8160d330e00b.npz",
          "sha256": "de518ce90bfaa98593b6e66d2b3b6d69068732edcc1264f04faa796a651ebd96"
        },
        {
          "path": "trajectory_200/accepted/euler/scientific-output-accept__pops.handle.v1-case-api0__f3e7170f42eecacbe4f87ebb02c16748c61ca23a1b76c090d394d274b530a7421__s000000204__93ef71931258e1020ed828518ce9bddafb60f3fdb9df36149f4e95630257f19d.npz",
          "sha256": "2a677133069b94002a700c79eabda4aa62c570684c1fb5842685890f7d17a253"
        },
        {
          "path": "trajectory_200/accepted/euler/scientific-output-accept__pops.handle.v1-case-api0__f3e7170f42eecacbe4f87ebb02c16748c61ca23a1b76c090d394d274b530a7421__s000000205__90c94ce148d7400d2a8a22b3b575e8c8a69e1758b0e7bf6def017906067af176.npz",
          "sha256": "8e89c444eabea581ca38ea2aa326ce5a894209b7fdfe59472dbb57e1ab20f857"
        },
        {
          "path": "trajectory_200/accepted/euler/scientific-output-accept__pops.handle.v1-case-api0__f3e7170f42eecacbe4f87ebb02c16748c61ca23a1b76c090d394d274b530a7421__s000000206__3447af6221dbbf2741f46abfa695a6f90b762e6696e38bcda8cc06c8d5348d49.npz",
          "sha256": "549a4fad2fc6a04fb73c460612e612e2e8ce275046b7bae771493b9ffbdc5ff2"
        },
        {
          "path": "trajectory_200/accepted/euler/scientific-output-accept__pops.handle.v1-case-api0__f3e7170f42eecacbe4f87ebb02c16748c61ca23a1b76c090d394d274b530a7421__s000000207__1a37aedb413fae26d4c81726c3b6e84758c2e5262e852d43abd2419385bee6b6.npz",
          "sha256": "51981f8bd2fc082c9347b51f684eb486e5f7bc8e82227ca3760a337f6425448c"
        },
        {
          "path": "trajectory_200/accepted/euler/scientific-output-accept__pops.handle.v1-case-api0__f3e7170f42eecacbe4f87ebb02c16748c61ca23a1b76c090d394d274b530a7421__s000000208__8e643586fc1ff651fdeac5616b9e0dc613af89cf36bc24a6c3bd7d91aed55358.npz",
          "sha256": "a4b9de273ba84489192bbeb3b02caf90ba68f27a267ec34d8a0f22514330f6c8"
        },
        {
          "path": "trajectory_200/accepted/euler/scientific-output-accept__pops.handle.v1-case-api0__f3e7170f42eecacbe4f87ebb02c16748c61ca23a1b76c090d394d274b530a7421__s000000209__e79990e457cdcb1734ca4b65b5c1499acb09ef3714ea2afbe4239e631913e48e.npz",
          "sha256": "b4232a8da62b86fdbde8e0351e5f658f4f3fcaa63653b70c5e4e1e5fb69e962b"
        },
        {
          "path": "trajectory_200/accepted/euler/scientific-output-accept__pops.handle.v1-case-api0__f3e7170f42eecacbe4f87ebb02c16748c61ca23a1b76c090d394d274b530a7421__s000000210__9ec3936c7ea96e218e84afbff8ba405e74aadb3a870a209204aaa21a539cafab.npz",
          "sha256": "b08de1509fc3513e423a821a90b24a20daee94e9ae591fbc88c915c9f3ccbcfc"
        },
        {
          "path": "trajectory_200/accepted/euler/scientific-output-accept__pops.handle.v1-case-api0__f3e7170f42eecacbe4f87ebb02c16748c61ca23a1b76c090d394d274b530a7421__s000000211__f1b3a0e81b727ea8af37d2b9f3ebf8eb880dc32f6a3b4c581737c9ca458c7e10.npz",
          "sha256": "db0072712778102f020cd06873a1c9f963a5c491bee778a80c5bd4ddd0b1db6a"
        },
        {
          "path": "trajectory_200/accepted/euler/scientific-output-accept__pops.handle.v1-case-api0__f3e7170f42eecacbe4f87ebb02c16748c61ca23a1b76c090d394d274b530a7421__s000000212__15e78cec00dcb14fa6593745ce050b277cd6fae4f800adbdd7cef30074a29eef.npz",
          "sha256": "ce3eb64fa13243c6f6f3bfed996319dab3c9b2b24715d4847624e69aea760233"
        },
        {
          "path": "trajectory_200/accepted/euler/scientific-output-accept__pops.handle.v1-case-api0__f3e7170f42eecacbe4f87ebb02c16748c61ca23a1b76c090d394d274b530a7421__s000000213__1db9c47deb52ef867679b08c7c7c1e5ae74ef4b8c4d3425d3fd66c847691af65.npz",
          "sha256": "11fbba1d473644cea55cf06854cdb8b2d00f3eb78aa242834f9053845e2f952b"
        },
        {
          "path": "trajectory_200/accepted/euler/scientific-output-accept__pops.handle.v1-case-api0__f3e7170f42eecacbe4f87ebb02c16748c61ca23a1b76c090d394d274b530a7421__s000000214__00d82776a20a856c911dc499061a6afe15f33de59197f7ad6ee1b94f0be3a5af.npz",
          "sha256": "67b10a72f4170b6e3ac96aab598e1e138c3c1b2ec5853519e95188d69796f1ff"
        },
        {
          "path": "trajectory_200/accepted/euler/scientific-output-accept__pops.handle.v1-case-api0__f3e7170f42eecacbe4f87ebb02c16748c61ca23a1b76c090d394d274b530a7421__s000000215__ed5136b697ae6fd660493d0299291023073bc8ae3c9d0ff1d135aaf3326b0999.npz",
          "sha256": "972a308137e1182311a11828278a7e8636acb81c6fcea1a9ebfe7a0b28db628a"
        },
        {
          "path": "trajectory_200/accepted/euler/scientific-output-accept__pops.handle.v1-case-api0__f3e7170f42eecacbe4f87ebb02c16748c61ca23a1b76c090d394d274b530a7421__s000000216__b011dcb9f73db275991eb81b49055fa69cfdb6125712ea480964833e7e2e0f15.npz",
          "sha256": "09e02087fea75a80dd69f4de8c84dc8dffb3651c4f3e41ebfa5ca2930ec1556e"
        },
        {
          "path": "trajectory_200/accepted/euler/scientific-output-accept__pops.handle.v1-case-api0__f3e7170f42eecacbe4f87ebb02c16748c61ca23a1b76c090d394d274b530a7421__s000000217__c5c8bc146deeefe5c29821d7831ee0fc961fbf04eee6f9385a98e5618b44accb.npz",
          "sha256": "318ef5f58691e5dd42b148bbd9dffb917ac156ee93c3d40aff65df7d2b00e9f7"
        },
        {
          "path": "trajectory_200/accepted/euler/scientific-output-accept__pops.handle.v1-case-api0__f3e7170f42eecacbe4f87ebb02c16748c61ca23a1b76c090d394d274b530a7421__s000000218__fc135fc15f6fe326aaa92b20584ecd5de7e26eef3dd9002d893ce1eb0bfe745e.npz",
          "sha256": "30e760c8d5ae8d0072c6ab7cb79c94a816100e77e3aedb71cfd3152c5ccc7220"
        },
        {
          "path": "trajectory_200/accepted/euler/scientific-output-accept__pops.handle.v1-case-api0__f3e7170f42eecacbe4f87ebb02c16748c61ca23a1b76c090d394d274b530a7421__s000000219__10fd9b6b539306c536dc9acb6c97b1d6e0497f823041f8c8a66ba49b4937f037.npz",
          "sha256": "9971be0e985e81cf899eaad16a5fa134f516f7e3e3cffd3de3a7863da63f6ed5"
        },
        {
          "path": "trajectory_200/accepted/euler/scientific-output-accept__pops.handle.v1-case-api0__f3e7170f42eecacbe4f87ebb02c16748c61ca23a1b76c090d394d274b530a7421__s000000220__0427b96c3a1ae0ae90526a6e25306f0e72614dfc0651f06d2a3f6f516abc5412.npz",
          "sha256": "649b139a4f01de984132efdfd5130954239df6d2276d5ee4880314ea01368411"
        },
        {
          "path": "trajectory_200/accepted/euler/scientific-output-accept__pops.handle.v1-case-api0__f3e7170f42eecacbe4f87ebb02c16748c61ca23a1b76c090d394d274b530a7421__s000000221__8bd435f932938c21f52f7eb258a9708362db467fcf02108c7a8db7a7ed11cb0e.npz",
          "sha256": "e409fa0f6d8bdddff5ac303a60eb79e2f082afdebc290c2f07e7f642bdc74045"
        },
        {
          "path": "trajectory_200/accepted/euler/scientific-output-accept__pops.handle.v1-case-api0__f3e7170f42eecacbe4f87ebb02c16748c61ca23a1b76c090d394d274b530a7421__s000000222__d1e24fc9f81c01ca3ac0d4660ea2750d0c741f8d1d7cbd3e34d269c6e187df7c.npz",
          "sha256": "fe4e755981877f5efde65c7709252537c0c64be82d26db8465142dd9a05360e8"
        },
        {
          "path": "trajectory_200/accepted/euler/scientific-output-accept__pops.handle.v1-case-api0__f3e7170f42eecacbe4f87ebb02c16748c61ca23a1b76c090d394d274b530a7421__s000000223__8a5b80b736d413de4df672bea58a1a3f5924773d33bbf095f142c9c54664f269.npz",
          "sha256": "a46533720ff4a136665c9266b1c624f31fb6eed3f03f9318f6ca7da5538ce74c"
        },
        {
          "path": "trajectory_200/accepted/euler/scientific-output-accept__pops.handle.v1-case-api0__f3e7170f42eecacbe4f87ebb02c16748c61ca23a1b76c090d394d274b530a7421__s000000224__de7feb6ced92c8f6a9a2bb39d65313cd7fc321715afdd6426b8871ae0ec98042.npz",
          "sha256": "18c1919e5484bb7215ed2a8f922936162ade160b77740b18cd1d5ae94b1b50a8"
        },
        {
          "path": "trajectory_200/accepted/euler/scientific-output-accept__pops.handle.v1-case-api0__f3e7170f42eecacbe4f87ebb02c16748c61ca23a1b76c090d394d274b530a7421__s000000225__01ae1a548535081140385b278d1592ad914f5b4afed6c2b42c388525541c3cf3.npz",
          "sha256": "3a3a33940b58d3b1a2d48678f66cff1bad573f142dc511744905f47a113a4f40"
        },
        {
          "path": "trajectory_200/accepted/euler/scientific-output-accept__pops.handle.v1-case-api0__f3e7170f42eecacbe4f87ebb02c16748c61ca23a1b76c090d394d274b530a7421__s000000226__ef4aa8be901db4cb57e33dd3742688578ddcd635a9503b610d858ab01f92be6c.npz",
          "sha256": "b0298f3d7d656baa5c33eb7f9043bbe8d2e80e396acff589576d59c822b290ce"
        },
        {
          "path": "trajectory_200/accepted/euler/scientific-output-accept__pops.handle.v1-case-api0__f3e7170f42eecacbe4f87ebb02c16748c61ca23a1b76c090d394d274b530a7421__s000000227__4daef51edc9eb1bf21e49899379d52061699366c5af03d4aae7b22953da4f052.npz",
          "sha256": "cf6eb34d4758a66ddcbc72e20ac6f0954bd6992e94b29951a6153c356eb40d95"
        },
        {
          "path": "trajectory_200/accepted/euler/scientific-output-accept__pops.handle.v1-case-api0__f3e7170f42eecacbe4f87ebb02c16748c61ca23a1b76c090d394d274b530a7421__s000000228__b9aaa62dd4c0531afb626e888b2b89182aebe80273a7d1554c27579933e04fed.npz",
          "sha256": "8d3561c754337a620a7e0a44bababa99eed9ac5ea8639997b37dd1a6aaf6d2e5"
        },
        {
          "path": "trajectory_200/accepted/euler/scientific-output-accept__pops.handle.v1-case-api0__f3e7170f42eecacbe4f87ebb02c16748c61ca23a1b76c090d394d274b530a7421__s000000229__ef0e4f12f23fcc7b12b44d0bdf728ca983ea4d33664f4199a327a181e06fc23f.npz",
          "sha256": "4c57117cc8d04b69b93d4c12c17ff4c8aed1a9abcb6c94dfaef5902d4821df86"
        },
        {
          "path": "trajectory_200/accepted/euler/scientific-output-accept__pops.handle.v1-case-api0__f3e7170f42eecacbe4f87ebb02c16748c61ca23a1b76c090d394d274b530a7421__s000000230__513e706738f6e78ca9f5e68364a340e3b6a5ad05fb49dc98ab007867f51d6164.npz",
          "sha256": "82896565c99987a713fe84bf3096718d6e2ec3b16f87788bd9505cf357c6479b"
        },
        {
          "path": "trajectory_200/accepted/euler/scientific-output-accept__pops.handle.v1-case-api0__f3e7170f42eecacbe4f87ebb02c16748c61ca23a1b76c090d394d274b530a7421__s000000231__00a0c5e0066f2c3ceecf09eaadeae81d8f45e34b716ee458fa5c3270d15f5b0e.npz",
          "sha256": "ca8127749b6b03dcd654ecf8369545d4520b1bb64d3f59f5c232b99c271b017d"
        },
        {
          "path": "trajectory_200/accepted/euler/scientific-output-accept__pops.handle.v1-case-api0__f3e7170f42eecacbe4f87ebb02c16748c61ca23a1b76c090d394d274b530a7421__s000000232__6d733f1ece21396147d5eceaaafa80a3c20ea988d6529a3835c59347393ed235.npz",
          "sha256": "bfd5e9647399a757ebd61263b7b60d3314405058a3828292cf2bb196584150f1"
        },
        {
          "path": "trajectory_200/accepted/euler/scientific-output-accept__pops.handle.v1-case-api0__f3e7170f42eecacbe4f87ebb02c16748c61ca23a1b76c090d394d274b530a7421__s000000233__b9686ec0b92bcafe3d49a1a0de9fac35eb7890aace833e5013e2a7c5ff9be4b3.npz",
          "sha256": "b52a517f97bdb97877e0af7dfaee5330177414b3bfed22374074d975b9deb1fe"
        },
        {
          "path": "trajectory_200/accepted/euler/scientific-output-accept__pops.handle.v1-case-api0__f3e7170f42eecacbe4f87ebb02c16748c61ca23a1b76c090d394d274b530a7421__s000000234__8a586099e67608f257a09e56eacbeff4735e9a7e88d4b398f931069b9059ed03.npz",
          "sha256": "ba382bdf556eb2ac732ac11a569350c16cd357236c92febdb2afec0dfcd8bbd6"
        },
        {
          "path": "trajectory_200/accepted/euler/scientific-output-accept__pops.handle.v1-case-api0__f3e7170f42eecacbe4f87ebb02c16748c61ca23a1b76c090d394d274b530a7421__s000000235__9deb955350d6efc294b6378dc03b480be54083518b3dada733110734a72adf29.npz",
          "sha256": "f8017612d876aceac26e8a95affed689bc8a29ed4f5ff62a9fa8236680102d5a"
        },
        {
          "path": "trajectory_200/accepted/euler/scientific-output-accept__pops.handle.v1-case-api0__f3e7170f42eecacbe4f87ebb02c16748c61ca23a1b76c090d394d274b530a7421__s000000236__9fe72b19aeef9a591f4dd8f20b9ac96a14282065ad590d3dd61f48f987623599.npz",
          "sha256": "b3be11a4b650afc8d0bcdffdbb1eca6f743dcfc4330b38ba5a6d422879a121e1"
        },
        {
          "path": "trajectory_200/accepted/euler/scientific-output-accept__pops.handle.v1-case-api0__f3e7170f42eecacbe4f87ebb02c16748c61ca23a1b76c090d394d274b530a7421__s000000237__011a20fc4bc31bafb23ab4dfb6c27801c26b248eb9e0c996dc9bce33f7f3ee9f.npz",
          "sha256": "d5257ba998426ead7cc15759ce2636c975e2b14a87772dc9ee803c9d46843032"
        },
        {
          "path": "trajectory_200/accepted/euler/scientific-output-accept__pops.handle.v1-case-api0__f3e7170f42eecacbe4f87ebb02c16748c61ca23a1b76c090d394d274b530a7421__s000000238__d11873ef0869838edc494b49526f9f314553b2334cf0f126b9537fabddad3a06.npz",
          "sha256": "2146162b81dbf136843bafbc9c3ef3cd59186eb55ad8f3b970e71aecee990f90"
        },
        {
          "path": "trajectory_200/accepted/euler/scientific-output-accept__pops.handle.v1-case-api0__f3e7170f42eecacbe4f87ebb02c16748c61ca23a1b76c090d394d274b530a7421__s000000239__7796a63b57953a4e90c6a93fd3594820cb97705ee1834cfc6615ba84f26a87f4.npz",
          "sha256": "2ef43bdb5f9abb2332d349bbff79c558703286e29998b5f4edb9b9c42810a9db"
        },
        {
          "path": "trajectory_200/accepted/euler/scientific-output-accept__pops.handle.v1-case-api0__f3e7170f42eecacbe4f87ebb02c16748c61ca23a1b76c090d394d274b530a7421__s000000240__45ec62f64436158e6b13ee8d7e45c80832395e74801e6d31e3b36fa12ee3d85c.npz",
          "sha256": "9ff7b6ff755a7fb9f119733f40e621171a3635cbe46806c9cf06ff68b5da6d89"
        },
        {
          "path": "trajectory_200/accepted/euler/scientific-output-accept__pops.handle.v1-case-api0__f3e7170f42eecacbe4f87ebb02c16748c61ca23a1b76c090d394d274b530a7421__s000000241__aea93c5e20fb42ee55d1b95f25d599701db47b3107e58eb00e615b965a17b396.npz",
          "sha256": "7daf64b379959cffb47bb782a06c58e6e787738ef1fa5cf0992c3c2468f37b63"
        },
        {
          "path": "trajectory_200/accepted/euler/scientific-output-accept__pops.handle.v1-case-api0__f3e7170f42eecacbe4f87ebb02c16748c61ca23a1b76c090d394d274b530a7421__s000000242__08b008e8c86b85f2d000e0f8521a70508a2470829dcab6cb5996048bfbe6ab5f.npz",
          "sha256": "ae983ba6d1668482b9b0600a1f1a3ff6598c16e18e65830fcb2b0805919854fc"
        },
        {
          "path": "trajectory_200/accepted/euler/scientific-output-accept__pops.handle.v1-case-api0__f3e7170f42eecacbe4f87ebb02c16748c61ca23a1b76c090d394d274b530a7421__s000000243__c62b611539b9d86577d37a09cb5dfd9faa33d74bca2afd36e0727bb2c6221017.npz",
          "sha256": "184a64715572a5c6cc72471757bafda31d42c073844cbe0554522ee42233bf08"
        },
        {
          "path": "trajectory_200/accepted/euler/scientific-output-accept__pops.handle.v1-case-api0__f3e7170f42eecacbe4f87ebb02c16748c61ca23a1b76c090d394d274b530a7421__s000000244__952bb2752284ae33cd0daa0e1c576e6de54b2993b288984ddc6d311192f39c46.npz",
          "sha256": "9821b78c06ef4e2e2ed8367d0ead22083c2394db908cfe998237ea52bd8aca80"
        },
        {
          "path": "trajectory_200/accepted/euler/scientific-output-accept__pops.handle.v1-case-api0__f3e7170f42eecacbe4f87ebb02c16748c61ca23a1b76c090d394d274b530a7421__s000000245__5c0a8ddc77e33ea85dc774c973cd65fe6c7cbdf5bfd27acd6166232c588ba0c3.npz",
          "sha256": "b95e4529de484050fbc5604c726ff920b082c57fc40ad839fe95f5cdd69c8b24"
        },
        {
          "path": "trajectory_200/accepted/euler/scientific-output-accept__pops.handle.v1-case-api0__f3e7170f42eecacbe4f87ebb02c16748c61ca23a1b76c090d394d274b530a7421__s000000246__64e23ef513b6d7cfb7ecfc81ab34713c29774674b52ba91ce67ed4c3f4e4d962.npz",
          "sha256": "bcc038e999f56bac5965abdf694b4f9e8d63a14b8a4c2e9582188e78af573d4a"
        },
        {
          "path": "trajectory_200/accepted/euler/scientific-output-accept__pops.handle.v1-case-api0__f3e7170f42eecacbe4f87ebb02c16748c61ca23a1b76c090d394d274b530a7421__s000000247__836d747b47fca481e4ae9ad033cf55031059cec754fe2239106e057aece2c05f.npz",
          "sha256": "45e64a769441560996dd44a2965cc994e68c80de4ad53554ef2c0dbb2596a0e8"
        },
        {
          "path": "trajectory_200/accepted/euler/scientific-output-accept__pops.handle.v1-case-api0__f3e7170f42eecacbe4f87ebb02c16748c61ca23a1b76c090d394d274b530a7421__s000000248__0398faa22e0a5d4cd0e997e2537325a7a17d8ad305f9dcd47b9682b43581059e.npz",
          "sha256": "379b972219658752d0b790dcc9b82fa37311e09f2d761d2e0e918547f5038e9b"
        },
        {
          "path": "trajectory_200/accepted/euler/scientific-output-accept__pops.handle.v1-case-api0__f3e7170f42eecacbe4f87ebb02c16748c61ca23a1b76c090d394d274b530a7421__s000000249__72bac327e5cece6ad14652f12fde2d3dc7cb302367ccb0cba6884d64421e8211.npz",
          "sha256": "afbd21e033e95db8c95e0d5658908247c69162560e72aa78aefedda8e746eb40"
        },
        {
          "path": "trajectory_200/accepted/euler/scientific-output-accept__pops.handle.v1-case-api0__f3e7170f42eecacbe4f87ebb02c16748c61ca23a1b76c090d394d274b530a7421__s000000250__c66bfed0c0fb94a19b6c9d4276a4fce2b6ed9841295aa28c30e1db91ec1b85b5.npz",
          "sha256": "4aa3196479d165467174d2cd0e1e1cef925bf2aad878222e3ad887f5324e1020"
        },
        {
          "path": "trajectory_200/accepted/euler/scientific-output-accept__pops.handle.v1-case-api0__f3e7170f42eecacbe4f87ebb02c16748c61ca23a1b76c090d394d274b530a7421__s000000251__c2dec97c3d366547bf745bdedaeac3886a72008543dbb883c11be9f941342d98.npz",
          "sha256": "142721858a6666ad622526930c291967bdd6b46bd25a7c1a6b70fee669545249"
        },
        {
          "path": "trajectory_200/accepted/euler/scientific-output-accept__pops.handle.v1-case-api0__f3e7170f42eecacbe4f87ebb02c16748c61ca23a1b76c090d394d274b530a7421__s000000252__82aa9da0f66e179deb201ae8051d47fb5141ad0e216f3d6cd69a885fde5a0280.npz",
          "sha256": "d81c6c9f376c4aaf2bfb6a0588a308584cbbcef70aacaf1e4779d0582134e957"
        },
        {
          "path": "trajectory_200/accepted/euler/scientific-output-accept__pops.handle.v1-case-api0__f3e7170f42eecacbe4f87ebb02c16748c61ca23a1b76c090d394d274b530a7421__s000000253__5ff163ace7cf70f4be1cc61337a294719e47d7ccda867ac93b40c92df108dc39.npz",
          "sha256": "4527437a6c785dac82506eb5120dfe15fbf917f8537f7a7434c26664ba5cb539"
        },
        {
          "path": "trajectory_200/accepted/euler/scientific-output-accept__pops.handle.v1-case-api0__f3e7170f42eecacbe4f87ebb02c16748c61ca23a1b76c090d394d274b530a7421__s000000254__8532497b21f25219a0a53ec06c72cabba79bee24abe9e179c66f6bc96ebef3b5.npz",
          "sha256": "6a11448dd6d3d2bbd06ddad60cd162753a8136458c649af78c77e52021166e26"
        },
        {
          "path": "trajectory_200/accepted/euler/scientific-output-accept__pops.handle.v1-case-api0__f3e7170f42eecacbe4f87ebb02c16748c61ca23a1b76c090d394d274b530a7421__s000000255__1254b0984039c6b4a74529ff79d8677cb3f02eab8421d1fd1dedaae694625978.npz",
          "sha256": "72eb09269265efc0faf6b2f17068f43e86769e653db70e998d0577b46e59e756"
        },
        {
          "path": "trajectory_200/accepted/euler/scientific-output-accept__pops.handle.v1-case-api0__f3e7170f42eecacbe4f87ebb02c16748c61ca23a1b76c090d394d274b530a7421__s000000256__32e7aa4fc555a4bf419f59d1887e72bf6c434467dcb41085905cd20080ab00bd.npz",
          "sha256": "c31b15c850565a494214b2734f2b7184fdf68b7f527beec08e065425f4415b2d"
        },
        {
          "path": "trajectory_200/accepted/euler/scientific-output-accept__pops.handle.v1-case-api0__f3e7170f42eecacbe4f87ebb02c16748c61ca23a1b76c090d394d274b530a7421__s000000257__f18ae8b97ce62ff196a7a0eb1475a4498e8778a755f6f389ae7d04d0fce277fa.npz",
          "sha256": "70064bf7db4b75f08e20f1c028c4c46c8204859f6cc03a8a880d762bdd79d0d0"
        },
        {
          "path": "trajectory_200/accepted/euler/scientific-output-accept__pops.handle.v1-case-api0__f3e7170f42eecacbe4f87ebb02c16748c61ca23a1b76c090d394d274b530a7421__s000000258__74e8553b9b3c6d549dcb1e160125ac8f987b9d857bad849210a9b3ccd8df1ae2.npz",
          "sha256": "9e29a7f167701757b2461194f02e14a1f7bf9a57f5331af2241acdca84e3284c"
        },
        {
          "path": "trajectory_200/accepted/euler/scientific-output-accept__pops.handle.v1-case-api0__f3e7170f42eecacbe4f87ebb02c16748c61ca23a1b76c090d394d274b530a7421__s000000259__719624df4cb662e90c497171123138277f8c31eeacd91b42170a7482f3ba4549.npz",
          "sha256": "a903415fed13d1a07aa5fb51d1d86fc34ff6435c626a36d2e60ccebbacbf6a8d"
        },
        {
          "path": "trajectory_200/accepted/euler/scientific-output-accept__pops.handle.v1-case-api0__f3e7170f42eecacbe4f87ebb02c16748c61ca23a1b76c090d394d274b530a7421__s000000260__500ae314672c9c4c1d156425005433f02fa9b0f6693f09bb1100953c2b8495d4.npz",
          "sha256": "2bbaae807cc8e6dbbb0dabf02777ef79de862c544d872ac328110906680299e4"
        },
        {
          "path": "trajectory_200/accepted/euler/scientific-output-accept__pops.handle.v1-case-api0__f3e7170f42eecacbe4f87ebb02c16748c61ca23a1b76c090d394d274b530a7421__s000000261__043fe81c2f739fb5890c269818f4771e3b7764091cc925c9b44c081e77e507d4.npz",
          "sha256": "09dfebe8d2673655a24afaac7f26e8ef17ed5f1a901e52cad34af1797e19d12c"
        },
        {
          "path": "trajectory_200/accepted/euler/scientific-output-accept__pops.handle.v1-case-api0__f3e7170f42eecacbe4f87ebb02c16748c61ca23a1b76c090d394d274b530a7421__s000000262__d017ba47b1125b66cccf6d4aa9e673e598f9ccebc94e33f7f860b0dadd02ccfb.npz",
          "sha256": "0f44a88ad0742d65d57d6c0fb7e1f7506e5ec1b9241d42ced0bc530cf3bba37e"
        },
        {
          "path": "trajectory_200/accepted/euler/scientific-output-accept__pops.handle.v1-case-api0__f3e7170f42eecacbe4f87ebb02c16748c61ca23a1b76c090d394d274b530a7421__s000000263__7d988de5f042af3c01c04db4ed30cd3a633a87512b857eea1cd328c78e73bca3.npz",
          "sha256": "44c7e0e52674ea014f21bb9e4954452ed91f59ceadd5c00433cdaa48dec8a723"
        },
        {
          "path": "trajectory_200/accepted/euler/scientific-output-accept__pops.handle.v1-case-api0__f3e7170f42eecacbe4f87ebb02c16748c61ca23a1b76c090d394d274b530a7421__s000000264__5a09d7e16dce5141172e00e29edaa9c93d7aa61a62c6ba9fdad1344e63f90f95.npz",
          "sha256": "3cbca4ca14db599d362b8e07ba715f414376c42a5a95b2948eee1075d1508a7d"
        },
        {
          "path": "trajectory_200/accepted/euler/scientific-output-accept__pops.handle.v1-case-api0__f3e7170f42eecacbe4f87ebb02c16748c61ca23a1b76c090d394d274b530a7421__s000000265__ee202c08f49a3e062c1df0c2ad0533996d2e3b762d1be7d6204a0518b2002d2e.npz",
          "sha256": "8ecd0720bab7d1aec0252a639df4bf39bbf5f4b1b8301c6db0a6244b0f22b772"
        },
        {
          "path": "trajectory_200/accepted/euler/scientific-output-accept__pops.handle.v1-case-api0__f3e7170f42eecacbe4f87ebb02c16748c61ca23a1b76c090d394d274b530a7421__s000000266__e38805145bf9490e97f2908b2deab6b295b0f751a3577b9a4ea6f9a45bdf7f72.npz",
          "sha256": "0e800e3c09bdc115f31a5412cd991c46a3354208d0a96a568cce5e68aa3307b1"
        },
        {
          "path": "trajectory_200/accepted/euler/scientific-output-accept__pops.handle.v1-case-api0__f3e7170f42eecacbe4f87ebb02c16748c61ca23a1b76c090d394d274b530a7421__s000000267__b8c31083946891b179d10f32e41876c26f931f6ae8c1d09c34c8bc51391c0ddc.npz",
          "sha256": "784ca2221f2db41434a78cfca6e0c135201e848324767efbf79ef1a139903538"
        },
        {
          "path": "trajectory_200/accepted/euler/scientific-output-accept__pops.handle.v1-case-api0__f3e7170f42eecacbe4f87ebb02c16748c61ca23a1b76c090d394d274b530a7421__s000000268__50fcf1ab04397b0b9b11986236eb40ec79964b8aa51269fa15d7e1b0cb627717.npz",
          "sha256": "bd1ac421e4793eea3ae2070d41e0f20f8722502f9e8ec181bfe9d37ec7e300b8"
        },
        {
          "path": "trajectory_200/accepted/euler/scientific-output-accept__pops.handle.v1-case-api0__f3e7170f42eecacbe4f87ebb02c16748c61ca23a1b76c090d394d274b530a7421__s000000269__a1707d87bb6af53489419dc8dcc3400cc99d4162b6492978884bce1332812ddc.npz",
          "sha256": "1b25d78ea682ae5018a73fd848cbfae4f4767de819a30a1db7762b9db12a33bf"
        },
        {
          "path": "trajectory_200/accepted/euler/scientific-output-accept__pops.handle.v1-case-api0__f3e7170f42eecacbe4f87ebb02c16748c61ca23a1b76c090d394d274b530a7421__s000000270__f0e943b1145932567a15b15d55b09038b7da61d8d2e85fb37b8c55781b88e166.npz",
          "sha256": "affe51d3848cff31e5163cdd6b3a7e38c630a5877976d0e6afbdfe576822a308"
        },
        {
          "path": "trajectory_200/accepted/euler/scientific-output-accept__pops.handle.v1-case-api0__f3e7170f42eecacbe4f87ebb02c16748c61ca23a1b76c090d394d274b530a7421__s000000271__5b796a05e007a4ce3154863ca08ed0bc6718eb814720b3985e838b30c5ec7156.npz",
          "sha256": "05d41f73080b5509188367e1ba0c5cfbf7eb48b203b1384b380cb7ec75438e7b"
        },
        {
          "path": "trajectory_200/accepted/euler/scientific-output-accept__pops.handle.v1-case-api0__f3e7170f42eecacbe4f87ebb02c16748c61ca23a1b76c090d394d274b530a7421__s000000272__1d9a3b68acdde881b23d2e3a97ba55bac95e68ec0053d46a06c93cf0084c6cd6.npz",
          "sha256": "7c9f211da9d64ee4e07e087f1f3b73c8410c314ce1edf8a71aac1e169a4fa671"
        },
        {
          "path": "trajectory_200/accepted/euler/scientific-output-accept__pops.handle.v1-case-api0__f3e7170f42eecacbe4f87ebb02c16748c61ca23a1b76c090d394d274b530a7421__s000000273__5f5ffe62d30240c3897717ab32deaf013655cbc3e27c036b2a9603370308efd0.npz",
          "sha256": "57ac14617fc54fd5abb96a15f7af8531d2208ac0e38387d7675f04a655e7a77e"
        },
        {
          "path": "trajectory_200/accepted/euler/scientific-output-accept__pops.handle.v1-case-api0__f3e7170f42eecacbe4f87ebb02c16748c61ca23a1b76c090d394d274b530a7421__s000000274__34e1022db3c73ba8ededbe28fe8d9d2e020bdd38b2cb3e83ecf6dc060cc130d0.npz",
          "sha256": "a7d77bed2dc1ffe6eab0051e1708788919e27f83b9db72534bb11e8ff1f63cdb"
        },
        {
          "path": "trajectory_200/accepted/euler/scientific-output-accept__pops.handle.v1-case-api0__f3e7170f42eecacbe4f87ebb02c16748c61ca23a1b76c090d394d274b530a7421__s000000275__b131d9ec98da35e5aa96aab5dc10bf48569b5d3be4194fdd044562791f9c94ab.npz",
          "sha256": "e82814ff15356c4195ddb99be9d096fb600acd647320b6c6a231a9fc1df67f10"
        },
        {
          "path": "trajectory_200/accepted/euler/scientific-output-accept__pops.handle.v1-case-api0__f3e7170f42eecacbe4f87ebb02c16748c61ca23a1b76c090d394d274b530a7421__s000000276__55b9814c8805cf5e51c0b434f8cf01ea0ed80ec44b40a8b78367ad829149192c.npz",
          "sha256": "769ecf8362872d3c6d3b4e5d2344a26f97eab4e8906db765076556cb538947d1"
        },
        {
          "path": "trajectory_200/accepted/euler/scientific-output-accept__pops.handle.v1-case-api0__f3e7170f42eecacbe4f87ebb02c16748c61ca23a1b76c090d394d274b530a7421__s000000277__ed4d1157bc48fa9c15abdbdc3fd5514cba3956d4c0da2801716cb0ab1d5c9bc7.npz",
          "sha256": "7d3680eb1735a003c6c61e2229dd55d64e055babfa954759f4c33f9fb2a8d28d"
        },
        {
          "path": "trajectory_200/accepted/euler/scientific-output-accept__pops.handle.v1-case-api0__f3e7170f42eecacbe4f87ebb02c16748c61ca23a1b76c090d394d274b530a7421__s000000278__56a75317e377132e9709625ab8464a4a5b5b3545af80395215dc88df8dfc1641.npz",
          "sha256": "fa8f286823daaf8d32ec40892ae91f22510256e1e29d0bdc2d741b7cbb17a85b"
        },
        {
          "path": "trajectory_200/accepted/euler/scientific-output-accept__pops.handle.v1-case-api0__f3e7170f42eecacbe4f87ebb02c16748c61ca23a1b76c090d394d274b530a7421__s000000279__a3a222bdfd5bc21d5c04f4aa0853059fcf882acd3303aa77c796209e39f25bb2.npz",
          "sha256": "2f75dc170bee1beb538a68f88ad7665277a5bcc7967fb9666aeb356512a6596b"
        },
        {
          "path": "trajectory_200/accepted/euler/scientific-output-accept__pops.handle.v1-case-api0__f3e7170f42eecacbe4f87ebb02c16748c61ca23a1b76c090d394d274b530a7421__s000000280__b65cd853ae60d68b37e6a85896a2f240ca3e034063eba13eb9bbba70f1af210d.npz",
          "sha256": "6d3bb61435d2f8399ba37edca128aa5887fcb12a118a2812bf3bba9d46771a91"
        },
        {
          "path": "trajectory_200/accepted/euler/scientific-output-accept__pops.handle.v1-case-api0__f3e7170f42eecacbe4f87ebb02c16748c61ca23a1b76c090d394d274b530a7421__s000000281__c1a5e7ae9ee6f02c1e7fc5d2c591f47cba4d7ba6a9d63347ac62ea2c1c52618f.npz",
          "sha256": "d8ec1c83679beeb68cbd037b5d294d3a2c850a5604c0f4d3dcc0b9130b13c2fb"
        },
        {
          "path": "trajectory_200/accepted/euler/scientific-output-accept__pops.handle.v1-case-api0__f3e7170f42eecacbe4f87ebb02c16748c61ca23a1b76c090d394d274b530a7421__s000000282__9b3e6325ed5124555618a9099c38839ff721a650c2dec84f3c27a25db223227d.npz",
          "sha256": "bec54fba4a75da0f57d9601b35b5d3cafb9f945041ad73256c7ac46050a4e09c"
        },
        {
          "path": "trajectory_200/accepted/euler/scientific-output-accept__pops.handle.v1-case-api0__f3e7170f42eecacbe4f87ebb02c16748c61ca23a1b76c090d394d274b530a7421__s000000283__88d9eb5cdd1ffc35a26c70a6c3e70061529df7e543257c1c3ac38a8246b34286.npz",
          "sha256": "fcf791f47cfb6a6de20f83f0d7a4d5709a4532c534f86f41b3db8451d80007f4"
        },
        {
          "path": "trajectory_200/accepted/euler/scientific-output-accept__pops.handle.v1-case-api0__f3e7170f42eecacbe4f87ebb02c16748c61ca23a1b76c090d394d274b530a7421__s000000284__c67d031973dd2e27713ebbe3a006d2c111c3c640b4a0ff6bead8686d0bfc5f7d.npz",
          "sha256": "8a28423e9661f3628c1ea908a0682103ab64dfd5af9e84ad05023725cc1573d2"
        },
        {
          "path": "trajectory_200/accepted/euler/scientific-output-accept__pops.handle.v1-case-api0__f3e7170f42eecacbe4f87ebb02c16748c61ca23a1b76c090d394d274b530a7421__s000000285__70d09e0915b665e55e09c8ea6704f7b415808fa7903e70f07b608d56fe2a70f4.npz",
          "sha256": "20d20e001729627e919e978751658e94a2da16e1a3e6b2367631cb1bf3a5c5ce"
        },
        {
          "path": "trajectory_200/accepted/euler/scientific-output-accept__pops.handle.v1-case-api0__f3e7170f42eecacbe4f87ebb02c16748c61ca23a1b76c090d394d274b530a7421__s000000286__3b9e62b997f97ff4821084f60de32c17a9b4cc9c95b122d6fddb8d409d060a88.npz",
          "sha256": "738094c44adc9ab72f33c88ca31868c6d057b4042e7ca822a781d20ff6b96e07"
        },
        {
          "path": "trajectory_200/accepted/euler/scientific-output-accept__pops.handle.v1-case-api0__f3e7170f42eecacbe4f87ebb02c16748c61ca23a1b76c090d394d274b530a7421__s000000287__e7f01b89a34e85c98e4e101d6a9641520f681feeffc94b232b232139efd85bcc.npz",
          "sha256": "c8d86b233ea5a26b7b71423643e88fa087de24471785df3c66a552c6bafe90cc"
        },
        {
          "path": "trajectory_200/accepted/euler/scientific-output-accept__pops.handle.v1-case-api0__f3e7170f42eecacbe4f87ebb02c16748c61ca23a1b76c090d394d274b530a7421__s000000288__a9d1bf60dba8d86175470da637dc3911af085e37c1bbe06d213e5eb99f05fafd.npz",
          "sha256": "1c2eaf3312aedaf4bf3b13fb0d304265e0fb7db8417e32855a121e2a1ebcb291"
        },
        {
          "path": "trajectory_200/accepted/euler/scientific-output-accept__pops.handle.v1-case-api0__f3e7170f42eecacbe4f87ebb02c16748c61ca23a1b76c090d394d274b530a7421__s000000289__3f00266731e97a00bb4159493bfab03fbd507f9aae5a82a4b80b384dd181a6e5.npz",
          "sha256": "111d2dce8267bc62c240dd5c62a4ce121a88c113b61a3743a41a7c05326320ac"
        },
        {
          "path": "trajectory_200/accepted/euler/scientific-output-accept__pops.handle.v1-case-api0__f3e7170f42eecacbe4f87ebb02c16748c61ca23a1b76c090d394d274b530a7421__s000000290__ee02615f5d21f5313e797b8c0f8a6dd9b88a915fe73f9398693019a508b4fcbd.npz",
          "sha256": "a36b00b577b5be5ef22579c925f2a37a2e84ab0d8dc44230cb5aa800a8e246c9"
        },
        {
          "path": "trajectory_200/accepted/euler/scientific-output-accept__pops.handle.v1-case-api0__f3e7170f42eecacbe4f87ebb02c16748c61ca23a1b76c090d394d274b530a7421__s000000291__db586528be9889e139d8a4d90e4daedc1903c1efef1c9336db1fcf97179f0bb5.npz",
          "sha256": "fea9486c02c47af1cbff6e794736dcd655aca000fe5d57ec44bce22df8f95200"
        },
        {
          "path": "trajectory_200/accepted/euler/scientific-output-accept__pops.handle.v1-case-api0__f3e7170f42eecacbe4f87ebb02c16748c61ca23a1b76c090d394d274b530a7421__s000000292__f340b1e7b41e7769c8f00ed25d04bc3b4dba59febc5e02d1dd21a75a08f8b01a.npz",
          "sha256": "36762c8f4df1e54eb7a455853fc9d93028fd6832e4e1f4b3d138fe3fb92da805"
        },
        {
          "path": "trajectory_200/accepted/euler/scientific-output-accept__pops.handle.v1-case-api0__f3e7170f42eecacbe4f87ebb02c16748c61ca23a1b76c090d394d274b530a7421__s000000293__68612f3689550633d45f7b263671977a70d082b823b10709f1ef3a5f1a44c7b4.npz",
          "sha256": "4f9fdfdf155472df9f28fb9719a76103540cc5b975a4cc4c7aed74748191e27f"
        },
        {
          "path": "trajectory_200/accepted/euler/scientific-output-accept__pops.handle.v1-case-api0__f3e7170f42eecacbe4f87ebb02c16748c61ca23a1b76c090d394d274b530a7421__s000000294__e1fad607cf66d58d52735dd666a8522be191ba76bb1047ba2bed84a763e39423.npz",
          "sha256": "3f5fc496ae3a80b1ce51078ac571c3d2c8c9065a23b3060ba903a940e9d8905d"
        },
        {
          "path": "trajectory_200/accepted/euler/scientific-output-accept__pops.handle.v1-case-api0__f3e7170f42eecacbe4f87ebb02c16748c61ca23a1b76c090d394d274b530a7421__s000000295__9c39b10d0159cee7fb47708b3ec863e30e1797e97eb010769c37fa36df29ec18.npz",
          "sha256": "620aa4567a90fdc427310163c67ce807b717d3fb35901ab86515eb695ce68840"
        },
        {
          "path": "trajectory_200/accepted/euler/scientific-output-accept__pops.handle.v1-case-api0__f3e7170f42eecacbe4f87ebb02c16748c61ca23a1b76c090d394d274b530a7421__s000000296__9127641b0a830fef3defc552a6c3b7ff25f020e5d161ccaad84b4f8e385e0859.npz",
          "sha256": "7d9f37dd3c0d93833c0dc2130199233404f2c22cdfc9a8c1a9780c3d004ab86d"
        },
        {
          "path": "trajectory_200/accepted/euler/scientific-output-accept__pops.handle.v1-case-api0__f3e7170f42eecacbe4f87ebb02c16748c61ca23a1b76c090d394d274b530a7421__s000000297__bb4fc837f19bd7365525e04ceea959fca6c42620a56bfb1b4f13690d9cd805b8.npz",
          "sha256": "d8d0a81219ab60af9134e9a807e73fd69c873a782fa88681c22cd8e56f8af4d0"
        },
        {
          "path": "trajectory_200/accepted/euler/scientific-output-accept__pops.handle.v1-case-api0__f3e7170f42eecacbe4f87ebb02c16748c61ca23a1b76c090d394d274b530a7421__s000000298__6353c41abc6de936f58be0e34d9091c7675db37cfeff90478a99235f27c12c79.npz",
          "sha256": "c8ecd5fccd00beba77c57a9dec259f9a52de987ea946e33f27c7b6158feff2d2"
        },
        {
          "path": "trajectory_200/accepted/euler/scientific-output-accept__pops.handle.v1-case-api0__f3e7170f42eecacbe4f87ebb02c16748c61ca23a1b76c090d394d274b530a7421__s000000299__ef4c9d24d13e335cf66c511b97ee8d327fc7adb055668cef91c80ced45e9d32d.npz",
          "sha256": "af64c1432ca3e39196cce92bb25df7b4b7c9de839500286ac3651c309bde3488"
        },
        {
          "path": "trajectory_200/accepted/euler/scientific-output-accept__pops.handle.v1-case-api0__f3e7170f42eecacbe4f87ebb02c16748c61ca23a1b76c090d394d274b530a7421__s000000300__f6f5c174f2552d834234322d3fbe1ea6de8245285f6a83d45dd637417d685c5d.npz",
          "sha256": "a1c2cd7d508fbfb716393b65956b8b46977f04b4815574d00efe2b519e79d283"
        },
        {
          "path": "trajectory_200/accepted/euler/scientific-output-accept__pops.handle.v1-case-api0__f3e7170f42eecacbe4f87ebb02c16748c61ca23a1b76c090d394d274b530a7421__s000000301__a4cf1f2b19de2c967d6c13967781d13bd5b5aac3a3ed2c733c80433dbd32afce.npz",
          "sha256": "cddf5de9b40ec3c6bc66115546bc1d9ae20bc3ef7285c50a86d57c34e36f5b20"
        },
        {
          "path": "trajectory_200/accepted/euler/scientific-output-accept__pops.handle.v1-case-api0__f3e7170f42eecacbe4f87ebb02c16748c61ca23a1b76c090d394d274b530a7421__s000000302__30e6cc1ed034e1428f60f81a850ec6a879f3075380525f6aa3880cb4a72aa686.npz",
          "sha256": "7d16f6b58724091e2fcf15b0e054ecb012240d2c27d40a474711ceccd7f1cfa0"
        },
        {
          "path": "trajectory_200/accepted/euler/scientific-output-accept__pops.handle.v1-case-api0__f3e7170f42eecacbe4f87ebb02c16748c61ca23a1b76c090d394d274b530a7421__s000000303__7957ed7cf209b159727c715e052e60ae36db88878b3effc6fe82bc03f8b5e550.npz",
          "sha256": "10c6965e490dad21a458277927b6c94f2d50cd26eeff5d40a0bfba97d1c6246d"
        },
        {
          "path": "trajectory_200/accepted/euler/scientific-output-accept__pops.handle.v1-case-api0__f3e7170f42eecacbe4f87ebb02c16748c61ca23a1b76c090d394d274b530a7421__s000000304__95eb73899a405d865bd10a06daf019070a8306fcd0b0c8788eb721e14b0b38d6.npz",
          "sha256": "2d3012ea49198b8eb241c3be3d207351f0469ee4ad34a1dcbf5674ca8986aa82"
        },
        {
          "path": "trajectory_200/accepted/euler/scientific-output-accept__pops.handle.v1-case-api0__f3e7170f42eecacbe4f87ebb02c16748c61ca23a1b76c090d394d274b530a7421__s000000305__5147239f9b2fe1d5b414aec06ad4ec5a3aff52b98307b035feab47bf86315180.npz",
          "sha256": "5de219fff5092d678c6112a9b056a996f355af7d4fde245b86d88b4f0d571d70"
        },
        {
          "path": "trajectory_200/accepted/euler/scientific-output-accept__pops.handle.v1-case-api0__f3e7170f42eecacbe4f87ebb02c16748c61ca23a1b76c090d394d274b530a7421__s000000306__416cce075af9c0f8b6b97f12fcf6e78a5208bcac4e17549ffb29d4b5a4ff4778.npz",
          "sha256": "39d270d69efb93579ea0caad7d5632ad49dda2e562724bf49805e67a310bdc36"
        },
        {
          "path": "trajectory_200/accepted/euler/scientific-output-accept__pops.handle.v1-case-api0__f3e7170f42eecacbe4f87ebb02c16748c61ca23a1b76c090d394d274b530a7421__s000000307__ebe71532bd1e2a78f0e38706c81649d0979e3e9862c1fc76f4719a3795de6a86.npz",
          "sha256": "063ea63e5a7cb71d6bda410337ee2b8c97209699f8ebf33a078ce5ca85a33bd7"
        },
        {
          "path": "trajectory_200/accepted/euler/scientific-output-accept__pops.handle.v1-case-api0__f3e7170f42eecacbe4f87ebb02c16748c61ca23a1b76c090d394d274b530a7421__s000000308__ad9048dd6985e82a32af1dde182a91a0c68aa35e9cb9b8e8cd9c5def3a092b55.npz",
          "sha256": "750c855cacba361c29ccd920578ef69148dda362968adf6ac97baed5ad2b731b"
        },
        {
          "path": "trajectory_200/accepted/euler/scientific-output-accept__pops.handle.v1-case-api0__f3e7170f42eecacbe4f87ebb02c16748c61ca23a1b76c090d394d274b530a7421__s000000309__5a9d7414038ae902debd8b3a031e926e1c303061024c1983b364ee00119c5777.npz",
          "sha256": "e00ae0757446755f5cf9943f5766afe453636a017a17050cf20c0a1d29d73353"
        },
        {
          "path": "trajectory_200/accepted/euler/scientific-output-accept__pops.handle.v1-case-api0__f3e7170f42eecacbe4f87ebb02c16748c61ca23a1b76c090d394d274b530a7421__s000000310__1c3675bd330adc2acc70a783b4d0754480116f510cac8b77a3dab5382567b15e.npz",
          "sha256": "b3278b3eaa88909235ebc7395496114f92e542c24f5165c1f4c22929036e0fdd"
        },
        {
          "path": "trajectory_200/accepted/euler/scientific-output-accept__pops.handle.v1-case-api0__f3e7170f42eecacbe4f87ebb02c16748c61ca23a1b76c090d394d274b530a7421__s000000311__0ec822f8f042adb9a5dfa7b100da2301fcd5b303cf4f67dfac072f3a2362c784.npz",
          "sha256": "2fbf9cfb0387f79813b8c7b5aaa375f4128565f18bcb6425c33248183b519e8c"
        },
        {
          "path": "trajectory_200/accepted/euler/scientific-output-accept__pops.handle.v1-case-api0__f3e7170f42eecacbe4f87ebb02c16748c61ca23a1b76c090d394d274b530a7421__s000000312__8cf2099db3f0432efe4c4c685d89e5274dc026768e26d173769ae429da4c2f44.npz",
          "sha256": "e5cab2b0e3d66dbcdbc87b01adfe18e5bfd79c4eb7c3861681f4f009c08c5da6"
        },
        {
          "path": "trajectory_200/accepted/euler/scientific-output-accept__pops.handle.v1-case-api0__f3e7170f42eecacbe4f87ebb02c16748c61ca23a1b76c090d394d274b530a7421__s000000313__da4f6610bc062ce6d171d399094051501e496f6bc6e6ac4c7173f36eecdaed20.npz",
          "sha256": "7cb590130483814c643e33b5620791814f22c13de2b2910a8f6776560345b8b9"
        },
        {
          "path": "trajectory_200/accepted/euler/scientific-output-accept__pops.handle.v1-case-api0__f3e7170f42eecacbe4f87ebb02c16748c61ca23a1b76c090d394d274b530a7421__s000000314__2b3a932c321651454867c40bd6de1c842732faea1d63c4b87321bb4abadc5728.npz",
          "sha256": "21d458f06dac868d5df1848ce8a08440b390daf4f285a23f2e0b9adf216463eb"
        },
        {
          "path": "trajectory_200/accepted/euler/scientific-output-accept__pops.handle.v1-case-api0__f3e7170f42eecacbe4f87ebb02c16748c61ca23a1b76c090d394d274b530a7421__s000000315__f5aa0def401cf8332342237262bbcbc23b2277f8690d9a2fb91fe37e2d92f5e8.npz",
          "sha256": "66c1355ec3540b58aa1a2998f60ffd65c9cac62bfa1e4240e80e10f9f58b41ed"
        },
        {
          "path": "trajectory_200/accepted/euler/scientific-output-accept__pops.handle.v1-case-api0__f3e7170f42eecacbe4f87ebb02c16748c61ca23a1b76c090d394d274b530a7421__s000000316__e8c8c9f1f08c915ae98e738e79651cb14fdd5519eb3d96b5ebe3d94c15ffebb4.npz",
          "sha256": "f0fd99d1c3baf717ed0fe26bd367ea70eb8e72ce0cb1d1a162bf9b504f5c0906"
        },
        {
          "path": "trajectory_200/accepted/euler/scientific-output-accept__pops.handle.v1-case-api0__f3e7170f42eecacbe4f87ebb02c16748c61ca23a1b76c090d394d274b530a7421__s000000317__5abcf4d79bc40f625777be09b87fb9301b62b8c4b3d36d911e9b0febeb346d18.npz",
          "sha256": "d4c79b2c7f302a868c9f3c9f3b1b5c45732672b92fcd02191896ebcdfa7fbd39"
        },
        {
          "path": "trajectory_200/accepted/euler/scientific-output-accept__pops.handle.v1-case-api0__f3e7170f42eecacbe4f87ebb02c16748c61ca23a1b76c090d394d274b530a7421__s000000318__76a16f57f7925153c587772bd04e89c791ab82cc3cb0d643b298805f3582c6a3.npz",
          "sha256": "da772a1ac26759eff63d7199483c0069f007d7f10f41d817ba3ec7853c403b1f"
        },
        {
          "path": "trajectory_200/accepted/euler/scientific-output-accept__pops.handle.v1-case-api0__f3e7170f42eecacbe4f87ebb02c16748c61ca23a1b76c090d394d274b530a7421__s000000319__b3914580feef52477e6ab46acae60e51278112ffc6cdaa8a1725ea2308a048ea.npz",
          "sha256": "ff77624a6b0569b3dfa53000d538cde149eadd8263d56e26d6b7bf90bb27e914"
        },
        {
          "path": "trajectory_200/accepted/euler/scientific-output-accept__pops.handle.v1-case-api0__f3e7170f42eecacbe4f87ebb02c16748c61ca23a1b76c090d394d274b530a7421__s000000320__e7f623fc45ec587236087ea5d91d23efd4e6df81ed472b11720bd99669152509.npz",
          "sha256": "2f558438115ba9fe2cfc52acc57e8945cf83df2d3eb8f1bc44eb9df876398fb6"
        },
        {
          "path": "trajectory_200/accepted/euler/scientific-output-accept__pops.handle.v1-case-api0__f3e7170f42eecacbe4f87ebb02c16748c61ca23a1b76c090d394d274b530a7421__s000000321__8f88e0f95fe4abc6c8a2b201c95f754a161dcbc2ccc51c9428f924f1f0228529.npz",
          "sha256": "032b4b18fddb92e4565f9d692bb075a2882d4ac48a75aec379e37ee78e642f55"
        },
        {
          "path": "trajectory_200/accepted/euler/scientific-output-accept__pops.handle.v1-case-api0__f3e7170f42eecacbe4f87ebb02c16748c61ca23a1b76c090d394d274b530a7421__s000000322__76bd5e7f8a576040c6bce8f20b36fc872b330d840452bd3b8d9d52bc149bff3c.npz",
          "sha256": "2f2e6276e32f8664f2e78dbead2477685a0823967d25fab84cebaa608440b6ab"
        },
        {
          "path": "trajectory_200/accepted/euler/scientific-output-accept__pops.handle.v1-case-api0__f3e7170f42eecacbe4f87ebb02c16748c61ca23a1b76c090d394d274b530a7421__s000000323__9e82635c47674e4bdb54497243a2b63afccb5934c05acb0d4970131f55e4966b.npz",
          "sha256": "5bca5be2210fe79b8bc21c6f499517a7b9d792394ae998f4914471f8047f9178"
        },
        {
          "path": "trajectory_200/accepted/euler/scientific-output-accept__pops.handle.v1-case-api0__f3e7170f42eecacbe4f87ebb02c16748c61ca23a1b76c090d394d274b530a7421__s000000324__c7aa96cf7bfcdc4450241ad09cc14021370561854fff8216d85ce23caa7a60c3.npz",
          "sha256": "731b76fed6230dd156732fae33dce2d8aab3d7a5a03f9f07abd825649d615270"
        },
        {
          "path": "trajectory_200/accepted/euler/scientific-output-accept__pops.handle.v1-case-api0__f3e7170f42eecacbe4f87ebb02c16748c61ca23a1b76c090d394d274b530a7421__s000000325__3577136eb349e48a7366c4d4ccd4cd29207d3fa23f648d7f246ad2aea260f56f.npz",
          "sha256": "36afd13ee57fe912e2f9794063366e6112949765c5cb2dd8a24da94c02edfbae"
        },
        {
          "path": "trajectory_200/accepted/euler/scientific-output-accept__pops.handle.v1-case-api0__f3e7170f42eecacbe4f87ebb02c16748c61ca23a1b76c090d394d274b530a7421__s000000326__1ca899af6200ead033de180c48aadb72236b73f017260c7b427c26adbd8996fc.npz",
          "sha256": "4314a71b0f6c790a311be684ed80f9deb28a723d8c381c15804a3d67c52b0fdf"
        },
        {
          "path": "trajectory_200/accepted/euler/scientific-output-accept__pops.handle.v1-case-api0__f3e7170f42eecacbe4f87ebb02c16748c61ca23a1b76c090d394d274b530a7421__s000000327__27a22b5aacc7bb1a1f0b4ec5a67115bf4cae823edde99c9ccebcd90d2aed5260.npz",
          "sha256": "00530068e9a5f8d8d8ae3a2b2b836dcbb6054d2bb8312bca2cc19f805c1635d6"
        },
        {
          "path": "trajectory_200/accepted/euler/scientific-output-accept__pops.handle.v1-case-api0__f3e7170f42eecacbe4f87ebb02c16748c61ca23a1b76c090d394d274b530a7421__s000000328__9f73bf5d610b9e9cb2f6440e5a814bb7f0a5f52b6dfeea82c49f7fb035a1cbf1.npz",
          "sha256": "7058c3f3e0ed5d57f5786b1652d58e9ac3bc6be845e394691ef62477e1b18d4f"
        },
        {
          "path": "trajectory_200/accepted/euler/scientific-output-accept__pops.handle.v1-case-api0__f3e7170f42eecacbe4f87ebb02c16748c61ca23a1b76c090d394d274b530a7421__s000000329__449ca932662a937a8b31b899514517e72af0b2afed520dc0424d22f0b8e43c3d.npz",
          "sha256": "d04d0961892e8bcf0716264384bb4db29d0481d6ed171a33ab75b6400b2ea923"
        },
        {
          "path": "trajectory_200/accepted/euler/scientific-output-accept__pops.handle.v1-case-api0__f3e7170f42eecacbe4f87ebb02c16748c61ca23a1b76c090d394d274b530a7421__s000000330__d5180a4395570e4fb2704b8a5dd375c08b5a039338fba5cbbf4c71047bee14f6.npz",
          "sha256": "fadc4be68b80669af20ae2f18c77ce3190a273dcb952b063736ae5127198b62a"
        },
        {
          "path": "trajectory_200/accepted/euler/scientific-output-accept__pops.handle.v1-case-api0__f3e7170f42eecacbe4f87ebb02c16748c61ca23a1b76c090d394d274b530a7421__s000000331__a0a0e736419e649bba87e717024d24a3e481bcda25cb83fb55dc80f0dd09906f.npz",
          "sha256": "010efcdf8bceddcc17facefa2d1dfde6da206408fdeddadb17c09c103a364df0"
        },
        {
          "path": "trajectory_200/accepted/euler/scientific-output-accept__pops.handle.v1-case-api0__f3e7170f42eecacbe4f87ebb02c16748c61ca23a1b76c090d394d274b530a7421__s000000332__71e0be352c0b25b7fb777f2a45f7e0bfc0b0a7f2f627c405a64bdefb0859af77.npz",
          "sha256": "66f135d238a7038afd6a5341a045250a953c344ab37bdfc32d87721ab79c18e6"
        },
        {
          "path": "trajectory_200/accepted/euler/scientific-output-accept__pops.handle.v1-case-api0__f3e7170f42eecacbe4f87ebb02c16748c61ca23a1b76c090d394d274b530a7421__s000000333__d4831ae2f03b6e26fecd93a514696b2e9d9e4aadef0f0cc0ecd333211d9a24b4.npz",
          "sha256": "61c4307b238c83e8bdf2f1034b7c4c7690b86a8f208c1b337abf979eee7bed7a"
        },
        {
          "path": "trajectory_200/accepted/euler/scientific-output-accept__pops.handle.v1-case-api0__f3e7170f42eecacbe4f87ebb02c16748c61ca23a1b76c090d394d274b530a7421__s000000334__4d004e69cdd229b891f8920faba6899495d66879cfcae92ed12b23a4f16aefde.npz",
          "sha256": "9453b123d69f8bc675f366e2237790152158fd92d9ba252e63211fd60b0050d4"
        },
        {
          "path": "trajectory_200/accepted/euler/scientific-output-accept__pops.handle.v1-case-api0__f3e7170f42eecacbe4f87ebb02c16748c61ca23a1b76c090d394d274b530a7421__s000000335__1c153c15f0af1f89e2ce9b951df5ea2501057f3d3bc3453fda4eb58b984a1e4d.npz",
          "sha256": "f43404746edd27ff2e10e4c7acdb7e81959f1e099e8a74d429c34c26de483fed"
        },
        {
          "path": "trajectory_200/accepted/euler/scientific-output-accept__pops.handle.v1-case-api0__f3e7170f42eecacbe4f87ebb02c16748c61ca23a1b76c090d394d274b530a7421__s000000336__0fb028090213a41378c1df68caaf51a825dadf56be2093c2e45ce115ba29c120.npz",
          "sha256": "ed1a3c50e0bd5476d0942ff3a8081c7c07be81230e7f64663e4ee2babe2d2379"
        },
        {
          "path": "trajectory_200/accepted/euler/scientific-output-accept__pops.handle.v1-case-api0__f3e7170f42eecacbe4f87ebb02c16748c61ca23a1b76c090d394d274b530a7421__s000000337__e3e9f899d61f3e396aef3bbd16dcf649044fb69462e5f5993fd08ae46ffe5a0e.npz",
          "sha256": "35a0047ee344c0c965cd5b58d478f207773eb889921abc335f2eede5697d6cc9"
        },
        {
          "path": "trajectory_200/accepted/euler/scientific-output-accept__pops.handle.v1-case-api0__f3e7170f42eecacbe4f87ebb02c16748c61ca23a1b76c090d394d274b530a7421__s000000338__e2c532651bbf70dd164ea444fdbcb38e230a5e527534e6144989d850ee1a5494.npz",
          "sha256": "73b16c563746ca41718741a3a9c7e51688e060a25d644d6cfd987f487199fb63"
        },
        {
          "path": "trajectory_200/accepted/euler/scientific-output-accept__pops.handle.v1-case-api0__f3e7170f42eecacbe4f87ebb02c16748c61ca23a1b76c090d394d274b530a7421__s000000339__d5bcb9724b4cab4d5603be3c1d56fb315620c725403add2287546ea8d8f36661.npz",
          "sha256": "82407aab52f5e783f20b385018e932e0406368092d8516b288fd773daa0c7d16"
        },
        {
          "path": "trajectory_200/accepted/euler/scientific-output-accept__pops.handle.v1-case-api0__f3e7170f42eecacbe4f87ebb02c16748c61ca23a1b76c090d394d274b530a7421__s000000340__9fc87e73844199cb8b3b1db669ff0b9062d0414f680af44e4e4afff48d37bd37.npz",
          "sha256": "20e94bd320a144991ead8ee5a5c5c2d5332ad9fb00629aef7b877ae4209289cf"
        },
        {
          "path": "trajectory_200/accepted/euler/scientific-output-accept__pops.handle.v1-case-api0__f3e7170f42eecacbe4f87ebb02c16748c61ca23a1b76c090d394d274b530a7421__s000000341__8ab53bc13c59fb6d4733e3ebd9ca85741888937597badda44825a716db6624ef.npz",
          "sha256": "071a6cf368369f96c381b8aca5f9c16818049efb5332fa12d63b8f3489a4ad8e"
        }
      ],
      "compile_seconds": 8.357680540997535,
      "run_seconds": 25.976281499955803,
      "run_report": {
        "accepted_steps": 341,
        "rejected_steps": 0,
        "final_time": 0.15,
        "final_macro_step": 341,
        "stop_reason": "target_time_reached",
        "run_identity": {
          "domain": "run",
          "schema_version": 1,
          "algorithm": "sha256",
          "digest": {
            "encoding": "hex",
            "bytes": "d5e7dbc3c2792aa00ba5280fb562b7726f60d43a4635556e05d58b81b0153f89"
          }
        },
        "bind_identity": {
          "domain": "bind",
          "schema_version": 1,
          "algorithm": "sha256",
          "digest": {
            "encoding": "hex",
            "bytes": "5331b102853a27b1fdcf246dd0f94fb27b7a1802ca33f079f0ba3c964ddc9d53"
          }
        },
        "execution_identity": {
          "domain": "execution-context",
          "schema_version": 1,
          "algorithm": "sha256",
          "digest": {
            "encoding": "hex",
            "bytes": "60cb7f9078e144527fc6335fe2a35d83d2bc478f407802974c26591ec5b6b68a"
          }
        },
        "artifact_identity": {
          "domain": "artifact",
          "schema_version": 1,
          "algorithm": "sha256",
          "digest": {
            "encoding": "hex",
            "bytes": "a85e9537ef08a889874a44ab063cbfa591abf0b102da48e7554eedc859eb557d"
          }
        },
        "field_providers": []
      },
      "mpi_ranks": 1,
      "execution_context": {
        "schema_version": 1,
        "backend_identity": {
          "domain": "runtime-backend-manifest",
          "schema_version": 1,
          "algorithm": "sha256",
          "digest": {
            "encoding": "hex",
            "bytes": "4f0b25caa22b4aaf5fc10e81b5b07f6c30e9a311614a8e08ea1444c5ea167359"
          }
        },
        "communicator": {
          "kind": "communicator",
          "identity": "MPI_COMM_WORLD"
        },
        "datatype": {
          "kind": "datatype",
          "identity": "float64"
        },
        "device": {
          "kind": "device",
          "identity": "cpu"
        }
      },
      "runtime_backend": {
        "schema_version": 1,
        "backend": {
          "value": "production",
          "evidence": "pops.native.2d-float64.mpi-world.v2;execution=OpenMP;device=cpu;shared=Host;kabi=6bd5e8adfe8ac62d0b0999e12cb422843910027d3a06931352504e0a0d156555"
        },
        "target": {
          "value": "system",
          "evidence": "pops.native.2d-float64.mpi-world.v2;execution=OpenMP;device=cpu;shared=Host;kabi=6bd5e8adfe8ac62d0b0999e12cb422843910027d3a06931352504e0a0d156555"
        },
        "abi": {
          "value": "compiler=Apple LLVM 21.0.0 (clang-2100.1.1.101);std=202002L;headers=aa301ce673e78b6833d4cd25c3dfe283d3eb8e6506795f7a50dc5b88a6feff2f;kokkos=1;stdlib=libc++_210106;mpi=1;mpi_abi=f7d12ae87f8a0b401f7e2330986eddea52855a5fd643fb650d8bf8c5fc2ff8a5;dim=2",
          "evidence": "pops.native.2d-float64.mpi-world.v2;execution=OpenMP;device=cpu;shared=Host;kabi=6bd5e8adfe8ac62d0b0999e12cb422843910027d3a06931352504e0a0d156555"
        },
        "precision": {
          "storage": {
            "value": "float64",
            "evidence": "pops.native.2d-float64.mpi-world.v2;execution=OpenMP;device=cpu;shared=Host;kabi=6bd5e8adfe8ac62d0b0999e12cb422843910027d3a06931352504e0a0d156555"
          },
          "compute": {
            "value": "float64",
            "evidence": "pops.native.2d-float64.mpi-world.v2;execution=OpenMP;device=cpu;shared=Host;kabi=6bd5e8adfe8ac62d0b0999e12cb422843910027d3a06931352504e0a0d156555"
          },
          "accumulation": {
            "value": "float64",
            "evidence": "pops.native.2d-float64.mpi-world.v2;execution=OpenMP;device=cpu;shared=Host;kabi=6bd5e8adfe8ac62d0b0999e12cb422843910027d3a06931352504e0a0d156555"
          },
          "reduction": {
            "value": "float64",
            "evidence": "pops.native.2d-float64.mpi-world.v2;execution=OpenMP;device=cpu;shared=Host;kabi=6bd5e8adfe8ac62d0b0999e12cb422843910027d3a06931352504e0a0d156555"
          }
        },
        "device": {
          "value": "cpu",
          "evidence": "pops.native.2d-float64.mpi-world.v2;execution=OpenMP;device=cpu;shared=Host;kabi=6bd5e8adfe8ac62d0b0999e12cb422843910027d3a06931352504e0a0d156555"
        },
        "memory_spaces": {
          "value": [
            "host"
          ],
          "evidence": "pops.native.2d-float64.mpi-world.v2;execution=OpenMP;device=cpu;shared=Host;kabi=6bd5e8adfe8ac62d0b0999e12cb422843910027d3a06931352504e0a0d156555"
        },
        "communicator": {
          "value": "MPI_COMM_WORLD",
          "evidence": "pops.native.2d-float64.mpi-world.v2;execution=OpenMP;device=cpu;shared=Host;kabi=6bd5e8adfe8ac62d0b0999e12cb422843910027d3a06931352504e0a0d156555"
        },
        "capabilities": {
          "centerings": {
            "value": [
              "cell"
            ],
            "evidence": "pops.native.2d-float64.mpi-world.v2;execution=OpenMP;device=cpu;shared=Host;kabi=6bd5e8adfe8ac62d0b0999e12cb422843910027d3a06931352504e0a0d156555"
          },
          "execution_backend": {
            "value": "OpenMP",
            "evidence": "pops.native.2d-float64.mpi-world.v2;execution=OpenMP;device=cpu;shared=Host;kabi=6bd5e8adfe8ac62d0b0999e12cb422843910027d3a06931352504e0a0d156555"
          },
          "generic_field_view": {
            "value": true,
            "evidence": "pops.native.2d-float64.mpi-world.v2;execution=OpenMP;device=cpu;shared=Host;kabi=6bd5e8adfe8ac62d0b0999e12cb422843910027d3a06931352504e0a0d156555"
          },
          "layouts": {
            "value": [
              "right",
              "left",
              "strided"
            ],
            "evidence": "pops.native.2d-float64.mpi-world.v2;execution=OpenMP;device=cpu;shared=Host;kabi=6bd5e8adfe8ac62d0b0999e12cb422843910027d3a06931352504e0a0d156555"
          },
          "ownership": {
            "value": [
              "borrowed",
              "owned",
              "shared"
            ],
            "evidence": "pops.native.2d-float64.mpi-world.v2;execution=OpenMP;device=cpu;shared=Host;kabi=6bd5e8adfe8ac62d0b0999e12cb422843910027d3a06931352504e0a0d156555"
          },
          "scalars": {
            "value": [
              "float64"
            ],
            "evidence": "pops.native.2d-float64.mpi-world.v2;execution=OpenMP;device=cpu;shared=Host;kabi=6bd5e8adfe8ac62d0b0999e12cb422843910027d3a06931352504e0a0d156555"
          },
          "shared_space": {
            "value": "Host",
            "evidence": "pops.native.2d-float64.mpi-world.v2;execution=OpenMP;device=cpu;shared=Host;kabi=6bd5e8adfe8ac62d0b0999e12cb422843910027d3a06931352504e0a0d156555"
          },
          "stream_identity": {
            "value": "Kokkos::OpenMP::synchronous",
            "evidence": "pops.native.2d-float64.mpi-world.v2;execution=OpenMP;device=cpu;shared=Host;kabi=6bd5e8adfe8ac62d0b0999e12cb422843910027d3a06931352504e0a0d156555"
          },
          "supported_dimensions": {
            "value": [
              2
            ],
            "evidence": "pops.native.2d-float64.mpi-world.v2;execution=OpenMP;device=cpu;shared=Host;kabi=6bd5e8adfe8ac62d0b0999e12cb422843910027d3a06931352504e0a0d156555"
          }
        }
      },
      "saved_state": "state_200.npz",
      "saved_state_sha256": "4b55bf2816a981ebb06957be25a0fc5e136cb6ae0a98ce74ca0aeb2ee42291a9"
    },
    {
      "eos": "stiffened",
      "gamma": 1.4,
      "p_inf": 0.3,
      "cells": [
        400,
        400
      ],
      "time": 0.15,
      "accepted_steps": 693,
      "density_l1": 0.015296777678473938,
      "rho_min": 0.1250000002997026,
      "internal_energy_density_min": 1.3000000033566712,
      "pressure_min": 0.10000000134266834,
      "mass_defect": 1.2878934375208948e-16,
      "energy_defect": 4.654381574139982e-16,
      "momentum_balance_defect": 1.6653345369377348e-16,
      "transverse_momentum_max": 1.7323767576951139e-16,
      "y_invariance_max": 1.3322676295501878e-15,
      "initial_max_error": 0.0,
      "incoming_boundary_increment": [
        -1.145510349766947e-12,
        0.13499999999757534,
        -8.064291978383485e-36,
        -1.2829715923620745e-11
      ],
      "farfield_flux_deviation": [
        -1.145510349766947e-12,
        -2.4246715746301106e-12,
        -8.064291978383485e-36,
        -1.2829715923620745e-11
      ],
      "maximum_per_step_balance_defect": [
        2.221269246349804e-16,
        5.3369851940598956e-17,
        3.1565836686547086e-34,
        9.045872524187677e-16
      ],
      "boundary_budget": "boundary_budget_400.npz",
      "boundary_budget_sha256": "731046763944f403daef21d79ad766d0d9790d9bb322a5268b5ffa52255f7b02",
      "trajectory_series": "trajectory_400/accepted/euler/series__f9c61582719c0ab591e8e032d2737644ec8dd2554fb9952cfe05736ae4d14c6b4.npz.series",
      "trajectory_members": [
        {
          "path": "trajectory_400/accepted/euler/scientific-output-accept__pops.handle.v1-case-api0__f9c61582719c0ab591e8e032d2737644ec8dd2554fb9952cfe05736ae4d14c6b4__s000000001__ae4e1780f6e90af44265d3cebb9146589502d1fb4111b6761bd5baa96f5fe0f9.npz",
          "sha256": "322d0ab7e5eb3845531cc89896db24cf5d3acbcfe8d484e34e7d8189e85ff89d"
        },
        {
          "path": "trajectory_400/accepted/euler/scientific-output-accept__pops.handle.v1-case-api0__f9c61582719c0ab591e8e032d2737644ec8dd2554fb9952cfe05736ae4d14c6b4__s000000002__6863e58547e2a6d44f5d13f0261d66dcb0c3e2af99791d5657149e822605e6a4.npz",
          "sha256": "28028b414d6a9e657c1398c667d043de8ff3d16f8519d3663ae21510aaf24359"
        },
        {
          "path": "trajectory_400/accepted/euler/scientific-output-accept__pops.handle.v1-case-api0__f9c61582719c0ab591e8e032d2737644ec8dd2554fb9952cfe05736ae4d14c6b4__s000000003__e2d4db587fbac07639347a94933e9ea4f88b71fe059703e0dff157cc9061ce27.npz",
          "sha256": "16bf8b54d396905ac410413e61013d91b4c94e947dbfd5b582d6f55f61d77f80"
        },
        {
          "path": "trajectory_400/accepted/euler/scientific-output-accept__pops.handle.v1-case-api0__f9c61582719c0ab591e8e032d2737644ec8dd2554fb9952cfe05736ae4d14c6b4__s000000004__6b493012f43fc0c986000f767d757bf661c1e7dc27a312808edd9cb713cc5f97.npz",
          "sha256": "d698227ef080d52472cea5217f6a71c77c4cbd289cebcfa6e3da83315a32ae99"
        },
        {
          "path": "trajectory_400/accepted/euler/scientific-output-accept__pops.handle.v1-case-api0__f9c61582719c0ab591e8e032d2737644ec8dd2554fb9952cfe05736ae4d14c6b4__s000000005__0c53d7f2bf3c2dbb0c8224b900ed284b1bea0d86afa4fcc45a6b958840eff112.npz",
          "sha256": "2b36b2cf909c9a3f4ce2d9e7777eee791265358cb6fb56ed752cbaf74281ec6b"
        },
        {
          "path": "trajectory_400/accepted/euler/scientific-output-accept__pops.handle.v1-case-api0__f9c61582719c0ab591e8e032d2737644ec8dd2554fb9952cfe05736ae4d14c6b4__s000000006__4bcd904dd6d38509742147705396b859df0852a7d82cce08409cace661a72ba3.npz",
          "sha256": "6c0bb50e6b261ab041e14966888b75106d59f5d2905b5433c7e7873a15501123"
        },
        {
          "path": "trajectory_400/accepted/euler/scientific-output-accept__pops.handle.v1-case-api0__f9c61582719c0ab591e8e032d2737644ec8dd2554fb9952cfe05736ae4d14c6b4__s000000007__c6664a0157d60920567646cfade0e59a4a6fd17fe67c9272d3f1029690dbd3a5.npz",
          "sha256": "aa6c3e34b21a9cc6f82e06a13f750fbe083c07f369370dac636f511262a396c8"
        },
        {
          "path": "trajectory_400/accepted/euler/scientific-output-accept__pops.handle.v1-case-api0__f9c61582719c0ab591e8e032d2737644ec8dd2554fb9952cfe05736ae4d14c6b4__s000000008__b00832732a8dbc964d952c726ada6d4b33641d9d2fb1d9e6061afef05091fd21.npz",
          "sha256": "ef8963a8906a8bd79c7995382f757b2aec12d3836aed5d22c5935503460f50a4"
        },
        {
          "path": "trajectory_400/accepted/euler/scientific-output-accept__pops.handle.v1-case-api0__f9c61582719c0ab591e8e032d2737644ec8dd2554fb9952cfe05736ae4d14c6b4__s000000009__7596020a4b3bff76a050b9e522b7a04c1a1e5c06dbf094cd0de007adb7ddb2ed.npz",
          "sha256": "83a93b799345fda4a875ecba834cb2091cfffa2fe0d92ed0e4e759f760ad333b"
        },
        {
          "path": "trajectory_400/accepted/euler/scientific-output-accept__pops.handle.v1-case-api0__f9c61582719c0ab591e8e032d2737644ec8dd2554fb9952cfe05736ae4d14c6b4__s000000010__855d927800d7e6ad0fe7a2c8bec355bbc38c741e587f56916516ed0353d50e3f.npz",
          "sha256": "3be35487a590d011bf307668b2b6616354bf9e379feed2e4859a5db309f12092"
        },
        {
          "path": "trajectory_400/accepted/euler/scientific-output-accept__pops.handle.v1-case-api0__f9c61582719c0ab591e8e032d2737644ec8dd2554fb9952cfe05736ae4d14c6b4__s000000011__fcb7eae5d459761a1f59c8a8f852dd784832a1827cd81bbcdb863c69b925538f.npz",
          "sha256": "2d4ba3e69749f461dca12f7f91a6d755edde34c3b882a61f7cc6d15c258af17d"
        },
        {
          "path": "trajectory_400/accepted/euler/scientific-output-accept__pops.handle.v1-case-api0__f9c61582719c0ab591e8e032d2737644ec8dd2554fb9952cfe05736ae4d14c6b4__s000000012__22f2bd86d6ac25b838eba4f646a3f2c6ee49ac7ad81b6279b6863c2441e84775.npz",
          "sha256": "283e3bdfe48cb80d404d4292d4ad87ae5e047b524b7319ec0d20e99bf8eaa81b"
        },
        {
          "path": "trajectory_400/accepted/euler/scientific-output-accept__pops.handle.v1-case-api0__f9c61582719c0ab591e8e032d2737644ec8dd2554fb9952cfe05736ae4d14c6b4__s000000013__49453b3687d5cfba83b9930002866ed61321d5c1de5f2ef54562a9be56f063c5.npz",
          "sha256": "68d9cf4a6c3783be53fa4426a41aba53dbaddeb4c2d4dc995be1e1cff3de68f7"
        },
        {
          "path": "trajectory_400/accepted/euler/scientific-output-accept__pops.handle.v1-case-api0__f9c61582719c0ab591e8e032d2737644ec8dd2554fb9952cfe05736ae4d14c6b4__s000000014__36956b9eccfb73efe18b275d6329e39d452b896558c4fab6444a6d436a258417.npz",
          "sha256": "bfbdc2dbfbeceb2e0898ec5242a58666976da6123e68f84dff410a8c87628d02"
        },
        {
          "path": "trajectory_400/accepted/euler/scientific-output-accept__pops.handle.v1-case-api0__f9c61582719c0ab591e8e032d2737644ec8dd2554fb9952cfe05736ae4d14c6b4__s000000015__2e045802cf900a094b7a94c44f0352530f9a2084034e6169a120524f7537cc5d.npz",
          "sha256": "f872d876e97ae571b511cc14bedd8bb50bc57147eee2a97415e686521e448dec"
        },
        {
          "path": "trajectory_400/accepted/euler/scientific-output-accept__pops.handle.v1-case-api0__f9c61582719c0ab591e8e032d2737644ec8dd2554fb9952cfe05736ae4d14c6b4__s000000016__6ca1c1583b97e61c55b14d74da713fd443b78c8413d7d10308f31ad5900c26a3.npz",
          "sha256": "2756b72c6e75e4a308aaac5d2e6bab2f993510be9848a0ba66bb1ea284f333e4"
        },
        {
          "path": "trajectory_400/accepted/euler/scientific-output-accept__pops.handle.v1-case-api0__f9c61582719c0ab591e8e032d2737644ec8dd2554fb9952cfe05736ae4d14c6b4__s000000017__26f1400a5e886351dafd699e5b2009562bcc70a887cc245b492b9f790ddcb01e.npz",
          "sha256": "56c0a33f0a28243ad6c0f24720fd3f71afd0ea552165eeca273264b37d09fb49"
        },
        {
          "path": "trajectory_400/accepted/euler/scientific-output-accept__pops.handle.v1-case-api0__f9c61582719c0ab591e8e032d2737644ec8dd2554fb9952cfe05736ae4d14c6b4__s000000018__972370500c83c44160a727147010ca2de0967121a59707011bc941307e35e885.npz",
          "sha256": "52c49b8ed31b67e344e748bc6334930679617bead8599724554dd5901e48c92f"
        },
        {
          "path": "trajectory_400/accepted/euler/scientific-output-accept__pops.handle.v1-case-api0__f9c61582719c0ab591e8e032d2737644ec8dd2554fb9952cfe05736ae4d14c6b4__s000000019__fde2ca325440301f8f7d4ca57d7b668cc283d8a561efe5226e9225e37b6dd40c.npz",
          "sha256": "b9dc1ccd6ca30a27c4c8c2e5423d02b7eb238ac72f9b102df7266af5585561b3"
        },
        {
          "path": "trajectory_400/accepted/euler/scientific-output-accept__pops.handle.v1-case-api0__f9c61582719c0ab591e8e032d2737644ec8dd2554fb9952cfe05736ae4d14c6b4__s000000020__e2ebd5691e1bd4c9b55c8e4b2593b46d75518e1f7afccca2d175c4c3bdfdd143.npz",
          "sha256": "a791ea349fae2b494835c27395325f8d47a3945118818fee754d238dbbd26974"
        },
        {
          "path": "trajectory_400/accepted/euler/scientific-output-accept__pops.handle.v1-case-api0__f9c61582719c0ab591e8e032d2737644ec8dd2554fb9952cfe05736ae4d14c6b4__s000000021__66d30b270b0c048b321d938f5746dcaa3266bc628232454d7dde628a44be75a9.npz",
          "sha256": "ded35ad91cfef19e697d990a7997c968bc1129e43416532c0eda22c0b6263c8b"
        },
        {
          "path": "trajectory_400/accepted/euler/scientific-output-accept__pops.handle.v1-case-api0__f9c61582719c0ab591e8e032d2737644ec8dd2554fb9952cfe05736ae4d14c6b4__s000000022__0be69d5e6cafb9add323c60de2d7c6bc2230e1a89bffef6e880b091fe43f00a2.npz",
          "sha256": "fd0152391f2a19bc0633b408891d6b53eb1b54c43acc2363190cbc913ab205e2"
        },
        {
          "path": "trajectory_400/accepted/euler/scientific-output-accept__pops.handle.v1-case-api0__f9c61582719c0ab591e8e032d2737644ec8dd2554fb9952cfe05736ae4d14c6b4__s000000023__c7dd03862d2bc5e97b0f312d9b426a30a186653b5e4181154fd340e1e47798f4.npz",
          "sha256": "041bd6721ff49aa3d7e997d35f1e661533f26c799c30476653d213e221f70c9d"
        },
        {
          "path": "trajectory_400/accepted/euler/scientific-output-accept__pops.handle.v1-case-api0__f9c61582719c0ab591e8e032d2737644ec8dd2554fb9952cfe05736ae4d14c6b4__s000000024__f68e563b8a94b9bce41a332b952d8aef7980ab09db6d8c629d88f02f23496b8f.npz",
          "sha256": "534cd337bbece50cf307c4f3a0a082c70e7dbab0c83f9cc7bae727b8d8a28efe"
        },
        {
          "path": "trajectory_400/accepted/euler/scientific-output-accept__pops.handle.v1-case-api0__f9c61582719c0ab591e8e032d2737644ec8dd2554fb9952cfe05736ae4d14c6b4__s000000025__7fa0afb0b4f63f170167270402f7ae983522496fbef7cc321f33d88787e80439.npz",
          "sha256": "c3f17849c89eaab5c596943965e91264d157c169d3ba9ccbdc978e3d4d0f9b2f"
        },
        {
          "path": "trajectory_400/accepted/euler/scientific-output-accept__pops.handle.v1-case-api0__f9c61582719c0ab591e8e032d2737644ec8dd2554fb9952cfe05736ae4d14c6b4__s000000026__a8a871260c3d91585e0d681c63b97caca79a36b37b9ab43e5a27a70f3cf520ec.npz",
          "sha256": "167f0dfe6e4012dedd1cf59a0e6d331b620637abf8ca348e96a28e628db1896e"
        },
        {
          "path": "trajectory_400/accepted/euler/scientific-output-accept__pops.handle.v1-case-api0__f9c61582719c0ab591e8e032d2737644ec8dd2554fb9952cfe05736ae4d14c6b4__s000000027__89ead39a5944aaa5cdc05601a0b467d62f7566584c4cd4f98b98dea2c88eb21d.npz",
          "sha256": "b2676a4ac7d1c7de5dbd431bc47309b2ad09ac1bac0e1c119d57cc665712c339"
        },
        {
          "path": "trajectory_400/accepted/euler/scientific-output-accept__pops.handle.v1-case-api0__f9c61582719c0ab591e8e032d2737644ec8dd2554fb9952cfe05736ae4d14c6b4__s000000028__0a034b6d38eada4106a7d1b825c8ac71607ba4a38379008328c9d0146a455a8c.npz",
          "sha256": "a63d393bc3a03f84ec02d7db16af1dd6557e1c7b3c80de429d0df7cdd932f089"
        },
        {
          "path": "trajectory_400/accepted/euler/scientific-output-accept__pops.handle.v1-case-api0__f9c61582719c0ab591e8e032d2737644ec8dd2554fb9952cfe05736ae4d14c6b4__s000000029__18e21691f812f0f3032f144042a490e7f8c9216f0ad3128ab6cd830307f94a0f.npz",
          "sha256": "2c03e3c76606f238eeaae926ab5d98c694e7b57515750488f5af98d103f017c7"
        },
        {
          "path": "trajectory_400/accepted/euler/scientific-output-accept__pops.handle.v1-case-api0__f9c61582719c0ab591e8e032d2737644ec8dd2554fb9952cfe05736ae4d14c6b4__s000000030__e7e0af8f9b7c723274ba7195b1346e0954bf94999ddccbea450d4a617a513ca2.npz",
          "sha256": "40056a38e891baffc07e9eedf1d83dc97d5a478cac0b5746bdcc4c84ef17f8bf"
        },
        {
          "path": "trajectory_400/accepted/euler/scientific-output-accept__pops.handle.v1-case-api0__f9c61582719c0ab591e8e032d2737644ec8dd2554fb9952cfe05736ae4d14c6b4__s000000031__d8606040bf2b9044b1cf2844a85a5fe916c3b2e1b033d300dbd5cdcf189b3cdc.npz",
          "sha256": "ebe682da6a6a0d8fcaba451d19f39ee790a69c48f2792573217276f27ee3bec2"
        },
        {
          "path": "trajectory_400/accepted/euler/scientific-output-accept__pops.handle.v1-case-api0__f9c61582719c0ab591e8e032d2737644ec8dd2554fb9952cfe05736ae4d14c6b4__s000000032__845c7eacdaa73855753aeedbefa3b65dff181ceac1a827c84cd211cca52acb82.npz",
          "sha256": "65d960c4deb3136be12ae30b80cdb07aba390e1258182916fa0c18702c273328"
        },
        {
          "path": "trajectory_400/accepted/euler/scientific-output-accept__pops.handle.v1-case-api0__f9c61582719c0ab591e8e032d2737644ec8dd2554fb9952cfe05736ae4d14c6b4__s000000033__72749b45312a1bac4d89a3bd95bb3f81bf28b6a0aa1ed92f721e8f3f631fb9ca.npz",
          "sha256": "7212c36d2da1fb50603f7ca4b5f1b8cbf9b141737cf4875e7eccd40b89236164"
        },
        {
          "path": "trajectory_400/accepted/euler/scientific-output-accept__pops.handle.v1-case-api0__f9c61582719c0ab591e8e032d2737644ec8dd2554fb9952cfe05736ae4d14c6b4__s000000034__50e8af4d1684f34581dc58c2eb2b327fed986dcf204de3ce22f98d43dbe0b0f0.npz",
          "sha256": "145bfd41b8f5322869cf677a65a725ad892d70f2a01937fe3043e38cc8bedebf"
        },
        {
          "path": "trajectory_400/accepted/euler/scientific-output-accept__pops.handle.v1-case-api0__f9c61582719c0ab591e8e032d2737644ec8dd2554fb9952cfe05736ae4d14c6b4__s000000035__b92ce459545c5779e34620869fa0b1ef2164eaff0017d1579b6de69dd295b05a.npz",
          "sha256": "edb4efba342fb36e343ce81f18574005f1f74fa78a3f7165e0eadeedce8ac630"
        },
        {
          "path": "trajectory_400/accepted/euler/scientific-output-accept__pops.handle.v1-case-api0__f9c61582719c0ab591e8e032d2737644ec8dd2554fb9952cfe05736ae4d14c6b4__s000000036__8330e6eb5f611ab126f15cbdacfbdcb762c60dc6d7f1a28516bfb9ba3631aeab.npz",
          "sha256": "7810a6da2df218e59dc82dd2428d62a6cd3fb9e22ee689de3c033431d10d4a39"
        },
        {
          "path": "trajectory_400/accepted/euler/scientific-output-accept__pops.handle.v1-case-api0__f9c61582719c0ab591e8e032d2737644ec8dd2554fb9952cfe05736ae4d14c6b4__s000000037__06a764aed893ec80dc0572f38a7e1918bd83e5f1d302cd4a618d71420caecb9d.npz",
          "sha256": "0e1dd1902b6a59005610005393685cfad517b1ffeef2397c53f55d6782630864"
        },
        {
          "path": "trajectory_400/accepted/euler/scientific-output-accept__pops.handle.v1-case-api0__f9c61582719c0ab591e8e032d2737644ec8dd2554fb9952cfe05736ae4d14c6b4__s000000038__acc172fac9c49bd6c4bab0d9a7f04939c494ee7a13835bd62445e0e675f2dbdd.npz",
          "sha256": "dc6ae81b17d0cc23f124981a490b9e7f677d20d556fa0928750077a2addf8823"
        },
        {
          "path": "trajectory_400/accepted/euler/scientific-output-accept__pops.handle.v1-case-api0__f9c61582719c0ab591e8e032d2737644ec8dd2554fb9952cfe05736ae4d14c6b4__s000000039__001b605a58a9341e9aad8f1be5e5c8786bcf4f95720e3449c0ca910335b6f888.npz",
          "sha256": "04e6b88fdfc262e81e68c35159a0ef40d25ae5331e345e0c43c3cb5716cbfd53"
        },
        {
          "path": "trajectory_400/accepted/euler/scientific-output-accept__pops.handle.v1-case-api0__f9c61582719c0ab591e8e032d2737644ec8dd2554fb9952cfe05736ae4d14c6b4__s000000040__5926975cbf7fbf1492cd2e92edcbad561f6850654f2b7d886e7c7ea49aeca84d.npz",
          "sha256": "fbbd5736fb30b8f0c0cda1daf0692a768808e809ecebc3e1f210452af3e7ed2a"
        },
        {
          "path": "trajectory_400/accepted/euler/scientific-output-accept__pops.handle.v1-case-api0__f9c61582719c0ab591e8e032d2737644ec8dd2554fb9952cfe05736ae4d14c6b4__s000000041__2d0ee5e07403528e5329ad7f2f634890a49c6fe29b58df3b5fdc638b06ba6e48.npz",
          "sha256": "e2e5eed7799d413d85a60b509750b5efa654b15d8df32c3bd3c51cc4dbaed425"
        },
        {
          "path": "trajectory_400/accepted/euler/scientific-output-accept__pops.handle.v1-case-api0__f9c61582719c0ab591e8e032d2737644ec8dd2554fb9952cfe05736ae4d14c6b4__s000000042__6f6a1166f3cf9481d636e7f9e70fa654f65f16c0a23e612064770e8626d64e1d.npz",
          "sha256": "7de5d878e2f35ae8ab5c7425143ca7fdec0390347fbf0fac4066d24d5f7dbfac"
        },
        {
          "path": "trajectory_400/accepted/euler/scientific-output-accept__pops.handle.v1-case-api0__f9c61582719c0ab591e8e032d2737644ec8dd2554fb9952cfe05736ae4d14c6b4__s000000043__57344ad954844fad631e23ffef25e1ed783040373665e07f3de1c655e610de54.npz",
          "sha256": "64b4c285032776ae29f78d0bffb191a565d447318c2d4e8675e2fe31d3de3c41"
        },
        {
          "path": "trajectory_400/accepted/euler/scientific-output-accept__pops.handle.v1-case-api0__f9c61582719c0ab591e8e032d2737644ec8dd2554fb9952cfe05736ae4d14c6b4__s000000044__5948a50a61826e321f67e3f1bf696f504711386ee244be4381f95112caf8c020.npz",
          "sha256": "df5ad82694591ab6a5d3cc77530b1acfeb6e29cb522661569be2ceb6d2cf9d2e"
        },
        {
          "path": "trajectory_400/accepted/euler/scientific-output-accept__pops.handle.v1-case-api0__f9c61582719c0ab591e8e032d2737644ec8dd2554fb9952cfe05736ae4d14c6b4__s000000045__dd07f56559d38f21050dfa1d7350659d85d30f342b74d8566d8066d1dff3ec3f.npz",
          "sha256": "ee73aa925d7957da93628afe0314bc0ec1228eca23a20f9a7d9fd5d1cb7e198f"
        },
        {
          "path": "trajectory_400/accepted/euler/scientific-output-accept__pops.handle.v1-case-api0__f9c61582719c0ab591e8e032d2737644ec8dd2554fb9952cfe05736ae4d14c6b4__s000000046__45ded2da5708e862f2ce19391743f918c1b4218f9316ed55cb78decf34f2a38a.npz",
          "sha256": "ee0bb4bdcbdf3c3efaec022f12f88ce7e994d1b658807c20e5e3ebdda677646b"
        },
        {
          "path": "trajectory_400/accepted/euler/scientific-output-accept__pops.handle.v1-case-api0__f9c61582719c0ab591e8e032d2737644ec8dd2554fb9952cfe05736ae4d14c6b4__s000000047__a2819892d066a2a5080cc05e78da49dd39789686d83749d1d9e27ade61c3924a.npz",
          "sha256": "233a57268a381ae7c3f68ae8cfd972b4027224177b774c551e5101580ce217c6"
        },
        {
          "path": "trajectory_400/accepted/euler/scientific-output-accept__pops.handle.v1-case-api0__f9c61582719c0ab591e8e032d2737644ec8dd2554fb9952cfe05736ae4d14c6b4__s000000048__da8746008d94747bc8ac9649f44a992828a07f43169a36854e7f2404920b24b3.npz",
          "sha256": "9134325244e6e00d3fd71fd25b6cf25ddf28cef81d182c9217612897dce981b1"
        },
        {
          "path": "trajectory_400/accepted/euler/scientific-output-accept__pops.handle.v1-case-api0__f9c61582719c0ab591e8e032d2737644ec8dd2554fb9952cfe05736ae4d14c6b4__s000000049__0030a207620f59a01633080aed37473bfa69d03d7a5805e5b6849d68ced30de2.npz",
          "sha256": "e7ba88015f0529767b13251dce0184f06da73f3df2829d4d5fde245ec58f85f9"
        },
        {
          "path": "trajectory_400/accepted/euler/scientific-output-accept__pops.handle.v1-case-api0__f9c61582719c0ab591e8e032d2737644ec8dd2554fb9952cfe05736ae4d14c6b4__s000000050__123411e4a06527a0ebf5b5118dedbe29c5d99ee6f1719fbfd7702741d47bea12.npz",
          "sha256": "1739d5390461842d3c671bcf618eb10233243c4f7f7e340476fc46f695aabbfe"
        },
        {
          "path": "trajectory_400/accepted/euler/scientific-output-accept__pops.handle.v1-case-api0__f9c61582719c0ab591e8e032d2737644ec8dd2554fb9952cfe05736ae4d14c6b4__s000000051__470307b3a2a7cbe2926991851b9f8b3d8b3169df2643a1636321faba80b065a5.npz",
          "sha256": "a6b09e3b51e31f59e768de9fa63929f888d9a7bbfe6311aec2e34432b1f3d0ba"
        },
        {
          "path": "trajectory_400/accepted/euler/scientific-output-accept__pops.handle.v1-case-api0__f9c61582719c0ab591e8e032d2737644ec8dd2554fb9952cfe05736ae4d14c6b4__s000000052__02b34976783724cb737d0b6398054e14c840818c262833cde352a6cc8a3380cf.npz",
          "sha256": "c1fb8f08cf3d853e8ed06e78bb7d7db9d9f5d1046881d74ef653894ffe745af8"
        },
        {
          "path": "trajectory_400/accepted/euler/scientific-output-accept__pops.handle.v1-case-api0__f9c61582719c0ab591e8e032d2737644ec8dd2554fb9952cfe05736ae4d14c6b4__s000000053__24e0d9a949c63f9d4f848f2659a44e058be1b16b30eb96ba3d2a5997b2fc84d1.npz",
          "sha256": "fb9cf0e0c62f24e9c68e89b73a5e60401c4ada34f43e27b2920cd43b56cf2540"
        },
        {
          "path": "trajectory_400/accepted/euler/scientific-output-accept__pops.handle.v1-case-api0__f9c61582719c0ab591e8e032d2737644ec8dd2554fb9952cfe05736ae4d14c6b4__s000000054__813e8f803ade7cc790fbccc9989c88f7bdd6312da876f3f04beea546ef59fc5d.npz",
          "sha256": "8ae6b2c996e8354898465d6e1d8ae88540e152d0c456403f775687f329796536"
        },
        {
          "path": "trajectory_400/accepted/euler/scientific-output-accept__pops.handle.v1-case-api0__f9c61582719c0ab591e8e032d2737644ec8dd2554fb9952cfe05736ae4d14c6b4__s000000055__c8925abf5b01803631e0e03e42db4708a915af719f089ec4e5a958d25421ea55.npz",
          "sha256": "5fe693d77ff3fddb6a03b18d51ed9472f2fef6062223f48a3df9962c4dc8324d"
        },
        {
          "path": "trajectory_400/accepted/euler/scientific-output-accept__pops.handle.v1-case-api0__f9c61582719c0ab591e8e032d2737644ec8dd2554fb9952cfe05736ae4d14c6b4__s000000056__1cc4a75280eb5fd6618c034999e3983da96a83d1e50dc9d78719f8e25d7140d4.npz",
          "sha256": "f68706ceba54a7de414d1a11861fa6f8df470438ea18d21534640182fd81a8c9"
        },
        {
          "path": "trajectory_400/accepted/euler/scientific-output-accept__pops.handle.v1-case-api0__f9c61582719c0ab591e8e032d2737644ec8dd2554fb9952cfe05736ae4d14c6b4__s000000057__437a3043c71f2af59ebeac591519a120638edc824b9390388f585709429b62e6.npz",
          "sha256": "2df662655c10d18ac82b00ac66eca8507c4b14b2ca042dd82e16610fd479721e"
        },
        {
          "path": "trajectory_400/accepted/euler/scientific-output-accept__pops.handle.v1-case-api0__f9c61582719c0ab591e8e032d2737644ec8dd2554fb9952cfe05736ae4d14c6b4__s000000058__36c8c375fc159132eb487b4bb48188d2ec37acd6959b2f62062ab3bb6ab110ae.npz",
          "sha256": "d066ee4652832a2b759e08fd73d3c07a85fd4058edd28c8624131e288e9284c3"
        },
        {
          "path": "trajectory_400/accepted/euler/scientific-output-accept__pops.handle.v1-case-api0__f9c61582719c0ab591e8e032d2737644ec8dd2554fb9952cfe05736ae4d14c6b4__s000000059__aaec9c413fc1021f1b71ced50211f21d0df3e23eb229ef1174d9e5b75be9eaf5.npz",
          "sha256": "a8935c6346c6141e838a9e9c8f573683102d8315a7555fbb2dff87af21160b7f"
        },
        {
          "path": "trajectory_400/accepted/euler/scientific-output-accept__pops.handle.v1-case-api0__f9c61582719c0ab591e8e032d2737644ec8dd2554fb9952cfe05736ae4d14c6b4__s000000060__286c1ba06fbd97f3691b083676dddb4930af5a77c6b1c06cdd1aa4c74ab2902c.npz",
          "sha256": "a2f71c50c8bc92fdc36c19b272f18213d564cb87a1eeab807c25747edce835cb"
        },
        {
          "path": "trajectory_400/accepted/euler/scientific-output-accept__pops.handle.v1-case-api0__f9c61582719c0ab591e8e032d2737644ec8dd2554fb9952cfe05736ae4d14c6b4__s000000061__3526ef6d9e2dc6d7b1b70e3cf3c512a822788122abf15f60cc1422efe54f3080.npz",
          "sha256": "7c9b40230f924ae5e38811935982d462403c376f9ce5e600b514b3ca5839dece"
        },
        {
          "path": "trajectory_400/accepted/euler/scientific-output-accept__pops.handle.v1-case-api0__f9c61582719c0ab591e8e032d2737644ec8dd2554fb9952cfe05736ae4d14c6b4__s000000062__308e67011c419de01a9f5c4030bf73c80049972cbc677525703fb8ee5b506dea.npz",
          "sha256": "0f658499ffad07a959354bab41251d96050ea160b2652ec7796bb3d6211c1706"
        },
        {
          "path": "trajectory_400/accepted/euler/scientific-output-accept__pops.handle.v1-case-api0__f9c61582719c0ab591e8e032d2737644ec8dd2554fb9952cfe05736ae4d14c6b4__s000000063__ed5956968e62a6aa4510e9bd4bc932588e93dd9f524ee460ab02f07d7976c960.npz",
          "sha256": "8297cc286fa5a6fea38fff7049269988706db1fc0a6834a628146afd860b575c"
        },
        {
          "path": "trajectory_400/accepted/euler/scientific-output-accept__pops.handle.v1-case-api0__f9c61582719c0ab591e8e032d2737644ec8dd2554fb9952cfe05736ae4d14c6b4__s000000064__54f3fd8683da666cd59cb4368f430eddea77f257179338e9d73ac11f6edb7aed.npz",
          "sha256": "24baca2798f7879ab76d5d9e27417f42edea7eb87bacbac1f1d96b708835abbd"
        },
        {
          "path": "trajectory_400/accepted/euler/scientific-output-accept__pops.handle.v1-case-api0__f9c61582719c0ab591e8e032d2737644ec8dd2554fb9952cfe05736ae4d14c6b4__s000000065__c51032d90d113b3325f8f5829b453fbd34cf8e080119335be804d09079607e48.npz",
          "sha256": "19e73021bbc80e9e98a74a556eadaf8b5709e244060dea840bb15fd7fe22ddf2"
        },
        {
          "path": "trajectory_400/accepted/euler/scientific-output-accept__pops.handle.v1-case-api0__f9c61582719c0ab591e8e032d2737644ec8dd2554fb9952cfe05736ae4d14c6b4__s000000066__b7c1373dae8932e432d10a2f6d4253eab7f4d3d3786350544114ed28fb6f32bc.npz",
          "sha256": "69fc535df3da7afac369daa45a3f98efced307edbada6e614d5705e1620ff820"
        },
        {
          "path": "trajectory_400/accepted/euler/scientific-output-accept__pops.handle.v1-case-api0__f9c61582719c0ab591e8e032d2737644ec8dd2554fb9952cfe05736ae4d14c6b4__s000000067__3772d8f005d33595f88969dd878aa325ca034f380d88780d49341c4f8c5072eb.npz",
          "sha256": "8f3654f4037dfe6919466ebb33f605c17942d71fe0d4a5501146fe3d80140e16"
        },
        {
          "path": "trajectory_400/accepted/euler/scientific-output-accept__pops.handle.v1-case-api0__f9c61582719c0ab591e8e032d2737644ec8dd2554fb9952cfe05736ae4d14c6b4__s000000068__042e0a03786e520da288bfb41230503ac17c931de76272c93195ec0db4ff3336.npz",
          "sha256": "751bed0a29a60e8ff84e0338404b9152c26eec6a47b9f4909db611f98a3d0ddb"
        },
        {
          "path": "trajectory_400/accepted/euler/scientific-output-accept__pops.handle.v1-case-api0__f9c61582719c0ab591e8e032d2737644ec8dd2554fb9952cfe05736ae4d14c6b4__s000000069__bc78a9d0dcaba38544f30f99a5c39d49f91c3d09a2e07a8c8fcf6693142275a0.npz",
          "sha256": "576214959a694a5d5e27cca87d7cc04c76f37743722d1e95f70ce39b63e212b5"
        },
        {
          "path": "trajectory_400/accepted/euler/scientific-output-accept__pops.handle.v1-case-api0__f9c61582719c0ab591e8e032d2737644ec8dd2554fb9952cfe05736ae4d14c6b4__s000000070__2d23d8ee8035d6a7710c26d7e3dd63b1930fe7f6bb9a670caf3851e0dda757a6.npz",
          "sha256": "f3451eae4aac357696f79696b7c9325e5ee4cfb1599516021ba4750df19eb245"
        },
        {
          "path": "trajectory_400/accepted/euler/scientific-output-accept__pops.handle.v1-case-api0__f9c61582719c0ab591e8e032d2737644ec8dd2554fb9952cfe05736ae4d14c6b4__s000000071__d80238d14d17d7f39a62bb6a86f2fd9b92a9b348d82220edf686f2e95652115a.npz",
          "sha256": "b73f6fd649e85c0688b7b1bcbf5e21db0dfbcb526dbeb21afb91174138bf68df"
        },
        {
          "path": "trajectory_400/accepted/euler/scientific-output-accept__pops.handle.v1-case-api0__f9c61582719c0ab591e8e032d2737644ec8dd2554fb9952cfe05736ae4d14c6b4__s000000072__2a607a0ebc4b2b50b36a0395a4d306a20a7fe56e968d6a06304de215a5e0acda.npz",
          "sha256": "ec4465807962dc3ab8787ddc938a843b616e6138a7b1033af179ed3cf2326132"
        },
        {
          "path": "trajectory_400/accepted/euler/scientific-output-accept__pops.handle.v1-case-api0__f9c61582719c0ab591e8e032d2737644ec8dd2554fb9952cfe05736ae4d14c6b4__s000000073__4abd8d961da97fcedb5927dab2bb40b40879fb3cc7fe288a60028c15c411189e.npz",
          "sha256": "a612cd5f0cff7e549f3e87170c91ef97722aad56f18f1aab31964bdbb5e3b143"
        },
        {
          "path": "trajectory_400/accepted/euler/scientific-output-accept__pops.handle.v1-case-api0__f9c61582719c0ab591e8e032d2737644ec8dd2554fb9952cfe05736ae4d14c6b4__s000000074__496bfe2bf1fd94921cd059fe5ebe1d3f4dd3b89d04c0c67b730411b6643bb8fe.npz",
          "sha256": "9ae985ee6ecf2f8a86b1060fa009c79f0618299fc1bd75cbc4d5c712d9218188"
        },
        {
          "path": "trajectory_400/accepted/euler/scientific-output-accept__pops.handle.v1-case-api0__f9c61582719c0ab591e8e032d2737644ec8dd2554fb9952cfe05736ae4d14c6b4__s000000075__65720d763f2ed006a6364d96bcff595ee29c935699bd39ba43788f5c1c46bf90.npz",
          "sha256": "3ac399ac2fbb6f43eb09fa41e69f8aee800331915f7dc7f67a473ff8e449a0dd"
        },
        {
          "path": "trajectory_400/accepted/euler/scientific-output-accept__pops.handle.v1-case-api0__f9c61582719c0ab591e8e032d2737644ec8dd2554fb9952cfe05736ae4d14c6b4__s000000076__98ce9cbef17842e53d77cd2962509f422c4e08fe67f1ae4bbb232936b413ce52.npz",
          "sha256": "a17ad84b92b6499ca4204629634b6dcf20a1745fc14cc22885f949abd2bd6afa"
        },
        {
          "path": "trajectory_400/accepted/euler/scientific-output-accept__pops.handle.v1-case-api0__f9c61582719c0ab591e8e032d2737644ec8dd2554fb9952cfe05736ae4d14c6b4__s000000077__c402d0a1720c1147c5574d1af0f3adcad774b146b5bada433b68ab5309b62f1b.npz",
          "sha256": "13f7fbfbe5eaeaade68e4e67cd80e02199a30049febabe4b672256d9edc027e7"
        },
        {
          "path": "trajectory_400/accepted/euler/scientific-output-accept__pops.handle.v1-case-api0__f9c61582719c0ab591e8e032d2737644ec8dd2554fb9952cfe05736ae4d14c6b4__s000000078__4e410f0649519b5f3d30b6aab68dc4bb3292bd96fb3eafdd18552857b7929d4f.npz",
          "sha256": "e53e35bf6356a6752202462dee36fbbd634c98d48e4d6b02fcccd80332291982"
        },
        {
          "path": "trajectory_400/accepted/euler/scientific-output-accept__pops.handle.v1-case-api0__f9c61582719c0ab591e8e032d2737644ec8dd2554fb9952cfe05736ae4d14c6b4__s000000079__7f9cac197f66aee06434c7ef1eca7a95bcdc289fbc6d9c3c60f7098d319a9418.npz",
          "sha256": "2780ccce3747c003bb2baae64c02a4582a5c38d957a1cce37ce48c7989501cca"
        },
        {
          "path": "trajectory_400/accepted/euler/scientific-output-accept__pops.handle.v1-case-api0__f9c61582719c0ab591e8e032d2737644ec8dd2554fb9952cfe05736ae4d14c6b4__s000000080__72ab0dfe528ce456be484d737bfae8d17546ff0d3c35ba7b321e1a820863fe0a.npz",
          "sha256": "a327e81fcee1355ce4576b76cc1e8d3350035e445cfbcdd401b9a8a0f0a16bfd"
        },
        {
          "path": "trajectory_400/accepted/euler/scientific-output-accept__pops.handle.v1-case-api0__f9c61582719c0ab591e8e032d2737644ec8dd2554fb9952cfe05736ae4d14c6b4__s000000081__27fe53a51194384a8dda09378ac7d9f1a2885d891e09794b1f34807f562b1ccb.npz",
          "sha256": "b9052710d6856ab099fb920e2b5b23d6e8432a0bffa389fec40be6d45a54e5df"
        },
        {
          "path": "trajectory_400/accepted/euler/scientific-output-accept__pops.handle.v1-case-api0__f9c61582719c0ab591e8e032d2737644ec8dd2554fb9952cfe05736ae4d14c6b4__s000000082__521199dabbc09cab460b80574c6a77b788d5083f1cfa116805c2cd2c4e9bcfbd.npz",
          "sha256": "115878cd65a5ec1d3ca2cf0fe9e18d91894ef6488b307681d104d9c9de14f835"
        },
        {
          "path": "trajectory_400/accepted/euler/scientific-output-accept__pops.handle.v1-case-api0__f9c61582719c0ab591e8e032d2737644ec8dd2554fb9952cfe05736ae4d14c6b4__s000000083__b14fa35a2197ebd428c627aac630522fcd17c98cc962157ee8376564be55ba6c.npz",
          "sha256": "44ba4c50f5f6521cd68917cdbb07dc2931b804f652e587a7176299c3e184fe62"
        },
        {
          "path": "trajectory_400/accepted/euler/scientific-output-accept__pops.handle.v1-case-api0__f9c61582719c0ab591e8e032d2737644ec8dd2554fb9952cfe05736ae4d14c6b4__s000000084__b5753eceba5e3aee29668eabf214b6f084b5eb50edec31660471a12e76ca21bf.npz",
          "sha256": "c984a16a0f0575a7d02ef8a2ae08a43eefa08734178d4f65c1459c2073dca2d8"
        },
        {
          "path": "trajectory_400/accepted/euler/scientific-output-accept__pops.handle.v1-case-api0__f9c61582719c0ab591e8e032d2737644ec8dd2554fb9952cfe05736ae4d14c6b4__s000000085__1ff347ed78f0ba0f870b668bff35513c4fd534160fa5f050ea753bb129ec146b.npz",
          "sha256": "48b0cf32b2eb2e8b77bb3958afbca77d2f2c9f765ebd6382fdbb6719ea96f5dd"
        },
        {
          "path": "trajectory_400/accepted/euler/scientific-output-accept__pops.handle.v1-case-api0__f9c61582719c0ab591e8e032d2737644ec8dd2554fb9952cfe05736ae4d14c6b4__s000000086__817d160e7ad5258654295dd38da2c747d3ccf35dda5a224ad057d92963f7824c.npz",
          "sha256": "ad6d8849d35fadb35014cde19f60542f29f2ac46622249d76b2184d9a44d0509"
        },
        {
          "path": "trajectory_400/accepted/euler/scientific-output-accept__pops.handle.v1-case-api0__f9c61582719c0ab591e8e032d2737644ec8dd2554fb9952cfe05736ae4d14c6b4__s000000087__7401be9f7295c5666b39299c23b1ee8bac81a55d6ff382f9b969a288eac84a30.npz",
          "sha256": "4bda441e9859e5344e2b04f6bc9ae203c6fb0edcca1ea6ce73b23b68be52acfb"
        },
        {
          "path": "trajectory_400/accepted/euler/scientific-output-accept__pops.handle.v1-case-api0__f9c61582719c0ab591e8e032d2737644ec8dd2554fb9952cfe05736ae4d14c6b4__s000000088__1b738fd6f9ec16925f8200e763d6cdb5fef32ddd35b3660bc7df351fd549eb07.npz",
          "sha256": "62acff676ef721c465842b4d21d3e1e4df00467528ffb0a3f707c920caf855aa"
        },
        {
          "path": "trajectory_400/accepted/euler/scientific-output-accept__pops.handle.v1-case-api0__f9c61582719c0ab591e8e032d2737644ec8dd2554fb9952cfe05736ae4d14c6b4__s000000089__708d567e3741c7b8b48db7a4c8bc8ead2c3c676de8c852186e4416666ded2e07.npz",
          "sha256": "79b341d9a83167b86fa8c5cbe32226e27215aee73d60abb1b5866db401bf246f"
        },
        {
          "path": "trajectory_400/accepted/euler/scientific-output-accept__pops.handle.v1-case-api0__f9c61582719c0ab591e8e032d2737644ec8dd2554fb9952cfe05736ae4d14c6b4__s000000090__cfe0f8c1aebdd29d82c2d16a9b2e4307ff05760ccd6b25b593cada7a02744386.npz",
          "sha256": "bda961e683b73795bbbacaac00f77c144c780db309b281253a1aa1621e2797dc"
        },
        {
          "path": "trajectory_400/accepted/euler/scientific-output-accept__pops.handle.v1-case-api0__f9c61582719c0ab591e8e032d2737644ec8dd2554fb9952cfe05736ae4d14c6b4__s000000091__038a8378d2143608925a61d91bbb61634c91957354b43da32d39b3805cccbc32.npz",
          "sha256": "53356130c34ac61172eaa2d769526e88919ddd1f77c16cbf8ed6536c8187f2af"
        },
        {
          "path": "trajectory_400/accepted/euler/scientific-output-accept__pops.handle.v1-case-api0__f9c61582719c0ab591e8e032d2737644ec8dd2554fb9952cfe05736ae4d14c6b4__s000000092__48408b87fd361e9efb356638b3a3564a5d22f26aedddc98b4b10c93b2837261a.npz",
          "sha256": "15c937080ea8bf394696a88f5fdb400ed0a6c83c1d5f8f8df05800805e45e180"
        },
        {
          "path": "trajectory_400/accepted/euler/scientific-output-accept__pops.handle.v1-case-api0__f9c61582719c0ab591e8e032d2737644ec8dd2554fb9952cfe05736ae4d14c6b4__s000000093__c443d5dd40ff9b087f87a89e29646c75ee0892574b99f222b26849816f3313ea.npz",
          "sha256": "d000b3502751b7e3d537e8cc07fcc0a8cfbb0332e85ef1f8604d52a895bdb799"
        },
        {
          "path": "trajectory_400/accepted/euler/scientific-output-accept__pops.handle.v1-case-api0__f9c61582719c0ab591e8e032d2737644ec8dd2554fb9952cfe05736ae4d14c6b4__s000000094__a878e5e2d0508374594d9b3a2cfb8b1cb4c4b60aaf854e9bf3c5374fd6ffe6eb.npz",
          "sha256": "c2ffb1e0a667d806857093f32a960b7b5759d41883ddf8143ca5e44505d9faf8"
        },
        {
          "path": "trajectory_400/accepted/euler/scientific-output-accept__pops.handle.v1-case-api0__f9c61582719c0ab591e8e032d2737644ec8dd2554fb9952cfe05736ae4d14c6b4__s000000095__612dfae8ea0c63f71144c00277e7e190f537cea9c07b2439cbef9d7b7c0d4d9a.npz",
          "sha256": "525678bd27f1c68e386d468e796fde2f72ec0f7f24fd78c9169e2111c7d61597"
        },
        {
          "path": "trajectory_400/accepted/euler/scientific-output-accept__pops.handle.v1-case-api0__f9c61582719c0ab591e8e032d2737644ec8dd2554fb9952cfe05736ae4d14c6b4__s000000096__90db8378498b7580fa66157dc9d9f5cc29dea0a6323c70d67cdf0e14c0c53261.npz",
          "sha256": "c2e25789979d492f8571f48886c3e3a43480ae0c30661ae4ffb0236d50a5dc89"
        },
        {
          "path": "trajectory_400/accepted/euler/scientific-output-accept__pops.handle.v1-case-api0__f9c61582719c0ab591e8e032d2737644ec8dd2554fb9952cfe05736ae4d14c6b4__s000000097__a145fe1e7b5de647efe8190a812ca71b39c83e3d89ac1925b0893ab6772afe8e.npz",
          "sha256": "a443a18013cb108ee6c2e6c1c0eaa009b36c4117fdc487d1e8616264e7874573"
        },
        {
          "path": "trajectory_400/accepted/euler/scientific-output-accept__pops.handle.v1-case-api0__f9c61582719c0ab591e8e032d2737644ec8dd2554fb9952cfe05736ae4d14c6b4__s000000098__70fc07fa882caa4a317247a6b9036cdf4980391bc10f79eeff77391e86176da2.npz",
          "sha256": "7fe3a254c0526a945b264d8f1f683b340aada06c02d2cd661826edb7bb81f03b"
        },
        {
          "path": "trajectory_400/accepted/euler/scientific-output-accept__pops.handle.v1-case-api0__f9c61582719c0ab591e8e032d2737644ec8dd2554fb9952cfe05736ae4d14c6b4__s000000099__58f00d0e091342477b96f8e08e9343b2078c1f9ac505c0204940658cbb81ba87.npz",
          "sha256": "02f5e6287d18b9a2d1f772aa77f4414ff8cb4fd55c76d7033ac0d1681c8b18e2"
        },
        {
          "path": "trajectory_400/accepted/euler/scientific-output-accept__pops.handle.v1-case-api0__f9c61582719c0ab591e8e032d2737644ec8dd2554fb9952cfe05736ae4d14c6b4__s000000100__74e8b59f18468b00730cc5dfe78b605945d38ec4bfa1c014aef6988125997fd1.npz",
          "sha256": "e24228408419b4cad00522e5146724bb3bacd6114c44a486a2d9989535752361"
        },
        {
          "path": "trajectory_400/accepted/euler/scientific-output-accept__pops.handle.v1-case-api0__f9c61582719c0ab591e8e032d2737644ec8dd2554fb9952cfe05736ae4d14c6b4__s000000101__aea67957409049c0e83e4f264a883afc1b020bdaa22d5da1cb4e9e1e44733a37.npz",
          "sha256": "e88275548637ce70df3d29db370c4db377aa31f15bd118308b232f694818ea77"
        },
        {
          "path": "trajectory_400/accepted/euler/scientific-output-accept__pops.handle.v1-case-api0__f9c61582719c0ab591e8e032d2737644ec8dd2554fb9952cfe05736ae4d14c6b4__s000000102__ea7f6c6cdccd708f570b1996568eec4f8e872faa0d69a6f5cd8f5fdd809e0937.npz",
          "sha256": "f4cb1fadd276f1b115d9291a2b58a53e28019115eff65014f426b96a23eaa538"
        },
        {
          "path": "trajectory_400/accepted/euler/scientific-output-accept__pops.handle.v1-case-api0__f9c61582719c0ab591e8e032d2737644ec8dd2554fb9952cfe05736ae4d14c6b4__s000000103__159142f8ff41cec609893051b2dc00f93c41dd9426f58096c243f5181f5e43ab.npz",
          "sha256": "655b4ed1c8b48a075751b77ad9316c6049b7fcddc5879aaf261f96a512c70b51"
        },
        {
          "path": "trajectory_400/accepted/euler/scientific-output-accept__pops.handle.v1-case-api0__f9c61582719c0ab591e8e032d2737644ec8dd2554fb9952cfe05736ae4d14c6b4__s000000104__c24a0bc9f164ca7adaa3524ad69a3a39e254462dc51e18cd0e9bb41a9f2f3feb.npz",
          "sha256": "cd1c21d57d2116e60df2828e2314a4ecd2ec30acd11743fb0ba390882b4a15ba"
        },
        {
          "path": "trajectory_400/accepted/euler/scientific-output-accept__pops.handle.v1-case-api0__f9c61582719c0ab591e8e032d2737644ec8dd2554fb9952cfe05736ae4d14c6b4__s000000105__a284783b5e12ce62e0d9a91e6ab008a403e3cfb0bdfbcb47ca082916a949d6ae.npz",
          "sha256": "ac4035bf6c44b34777c89f40f8561b96c799906708ee5c61e785a71dc6b44663"
        },
        {
          "path": "trajectory_400/accepted/euler/scientific-output-accept__pops.handle.v1-case-api0__f9c61582719c0ab591e8e032d2737644ec8dd2554fb9952cfe05736ae4d14c6b4__s000000106__42fa0268e04b1324fd932097b29a9ea6c6a966b5f280a9c93a8bfc67d2354406.npz",
          "sha256": "75016f7f08a5b1c1780092dd950ea17c7983b8052a1beffbcf3cd183652e6d3e"
        },
        {
          "path": "trajectory_400/accepted/euler/scientific-output-accept__pops.handle.v1-case-api0__f9c61582719c0ab591e8e032d2737644ec8dd2554fb9952cfe05736ae4d14c6b4__s000000107__4939c5c119aa01428caa8a48c65a9c36edf199869c2a78ad3727053ad49fc6e8.npz",
          "sha256": "93b7da13e9d7d30faf8393b29d5a205bfbe8ed9c6e241978c5998e84aed93999"
        },
        {
          "path": "trajectory_400/accepted/euler/scientific-output-accept__pops.handle.v1-case-api0__f9c61582719c0ab591e8e032d2737644ec8dd2554fb9952cfe05736ae4d14c6b4__s000000108__c487a37077e4e7578f6c3f2293cb0e54125b9b1b84a89b080d8bea44ff232c08.npz",
          "sha256": "8045e640d3326f14e77ac6d3b8e3c2548b96c652611da009bf9474ac5069334a"
        },
        {
          "path": "trajectory_400/accepted/euler/scientific-output-accept__pops.handle.v1-case-api0__f9c61582719c0ab591e8e032d2737644ec8dd2554fb9952cfe05736ae4d14c6b4__s000000109__4e6040830017c99588875a9dd67c62d0ac24cf840a26ba21fa100cd2fb1ed523.npz",
          "sha256": "59d00f129f665c3cafb79470c357f20226057d96266c9a8761e803bbbf0e13fa"
        },
        {
          "path": "trajectory_400/accepted/euler/scientific-output-accept__pops.handle.v1-case-api0__f9c61582719c0ab591e8e032d2737644ec8dd2554fb9952cfe05736ae4d14c6b4__s000000110__71f7da36bdbd8f009c5af7e3e970233fdd2c98b153bfcaba207e01bfe97dfaba.npz",
          "sha256": "951c8c6c1b79b93a056c815e289e504c45391bec12dc26dc04c0316656c86e54"
        },
        {
          "path": "trajectory_400/accepted/euler/scientific-output-accept__pops.handle.v1-case-api0__f9c61582719c0ab591e8e032d2737644ec8dd2554fb9952cfe05736ae4d14c6b4__s000000111__5741e8795982fa33417af3e8defc23562f9d3b4484fccb0d9d6fc85c1b1e243c.npz",
          "sha256": "06db26c30f504babb8b10b7975d088ca9b044a41890dbe8b964f3d699054b5df"
        },
        {
          "path": "trajectory_400/accepted/euler/scientific-output-accept__pops.handle.v1-case-api0__f9c61582719c0ab591e8e032d2737644ec8dd2554fb9952cfe05736ae4d14c6b4__s000000112__27a868f8aa98c8e5e6d4b06804d83159752a347dfd97bf41c789f5fcf267e61f.npz",
          "sha256": "b37d2f8cb72e7874655923cf0987a9463f528b2050d0500e9a0e03dbb4dbb94f"
        },
        {
          "path": "trajectory_400/accepted/euler/scientific-output-accept__pops.handle.v1-case-api0__f9c61582719c0ab591e8e032d2737644ec8dd2554fb9952cfe05736ae4d14c6b4__s000000113__868500ac6c261c8c3af7d7391053015d76e199b0f0943c311770dd8d5ce0d089.npz",
          "sha256": "16535549f5f73ee4b53b4e65f6b74ff65346202bb6fc3e1c1da1d1e77976474f"
        },
        {
          "path": "trajectory_400/accepted/euler/scientific-output-accept__pops.handle.v1-case-api0__f9c61582719c0ab591e8e032d2737644ec8dd2554fb9952cfe05736ae4d14c6b4__s000000114__01feb054c96b6577a3ce1afc83793d511add4e94f58b0be6ef8685785c97854f.npz",
          "sha256": "fcb3c24d516cf998b878be961997982bf60f07104169929b57ff9e2436cad5eb"
        },
        {
          "path": "trajectory_400/accepted/euler/scientific-output-accept__pops.handle.v1-case-api0__f9c61582719c0ab591e8e032d2737644ec8dd2554fb9952cfe05736ae4d14c6b4__s000000115__908a8723eea80b97ffecb99994213e3522a20a9b68940dab6466294a3d45a085.npz",
          "sha256": "a5cb9b038d29a5a4968be8b79aa232bcad224472edb6a825d7814d5b90fcf64d"
        },
        {
          "path": "trajectory_400/accepted/euler/scientific-output-accept__pops.handle.v1-case-api0__f9c61582719c0ab591e8e032d2737644ec8dd2554fb9952cfe05736ae4d14c6b4__s000000116__9836be333b7d67df079d4c15a44f810a506cf8dfc9309d8e30f10c66cab869b3.npz",
          "sha256": "76dab78046f2afdde6ab01aa70364cc48b8791bf3ffc8c1bff9f1992bcc81578"
        },
        {
          "path": "trajectory_400/accepted/euler/scientific-output-accept__pops.handle.v1-case-api0__f9c61582719c0ab591e8e032d2737644ec8dd2554fb9952cfe05736ae4d14c6b4__s000000117__4eded9cbb65b31d39df3970e72ec492621eb242604ca0803ad8a1769fe2d63b6.npz",
          "sha256": "8bf1ca325194f24646ae439c2732dfed95637468048ed2d6b39aff7053836d6a"
        },
        {
          "path": "trajectory_400/accepted/euler/scientific-output-accept__pops.handle.v1-case-api0__f9c61582719c0ab591e8e032d2737644ec8dd2554fb9952cfe05736ae4d14c6b4__s000000118__33203edf8d09a1949f1c80255a030f40b53e7743d9d1cfa1b75fbec4466a9d40.npz",
          "sha256": "7305c4528b8249dcc49e3a763fd2f472c3671f5406c817f527807f3854cc639c"
        },
        {
          "path": "trajectory_400/accepted/euler/scientific-output-accept__pops.handle.v1-case-api0__f9c61582719c0ab591e8e032d2737644ec8dd2554fb9952cfe05736ae4d14c6b4__s000000119__9fd31b02fa5aad0ba3ad8cff4ebe4276374c1be7103766efe71ef3448fce850f.npz",
          "sha256": "1b55e8e4e3fe9d3b5d7d7cc643f0067449a10693dc23e97344ec533e668609b5"
        },
        {
          "path": "trajectory_400/accepted/euler/scientific-output-accept__pops.handle.v1-case-api0__f9c61582719c0ab591e8e032d2737644ec8dd2554fb9952cfe05736ae4d14c6b4__s000000120__4dfd83f7d40098838a12cebdfb09c07e1314cd6328d707633c1b054692b5b949.npz",
          "sha256": "c15cad749d388f2aa570e83837b5ea6fbb2b2984b841cb9cf37137c327243230"
        },
        {
          "path": "trajectory_400/accepted/euler/scientific-output-accept__pops.handle.v1-case-api0__f9c61582719c0ab591e8e032d2737644ec8dd2554fb9952cfe05736ae4d14c6b4__s000000121__195505aecc51de6626e626f61aa1fa8644655a44d8c0c49a97fea2a37715fdc6.npz",
          "sha256": "d2648282be2b59f682df088a18b91ca41b3388927474df09e32bf262b70af87d"
        },
        {
          "path": "trajectory_400/accepted/euler/scientific-output-accept__pops.handle.v1-case-api0__f9c61582719c0ab591e8e032d2737644ec8dd2554fb9952cfe05736ae4d14c6b4__s000000122__2cf0e387a25fc3e0950c744388b47aca09332fd66b232de143d9b59bb5f79abc.npz",
          "sha256": "f2a47906bcb51572acf1839feb028faa8b6bf90805cefe6cc43141db44aff791"
        },
        {
          "path": "trajectory_400/accepted/euler/scientific-output-accept__pops.handle.v1-case-api0__f9c61582719c0ab591e8e032d2737644ec8dd2554fb9952cfe05736ae4d14c6b4__s000000123__361e79521abf9004a943af01540dde011bc74966d2a87073f65ee7bf6a446d98.npz",
          "sha256": "cd8b35ad8aca576793459fad7a1acfcdf1b0f45566b358399654f500eb75527e"
        },
        {
          "path": "trajectory_400/accepted/euler/scientific-output-accept__pops.handle.v1-case-api0__f9c61582719c0ab591e8e032d2737644ec8dd2554fb9952cfe05736ae4d14c6b4__s000000124__2466ae84ae71c843186e032549e7416061c863f1dac8728613e2c860db20e31b.npz",
          "sha256": "f8297ecf132221bd026c447c08daf74e05de9e8299d0cc4c91e1584a242886c3"
        },
        {
          "path": "trajectory_400/accepted/euler/scientific-output-accept__pops.handle.v1-case-api0__f9c61582719c0ab591e8e032d2737644ec8dd2554fb9952cfe05736ae4d14c6b4__s000000125__3e935f0a86df206838cb0e68cf87b5460c81d7fb5f58919d64799163b9159bf0.npz",
          "sha256": "db6141560b958338a028c0c52ade5c2388e13b15487ae7bab466892bc97c8f2b"
        },
        {
          "path": "trajectory_400/accepted/euler/scientific-output-accept__pops.handle.v1-case-api0__f9c61582719c0ab591e8e032d2737644ec8dd2554fb9952cfe05736ae4d14c6b4__s000000126__2337c4521cea83a5c0469f0e92a514567092efa0391b87f83cda2e64704b9465.npz",
          "sha256": "05e7ec02818e3780de05f35237ce21ecf916f556f944a468fc0fbbff2f475204"
        },
        {
          "path": "trajectory_400/accepted/euler/scientific-output-accept__pops.handle.v1-case-api0__f9c61582719c0ab591e8e032d2737644ec8dd2554fb9952cfe05736ae4d14c6b4__s000000127__8ae8093001b5d868e024ce1878cba441b4dd27898375bf02af089670b071082b.npz",
          "sha256": "7b86843f9dd96d5586972ca493e1afd16c855a517c304b77702138baf6d612f6"
        },
        {
          "path": "trajectory_400/accepted/euler/scientific-output-accept__pops.handle.v1-case-api0__f9c61582719c0ab591e8e032d2737644ec8dd2554fb9952cfe05736ae4d14c6b4__s000000128__54bf2829e67ac8b6ae62a0670748cd8346440cdb66db3e58431665db18b15c86.npz",
          "sha256": "1cd660ef502b180571d43bbbe8688168fe6c16816608686239e62b366f2dec43"
        },
        {
          "path": "trajectory_400/accepted/euler/scientific-output-accept__pops.handle.v1-case-api0__f9c61582719c0ab591e8e032d2737644ec8dd2554fb9952cfe05736ae4d14c6b4__s000000129__8c0a803d2b9d56e17942476007245ee00828a1ca2e6fde99bdfc1fbc85efd71d.npz",
          "sha256": "7e1ea06c6809f6be0a97df085c3484e15e0a0a25b64fe6c2fd5b3dec7fd266f9"
        },
        {
          "path": "trajectory_400/accepted/euler/scientific-output-accept__pops.handle.v1-case-api0__f9c61582719c0ab591e8e032d2737644ec8dd2554fb9952cfe05736ae4d14c6b4__s000000130__b06fee4a8c855c36e5b76cd3c7b38daae3eb3dce0c7653522dfec31340e372c2.npz",
          "sha256": "71ad03743de317796fd8eb5d2411c4b8643db4453efaf0bb55bdea022249853f"
        },
        {
          "path": "trajectory_400/accepted/euler/scientific-output-accept__pops.handle.v1-case-api0__f9c61582719c0ab591e8e032d2737644ec8dd2554fb9952cfe05736ae4d14c6b4__s000000131__d90a43a72a2a5529f45cc2a53d76970d3cb3ce020d7e26ff43c96e8b144b1883.npz",
          "sha256": "d5625d78a4e66cf247728cf224cf242185435c1c096d6cd0d148a5d84f270dca"
        },
        {
          "path": "trajectory_400/accepted/euler/scientific-output-accept__pops.handle.v1-case-api0__f9c61582719c0ab591e8e032d2737644ec8dd2554fb9952cfe05736ae4d14c6b4__s000000132__73d3c6f4ee1a00660ad96f97a9112e38a5a0a9ca35ac9bd4d8e23b86c2994812.npz",
          "sha256": "ebfaa182fa066b5878bcd3ba2483feb810c9d52fa4cfd5636108cd6852c87e22"
        },
        {
          "path": "trajectory_400/accepted/euler/scientific-output-accept__pops.handle.v1-case-api0__f9c61582719c0ab591e8e032d2737644ec8dd2554fb9952cfe05736ae4d14c6b4__s000000133__ab5c3d191690d967c89233078c047eafd9625fe6ef5870c2858f0852c357dc51.npz",
          "sha256": "732f1b4ca8576dad7ae10e1ebbe86adbe6662836940c86430ce32531631f4377"
        },
        {
          "path": "trajectory_400/accepted/euler/scientific-output-accept__pops.handle.v1-case-api0__f9c61582719c0ab591e8e032d2737644ec8dd2554fb9952cfe05736ae4d14c6b4__s000000134__d26cf9756ba04e890f887a9fc3cf03bbc8916354fdf026b7aa9df21072f72f51.npz",
          "sha256": "f56d46704ee0eabdf1d9678deab3cf5b3599bfb0c91922106839c12c229e6c38"
        },
        {
          "path": "trajectory_400/accepted/euler/scientific-output-accept__pops.handle.v1-case-api0__f9c61582719c0ab591e8e032d2737644ec8dd2554fb9952cfe05736ae4d14c6b4__s000000135__11ae5f291c348104c816b77c1f2991827746b07e2dd308307d03f29f9b98545a.npz",
          "sha256": "2a86518cf52e4731fbd314117d28fe3c229887ee29673cbc34e35fb9a3c6f933"
        },
        {
          "path": "trajectory_400/accepted/euler/scientific-output-accept__pops.handle.v1-case-api0__f9c61582719c0ab591e8e032d2737644ec8dd2554fb9952cfe05736ae4d14c6b4__s000000136__fc3d2b37ee3bdb73e66da3bf4e58b5f0f39d35318b47ebe41e648b71e511d13c.npz",
          "sha256": "8a152518c2216b12eac4cad31d0de5a7f21cc52a9c09be3ac8d3da2d14a03a16"
        },
        {
          "path": "trajectory_400/accepted/euler/scientific-output-accept__pops.handle.v1-case-api0__f9c61582719c0ab591e8e032d2737644ec8dd2554fb9952cfe05736ae4d14c6b4__s000000137__e322f47577dc1000a7b9a4ffaabd0046b338a42adf2531dbba18358201d810b8.npz",
          "sha256": "656767be0e763c2234e89c1de6e4535ae0f98bb7c5ae52e63ab5ef9c551ed39e"
        },
        {
          "path": "trajectory_400/accepted/euler/scientific-output-accept__pops.handle.v1-case-api0__f9c61582719c0ab591e8e032d2737644ec8dd2554fb9952cfe05736ae4d14c6b4__s000000138__c0726b11eaf940da8d7c480aafb62b9689e85ed2557111ddc8f834f87a93c23a.npz",
          "sha256": "f5c9712347b01af3f7058861f1acc58a257cf25cddc3558e7a96b112b4c0de78"
        },
        {
          "path": "trajectory_400/accepted/euler/scientific-output-accept__pops.handle.v1-case-api0__f9c61582719c0ab591e8e032d2737644ec8dd2554fb9952cfe05736ae4d14c6b4__s000000139__8e20df5b9dfbf01ffca13007dcb9effe8e59f591fd4aa60a0c138d80e3f25e3f.npz",
          "sha256": "5fafa1e11679a6add9c3dd9835881bcde09e2588b7332a3fadd4ff876890f34f"
        },
        {
          "path": "trajectory_400/accepted/euler/scientific-output-accept__pops.handle.v1-case-api0__f9c61582719c0ab591e8e032d2737644ec8dd2554fb9952cfe05736ae4d14c6b4__s000000140__e36f3f0d39b31a53b53b77d182273cf1e3d8007b775cd938271fd08181322ae8.npz",
          "sha256": "a031526a5aa4f2940686a2fb4fc8b5aefb828e83920398ad8ed7ce6ae03b53bc"
        },
        {
          "path": "trajectory_400/accepted/euler/scientific-output-accept__pops.handle.v1-case-api0__f9c61582719c0ab591e8e032d2737644ec8dd2554fb9952cfe05736ae4d14c6b4__s000000141__71f286b152edef364461e314a05a90826d86a13a3b0e6ed7e90210fa28dcaf85.npz",
          "sha256": "6a0f86c6728ef0c730f058ac9d707f504f9893b7b30546bca320e1345e85b898"
        },
        {
          "path": "trajectory_400/accepted/euler/scientific-output-accept__pops.handle.v1-case-api0__f9c61582719c0ab591e8e032d2737644ec8dd2554fb9952cfe05736ae4d14c6b4__s000000142__978a87da50ef11bf954540f8dd93ec7e7e7970bc829bf627cd15830abed4ff52.npz",
          "sha256": "10e19451b361680aeafefec63d7a5963801262f1dec1ff46448054874688a0bc"
        },
        {
          "path": "trajectory_400/accepted/euler/scientific-output-accept__pops.handle.v1-case-api0__f9c61582719c0ab591e8e032d2737644ec8dd2554fb9952cfe05736ae4d14c6b4__s000000143__a17b43cfe61bcefe2e54e39a446817a5bef5efa7efcf9804052fcdd4e926025a.npz",
          "sha256": "2ea9c406be69e043532c8ad64452fee732a86fc1545bfa1967671f9229dc7888"
        },
        {
          "path": "trajectory_400/accepted/euler/scientific-output-accept__pops.handle.v1-case-api0__f9c61582719c0ab591e8e032d2737644ec8dd2554fb9952cfe05736ae4d14c6b4__s000000144__fc07aeeefe4647e99554671139ab55fcc4dfefa3495ea5d5968a63124248bfcf.npz",
          "sha256": "8dd8dc91ad0e932a00683d00eff2b62595bea7a1ab582eb45901fb3a2cf80445"
        },
        {
          "path": "trajectory_400/accepted/euler/scientific-output-accept__pops.handle.v1-case-api0__f9c61582719c0ab591e8e032d2737644ec8dd2554fb9952cfe05736ae4d14c6b4__s000000145__e4d96bebe9f4c1c613f022b78825bee8b04db578d46fc21ae09ebfa86ddc023d.npz",
          "sha256": "41561f283ff1c3cb831fe06887c2b088ac2e12d7c16d36b68ce570f359e696bb"
        },
        {
          "path": "trajectory_400/accepted/euler/scientific-output-accept__pops.handle.v1-case-api0__f9c61582719c0ab591e8e032d2737644ec8dd2554fb9952cfe05736ae4d14c6b4__s000000146__07d16c12bde70581a6512d8e220ac50d55af7866d85071cdf6fe2a354b560e39.npz",
          "sha256": "662ff206fa72bf22a9a23004c2cea93c10dced52fae0028bc75737d3667067a3"
        },
        {
          "path": "trajectory_400/accepted/euler/scientific-output-accept__pops.handle.v1-case-api0__f9c61582719c0ab591e8e032d2737644ec8dd2554fb9952cfe05736ae4d14c6b4__s000000147__d6ae4546f4c5f95c8bba19de8ae1ce4511c4a7b3d7e11485844eb704ac3001fd.npz",
          "sha256": "0688246beab8cba9f56d8934da57a18abcc88ed4cbec879bb5ee60bd4bd5bbf0"
        },
        {
          "path": "trajectory_400/accepted/euler/scientific-output-accept__pops.handle.v1-case-api0__f9c61582719c0ab591e8e032d2737644ec8dd2554fb9952cfe05736ae4d14c6b4__s000000148__e74fe455bbafb6e63b241abf5b13f4c43c874341ca0407313960f777dc476c8b.npz",
          "sha256": "7b917e972abf91775e09445fca232e9226cbb9277967901cb91a0c0c38ea5ad7"
        },
        {
          "path": "trajectory_400/accepted/euler/scientific-output-accept__pops.handle.v1-case-api0__f9c61582719c0ab591e8e032d2737644ec8dd2554fb9952cfe05736ae4d14c6b4__s000000149__be787131961af3cab12bd0700af5c227a04d9d567f7e8374d4fdbdc940a2a97f.npz",
          "sha256": "b5fd73a149d39a4d316591e8a456b546365c0c9c24f3a161d3994dd7f2df5d6e"
        },
        {
          "path": "trajectory_400/accepted/euler/scientific-output-accept__pops.handle.v1-case-api0__f9c61582719c0ab591e8e032d2737644ec8dd2554fb9952cfe05736ae4d14c6b4__s000000150__cd5ba2949ba190634fb9275217015c2f9865fe99168b463fa502be7128edaec8.npz",
          "sha256": "7d2a042d01a0135612679ab09b6cdc45e6d53d23c991b6d97668b145d0030d43"
        },
        {
          "path": "trajectory_400/accepted/euler/scientific-output-accept__pops.handle.v1-case-api0__f9c61582719c0ab591e8e032d2737644ec8dd2554fb9952cfe05736ae4d14c6b4__s000000151__28fe36c11db554e2cffd2ce07d7730d14f35eb5ba1c23a8b7571fac5976ef6cc.npz",
          "sha256": "293c5fc97f58988f6474bacc4bb469f9f4fcdd64d2495db9264250eec74a8f1b"
        },
        {
          "path": "trajectory_400/accepted/euler/scientific-output-accept__pops.handle.v1-case-api0__f9c61582719c0ab591e8e032d2737644ec8dd2554fb9952cfe05736ae4d14c6b4__s000000152__88fdbdc58d920992c5c2986c0dd397f97037368539d465b73325973f06d9c573.npz",
          "sha256": "6e495ffc74711487f9e961ddeae32e35f7fe96ecf36a41f3c258a05ca4c9c79b"
        },
        {
          "path": "trajectory_400/accepted/euler/scientific-output-accept__pops.handle.v1-case-api0__f9c61582719c0ab591e8e032d2737644ec8dd2554fb9952cfe05736ae4d14c6b4__s000000153__4c3f67e63e47fc54c5a47f3c487936129a8c5447045a8c3874028b9b351ca35e.npz",
          "sha256": "b1d2458d3126398e27232c64a242de7231c363556438509f365d22fef770d684"
        },
        {
          "path": "trajectory_400/accepted/euler/scientific-output-accept__pops.handle.v1-case-api0__f9c61582719c0ab591e8e032d2737644ec8dd2554fb9952cfe05736ae4d14c6b4__s000000154__0c0467e2a26697719bdcf0d6c49f6fd574133a0846f0ccab35f05f9df7f2cc68.npz",
          "sha256": "97b19e7cda0eb3c20e92f0e284a91519e413c0d70770e6fe5ae973d214e710b9"
        },
        {
          "path": "trajectory_400/accepted/euler/scientific-output-accept__pops.handle.v1-case-api0__f9c61582719c0ab591e8e032d2737644ec8dd2554fb9952cfe05736ae4d14c6b4__s000000155__bcde4f5c1580a0744c34b909e6c0287e52282e67dc4aa561849debb2df934210.npz",
          "sha256": "b4e9ba564a61cc2c8aad1a2737ac678bd8a6c52f7e281935e0db5ccc2cd628f6"
        },
        {
          "path": "trajectory_400/accepted/euler/scientific-output-accept__pops.handle.v1-case-api0__f9c61582719c0ab591e8e032d2737644ec8dd2554fb9952cfe05736ae4d14c6b4__s000000156__71933b1b366ca9dc2918f20406a7531a7914a73b9236df8b1b6bde78c1033282.npz",
          "sha256": "e4280735c56bf21d0181f2a241d6d30d548076deb853ecde2456fa4ae28fcffe"
        },
        {
          "path": "trajectory_400/accepted/euler/scientific-output-accept__pops.handle.v1-case-api0__f9c61582719c0ab591e8e032d2737644ec8dd2554fb9952cfe05736ae4d14c6b4__s000000157__c27aee78e9ffa9888adfea0ef662a96bacc57804d1c7403bb292b1c07e26a0a2.npz",
          "sha256": "f2d88ceab7bdf4a7ee6cbf723c4365a9a769c9c16d797b43ea4c2c51fd772a94"
        },
        {
          "path": "trajectory_400/accepted/euler/scientific-output-accept__pops.handle.v1-case-api0__f9c61582719c0ab591e8e032d2737644ec8dd2554fb9952cfe05736ae4d14c6b4__s000000158__87d8de9ad8c6fe2f942ccac292a97fa75e422e559a7ff30fe77211b470e8b77f.npz",
          "sha256": "50574ed69627a211c60f7d2fa1fc715f3057527496a6e27d656a227bc7a901a0"
        },
        {
          "path": "trajectory_400/accepted/euler/scientific-output-accept__pops.handle.v1-case-api0__f9c61582719c0ab591e8e032d2737644ec8dd2554fb9952cfe05736ae4d14c6b4__s000000159__31172a6c129cb5de50b39738d03349e46644feb86ed034fffdade9536e22b9a0.npz",
          "sha256": "71d5e733020e3e1b72f5abd41f1630c08591d5a1a1eba20d4a677b9d15d589ef"
        },
        {
          "path": "trajectory_400/accepted/euler/scientific-output-accept__pops.handle.v1-case-api0__f9c61582719c0ab591e8e032d2737644ec8dd2554fb9952cfe05736ae4d14c6b4__s000000160__89a5ec8711c0815c5b829306cf085476b369de3f2a9dcfa53fca95d2689436e7.npz",
          "sha256": "6afb95519a238410938c3a31bfc32632be70e49646f947f37fd8a9647b1782ba"
        },
        {
          "path": "trajectory_400/accepted/euler/scientific-output-accept__pops.handle.v1-case-api0__f9c61582719c0ab591e8e032d2737644ec8dd2554fb9952cfe05736ae4d14c6b4__s000000161__31c585f5c963ddecab335291d0199bceff7e42810060be37f4e3dbb861324e7c.npz",
          "sha256": "bac6ead7bf0ad7cb95b69a7b1c9773d2b84ecfd28561ce91fef6d684e9f7a2ab"
        },
        {
          "path": "trajectory_400/accepted/euler/scientific-output-accept__pops.handle.v1-case-api0__f9c61582719c0ab591e8e032d2737644ec8dd2554fb9952cfe05736ae4d14c6b4__s000000162__d1b8879b18b56d08989f1fcdb9174324ffbd68ff7712d3e3d55880613c1f4c73.npz",
          "sha256": "7d9d775620ae3f71d4d4b3e03c28bffd5fa9c9400390de347abfdc05722c4f9d"
        },
        {
          "path": "trajectory_400/accepted/euler/scientific-output-accept__pops.handle.v1-case-api0__f9c61582719c0ab591e8e032d2737644ec8dd2554fb9952cfe05736ae4d14c6b4__s000000163__daad84e9731198edc891d67e96145d377550acf0a39da45c0b980babf1fa888b.npz",
          "sha256": "86f8f4d9633fef1ae02470ff485360ba0dba77dfd02770755a8decdb557faff1"
        },
        {
          "path": "trajectory_400/accepted/euler/scientific-output-accept__pops.handle.v1-case-api0__f9c61582719c0ab591e8e032d2737644ec8dd2554fb9952cfe05736ae4d14c6b4__s000000164__b2d1205499eb7d991176038538d4e45a04262c54637cfb5e7802434f0358f1c5.npz",
          "sha256": "aa49be210a27a20e5bc530b07d2770b09e0874f2fee6cd85b9c0d3c3e75b0346"
        },
        {
          "path": "trajectory_400/accepted/euler/scientific-output-accept__pops.handle.v1-case-api0__f9c61582719c0ab591e8e032d2737644ec8dd2554fb9952cfe05736ae4d14c6b4__s000000165__b99aff284e15ddc9ccc100e1f471bf22a998415a2c626fd0e001de71a2f9d88c.npz",
          "sha256": "97124c381fb9e69acbf3f8b0caedfe29c3eeb9e685f4924baf008b447e4fac43"
        },
        {
          "path": "trajectory_400/accepted/euler/scientific-output-accept__pops.handle.v1-case-api0__f9c61582719c0ab591e8e032d2737644ec8dd2554fb9952cfe05736ae4d14c6b4__s000000166__934c3856102cfd817ce94c66aacff3dba80eae5a606ec661aecd92c9bb1fd481.npz",
          "sha256": "e77091c80a4eff46f9adc516b3adc200b9fc1c6472433de6383d31ca2614dcb3"
        },
        {
          "path": "trajectory_400/accepted/euler/scientific-output-accept__pops.handle.v1-case-api0__f9c61582719c0ab591e8e032d2737644ec8dd2554fb9952cfe05736ae4d14c6b4__s000000167__09cf212a45c3bb15f9533cff105a5870e0a99af6a77dfa7dc26207defe10ed63.npz",
          "sha256": "093597ac3c59046fccc410ee079e330ff8b00c7a8eea6352c8a7638efadca0b1"
        },
        {
          "path": "trajectory_400/accepted/euler/scientific-output-accept__pops.handle.v1-case-api0__f9c61582719c0ab591e8e032d2737644ec8dd2554fb9952cfe05736ae4d14c6b4__s000000168__d63b663d5f243020f9fff6fe40e0519bc8ee98a72ec861b75ccd0317292d874b.npz",
          "sha256": "b9394aeba133dad54b9cf0be666c909ac8d2db5e19772a2e0d95221018b7ae3c"
        },
        {
          "path": "trajectory_400/accepted/euler/scientific-output-accept__pops.handle.v1-case-api0__f9c61582719c0ab591e8e032d2737644ec8dd2554fb9952cfe05736ae4d14c6b4__s000000169__84d9260061a3f5c3d4fdbf3a08f188ae87cc72c379245ab4ac884b195b179ca2.npz",
          "sha256": "41a6cd53b9102d96bff11fb7ccada94596da942a2632eb6e98e0280cea4584ae"
        },
        {
          "path": "trajectory_400/accepted/euler/scientific-output-accept__pops.handle.v1-case-api0__f9c61582719c0ab591e8e032d2737644ec8dd2554fb9952cfe05736ae4d14c6b4__s000000170__ac81c6204cfe89bc998faf5d85e3b94daf2b5409faf1b58a14ef1f9f1dfe074a.npz",
          "sha256": "e4b0266ed204d0211b580a01cc6c4294b781040567e74ae8bd66c4fd78468ad9"
        },
        {
          "path": "trajectory_400/accepted/euler/scientific-output-accept__pops.handle.v1-case-api0__f9c61582719c0ab591e8e032d2737644ec8dd2554fb9952cfe05736ae4d14c6b4__s000000171__350d667aa880de823c14eeb7ae4292944ab7f1af00fe296a7f118d88facbfd3e.npz",
          "sha256": "b93096cbfc5c89842e3a1c1865524564f855f2642b12c158ff3e62e1e6c10720"
        },
        {
          "path": "trajectory_400/accepted/euler/scientific-output-accept__pops.handle.v1-case-api0__f9c61582719c0ab591e8e032d2737644ec8dd2554fb9952cfe05736ae4d14c6b4__s000000172__9de736cd39e989d76cb45430f1101e6d39e03c21eb05fae72c116df4781a994b.npz",
          "sha256": "2ea75fed6e605c7cd7768d80ce0493adb3b10eca5e088df62af6656d3bfe711e"
        },
        {
          "path": "trajectory_400/accepted/euler/scientific-output-accept__pops.handle.v1-case-api0__f9c61582719c0ab591e8e032d2737644ec8dd2554fb9952cfe05736ae4d14c6b4__s000000173__2fb48fb4cab8be6be521bc6cbb1cff5120f7ee9cff155a945a675135fdb97a7c.npz",
          "sha256": "8759801396ec75a98b04277169229c2cde1293922ac83edf1ca1770c5ab69d05"
        },
        {
          "path": "trajectory_400/accepted/euler/scientific-output-accept__pops.handle.v1-case-api0__f9c61582719c0ab591e8e032d2737644ec8dd2554fb9952cfe05736ae4d14c6b4__s000000174__706afc5f6148965d5f4c2cf67d9df962057c0a3177567c644a9951beb50265d9.npz",
          "sha256": "57bbe4b0b62ad898886c77441fce5aa47a394fb4c82e4ef987e0b0961422e9d2"
        },
        {
          "path": "trajectory_400/accepted/euler/scientific-output-accept__pops.handle.v1-case-api0__f9c61582719c0ab591e8e032d2737644ec8dd2554fb9952cfe05736ae4d14c6b4__s000000175__7d6a95be73b091c940c6e652ba0cf99e1dc18750d941dd52686b3ed2a229bfb0.npz",
          "sha256": "52f8f3274cb10abd48b5a13d663ac0a796235289ed8c648f50ca8af75a3879e4"
        },
        {
          "path": "trajectory_400/accepted/euler/scientific-output-accept__pops.handle.v1-case-api0__f9c61582719c0ab591e8e032d2737644ec8dd2554fb9952cfe05736ae4d14c6b4__s000000176__63db7f1eff150daa3c5acbc0c6295adecb99508b6b5a18cd6cd598d4132b5f3d.npz",
          "sha256": "ffed89f54a08474ea0dcdadd2a7353ffbeb6e164741842d265ef854a4528a0d0"
        },
        {
          "path": "trajectory_400/accepted/euler/scientific-output-accept__pops.handle.v1-case-api0__f9c61582719c0ab591e8e032d2737644ec8dd2554fb9952cfe05736ae4d14c6b4__s000000177__ef95126a869d179eddf92acc3c0bff3ec876df5254f264bbd196e1cbf3297d93.npz",
          "sha256": "760529b7fc74b3314676f5b4e01149a673e4d4d3197756c9801469956dca3477"
        },
        {
          "path": "trajectory_400/accepted/euler/scientific-output-accept__pops.handle.v1-case-api0__f9c61582719c0ab591e8e032d2737644ec8dd2554fb9952cfe05736ae4d14c6b4__s000000178__5bec6b95f9d9d825f45b8649653dd7b2f5b546f3e657067163465c5ceb6e58f4.npz",
          "sha256": "94a91fcd3da15a58ce0fe74c2ae70d40247445f469fe702923d6b7ede98480a0"
        },
        {
          "path": "trajectory_400/accepted/euler/scientific-output-accept__pops.handle.v1-case-api0__f9c61582719c0ab591e8e032d2737644ec8dd2554fb9952cfe05736ae4d14c6b4__s000000179__5b5e29e88ecde91913450ccdd34a27a97f2b8bef78a8c1b46f3ad7720e4dead6.npz",
          "sha256": "b1853e0791923b9d5fcde100a0d25e5b55b1a6c96ce472a892e302061e299102"
        },
        {
          "path": "trajectory_400/accepted/euler/scientific-output-accept__pops.handle.v1-case-api0__f9c61582719c0ab591e8e032d2737644ec8dd2554fb9952cfe05736ae4d14c6b4__s000000180__d291c9814b4b182f1e0d95037fa0060c42b75693aaf198a3bc10285ef67654ce.npz",
          "sha256": "9ac45a7fa46a7edff36c0f51056c1ac20d4a18c31fc05d67690a30dee2574b1e"
        },
        {
          "path": "trajectory_400/accepted/euler/scientific-output-accept__pops.handle.v1-case-api0__f9c61582719c0ab591e8e032d2737644ec8dd2554fb9952cfe05736ae4d14c6b4__s000000181__722188ae16a124032fc8d576cfe5e116cb5b212525d187522cba7273bcb05bad.npz",
          "sha256": "42079aa4d274e0b4206f2aad823f034a2fd95310afe5ee726de781fe82e4f0bf"
        },
        {
          "path": "trajectory_400/accepted/euler/scientific-output-accept__pops.handle.v1-case-api0__f9c61582719c0ab591e8e032d2737644ec8dd2554fb9952cfe05736ae4d14c6b4__s000000182__e28534d4b56bca196dc6ee831f4125d57d7d382cf55b2bfed0a61c7e89a885ec.npz",
          "sha256": "b335acbc6d7fa3831ade04bd4ef68334e6a4a6211af0937f35246903d3b6bf54"
        },
        {
          "path": "trajectory_400/accepted/euler/scientific-output-accept__pops.handle.v1-case-api0__f9c61582719c0ab591e8e032d2737644ec8dd2554fb9952cfe05736ae4d14c6b4__s000000183__26f694ae993657eec1d50a748cbdaab5a0b1a52996f989cfdee05a15707874cc.npz",
          "sha256": "9bc3b19d97f8342806a5a521c3599daebed5b6f0364ef9a9a89b32ab4841945c"
        },
        {
          "path": "trajectory_400/accepted/euler/scientific-output-accept__pops.handle.v1-case-api0__f9c61582719c0ab591e8e032d2737644ec8dd2554fb9952cfe05736ae4d14c6b4__s000000184__12cecab65cd439e022bec6eb7c21105085bc111e80b62d05767e153268d9d917.npz",
          "sha256": "67bf3446248ab0224b6246f0a098d5690eb51e9c3fb6326142dfd5a322513cbb"
        },
        {
          "path": "trajectory_400/accepted/euler/scientific-output-accept__pops.handle.v1-case-api0__f9c61582719c0ab591e8e032d2737644ec8dd2554fb9952cfe05736ae4d14c6b4__s000000185__e0004bc3dc39b855d546d97431230118c26c66a3fea7fafc1c3eb4a3599eb557.npz",
          "sha256": "43e9d45a911d1edd15a65c26aedc39887c517d9bd7126ace3004a7a42dc4ea61"
        },
        {
          "path": "trajectory_400/accepted/euler/scientific-output-accept__pops.handle.v1-case-api0__f9c61582719c0ab591e8e032d2737644ec8dd2554fb9952cfe05736ae4d14c6b4__s000000186__f7b79d4e7af57bccab6e0398d5f03c1f34e5aa85a38b5694a28edb4b136026a4.npz",
          "sha256": "85faae5061423e0a4d7c8e9fc02a5ad11c6124bb8ef3b39aa4ec6577676138e3"
        },
        {
          "path": "trajectory_400/accepted/euler/scientific-output-accept__pops.handle.v1-case-api0__f9c61582719c0ab591e8e032d2737644ec8dd2554fb9952cfe05736ae4d14c6b4__s000000187__7360353ff69dc248f94c7b07ce826884cf47d9d83024b25686cce34cf15807a2.npz",
          "sha256": "7153327eead7ae1f3a014a67fdad790f82a6162db50c43ea2fa8502f78505615"
        },
        {
          "path": "trajectory_400/accepted/euler/scientific-output-accept__pops.handle.v1-case-api0__f9c61582719c0ab591e8e032d2737644ec8dd2554fb9952cfe05736ae4d14c6b4__s000000188__4280862f53380ce4efe6ae6adb0b97d38aa769f170746002de7dc0b6066c21e2.npz",
          "sha256": "1603a487ba25368910b1fbd4b24e38faa52f688a22ffef02b37b56eb15908ff9"
        },
        {
          "path": "trajectory_400/accepted/euler/scientific-output-accept__pops.handle.v1-case-api0__f9c61582719c0ab591e8e032d2737644ec8dd2554fb9952cfe05736ae4d14c6b4__s000000189__6ebbe21b7abb87dc17313ab4080f34e9c99a3946547ed1bc58d582896ea24c0c.npz",
          "sha256": "8a3fb7c9aea428f246db649edfec7d7d33f731db766829265c83c1033d7b65fb"
        },
        {
          "path": "trajectory_400/accepted/euler/scientific-output-accept__pops.handle.v1-case-api0__f9c61582719c0ab591e8e032d2737644ec8dd2554fb9952cfe05736ae4d14c6b4__s000000190__cbdc223ed0331384c67b0960fb409cd5e648decb76edf422bc9f2cfa7c36ec37.npz",
          "sha256": "e638b29d818c3570e46c75a924d031456f68ee909dec695999b5e7f579a1e958"
        },
        {
          "path": "trajectory_400/accepted/euler/scientific-output-accept__pops.handle.v1-case-api0__f9c61582719c0ab591e8e032d2737644ec8dd2554fb9952cfe05736ae4d14c6b4__s000000191__4d77575bb3075bbeb73c63993ca0211bcba36df59b54c17f1698c46f374b1043.npz",
          "sha256": "bd1c59a94928bdcf15bb1f55f24bb074ee43e5820fa2b5a92734be6ee1a4cd4a"
        },
        {
          "path": "trajectory_400/accepted/euler/scientific-output-accept__pops.handle.v1-case-api0__f9c61582719c0ab591e8e032d2737644ec8dd2554fb9952cfe05736ae4d14c6b4__s000000192__e53be16bbac79e0676c71f3cf756023ee17ce89229e70b41e0cdc534b38bfb55.npz",
          "sha256": "357bca468cbeac3e2bbbe92ab260ec5ff58467615e0b75d9caa86e4211c4dec9"
        },
        {
          "path": "trajectory_400/accepted/euler/scientific-output-accept__pops.handle.v1-case-api0__f9c61582719c0ab591e8e032d2737644ec8dd2554fb9952cfe05736ae4d14c6b4__s000000193__fa046c9315b7faf0fe53a9a659017de8e3b65235cd7d9b93836e8f802bf276e6.npz",
          "sha256": "87e9191597de009da77d24108bc89fa82d4d19c6bf4945e8d656f9f5a9f72f34"
        },
        {
          "path": "trajectory_400/accepted/euler/scientific-output-accept__pops.handle.v1-case-api0__f9c61582719c0ab591e8e032d2737644ec8dd2554fb9952cfe05736ae4d14c6b4__s000000194__947ca1474d5d0cc883d33850918615de92b8669acb151fafc85c7982d52bdf98.npz",
          "sha256": "f0c1d4ce24534e6efc309f6f9c063d306a97af7fe63d2b9f0fb06e89f9a53020"
        },
        {
          "path": "trajectory_400/accepted/euler/scientific-output-accept__pops.handle.v1-case-api0__f9c61582719c0ab591e8e032d2737644ec8dd2554fb9952cfe05736ae4d14c6b4__s000000195__ea62de48c9dc326635b01959a6f462b0213aaaabc6acdb2c33a22fd8fc652f3b.npz",
          "sha256": "d6cb856517d8f7a8bbf2597fe2c74b59f90a70a790e3ecc70493f8455597d326"
        },
        {
          "path": "trajectory_400/accepted/euler/scientific-output-accept__pops.handle.v1-case-api0__f9c61582719c0ab591e8e032d2737644ec8dd2554fb9952cfe05736ae4d14c6b4__s000000196__ba032b6609157e7368ea70bfb5c6b39d23a7be56879845c459effeadd77c0bcf.npz",
          "sha256": "7fc6c63f1135ff640ff73f4e69d21088192a55b50838396838cf3dfec0edeb8c"
        },
        {
          "path": "trajectory_400/accepted/euler/scientific-output-accept__pops.handle.v1-case-api0__f9c61582719c0ab591e8e032d2737644ec8dd2554fb9952cfe05736ae4d14c6b4__s000000197__7fbe377ae378beb883de683ff95b93d4179d8fbe3d421a12a03d31a573221319.npz",
          "sha256": "0a754b98b3b3edf25963e69150a9aa7df60b864112a2637f2a47de99aa03baf6"
        },
        {
          "path": "trajectory_400/accepted/euler/scientific-output-accept__pops.handle.v1-case-api0__f9c61582719c0ab591e8e032d2737644ec8dd2554fb9952cfe05736ae4d14c6b4__s000000198__59b5293a4f5e1076673187fe7b927bff7cd34293dd8fb083f783a68b83e0975b.npz",
          "sha256": "7fb6e33291e6bdcc5200dc8bf6c675cd0a7bbbbedf11cc98b5bbc5308ef6789c"
        },
        {
          "path": "trajectory_400/accepted/euler/scientific-output-accept__pops.handle.v1-case-api0__f9c61582719c0ab591e8e032d2737644ec8dd2554fb9952cfe05736ae4d14c6b4__s000000199__ecff3747a716cbc1bfbc3f02e40b0dfe09961a1509be40ba29cd179d93e8fd88.npz",
          "sha256": "ba763800a1cc180decb1e80925fd51bff251f5e1c35a32d88f9f7f423091c962"
        },
        {
          "path": "trajectory_400/accepted/euler/scientific-output-accept__pops.handle.v1-case-api0__f9c61582719c0ab591e8e032d2737644ec8dd2554fb9952cfe05736ae4d14c6b4__s000000200__718206123c706524841c73363085e883ced74f5fb786593807dc1001ab068d1a.npz",
          "sha256": "8f8735ae4ce5fb8cfc340151fd9bca124146a08afb16ea2dbb188b86fedb6492"
        },
        {
          "path": "trajectory_400/accepted/euler/scientific-output-accept__pops.handle.v1-case-api0__f9c61582719c0ab591e8e032d2737644ec8dd2554fb9952cfe05736ae4d14c6b4__s000000201__e8acf499837e1ccde3b8aa8d396e62e8cf934be228f480d0ca10c7daec7f98c1.npz",
          "sha256": "9bfc58822bb2842ead2cd0d688e476c6658153b8e638d49748a701b7887de73c"
        },
        {
          "path": "trajectory_400/accepted/euler/scientific-output-accept__pops.handle.v1-case-api0__f9c61582719c0ab591e8e032d2737644ec8dd2554fb9952cfe05736ae4d14c6b4__s000000202__0ece09fce8633966643013cc37c187eb24b54f499e853cad6c79a065fb6dc3d9.npz",
          "sha256": "46e0247b48ca18697128dda50ce01c4b3a92952cd152f1d7d4bf109f7bf526e5"
        },
        {
          "path": "trajectory_400/accepted/euler/scientific-output-accept__pops.handle.v1-case-api0__f9c61582719c0ab591e8e032d2737644ec8dd2554fb9952cfe05736ae4d14c6b4__s000000203__fac48029b2d63c3a79da1c68ee03c96c9bbf90544ebae9ed5bc2f74e98ac8fbe.npz",
          "sha256": "f9776617d19bc7ffb0e5dae74255d829b5474a76f88e870358715261a05cacdd"
        },
        {
          "path": "trajectory_400/accepted/euler/scientific-output-accept__pops.handle.v1-case-api0__f9c61582719c0ab591e8e032d2737644ec8dd2554fb9952cfe05736ae4d14c6b4__s000000204__d6d0759cd09c2015eba0e9ae87e38f8b403c554f076699f1fb1ea2ba649f8822.npz",
          "sha256": "1d98ad1d7c388e59295e1c7e840b8ce3fb090bb249480ac2108fe1ea18bc6cf8"
        },
        {
          "path": "trajectory_400/accepted/euler/scientific-output-accept__pops.handle.v1-case-api0__f9c61582719c0ab591e8e032d2737644ec8dd2554fb9952cfe05736ae4d14c6b4__s000000205__8e299df814e0d392524911c78c895aa20aa5490a1f629f83159c3360838d310a.npz",
          "sha256": "95e6db66235845fe6b20286c037f35ed9587ba1b97c91fb87c65521605e77725"
        },
        {
          "path": "trajectory_400/accepted/euler/scientific-output-accept__pops.handle.v1-case-api0__f9c61582719c0ab591e8e032d2737644ec8dd2554fb9952cfe05736ae4d14c6b4__s000000206__5ce9e0c0b17a119b6b49bc7f8a95e6bc664cc08f7b28ecbb9bea03e0a2fa3059.npz",
          "sha256": "7aa643a9ff39ed2f54b324a592a00356984c99afe3744256534585e8b015609f"
        },
        {
          "path": "trajectory_400/accepted/euler/scientific-output-accept__pops.handle.v1-case-api0__f9c61582719c0ab591e8e032d2737644ec8dd2554fb9952cfe05736ae4d14c6b4__s000000207__fdc378e487c67e17f4eafb9cd7dae346022cc02aad13fda705a7cff51ba3cb3a.npz",
          "sha256": "a95a697d087fcc9d9c6d66c579c9ff1daac01ec800965266d66031144224d04b"
        },
        {
          "path": "trajectory_400/accepted/euler/scientific-output-accept__pops.handle.v1-case-api0__f9c61582719c0ab591e8e032d2737644ec8dd2554fb9952cfe05736ae4d14c6b4__s000000208__d4bff63a2b0209f8657767b2288201692cb4cffd31b1b64db7e019f91f3e5f35.npz",
          "sha256": "ee74248f4108d492807a439397c6a8557b4313625366585eb0e0b399c64dfef2"
        },
        {
          "path": "trajectory_400/accepted/euler/scientific-output-accept__pops.handle.v1-case-api0__f9c61582719c0ab591e8e032d2737644ec8dd2554fb9952cfe05736ae4d14c6b4__s000000209__4a8a7eea4198f3c3c95519eb84b520e1845fef6e7bbbb6ba94e0db663e041645.npz",
          "sha256": "b421d398037620a72ee073c76b9ba758f093ea36487627b7d5c524f0c5f15000"
        },
        {
          "path": "trajectory_400/accepted/euler/scientific-output-accept__pops.handle.v1-case-api0__f9c61582719c0ab591e8e032d2737644ec8dd2554fb9952cfe05736ae4d14c6b4__s000000210__552a1997c4ce875f20567e1888c9cda8ca50900d36f0bcdfbc66bed2be029754.npz",
          "sha256": "5e66407d7d18c4255d6f262f3523fabcf743c6bad85a58790940fdcfe10833c0"
        },
        {
          "path": "trajectory_400/accepted/euler/scientific-output-accept__pops.handle.v1-case-api0__f9c61582719c0ab591e8e032d2737644ec8dd2554fb9952cfe05736ae4d14c6b4__s000000211__35b479e684e565bb6ffa30f18a3601ebfda5ee85b513019ebac33e495ca42a85.npz",
          "sha256": "2b946fcebfc70d36b77f7cf1accf2ceab11ed628d8bd6a4df01cc91284ef37cc"
        },
        {
          "path": "trajectory_400/accepted/euler/scientific-output-accept__pops.handle.v1-case-api0__f9c61582719c0ab591e8e032d2737644ec8dd2554fb9952cfe05736ae4d14c6b4__s000000212__d2549f5f06f6809a66937a3eaeb220693509bd8368ef0f37f324383bb9f5662a.npz",
          "sha256": "f4fbad73a33bde9b7e478319a9581fd923a62089e461aa1fc6b10c2521a9ea31"
        },
        {
          "path": "trajectory_400/accepted/euler/scientific-output-accept__pops.handle.v1-case-api0__f9c61582719c0ab591e8e032d2737644ec8dd2554fb9952cfe05736ae4d14c6b4__s000000213__3b93b14942f652c370649fdedcb5402bb021ed0e4b3ee9a1bb2c801dd4c11249.npz",
          "sha256": "52de4c621bff37c0cf3d354d4d622162731f550a8f0c1cf0d038431c955a063e"
        },
        {
          "path": "trajectory_400/accepted/euler/scientific-output-accept__pops.handle.v1-case-api0__f9c61582719c0ab591e8e032d2737644ec8dd2554fb9952cfe05736ae4d14c6b4__s000000214__62b71780dd8f407d084ef12c2cb6daf73108e21caf9b10f3395bf88cde8f084e.npz",
          "sha256": "b27ec7e03b543befeb4b52fc6a22bb0ef11de2622487b00dac89e05f42beda65"
        },
        {
          "path": "trajectory_400/accepted/euler/scientific-output-accept__pops.handle.v1-case-api0__f9c61582719c0ab591e8e032d2737644ec8dd2554fb9952cfe05736ae4d14c6b4__s000000215__45bc3cb8426e439c415f92f27e7e3851a132b945624373ec34f1de3928f8c2b9.npz",
          "sha256": "7e40253bb8c375054e638a493732eb207e66e9b63b38ef5128ba4f021e1e5654"
        },
        {
          "path": "trajectory_400/accepted/euler/scientific-output-accept__pops.handle.v1-case-api0__f9c61582719c0ab591e8e032d2737644ec8dd2554fb9952cfe05736ae4d14c6b4__s000000216__06b521dcd7a027dbd1868573979c965cea0c5d2ab0f2da5bbb6a2c542a3a26f8.npz",
          "sha256": "10ae06d7e90511ecee6584a2f011cdde8b0d150393975cf9eb7a7eacb5b13a3a"
        },
        {
          "path": "trajectory_400/accepted/euler/scientific-output-accept__pops.handle.v1-case-api0__f9c61582719c0ab591e8e032d2737644ec8dd2554fb9952cfe05736ae4d14c6b4__s000000217__60718b4cf0c66e7b8daff377144e12453926f6067e97580ff966ea474beded9d.npz",
          "sha256": "a55a06f20705f616e188e4e70a7496a5eac355fde47c5edbe26feec926365796"
        },
        {
          "path": "trajectory_400/accepted/euler/scientific-output-accept__pops.handle.v1-case-api0__f9c61582719c0ab591e8e032d2737644ec8dd2554fb9952cfe05736ae4d14c6b4__s000000218__d06ad6dfcef1be460d97c50e1d3930d9174767f9e1618a35773dfc8de82e591c.npz",
          "sha256": "284dc1b255d866805d03a5301adfcac2257315f4c3b4e7b75887551318013925"
        },
        {
          "path": "trajectory_400/accepted/euler/scientific-output-accept__pops.handle.v1-case-api0__f9c61582719c0ab591e8e032d2737644ec8dd2554fb9952cfe05736ae4d14c6b4__s000000219__34409c41c52805ca3c10b185ce2928ce922a9951415a32f705457ac6ab1c23b0.npz",
          "sha256": "7a7e1c64039b0c7a03626fb7ab0028e072ae06b81d032b76505aff8604896f39"
        },
        {
          "path": "trajectory_400/accepted/euler/scientific-output-accept__pops.handle.v1-case-api0__f9c61582719c0ab591e8e032d2737644ec8dd2554fb9952cfe05736ae4d14c6b4__s000000220__ca4bd342e9d8fb7bf7e6cfbe4918594ab20a249e69a6b3023db0fccc86f332bc.npz",
          "sha256": "7097ab287a8b52ad11d4b76a452b3fff170e05452149ecbff9d8b9d04c54812a"
        },
        {
          "path": "trajectory_400/accepted/euler/scientific-output-accept__pops.handle.v1-case-api0__f9c61582719c0ab591e8e032d2737644ec8dd2554fb9952cfe05736ae4d14c6b4__s000000221__98eccf6a26b93ce4d15d6ca9ba93435dd1d0d80fa1bf0c408bb7796f75e52715.npz",
          "sha256": "2fc3c29b50437e9c76fe1a25643b1e044a237664d4870208dbdd20fa903239a1"
        },
        {
          "path": "trajectory_400/accepted/euler/scientific-output-accept__pops.handle.v1-case-api0__f9c61582719c0ab591e8e032d2737644ec8dd2554fb9952cfe05736ae4d14c6b4__s000000222__639e437b5c14c91b952ec4b2f4e91e397afe7c93828cd9bef0575d4ba8bc5466.npz",
          "sha256": "89575c38ee086c26562671e537279bd7619140d92eb8b5b68c2f1816a77a3e96"
        },
        {
          "path": "trajectory_400/accepted/euler/scientific-output-accept__pops.handle.v1-case-api0__f9c61582719c0ab591e8e032d2737644ec8dd2554fb9952cfe05736ae4d14c6b4__s000000223__8de36011ebf91f27748f5bdf8b61c0e5651a2a3f6cf806f2bb1ce477325caba1.npz",
          "sha256": "e9440e6c7ddd3a296d7a13d6c150dd6d2f65c20375a2df1732a01aaed695a5a0"
        },
        {
          "path": "trajectory_400/accepted/euler/scientific-output-accept__pops.handle.v1-case-api0__f9c61582719c0ab591e8e032d2737644ec8dd2554fb9952cfe05736ae4d14c6b4__s000000224__7c432af01f415de4e4e3bbc43316d9bc9c128d9ee7a24fd95dc0aaf7ff045a19.npz",
          "sha256": "04897d4cb5a332b752cc2960977d88fc372a2aa1b2c80bbd2400d4785b8ac778"
        },
        {
          "path": "trajectory_400/accepted/euler/scientific-output-accept__pops.handle.v1-case-api0__f9c61582719c0ab591e8e032d2737644ec8dd2554fb9952cfe05736ae4d14c6b4__s000000225__90e3e57a0cb1657fece27b350f0c67dce43460801024cbfc1212396ca6d401be.npz",
          "sha256": "fd1be6b26f52c7ad8e25eb37a532db645ac7671a55ea03d4d5e57cd671f4da26"
        },
        {
          "path": "trajectory_400/accepted/euler/scientific-output-accept__pops.handle.v1-case-api0__f9c61582719c0ab591e8e032d2737644ec8dd2554fb9952cfe05736ae4d14c6b4__s000000226__5e16bf108e11fc7494383f54b90e51ced9db8056d90b60e934f9dcda86e01464.npz",
          "sha256": "d0d653e1a25f26d623905075d4de15944f4dff4fde021152c28b9b6643301fd4"
        },
        {
          "path": "trajectory_400/accepted/euler/scientific-output-accept__pops.handle.v1-case-api0__f9c61582719c0ab591e8e032d2737644ec8dd2554fb9952cfe05736ae4d14c6b4__s000000227__fb666f21c4222333de448cbbf5168c0fe53b2412d1418b1fe09aaa0184f16369.npz",
          "sha256": "4a0820f029b9dbfc7b7149cda97caa22a5b0dbb2884fdadbadab59dca6e17ad9"
        },
        {
          "path": "trajectory_400/accepted/euler/scientific-output-accept__pops.handle.v1-case-api0__f9c61582719c0ab591e8e032d2737644ec8dd2554fb9952cfe05736ae4d14c6b4__s000000228__762987980ca09f46315ecb5120f894fc8d2bfc5ae62f5e557bd09526be90b5ae.npz",
          "sha256": "cd5a156e54f886efb7a1b9c1d30d2152621229f4d83fa1b7245935917b3b4b82"
        },
        {
          "path": "trajectory_400/accepted/euler/scientific-output-accept__pops.handle.v1-case-api0__f9c61582719c0ab591e8e032d2737644ec8dd2554fb9952cfe05736ae4d14c6b4__s000000229__a17a0b18bb0ed3ca9c457deacaba4df7576f10d7f764ae5e1fccf4a4a4cffcac.npz",
          "sha256": "6aa9f2050a598fb3ed158ec1ee8db944c729bf12d2136e12ffbe945931aff811"
        },
        {
          "path": "trajectory_400/accepted/euler/scientific-output-accept__pops.handle.v1-case-api0__f9c61582719c0ab591e8e032d2737644ec8dd2554fb9952cfe05736ae4d14c6b4__s000000230__c8b8fc6bce12705dff9543e7f6d892354fe5997a942e04ae6aeba75e8c1084f7.npz",
          "sha256": "e518059e499cebd265ec613bdb2f986f3fc6d72809c78d5e1e56e09e49ef37ff"
        },
        {
          "path": "trajectory_400/accepted/euler/scientific-output-accept__pops.handle.v1-case-api0__f9c61582719c0ab591e8e032d2737644ec8dd2554fb9952cfe05736ae4d14c6b4__s000000231__fe9aa99700c485e286a6c141ba592e8aeace1824722ad19b32de3adb8a19ee32.npz",
          "sha256": "dea32a7f2b0116f48ec8073f8c8da99046ffd0229f98cffe1e8805f48cbec253"
        },
        {
          "path": "trajectory_400/accepted/euler/scientific-output-accept__pops.handle.v1-case-api0__f9c61582719c0ab591e8e032d2737644ec8dd2554fb9952cfe05736ae4d14c6b4__s000000232__2bade15a05053b13427ac94b93a29c5590b13016502dcf9903d60e6ac4a56a35.npz",
          "sha256": "b50ccf6933d7ff6edabd0fd49694a02d7a6d47e53612cdb4b2f9c9a787e9299a"
        },
        {
          "path": "trajectory_400/accepted/euler/scientific-output-accept__pops.handle.v1-case-api0__f9c61582719c0ab591e8e032d2737644ec8dd2554fb9952cfe05736ae4d14c6b4__s000000233__0c95644183e1c63868e181e97de908e7b5b22f740b6bd3eb89395e3c228c42fa.npz",
          "sha256": "a80ba7e17192d3700214f64570ea9fd6812d99dfc72159416acf0463137b619f"
        },
        {
          "path": "trajectory_400/accepted/euler/scientific-output-accept__pops.handle.v1-case-api0__f9c61582719c0ab591e8e032d2737644ec8dd2554fb9952cfe05736ae4d14c6b4__s000000234__b3feda8d7e3598f917fc19ba3b4929fb84289b1adbe604cd286de7745f08686e.npz",
          "sha256": "a88308d6c4f58ddc36fea32241466e4c4d95cc47a71bf5abed1e1db6c70f471b"
        },
        {
          "path": "trajectory_400/accepted/euler/scientific-output-accept__pops.handle.v1-case-api0__f9c61582719c0ab591e8e032d2737644ec8dd2554fb9952cfe05736ae4d14c6b4__s000000235__efc2c65e5258a96531c0246be95d33b9cc0f25e3475e861d92a92126c1334c73.npz",
          "sha256": "74e74d8bc8417c41ae0c35351fb22ab2ffbb1425021790f65349604e2969d3cd"
        },
        {
          "path": "trajectory_400/accepted/euler/scientific-output-accept__pops.handle.v1-case-api0__f9c61582719c0ab591e8e032d2737644ec8dd2554fb9952cfe05736ae4d14c6b4__s000000236__1a6cd427771f3db72623f0dc0bcee7c74bbf5b6cf04d8fe4770458dd05e44675.npz",
          "sha256": "b867d82497dfb35ffa7b6edfe16180c6061aaa3e8598f5a2e3290dc3aa10c3bf"
        },
        {
          "path": "trajectory_400/accepted/euler/scientific-output-accept__pops.handle.v1-case-api0__f9c61582719c0ab591e8e032d2737644ec8dd2554fb9952cfe05736ae4d14c6b4__s000000237__780d16cac70419d41bdaf16cf68fa9fc075552a1b54d635c150ca93f15653113.npz",
          "sha256": "405bacb3bdd2ccda137161dff45a570181f44556c6356be33ba9a9c519b9d4f0"
        },
        {
          "path": "trajectory_400/accepted/euler/scientific-output-accept__pops.handle.v1-case-api0__f9c61582719c0ab591e8e032d2737644ec8dd2554fb9952cfe05736ae4d14c6b4__s000000238__d70fde3662f6b472561ad526c26d200f1385b4c2e4d5584fd14f5e63a2cc11ae.npz",
          "sha256": "d858841b86a46cc1ef07dfd726e45ffb99edb60f93d3ba41962bbf4da805ac92"
        },
        {
          "path": "trajectory_400/accepted/euler/scientific-output-accept__pops.handle.v1-case-api0__f9c61582719c0ab591e8e032d2737644ec8dd2554fb9952cfe05736ae4d14c6b4__s000000239__ea6a1cce6bd2f17371c21407623f9f8015e1d03ab0e063755ec08ab8a8864ff8.npz",
          "sha256": "9e91a55962d7f8b8281b4449472dc43c1f428d4951236af53937f33bc78a3cb6"
        },
        {
          "path": "trajectory_400/accepted/euler/scientific-output-accept__pops.handle.v1-case-api0__f9c61582719c0ab591e8e032d2737644ec8dd2554fb9952cfe05736ae4d14c6b4__s000000240__056715f85f1319a3fb785f9fe65a94f2e763e095424436ce6ad163a9c885ac64.npz",
          "sha256": "8aba8c088b376e25778bc2abf387a3185ce041cf95f6fb093138e7e92abc3e5b"
        },
        {
          "path": "trajectory_400/accepted/euler/scientific-output-accept__pops.handle.v1-case-api0__f9c61582719c0ab591e8e032d2737644ec8dd2554fb9952cfe05736ae4d14c6b4__s000000241__fa6c5c53bb3fb7d50548b850e374f03df7d0620fc7134920a947ae4cbb203d5c.npz",
          "sha256": "338d49fba0c55868123a3ec871a2590265b55883bd403dcd910c0f020efe66ee"
        },
        {
          "path": "trajectory_400/accepted/euler/scientific-output-accept__pops.handle.v1-case-api0__f9c61582719c0ab591e8e032d2737644ec8dd2554fb9952cfe05736ae4d14c6b4__s000000242__c177cbfdbf0828605591bd0ae6821aeaf7857f8c459b07634179a77af71f8132.npz",
          "sha256": "14d375e72584ca8e402752b7b454b41b8397f8eaf16a1d8d8e29a1e30e3e8f7f"
        },
        {
          "path": "trajectory_400/accepted/euler/scientific-output-accept__pops.handle.v1-case-api0__f9c61582719c0ab591e8e032d2737644ec8dd2554fb9952cfe05736ae4d14c6b4__s000000243__09c9be834bcc73d75f958b39bf3ce480ca93e73953781c6845bee571417b8ed8.npz",
          "sha256": "2bb7c54212f80d9b388355a354efebe98d810577ec1c230d8862e121fd4c8831"
        },
        {
          "path": "trajectory_400/accepted/euler/scientific-output-accept__pops.handle.v1-case-api0__f9c61582719c0ab591e8e032d2737644ec8dd2554fb9952cfe05736ae4d14c6b4__s000000244__83bae9e5a928f36ccebed247e73fbb52ab1d9277ca42a8fd2770263f2bce9ec4.npz",
          "sha256": "3e527ac463ffc000a8d03cbe1d3de537ce4b814e332738f7219d26166a58bb67"
        },
        {
          "path": "trajectory_400/accepted/euler/scientific-output-accept__pops.handle.v1-case-api0__f9c61582719c0ab591e8e032d2737644ec8dd2554fb9952cfe05736ae4d14c6b4__s000000245__475e0512b24d5fbd52c0c316709185d339965ab821e5bdb6d1402b04e8026e63.npz",
          "sha256": "3965fd870ba4899d60e0ddc5cfe5ff73dfa26b4c310c8bc754ecaaeba13d3903"
        },
        {
          "path": "trajectory_400/accepted/euler/scientific-output-accept__pops.handle.v1-case-api0__f9c61582719c0ab591e8e032d2737644ec8dd2554fb9952cfe05736ae4d14c6b4__s000000246__a6490eb1c84573d2205e221167c69c8ae4374482693994d17faba71980779113.npz",
          "sha256": "49347440912a247411a0fa963f8ec32a0de26d37699c09b3634b0e781646e5f0"
        },
        {
          "path": "trajectory_400/accepted/euler/scientific-output-accept__pops.handle.v1-case-api0__f9c61582719c0ab591e8e032d2737644ec8dd2554fb9952cfe05736ae4d14c6b4__s000000247__1a8d2d66c5947abee24d65b3091852fd6e8b2c761d88a5c0fc954103dd96fa45.npz",
          "sha256": "f9206e259ad67d5a60f620103dee4a523c4e3ae225b17ca8d90e9a2d5fbd93c9"
        },
        {
          "path": "trajectory_400/accepted/euler/scientific-output-accept__pops.handle.v1-case-api0__f9c61582719c0ab591e8e032d2737644ec8dd2554fb9952cfe05736ae4d14c6b4__s000000248__05661252893f558e67c76828e1d6120583022057cfe601e40d6569ae22c9a545.npz",
          "sha256": "661d327a2ad1e56c06eba256d97e23c6b0f03a707c8344c904b26e667c1cd036"
        },
        {
          "path": "trajectory_400/accepted/euler/scientific-output-accept__pops.handle.v1-case-api0__f9c61582719c0ab591e8e032d2737644ec8dd2554fb9952cfe05736ae4d14c6b4__s000000249__5e91063ba6e5197c848fdce9adee0fe64144fa4945a3d7ed37fa6ef9e716f49e.npz",
          "sha256": "77dd1d8d0bc19ea77f791929b6d91898718f0c9be11c95e8804008d5a9541875"
        },
        {
          "path": "trajectory_400/accepted/euler/scientific-output-accept__pops.handle.v1-case-api0__f9c61582719c0ab591e8e032d2737644ec8dd2554fb9952cfe05736ae4d14c6b4__s000000250__d5c8882297d79dad66df1143bf401d743e73010ee365b93493c1e1d60fcfea3d.npz",
          "sha256": "bb29f33995481b0f9245a42d5fe8b850283ac71acfc4038f971fff4483ffac6b"
        },
        {
          "path": "trajectory_400/accepted/euler/scientific-output-accept__pops.handle.v1-case-api0__f9c61582719c0ab591e8e032d2737644ec8dd2554fb9952cfe05736ae4d14c6b4__s000000251__0c94dde98ac16f8a5caa86f0bbd43322b4163f1022ddd9ed2bcfc2adb58cd33c.npz",
          "sha256": "9d8790bb5d69aa2f088f2d4de409bcee949b1cdf2358fb657c006820d9573ea2"
        },
        {
          "path": "trajectory_400/accepted/euler/scientific-output-accept__pops.handle.v1-case-api0__f9c61582719c0ab591e8e032d2737644ec8dd2554fb9952cfe05736ae4d14c6b4__s000000252__f59e710e808fadd4e117ec6901e5bd6ae1b7d6deaaa7770eeea30bd93ffadab4.npz",
          "sha256": "b253aad8cecb39ef89ad328928920b338071ecbcf9db14f0700fcfa6633f1eac"
        },
        {
          "path": "trajectory_400/accepted/euler/scientific-output-accept__pops.handle.v1-case-api0__f9c61582719c0ab591e8e032d2737644ec8dd2554fb9952cfe05736ae4d14c6b4__s000000253__6f2ea824af74c69617b0aaa0c61b24f2e176e2b7f655a1a8775eadac058408de.npz",
          "sha256": "f92dad38fb536f027cb0bb1b90564597ab546e38f1ae4c188162f507ce4def31"
        },
        {
          "path": "trajectory_400/accepted/euler/scientific-output-accept__pops.handle.v1-case-api0__f9c61582719c0ab591e8e032d2737644ec8dd2554fb9952cfe05736ae4d14c6b4__s000000254__637b6a6952fc40415e15a99e31b95e352bf9cc0932e4f83f67e41778fd4a211e.npz",
          "sha256": "0404bceda328bb79aa2eb15e55c063834cb23240feaf14b660884256cb0d400a"
        },
        {
          "path": "trajectory_400/accepted/euler/scientific-output-accept__pops.handle.v1-case-api0__f9c61582719c0ab591e8e032d2737644ec8dd2554fb9952cfe05736ae4d14c6b4__s000000255__390e96dca5b60a142f4879ff3cd446668ddd62d250d8c843d7bff048c30e1b6f.npz",
          "sha256": "da8c4105fcbd6fe58e862b275b644f840f331824aa1cf1d32819e8c413e9c8d0"
        },
        {
          "path": "trajectory_400/accepted/euler/scientific-output-accept__pops.handle.v1-case-api0__f9c61582719c0ab591e8e032d2737644ec8dd2554fb9952cfe05736ae4d14c6b4__s000000256__3b7de99bbf5977e24768c53683c39df394e2d0550dde025aeb804c54c21ce664.npz",
          "sha256": "b14854d927faafc9f999cb0d1e7b27a6f6874e306ba98488b765fcba17200eee"
        },
        {
          "path": "trajectory_400/accepted/euler/scientific-output-accept__pops.handle.v1-case-api0__f9c61582719c0ab591e8e032d2737644ec8dd2554fb9952cfe05736ae4d14c6b4__s000000257__fc1b57fba20bd203517ffd9e7b90c0dc3af119917a434357fe12a645a884a120.npz",
          "sha256": "c2604a38c9b9f7e523adc1beb9cbd4f6aca8fefa2acc0f2b99e01486ac902841"
        },
        {
          "path": "trajectory_400/accepted/euler/scientific-output-accept__pops.handle.v1-case-api0__f9c61582719c0ab591e8e032d2737644ec8dd2554fb9952cfe05736ae4d14c6b4__s000000258__779d18abad01b321715dc7cb3b4d33dd1c1a168dd83851ae60edacfa79925114.npz",
          "sha256": "84928a7874d3ef4a4ace4080c7c5340b716327539b0147f6bc7adf03e8c24ccf"
        },
        {
          "path": "trajectory_400/accepted/euler/scientific-output-accept__pops.handle.v1-case-api0__f9c61582719c0ab591e8e032d2737644ec8dd2554fb9952cfe05736ae4d14c6b4__s000000259__aace98038e05b3d3e0a448755007732c4794668a458b7f7f838a025b3ac0c938.npz",
          "sha256": "28cacf6be1dbee29cad2e583528b3b4a1c6d13944c8ba404d778c88f07c90954"
        },
        {
          "path": "trajectory_400/accepted/euler/scientific-output-accept__pops.handle.v1-case-api0__f9c61582719c0ab591e8e032d2737644ec8dd2554fb9952cfe05736ae4d14c6b4__s000000260__104acd9836cea5c70eccbf99b30a178c6992a1e17965dd21f30bf2c966d5e21e.npz",
          "sha256": "bcc036cc2cba7fe867c33cf0df198ef9a36da334af975bd0ed568985f8f2cbb4"
        },
        {
          "path": "trajectory_400/accepted/euler/scientific-output-accept__pops.handle.v1-case-api0__f9c61582719c0ab591e8e032d2737644ec8dd2554fb9952cfe05736ae4d14c6b4__s000000261__74fe46138a685d2a78ef9682924fd322bf63ded55e8cf36ec55e45b5bd2a52c8.npz",
          "sha256": "d4d08427b1ee0fff112839446ed0911e1cc74edb0ccab83a784c6ebbc5035f8e"
        },
        {
          "path": "trajectory_400/accepted/euler/scientific-output-accept__pops.handle.v1-case-api0__f9c61582719c0ab591e8e032d2737644ec8dd2554fb9952cfe05736ae4d14c6b4__s000000262__916a9951eadb47379ad2ac38b36e06435aca0b903aa6e9b5868dea7211f46180.npz",
          "sha256": "4f33a4c43de7acee61bd8576e432049acd7902ff2308fcc9436cc51374bd7535"
        },
        {
          "path": "trajectory_400/accepted/euler/scientific-output-accept__pops.handle.v1-case-api0__f9c61582719c0ab591e8e032d2737644ec8dd2554fb9952cfe05736ae4d14c6b4__s000000263__756abffc8499a717800cfcd6f75f00c8b2240024341afc12073fcc2760869020.npz",
          "sha256": "29a34b2a26ede0ae4e44dea8031cf268eb5647e767d42528cbcc6776e89de6cf"
        },
        {
          "path": "trajectory_400/accepted/euler/scientific-output-accept__pops.handle.v1-case-api0__f9c61582719c0ab591e8e032d2737644ec8dd2554fb9952cfe05736ae4d14c6b4__s000000264__7c02cd4709e6f0c49bcb55c7a2ccf24d893dc59c8b2cd45f43e444373a0c3091.npz",
          "sha256": "472597ad9ccb5c9b70eb59c0be1758939a572e25364cf7a5f85991f6bb9e1d4c"
        },
        {
          "path": "trajectory_400/accepted/euler/scientific-output-accept__pops.handle.v1-case-api0__f9c61582719c0ab591e8e032d2737644ec8dd2554fb9952cfe05736ae4d14c6b4__s000000265__b2e880491358cd5b4018e0e31867e23a78b761e22c6d7a10c98a930efb3c6d66.npz",
          "sha256": "0409e427757a074bbb258692232829822cd2366fcc4621db5ff4b95a30a34aea"
        },
        {
          "path": "trajectory_400/accepted/euler/scientific-output-accept__pops.handle.v1-case-api0__f9c61582719c0ab591e8e032d2737644ec8dd2554fb9952cfe05736ae4d14c6b4__s000000266__3997ed8e5dae102677bec736a21c4d604ae070e4a14e74ffafd4b54637a1814e.npz",
          "sha256": "4124c27f2569e372671aedd39e6d2dcf4f8da3e62482f8442ef342c8d1e1f599"
        },
        {
          "path": "trajectory_400/accepted/euler/scientific-output-accept__pops.handle.v1-case-api0__f9c61582719c0ab591e8e032d2737644ec8dd2554fb9952cfe05736ae4d14c6b4__s000000267__796b02deaf84a5d99047669df7cf9a9097a0c5b9747a35c225480853fe736709.npz",
          "sha256": "b564be5d7dc27c705b3e4e15572676e49a2c2a2cf25931a7fd192bb94ee22f9a"
        },
        {
          "path": "trajectory_400/accepted/euler/scientific-output-accept__pops.handle.v1-case-api0__f9c61582719c0ab591e8e032d2737644ec8dd2554fb9952cfe05736ae4d14c6b4__s000000268__28b01f7843570ae0ad03741653568ad77b5c0fb1730790ae30cb68f76316866b.npz",
          "sha256": "c1e59dcc2a7fa28a8fb49d9512c39a798005013f6ea5f2bb3b76ab9253f36d9d"
        },
        {
          "path": "trajectory_400/accepted/euler/scientific-output-accept__pops.handle.v1-case-api0__f9c61582719c0ab591e8e032d2737644ec8dd2554fb9952cfe05736ae4d14c6b4__s000000269__c51416a97be5357adf8a0dc30091f2b60b61034f211ed9eb94c68166ab433085.npz",
          "sha256": "1712505a5b99bbf4979db0c3e03551654ea0ec4d851e67846469dcdec905d124"
        },
        {
          "path": "trajectory_400/accepted/euler/scientific-output-accept__pops.handle.v1-case-api0__f9c61582719c0ab591e8e032d2737644ec8dd2554fb9952cfe05736ae4d14c6b4__s000000270__6f370c72348ea8763d7e3463a8509c2dec3f7d9a6336d6621b6d8b6a7b780c00.npz",
          "sha256": "27897aee75c255c702d98ba77fbabd114a04a6d5f47d1450d0f3d3a7f15a4bb9"
        },
        {
          "path": "trajectory_400/accepted/euler/scientific-output-accept__pops.handle.v1-case-api0__f9c61582719c0ab591e8e032d2737644ec8dd2554fb9952cfe05736ae4d14c6b4__s000000271__ee4967f32ba8c8a03e21ef52b779d545ae11bbb9a4dfade66e102499760e274e.npz",
          "sha256": "6eb0e772724923e592b97a69255645e849bb911a8c27c463d2209d685da2453f"
        },
        {
          "path": "trajectory_400/accepted/euler/scientific-output-accept__pops.handle.v1-case-api0__f9c61582719c0ab591e8e032d2737644ec8dd2554fb9952cfe05736ae4d14c6b4__s000000272__dad1c8e684f06e7c771d9c5d2fff9b8f4d5cbd8537a3231bf0db3d71b437d0ba.npz",
          "sha256": "de90bba0f444ac4f7a087a2a6cb722a8331633011fc932fb2822c1c4d9559079"
        },
        {
          "path": "trajectory_400/accepted/euler/scientific-output-accept__pops.handle.v1-case-api0__f9c61582719c0ab591e8e032d2737644ec8dd2554fb9952cfe05736ae4d14c6b4__s000000273__50067eeb81fa8212bd791f8e6d6316483f80b46681ff625b5d51dce883714c56.npz",
          "sha256": "7e897a80cd68684e23fb91764405dad48ea685788d3ee5ba3580ca1a872ad007"
        },
        {
          "path": "trajectory_400/accepted/euler/scientific-output-accept__pops.handle.v1-case-api0__f9c61582719c0ab591e8e032d2737644ec8dd2554fb9952cfe05736ae4d14c6b4__s000000274__19c3f757bb110f30c60fab3ad415ef85f08739f6664cfda3d118bfa9be61cbad.npz",
          "sha256": "dde1ca3548383c36568c082a38e39a1f8292e18a330905df1353898d6a19562c"
        },
        {
          "path": "trajectory_400/accepted/euler/scientific-output-accept__pops.handle.v1-case-api0__f9c61582719c0ab591e8e032d2737644ec8dd2554fb9952cfe05736ae4d14c6b4__s000000275__da951ead383a4d362f695d4240fe07f006ee218080fe384903e2c4ed35d4eb73.npz",
          "sha256": "d9f800e6380823c64e05fa8fc3a0474bbb41bfdea1287f63cc624c6fbaadef18"
        },
        {
          "path": "trajectory_400/accepted/euler/scientific-output-accept__pops.handle.v1-case-api0__f9c61582719c0ab591e8e032d2737644ec8dd2554fb9952cfe05736ae4d14c6b4__s000000276__1b44ca2b075f75ac8084f91d281d95f62e6045afc85a689ae999c4fe5149c7a4.npz",
          "sha256": "3ed9fe540581452808b9a0f14bf65eedd88ce50052c33c7c823643cf12532995"
        },
        {
          "path": "trajectory_400/accepted/euler/scientific-output-accept__pops.handle.v1-case-api0__f9c61582719c0ab591e8e032d2737644ec8dd2554fb9952cfe05736ae4d14c6b4__s000000277__038bbad5a68a941d9a5f81bd0a7341a05bda7a2a249fa92603f8e93d3bcae555.npz",
          "sha256": "c3650dc1bec13e63645308a2d8b176627fb9971dc6066682381a386ce875103d"
        },
        {
          "path": "trajectory_400/accepted/euler/scientific-output-accept__pops.handle.v1-case-api0__f9c61582719c0ab591e8e032d2737644ec8dd2554fb9952cfe05736ae4d14c6b4__s000000278__ef444048e9a25f2a5e00b7fab8d2b92a7a69d71fce9060c64330ca728cd47f8e.npz",
          "sha256": "1297a0acca2626aca4589038a9d56435bd2e0f709a7984caa7bb40c859732f78"
        },
        {
          "path": "trajectory_400/accepted/euler/scientific-output-accept__pops.handle.v1-case-api0__f9c61582719c0ab591e8e032d2737644ec8dd2554fb9952cfe05736ae4d14c6b4__s000000279__934f34b249ec6705ef4f554592a4c9ad16ed14a5822d8bbaf55631ed14083fb0.npz",
          "sha256": "8e2abe115a875fb93d7cbc604593f099ca61f1a290c5358eeb0f6d0bfd866641"
        },
        {
          "path": "trajectory_400/accepted/euler/scientific-output-accept__pops.handle.v1-case-api0__f9c61582719c0ab591e8e032d2737644ec8dd2554fb9952cfe05736ae4d14c6b4__s000000280__08e1085fec0157f4a3ea7aa6e7811824ca2380f7839858979255e4397b358ae1.npz",
          "sha256": "ec2a31dc03f5af6a7abc7c502a6836d2806a3bf92c73bd59627f33e172cebde8"
        },
        {
          "path": "trajectory_400/accepted/euler/scientific-output-accept__pops.handle.v1-case-api0__f9c61582719c0ab591e8e032d2737644ec8dd2554fb9952cfe05736ae4d14c6b4__s000000281__9b088a1d28702f63a20627cea0a4829df36d2fbd3904559d6b323e96cb81edcf.npz",
          "sha256": "df8e623e74e8d47575783472f24caeccf72c577ec72d2398f93532019e34c75b"
        },
        {
          "path": "trajectory_400/accepted/euler/scientific-output-accept__pops.handle.v1-case-api0__f9c61582719c0ab591e8e032d2737644ec8dd2554fb9952cfe05736ae4d14c6b4__s000000282__77572a2718c15bbe02fb51dfa4b1eb2f98ba9a4de0e258cef7bb17968d389b52.npz",
          "sha256": "eb4fddca259d35a5f85cd67b4103854cdd8b9fb1a1aacab489a95bb30ed981a0"
        },
        {
          "path": "trajectory_400/accepted/euler/scientific-output-accept__pops.handle.v1-case-api0__f9c61582719c0ab591e8e032d2737644ec8dd2554fb9952cfe05736ae4d14c6b4__s000000283__2fd24574a088ca479b1f890e61c1594c2970bce84faa72a05f8cfebfaeeb9f08.npz",
          "sha256": "cde88b57885cf52ff513a32d21ea3d58bdbf55fdfaae0727d09544b4a38b2f4f"
        },
        {
          "path": "trajectory_400/accepted/euler/scientific-output-accept__pops.handle.v1-case-api0__f9c61582719c0ab591e8e032d2737644ec8dd2554fb9952cfe05736ae4d14c6b4__s000000284__8e0b064687f714375a1ff8ac898e111f9bc7f17d2e5c81e9030ae9305af742af.npz",
          "sha256": "91aa9f76ea117baff99f8cecd83134e959dd8e98a0244bc559da27085b38c4e4"
        },
        {
          "path": "trajectory_400/accepted/euler/scientific-output-accept__pops.handle.v1-case-api0__f9c61582719c0ab591e8e032d2737644ec8dd2554fb9952cfe05736ae4d14c6b4__s000000285__227f63c7dd9e6a771b05fd057e3bc54ff3fffa75f3e902d9a127c2ce3fefb0ce.npz",
          "sha256": "048fa2755734ea8d3ddb0da43b9bf98a8f34ef6772539a7213f4abd330d3c457"
        },
        {
          "path": "trajectory_400/accepted/euler/scientific-output-accept__pops.handle.v1-case-api0__f9c61582719c0ab591e8e032d2737644ec8dd2554fb9952cfe05736ae4d14c6b4__s000000286__a578852f1bf9a4e4606a23ce567bcac9090e9141bbba2b0198cba3a6c362f4d0.npz",
          "sha256": "04c7968dac77af98fe025ffc99e5a0901a152f8803b99994b835befa6f98d564"
        },
        {
          "path": "trajectory_400/accepted/euler/scientific-output-accept__pops.handle.v1-case-api0__f9c61582719c0ab591e8e032d2737644ec8dd2554fb9952cfe05736ae4d14c6b4__s000000287__03d47d1c631a5595d4ad95d80b5597b5ac68f88f755f4f16cac56276393343ea.npz",
          "sha256": "f8e532254214eeb5a161d3777132d1019de49cd8477aaed0a67da5b89321602f"
        },
        {
          "path": "trajectory_400/accepted/euler/scientific-output-accept__pops.handle.v1-case-api0__f9c61582719c0ab591e8e032d2737644ec8dd2554fb9952cfe05736ae4d14c6b4__s000000288__e8a1c68eb33646421c61a09a35065673dc63c9bc61514b88c6029737645f781e.npz",
          "sha256": "5211892746d53442c4422b1da67a8796e69bc474ffca4dc9acb8d83da42619a8"
        },
        {
          "path": "trajectory_400/accepted/euler/scientific-output-accept__pops.handle.v1-case-api0__f9c61582719c0ab591e8e032d2737644ec8dd2554fb9952cfe05736ae4d14c6b4__s000000289__6c29f34d088b2a4170efce8dbf2e666fb16fc55e1a105aa9c71e5a90a1e1f00a.npz",
          "sha256": "889b17956ad1db140fb74f00ecf35e54d4bbc3508b84906686468fd39ffa2908"
        },
        {
          "path": "trajectory_400/accepted/euler/scientific-output-accept__pops.handle.v1-case-api0__f9c61582719c0ab591e8e032d2737644ec8dd2554fb9952cfe05736ae4d14c6b4__s000000290__79e148ac81d96712538a29e36c8aadad0ddca1c48baa6b0c7fe99c245ea47a6d.npz",
          "sha256": "58a6208f486612356969ca7f12f5f3311a41cb062d6e8786304995e880c0b822"
        },
        {
          "path": "trajectory_400/accepted/euler/scientific-output-accept__pops.handle.v1-case-api0__f9c61582719c0ab591e8e032d2737644ec8dd2554fb9952cfe05736ae4d14c6b4__s000000291__f8e1547e9b7b037a2c499fa6b55b4fb767ed1a78bf561fb3e92eab875132d10c.npz",
          "sha256": "be39ecc91d47003b3ac7fbbb83793ff3d8420a50fd6690109e006eebecab933e"
        },
        {
          "path": "trajectory_400/accepted/euler/scientific-output-accept__pops.handle.v1-case-api0__f9c61582719c0ab591e8e032d2737644ec8dd2554fb9952cfe05736ae4d14c6b4__s000000292__6e0cc7d891fbee78948f5a89bb8933174d7bbf11d36761da1018f36f7eda4f4f.npz",
          "sha256": "be771aefa6ee8c4617c41ce4e3de5a06bbbe42e598653074eb0c171102e52325"
        },
        {
          "path": "trajectory_400/accepted/euler/scientific-output-accept__pops.handle.v1-case-api0__f9c61582719c0ab591e8e032d2737644ec8dd2554fb9952cfe05736ae4d14c6b4__s000000293__284d5c850b04e3ae9129ebe32b1d33627dd6a803b4e62fa3825a3f000b9e8e12.npz",
          "sha256": "f1394ab99710556d36cf15dc1708833dab6cd4256fbeaee4e2460c186bfbf53e"
        },
        {
          "path": "trajectory_400/accepted/euler/scientific-output-accept__pops.handle.v1-case-api0__f9c61582719c0ab591e8e032d2737644ec8dd2554fb9952cfe05736ae4d14c6b4__s000000294__539232b6b33c5ad1a7ae5e40146773666048eca3aa79b5cb3d77f0fd531f116d.npz",
          "sha256": "7386d06ee3d0edb7e02ac8775aec849006659c03fe49eb4b5efa7fa0317a6bf4"
        },
        {
          "path": "trajectory_400/accepted/euler/scientific-output-accept__pops.handle.v1-case-api0__f9c61582719c0ab591e8e032d2737644ec8dd2554fb9952cfe05736ae4d14c6b4__s000000295__5c4491c8332462b0df12cb39f6ad20bf01242cd85ddaf9af398fb08bd22c56cd.npz",
          "sha256": "a412a09c1b5edee779e6000ce7bc695b5f04545f4877b3322e9098996e0684f6"
        },
        {
          "path": "trajectory_400/accepted/euler/scientific-output-accept__pops.handle.v1-case-api0__f9c61582719c0ab591e8e032d2737644ec8dd2554fb9952cfe05736ae4d14c6b4__s000000296__1987be077c58c013e6c3759095524930588a1296d01b7d93a5cfade84c6068e2.npz",
          "sha256": "199f2ef0fe638e87ebe1e3467054d2e0f86ce1ce7a1676f265b92466b98139f1"
        },
        {
          "path": "trajectory_400/accepted/euler/scientific-output-accept__pops.handle.v1-case-api0__f9c61582719c0ab591e8e032d2737644ec8dd2554fb9952cfe05736ae4d14c6b4__s000000297__c17328bed1066d7e68c9b3a10290a391ed5c61208bba347f271cc1f7bfa1957a.npz",
          "sha256": "bbff169efd90cfd7c2c7ae8d3bb41aa63c4f66e2783254b6122ac95f77a662c3"
        },
        {
          "path": "trajectory_400/accepted/euler/scientific-output-accept__pops.handle.v1-case-api0__f9c61582719c0ab591e8e032d2737644ec8dd2554fb9952cfe05736ae4d14c6b4__s000000298__35edb8bde1d715e4c5d1c36751c7181c57a9d1f536e15487978d9b58f4862369.npz",
          "sha256": "f28263abfcab3c41bfb2841be33687ea01e72e7acd4cd33839fe51736fb0dfc4"
        },
        {
          "path": "trajectory_400/accepted/euler/scientific-output-accept__pops.handle.v1-case-api0__f9c61582719c0ab591e8e032d2737644ec8dd2554fb9952cfe05736ae4d14c6b4__s000000299__7adcd39e16ca92a8e4f3adf4dd9a7f1e7cee2f2e24a3ec547cac6043b5db82cf.npz",
          "sha256": "4e6ae82b8e67590f2c3bb4d2a793163a14b85a0296f3c5534031dfd2d93da34e"
        },
        {
          "path": "trajectory_400/accepted/euler/scientific-output-accept__pops.handle.v1-case-api0__f9c61582719c0ab591e8e032d2737644ec8dd2554fb9952cfe05736ae4d14c6b4__s000000300__04d5f69b666f52bd9969242e2665bc12045ff82e94df767480cb51379a2b2529.npz",
          "sha256": "3bc62b4c7e50cfaaf5896e8bb8219182315fdb0216b439d8b3a8391584037e2b"
        },
        {
          "path": "trajectory_400/accepted/euler/scientific-output-accept__pops.handle.v1-case-api0__f9c61582719c0ab591e8e032d2737644ec8dd2554fb9952cfe05736ae4d14c6b4__s000000301__2b0a774b546e3945d30d9fe64d64bc8671881e817b0e81ec02151504930745b9.npz",
          "sha256": "186825703a7f2867e35390318a33bbf003c9b86b6916c6163b82bea8ecc19b1e"
        },
        {
          "path": "trajectory_400/accepted/euler/scientific-output-accept__pops.handle.v1-case-api0__f9c61582719c0ab591e8e032d2737644ec8dd2554fb9952cfe05736ae4d14c6b4__s000000302__35d4901e2e423e75dacde8e774b9910e5b3de31832daa33864583fce09bd9fd1.npz",
          "sha256": "b581f463dd75b3b2f943261334f90cfa1addac49938aa8b606756babf4ec007e"
        },
        {
          "path": "trajectory_400/accepted/euler/scientific-output-accept__pops.handle.v1-case-api0__f9c61582719c0ab591e8e032d2737644ec8dd2554fb9952cfe05736ae4d14c6b4__s000000303__a7583c61661e34f37cbe5c8abcd32cbbd2d8764ebd2ada45d54fb40e59aa9f70.npz",
          "sha256": "f53baf3bc6ff0b9db87e5b69bd53ca75eb717ede63ea49502ce82feedb617540"
        },
        {
          "path": "trajectory_400/accepted/euler/scientific-output-accept__pops.handle.v1-case-api0__f9c61582719c0ab591e8e032d2737644ec8dd2554fb9952cfe05736ae4d14c6b4__s000000304__38b9fb1adb2b98280cddebeb8b31d4ec32be33728fbf65dd5e8706743cf0c6ba.npz",
          "sha256": "44ab25ae3fa3ddf4471c1c1e3c92da380e47ecbb643cc386d834f5d7b699c4f0"
        },
        {
          "path": "trajectory_400/accepted/euler/scientific-output-accept__pops.handle.v1-case-api0__f9c61582719c0ab591e8e032d2737644ec8dd2554fb9952cfe05736ae4d14c6b4__s000000305__6b033021617a0939813341a91120aea9d0f026cb19a59e0211aae1f98ad95d52.npz",
          "sha256": "9436b2ac45d77709230ec42af7096aad775d8ba87a2d1116a48f910dcaa68268"
        },
        {
          "path": "trajectory_400/accepted/euler/scientific-output-accept__pops.handle.v1-case-api0__f9c61582719c0ab591e8e032d2737644ec8dd2554fb9952cfe05736ae4d14c6b4__s000000306__21d54c98d6ade2eb30b6ab372c076eb7979ddfa1e87f6d76ebea7a7632667448.npz",
          "sha256": "31494e93a755068042ac354874b452b30ba545190c8dc9c4f25c524712324340"
        },
        {
          "path": "trajectory_400/accepted/euler/scientific-output-accept__pops.handle.v1-case-api0__f9c61582719c0ab591e8e032d2737644ec8dd2554fb9952cfe05736ae4d14c6b4__s000000307__4f666dc1d64f2429d8c010a86931143f01ea947a1d70ab2ca3819372299d1d60.npz",
          "sha256": "70bbd40abc089a392516c80a7d6d701778c7fce72b584c2c856c2b9c37354e13"
        },
        {
          "path": "trajectory_400/accepted/euler/scientific-output-accept__pops.handle.v1-case-api0__f9c61582719c0ab591e8e032d2737644ec8dd2554fb9952cfe05736ae4d14c6b4__s000000308__0260653cdbf9620fcd1f64b6ce3d23914aa478acc5270ceb602921f886b46bbe.npz",
          "sha256": "957a008d7a828081adcacb250e14bb893b0ea5634b7cb6e7150789f859b9e496"
        },
        {
          "path": "trajectory_400/accepted/euler/scientific-output-accept__pops.handle.v1-case-api0__f9c61582719c0ab591e8e032d2737644ec8dd2554fb9952cfe05736ae4d14c6b4__s000000309__c65e6d350fab386bbfd66f33f28fc9b81dac50ad68b3f0faf14fa453cff4327a.npz",
          "sha256": "4f3cc936536b687886fe65322068c540d52be756042256c6db15775ca8eaee87"
        },
        {
          "path": "trajectory_400/accepted/euler/scientific-output-accept__pops.handle.v1-case-api0__f9c61582719c0ab591e8e032d2737644ec8dd2554fb9952cfe05736ae4d14c6b4__s000000310__5a7e8a2f7622bb83045c3c1ce8eae7a0bfc912d4dfaf469162025a3c8c8d186e.npz",
          "sha256": "ff4b29035dfeca23f6ceaf767ffc90ec930a9723101530feafc7009b6bc46465"
        },
        {
          "path": "trajectory_400/accepted/euler/scientific-output-accept__pops.handle.v1-case-api0__f9c61582719c0ab591e8e032d2737644ec8dd2554fb9952cfe05736ae4d14c6b4__s000000311__09a3e3e9ebf5220d3d484d87666e6971ecdf726821a2fb814531a753a2490750.npz",
          "sha256": "0f4d331d320297060dd43b8ea418d59835cd932f40f53d5c07381a061067fc10"
        },
        {
          "path": "trajectory_400/accepted/euler/scientific-output-accept__pops.handle.v1-case-api0__f9c61582719c0ab591e8e032d2737644ec8dd2554fb9952cfe05736ae4d14c6b4__s000000312__5cf3e3fca8e5306d50ad6ca1538c6e1d04605b926b74a1d746b8067ba5cd1d54.npz",
          "sha256": "558115a35a8dd2c3d0b8be8583e2e8378ddbdfb45f6931edccf0fd9622dd2537"
        },
        {
          "path": "trajectory_400/accepted/euler/scientific-output-accept__pops.handle.v1-case-api0__f9c61582719c0ab591e8e032d2737644ec8dd2554fb9952cfe05736ae4d14c6b4__s000000313__d2cee79353527185dc12c2a7a129bb6b143a2610a9b307eda125bd9fbde81f7e.npz",
          "sha256": "d7d3d8ad299347a09a41ac66955bfd14b306c2e8709b4671df24bbcf00307445"
        },
        {
          "path": "trajectory_400/accepted/euler/scientific-output-accept__pops.handle.v1-case-api0__f9c61582719c0ab591e8e032d2737644ec8dd2554fb9952cfe05736ae4d14c6b4__s000000314__396f39fb511c5f2321988b5bd36317b34cfa1ed0f0da2eed72fbc0fa7488c5b9.npz",
          "sha256": "0dabefe7e3e72bee0cc94c969616cf2e046ae1e3246847535bb48113cf9c490f"
        },
        {
          "path": "trajectory_400/accepted/euler/scientific-output-accept__pops.handle.v1-case-api0__f9c61582719c0ab591e8e032d2737644ec8dd2554fb9952cfe05736ae4d14c6b4__s000000315__57f9f4c354df90568899f7ed31da549dddbfe662a4ce48b094e3d69094ef606b.npz",
          "sha256": "5787aaabbaa04e279fd71a140feaf7058f97636d134c16289d5076ca54e08db3"
        },
        {
          "path": "trajectory_400/accepted/euler/scientific-output-accept__pops.handle.v1-case-api0__f9c61582719c0ab591e8e032d2737644ec8dd2554fb9952cfe05736ae4d14c6b4__s000000316__b53af9170a6a2eef8cbb9d8a54a879be6f3aed814f7de17067a4ce09faefc6cb.npz",
          "sha256": "45572c64b109a713d4a36acbc4aa83685319e2e9d35f9ddabc05bb78f252ee8f"
        },
        {
          "path": "trajectory_400/accepted/euler/scientific-output-accept__pops.handle.v1-case-api0__f9c61582719c0ab591e8e032d2737644ec8dd2554fb9952cfe05736ae4d14c6b4__s000000317__9878ad36cf61f9014525fb888446e764580d666bd14705a4968bbcd013905605.npz",
          "sha256": "2d0adb565a6c81a38c9a85b378ed3c9ffe0fc8319c1ab32bd7c2a682ba991be0"
        },
        {
          "path": "trajectory_400/accepted/euler/scientific-output-accept__pops.handle.v1-case-api0__f9c61582719c0ab591e8e032d2737644ec8dd2554fb9952cfe05736ae4d14c6b4__s000000318__907992fa52161fd7ead39ce25409cff53b5bc9e61ade701e56c1b8edd66e97f2.npz",
          "sha256": "355d2d395f5f75129ac616c97f60a816be9b1a59b28cec105de684d140f18905"
        },
        {
          "path": "trajectory_400/accepted/euler/scientific-output-accept__pops.handle.v1-case-api0__f9c61582719c0ab591e8e032d2737644ec8dd2554fb9952cfe05736ae4d14c6b4__s000000319__65f2df7c3eac3b6e75c60a92ff3b682872d53e101a1b0f9d2fa98415c8a781b5.npz",
          "sha256": "25508480a2b29e54757ec052abf78736a5a4224ea273186a57dcf90bf4f43ca7"
        },
        {
          "path": "trajectory_400/accepted/euler/scientific-output-accept__pops.handle.v1-case-api0__f9c61582719c0ab591e8e032d2737644ec8dd2554fb9952cfe05736ae4d14c6b4__s000000320__5fe65eee2aeeb88edf5dff5baff791d58b32dc9a58059818843834bc031927f3.npz",
          "sha256": "cc25f491043935c2da2105e923d3c1191182440175c5a5d925b49dee525956f4"
        },
        {
          "path": "trajectory_400/accepted/euler/scientific-output-accept__pops.handle.v1-case-api0__f9c61582719c0ab591e8e032d2737644ec8dd2554fb9952cfe05736ae4d14c6b4__s000000321__6eb18799d57f957c633b5377554c036e57dab43b33b41ed105d3b6ee39bdfbf5.npz",
          "sha256": "55125e0d0e83ad45174f79191be48d260d11a678b2853fddd8fce3fb650686df"
        },
        {
          "path": "trajectory_400/accepted/euler/scientific-output-accept__pops.handle.v1-case-api0__f9c61582719c0ab591e8e032d2737644ec8dd2554fb9952cfe05736ae4d14c6b4__s000000322__4fd1e70c74097e689b3747f5113cdfa88d23bdef47062d0ea310cb5fb47a70ff.npz",
          "sha256": "d2460696637a4c45f36cb73e39754bf770f7c3d2f73529dbcde47d6b8f1bf042"
        },
        {
          "path": "trajectory_400/accepted/euler/scientific-output-accept__pops.handle.v1-case-api0__f9c61582719c0ab591e8e032d2737644ec8dd2554fb9952cfe05736ae4d14c6b4__s000000323__f2d79cc95d1c092b38c599f74f85bc6d0fbdcb80b4188da0a67cd6cf63047dbc.npz",
          "sha256": "7ecafe4bfbb5e1f2ac20ece3ce40d33891cf3627c05f262d74579d9962084372"
        },
        {
          "path": "trajectory_400/accepted/euler/scientific-output-accept__pops.handle.v1-case-api0__f9c61582719c0ab591e8e032d2737644ec8dd2554fb9952cfe05736ae4d14c6b4__s000000324__fc6b85c3a2d1ed85a2fd5aea2e8425784e3a02861722cc5eb890ea2b908db960.npz",
          "sha256": "0886bf54e79270ee2acca59528be5ecdcadb88180bb72559c09cd9cdea921557"
        },
        {
          "path": "trajectory_400/accepted/euler/scientific-output-accept__pops.handle.v1-case-api0__f9c61582719c0ab591e8e032d2737644ec8dd2554fb9952cfe05736ae4d14c6b4__s000000325__f9caef406ac67990b9d422b85a3d1ab2a8ca3fac1aace00670b57fa4c020ddab.npz",
          "sha256": "ac554c17427bff751ad8a79f6decea4d5c991751cf5c14ff1c6ddc221b6f6271"
        },
        {
          "path": "trajectory_400/accepted/euler/scientific-output-accept__pops.handle.v1-case-api0__f9c61582719c0ab591e8e032d2737644ec8dd2554fb9952cfe05736ae4d14c6b4__s000000326__68bf35e5d7e7e15ae55b9666bac0b464f0b34dc3c7d9160b43a462e3cb8580d1.npz",
          "sha256": "5e8eff9c9118b8595700c148ec4dc5d236b9b131373970323a72fdf1bad9d962"
        },
        {
          "path": "trajectory_400/accepted/euler/scientific-output-accept__pops.handle.v1-case-api0__f9c61582719c0ab591e8e032d2737644ec8dd2554fb9952cfe05736ae4d14c6b4__s000000327__5909475375cd4d329558ee5e3c501d3e5e74473c9b7367c9cc755bfde95927a3.npz",
          "sha256": "615d863e057317df7c8b57cf0cb11de67a01060298ca42887a7bdf412b466050"
        },
        {
          "path": "trajectory_400/accepted/euler/scientific-output-accept__pops.handle.v1-case-api0__f9c61582719c0ab591e8e032d2737644ec8dd2554fb9952cfe05736ae4d14c6b4__s000000328__cbbe57f7154c3ceac4d587ae9b8d811b094ec514f14c6ba9e633721dee1b286f.npz",
          "sha256": "17cf374bd1fcfa23a21af2a0a4519ad7bfbdd7212776f77de41784d3c368ac0d"
        },
        {
          "path": "trajectory_400/accepted/euler/scientific-output-accept__pops.handle.v1-case-api0__f9c61582719c0ab591e8e032d2737644ec8dd2554fb9952cfe05736ae4d14c6b4__s000000329__838099e40c4350e809d133f95da81ec5fa7e6c92d9744076e16e7619f69c0ab6.npz",
          "sha256": "dca8789eae9cc150fae8b4087b6830d2a20b4961851826872e6b15cb928feefb"
        },
        {
          "path": "trajectory_400/accepted/euler/scientific-output-accept__pops.handle.v1-case-api0__f9c61582719c0ab591e8e032d2737644ec8dd2554fb9952cfe05736ae4d14c6b4__s000000330__aded30cd745dfe516af9d83492f192e317a8cab87ae022a5bde3c52debcf0de0.npz",
          "sha256": "cd3f26a57e5bd960123ad26f3773a746c4e3ba9486e18b04538de2f5bc2dff27"
        },
        {
          "path": "trajectory_400/accepted/euler/scientific-output-accept__pops.handle.v1-case-api0__f9c61582719c0ab591e8e032d2737644ec8dd2554fb9952cfe05736ae4d14c6b4__s000000331__b49dbf8c0b591c574b35be78d129c21d9baa1a957dea3c3f902bb7824f4cc340.npz",
          "sha256": "a766a5a28dd250162ee0cb02f851ec8b752b3640448ef93690905d56d33ccd79"
        },
        {
          "path": "trajectory_400/accepted/euler/scientific-output-accept__pops.handle.v1-case-api0__f9c61582719c0ab591e8e032d2737644ec8dd2554fb9952cfe05736ae4d14c6b4__s000000332__6babb699af148d694c562eb8a58dee6f6d2c23880498246c3208bb0cfd49e25d.npz",
          "sha256": "1601b081ab9c10da4d421596841548838a06718fe9311b7ab7018405aa66c39a"
        },
        {
          "path": "trajectory_400/accepted/euler/scientific-output-accept__pops.handle.v1-case-api0__f9c61582719c0ab591e8e032d2737644ec8dd2554fb9952cfe05736ae4d14c6b4__s000000333__4a8db7b41714e966678d72bf4591b621e7941206aa1db10b125fb5b8b34ec25f.npz",
          "sha256": "58a27cf8cc3aec4144d43992fcce66d2d29e30660b2ea2b4c729f361d2bb6ce3"
        },
        {
          "path": "trajectory_400/accepted/euler/scientific-output-accept__pops.handle.v1-case-api0__f9c61582719c0ab591e8e032d2737644ec8dd2554fb9952cfe05736ae4d14c6b4__s000000334__ccdb58bd26b19eb384d342d3ebc327560e31eba17f942ad87148e6e34cd10270.npz",
          "sha256": "43f5a98312eeb1bd37d7e47a53a7434ffee9df201057ec9565ac9fe42556a3ca"
        },
        {
          "path": "trajectory_400/accepted/euler/scientific-output-accept__pops.handle.v1-case-api0__f9c61582719c0ab591e8e032d2737644ec8dd2554fb9952cfe05736ae4d14c6b4__s000000335__9f372473b42cd6131bf80d3df72a5867aa489042833c50f31940f026070d5612.npz",
          "sha256": "9622f45e543381d40c6930f69b58c3e27594b0dce47520f43077406e121bdbb5"
        },
        {
          "path": "trajectory_400/accepted/euler/scientific-output-accept__pops.handle.v1-case-api0__f9c61582719c0ab591e8e032d2737644ec8dd2554fb9952cfe05736ae4d14c6b4__s000000336__94f1d00f09f0aed65a1b6447999a5fbfa3717bdfb01097b033bc16d50ecea01b.npz",
          "sha256": "b9235fbdd2634ea92a00dbc0ff3c7fcea5dfaa8dd57ce28aa7a4b21ea8c0a3d4"
        },
        {
          "path": "trajectory_400/accepted/euler/scientific-output-accept__pops.handle.v1-case-api0__f9c61582719c0ab591e8e032d2737644ec8dd2554fb9952cfe05736ae4d14c6b4__s000000337__d2f57d32e5e19434b4aecb284faef0e6f3fa3c94d8951f934f149e94c0bae53d.npz",
          "sha256": "8e30337ba96c1b08bb59134279d27e7c8888fdad735ff3e922e19f75a46db53d"
        },
        {
          "path": "trajectory_400/accepted/euler/scientific-output-accept__pops.handle.v1-case-api0__f9c61582719c0ab591e8e032d2737644ec8dd2554fb9952cfe05736ae4d14c6b4__s000000338__de51f8196e6651527c8d9a79aae711bea52a8d8bb9d7510c1f593cdcad93fbc8.npz",
          "sha256": "ea5f1eec825e555fb01d83921e1cc0f4903f5ef21d5ec35472b494eb6aa16451"
        },
        {
          "path": "trajectory_400/accepted/euler/scientific-output-accept__pops.handle.v1-case-api0__f9c61582719c0ab591e8e032d2737644ec8dd2554fb9952cfe05736ae4d14c6b4__s000000339__6f67a254f33693cfba1f96ded62c6daf34f40d0aab97bc281d6523eaa9c33219.npz",
          "sha256": "fecf9eea296eacd29c179e9d12259c7691cb5a589a78172ff8216c064ed6b17c"
        },
        {
          "path": "trajectory_400/accepted/euler/scientific-output-accept__pops.handle.v1-case-api0__f9c61582719c0ab591e8e032d2737644ec8dd2554fb9952cfe05736ae4d14c6b4__s000000340__ef4d355e80ef74cdd2323558aa2eb24d08d19e105df71b5692a3c3df0a3db501.npz",
          "sha256": "f6d9c65af918c288baeb83c1e1c2c4d3a0968383f9356fa917814a0382588174"
        },
        {
          "path": "trajectory_400/accepted/euler/scientific-output-accept__pops.handle.v1-case-api0__f9c61582719c0ab591e8e032d2737644ec8dd2554fb9952cfe05736ae4d14c6b4__s000000341__ab5d04224eae58e88a56f62ac0b3fd9adec87bde18b19ffb93a9dad7e4842f2c.npz",
          "sha256": "b481397aaa0f9388b38571baa91547eca2645aef7d32f2b0324a8e504c42487a"
        },
        {
          "path": "trajectory_400/accepted/euler/scientific-output-accept__pops.handle.v1-case-api0__f9c61582719c0ab591e8e032d2737644ec8dd2554fb9952cfe05736ae4d14c6b4__s000000342__f71e16336377fb8b90b1672017e9f9996e8d8b1013a394be258d3ba418919364.npz",
          "sha256": "e4c765876e75cd022739f57d4fe8c98e228d720dabb649878889dae56256618f"
        },
        {
          "path": "trajectory_400/accepted/euler/scientific-output-accept__pops.handle.v1-case-api0__f9c61582719c0ab591e8e032d2737644ec8dd2554fb9952cfe05736ae4d14c6b4__s000000343__421a39a033f697df7201faf062ed188f154d9a2262b3846049080da9be149fae.npz",
          "sha256": "08dcfb4e3f9608a85dbb9fcb92c2c4d08b1d912c22358a22043534784a1f5a78"
        },
        {
          "path": "trajectory_400/accepted/euler/scientific-output-accept__pops.handle.v1-case-api0__f9c61582719c0ab591e8e032d2737644ec8dd2554fb9952cfe05736ae4d14c6b4__s000000344__6340128e24c0531a1f678315cbcfd0b955e746185be54b7a0d6ba3287bef9f8d.npz",
          "sha256": "1cc9975ee4db136f604da9245d46bad8cdcb652ed46580b127b4dd099882754b"
        },
        {
          "path": "trajectory_400/accepted/euler/scientific-output-accept__pops.handle.v1-case-api0__f9c61582719c0ab591e8e032d2737644ec8dd2554fb9952cfe05736ae4d14c6b4__s000000345__ccbbc31d9e0c257b21138f1bba99c5a9c49c0e3e692caa2393bc0de066e63869.npz",
          "sha256": "4ecd104bc65fda15e8555a21b7f967e71dee8e675ecb8a22d1ff4445d7c38354"
        },
        {
          "path": "trajectory_400/accepted/euler/scientific-output-accept__pops.handle.v1-case-api0__f9c61582719c0ab591e8e032d2737644ec8dd2554fb9952cfe05736ae4d14c6b4__s000000346__94593a8576f5685cc9111cc5ff2d6b3c4cdb37f6bf55bfca5426339489e9fbd8.npz",
          "sha256": "8fe441d5f40941f028a2d7a877a6f5d41f9449c50fa640aca63e2539d412b2e9"
        },
        {
          "path": "trajectory_400/accepted/euler/scientific-output-accept__pops.handle.v1-case-api0__f9c61582719c0ab591e8e032d2737644ec8dd2554fb9952cfe05736ae4d14c6b4__s000000347__194ea673bfb4ef1c545f2d137e67c5f01613d44a9bef731c6ed5e1f56c0fb677.npz",
          "sha256": "a38a7be3a055423593ce849fe300be788a0e4199516a47d2b81873eaf692bc1a"
        },
        {
          "path": "trajectory_400/accepted/euler/scientific-output-accept__pops.handle.v1-case-api0__f9c61582719c0ab591e8e032d2737644ec8dd2554fb9952cfe05736ae4d14c6b4__s000000348__faf3eae1e868fb0da9c21e93ddf6b7641d39310833d852ef1329fdb2ed3a84d9.npz",
          "sha256": "f3bd8b5a1eb772a3094c93e34ccd8e35d8be14654c14bb754acd307cf62626d1"
        },
        {
          "path": "trajectory_400/accepted/euler/scientific-output-accept__pops.handle.v1-case-api0__f9c61582719c0ab591e8e032d2737644ec8dd2554fb9952cfe05736ae4d14c6b4__s000000349__57e3e929d852e4d1d3bb63ae64ee0842b6bb7ffb9e045bb1cc8b368eb719b543.npz",
          "sha256": "ca844fc61e00c2ec5885f803c4cfaa20fd7a02c513a4c4dacc1d70128c19389e"
        },
        {
          "path": "trajectory_400/accepted/euler/scientific-output-accept__pops.handle.v1-case-api0__f9c61582719c0ab591e8e032d2737644ec8dd2554fb9952cfe05736ae4d14c6b4__s000000350__8b66a2d9dafd3945d3512ed36a65402e710b88d3189e69eed17ea9b6bb3228e5.npz",
          "sha256": "f9dd9bc747d37dbc461209b1c42b0b176641b69434bad41b689a609267459b72"
        },
        {
          "path": "trajectory_400/accepted/euler/scientific-output-accept__pops.handle.v1-case-api0__f9c61582719c0ab591e8e032d2737644ec8dd2554fb9952cfe05736ae4d14c6b4__s000000351__37c75622ccca48f27416ab5d5ac35037d7a4aaa94d1169525fdd52d22a16719b.npz",
          "sha256": "49f4872c3ad3bb35675d1e894a4c6ac84e63a52ff02d6bfabb1b70a9716bd76c"
        },
        {
          "path": "trajectory_400/accepted/euler/scientific-output-accept__pops.handle.v1-case-api0__f9c61582719c0ab591e8e032d2737644ec8dd2554fb9952cfe05736ae4d14c6b4__s000000352__92dc37e6a61e1e99cd8e77ef2b01cde1070833304cd9bfc28c83f3ef639f390b.npz",
          "sha256": "14b4d36f9ec06df6be1e617e3dbd57817bac3826b7a69a232b44c9e614d73f88"
        },
        {
          "path": "trajectory_400/accepted/euler/scientific-output-accept__pops.handle.v1-case-api0__f9c61582719c0ab591e8e032d2737644ec8dd2554fb9952cfe05736ae4d14c6b4__s000000353__1e0f6f1447d7a4e862d8fd8f16fad61e9c5d9044c9ba258cc3bd356d567474f2.npz",
          "sha256": "f3478f60530b809126c5d946cb9734039ec39b67da959bd6573dec5e4b0bdc6b"
        },
        {
          "path": "trajectory_400/accepted/euler/scientific-output-accept__pops.handle.v1-case-api0__f9c61582719c0ab591e8e032d2737644ec8dd2554fb9952cfe05736ae4d14c6b4__s000000354__c4d7816995fb148ba4f71303d24895bac8274d6ea31c02a2ef05f7e9676fd957.npz",
          "sha256": "48f6d4ffd9a54fc1c8b5dcc2884251ce5b959261559538bf732f415d827466f2"
        },
        {
          "path": "trajectory_400/accepted/euler/scientific-output-accept__pops.handle.v1-case-api0__f9c61582719c0ab591e8e032d2737644ec8dd2554fb9952cfe05736ae4d14c6b4__s000000355__b26ae334034111068f6c35e8482b9cd9dcb0da281d488d01a6ba77715f87a67e.npz",
          "sha256": "5efd6ec461266f287e6c9b02e02f241fd159b3854c133d1d8efd50301ae5f3a2"
        },
        {
          "path": "trajectory_400/accepted/euler/scientific-output-accept__pops.handle.v1-case-api0__f9c61582719c0ab591e8e032d2737644ec8dd2554fb9952cfe05736ae4d14c6b4__s000000356__ecde1435fd847510c053e769cd55225b234c9f1536fe22b710ae6aa0f1a3e201.npz",
          "sha256": "83a955cf182d5a15785db9f927d75237f15c8334fbacaa7767e48a5483cd0cc2"
        },
        {
          "path": "trajectory_400/accepted/euler/scientific-output-accept__pops.handle.v1-case-api0__f9c61582719c0ab591e8e032d2737644ec8dd2554fb9952cfe05736ae4d14c6b4__s000000357__732b7e8637acc2823476fd9703d4f280e9438aeaaf754eda9a8c82bca01d768f.npz",
          "sha256": "dde5ff9e8c288b6d7ae730822e4f653a00483587921a8a9b7009be5ae2ea2431"
        },
        {
          "path": "trajectory_400/accepted/euler/scientific-output-accept__pops.handle.v1-case-api0__f9c61582719c0ab591e8e032d2737644ec8dd2554fb9952cfe05736ae4d14c6b4__s000000358__b948001aec2d06533e30d84260e3deb63acb3a356fb25dcaeab0d590c66130ec.npz",
          "sha256": "6139dc78c711362b816ba42b0605ea2e5f553286f279a666156e40cd32299354"
        },
        {
          "path": "trajectory_400/accepted/euler/scientific-output-accept__pops.handle.v1-case-api0__f9c61582719c0ab591e8e032d2737644ec8dd2554fb9952cfe05736ae4d14c6b4__s000000359__329bf60d8acb9fb3fd2c853fdcc85a5dcc6fcc3f030339d57f82a458dd4e9de6.npz",
          "sha256": "cde191b3bb65eaf234eda918b3c8ec1e8f49a9c4e5af90e49a58b228cc8e5e23"
        },
        {
          "path": "trajectory_400/accepted/euler/scientific-output-accept__pops.handle.v1-case-api0__f9c61582719c0ab591e8e032d2737644ec8dd2554fb9952cfe05736ae4d14c6b4__s000000360__4dd4f332761a920faf9a291e7c01c465ae612801085abf8d66c771d6f686ac37.npz",
          "sha256": "bba8894596b4b89dc561f2f70aa82f273d005a1065893f5ca0f0b04d542b7289"
        },
        {
          "path": "trajectory_400/accepted/euler/scientific-output-accept__pops.handle.v1-case-api0__f9c61582719c0ab591e8e032d2737644ec8dd2554fb9952cfe05736ae4d14c6b4__s000000361__4b56f1029f85518cf8523a54ca12313e5ffecbd8ccf75d456ceb871a52493864.npz",
          "sha256": "d10cc337855c6237a55321ad4c701698a3459be0e0a0ef43b51cb7abc6e2148d"
        },
        {
          "path": "trajectory_400/accepted/euler/scientific-output-accept__pops.handle.v1-case-api0__f9c61582719c0ab591e8e032d2737644ec8dd2554fb9952cfe05736ae4d14c6b4__s000000362__3b94eab13ad410427378ebefb23ae52917a31e89b8aabea303ae2d3bb035c50b.npz",
          "sha256": "727e59af20a9f1cd2b2f403402cba8268c803a02c54d1a9a789aebdf5e05ae05"
        },
        {
          "path": "trajectory_400/accepted/euler/scientific-output-accept__pops.handle.v1-case-api0__f9c61582719c0ab591e8e032d2737644ec8dd2554fb9952cfe05736ae4d14c6b4__s000000363__a9be64d2735ec2825fc1ade77814095b4c9c31776e9879cb720505049a9a0e28.npz",
          "sha256": "897d391b3fb417d14ad81617089b8762e614434627c8b6860f0e38fd7df3a9db"
        },
        {
          "path": "trajectory_400/accepted/euler/scientific-output-accept__pops.handle.v1-case-api0__f9c61582719c0ab591e8e032d2737644ec8dd2554fb9952cfe05736ae4d14c6b4__s000000364__6b8937cf96726598ed1b6531b39c2d1e22d8ea9d9019f2eac50bb01657f318eb.npz",
          "sha256": "b3741587ad67641684428c8d378598d0ae40064f39134a63a605cabdb2de4927"
        },
        {
          "path": "trajectory_400/accepted/euler/scientific-output-accept__pops.handle.v1-case-api0__f9c61582719c0ab591e8e032d2737644ec8dd2554fb9952cfe05736ae4d14c6b4__s000000365__3c9571f09a1e200d17b92941696faa05478df54893bfa88aba603d735743cd71.npz",
          "sha256": "4d7b4d698c7874863281018f018ae9a2d0aadc7c8968b9b328e41015c472adf0"
        },
        {
          "path": "trajectory_400/accepted/euler/scientific-output-accept__pops.handle.v1-case-api0__f9c61582719c0ab591e8e032d2737644ec8dd2554fb9952cfe05736ae4d14c6b4__s000000366__1aecf7816b01e5b8d0139954f31f388a53876adc06dad04b5222a46442439ebe.npz",
          "sha256": "f87f1c40ff3bd9fb55d4c2f08c922d8586807761ce416ae82333938a713c991d"
        },
        {
          "path": "trajectory_400/accepted/euler/scientific-output-accept__pops.handle.v1-case-api0__f9c61582719c0ab591e8e032d2737644ec8dd2554fb9952cfe05736ae4d14c6b4__s000000367__1600a68f1b4a11829041a33b56c28241104b592265b5ecdefa390695930c8dbe.npz",
          "sha256": "7c71aed7b57321872adc27f3b7f5c2d25ef5f3cd65fada099e1192c3458e39c0"
        },
        {
          "path": "trajectory_400/accepted/euler/scientific-output-accept__pops.handle.v1-case-api0__f9c61582719c0ab591e8e032d2737644ec8dd2554fb9952cfe05736ae4d14c6b4__s000000368__82e78e865e1a5898c3c3e524c2436f70997d01047d6ceee40169391ec6ee7e4e.npz",
          "sha256": "86dbac8bed887080027288cc698a9eac55ecce7aa5d47ec3a285d2f5bca5ddab"
        },
        {
          "path": "trajectory_400/accepted/euler/scientific-output-accept__pops.handle.v1-case-api0__f9c61582719c0ab591e8e032d2737644ec8dd2554fb9952cfe05736ae4d14c6b4__s000000369__6e183a4a3edc53182e6301ed14c83957a13e9703d598ea42313860233a1e8df3.npz",
          "sha256": "21da7bd76472e701133150b579a34e07ebd84db2fc1a93d90489d222f6848003"
        },
        {
          "path": "trajectory_400/accepted/euler/scientific-output-accept__pops.handle.v1-case-api0__f9c61582719c0ab591e8e032d2737644ec8dd2554fb9952cfe05736ae4d14c6b4__s000000370__b8a52fc84449f279203078ca280e150c0a3b09ad2f575ba647ae687de9cf4cd3.npz",
          "sha256": "1cd22ff6f9bba08bc454ec565df470af01802ade76f57471114ee312b43275bb"
        },
        {
          "path": "trajectory_400/accepted/euler/scientific-output-accept__pops.handle.v1-case-api0__f9c61582719c0ab591e8e032d2737644ec8dd2554fb9952cfe05736ae4d14c6b4__s000000371__159b107ac82000eb14b6693ac5ce1afc965ee59877e6fae6777caaec5f6fc521.npz",
          "sha256": "86fa78d0b02c90180f52ab6b0c9a065ff35fd3fad40c2aac9252f8b2e0694e47"
        },
        {
          "path": "trajectory_400/accepted/euler/scientific-output-accept__pops.handle.v1-case-api0__f9c61582719c0ab591e8e032d2737644ec8dd2554fb9952cfe05736ae4d14c6b4__s000000372__eb709b5fb0d3f206705e7a751f99e49591a14a881bdfbe1bad58eb5de18c9838.npz",
          "sha256": "9502190aef333da9497577658deea00173434a977b94edcd9080f5f5ad59814c"
        },
        {
          "path": "trajectory_400/accepted/euler/scientific-output-accept__pops.handle.v1-case-api0__f9c61582719c0ab591e8e032d2737644ec8dd2554fb9952cfe05736ae4d14c6b4__s000000373__89ddc4b9cf4b04a89578fd253de7959b346ed4dd0e67a5d520288c52fcd55f08.npz",
          "sha256": "bb29e0a0554328b7337522f2e7c7d02541a20270cc1a80b65ee62d91e449ccba"
        },
        {
          "path": "trajectory_400/accepted/euler/scientific-output-accept__pops.handle.v1-case-api0__f9c61582719c0ab591e8e032d2737644ec8dd2554fb9952cfe05736ae4d14c6b4__s000000374__1dc4e17d16d17acb4098ca28a4a9afba2cdb40883ae195a6888149f70db00692.npz",
          "sha256": "c75cb7af5f07fe8090c9ce5526be2fb2d178c864cf73bddad48ee42322fc96f7"
        },
        {
          "path": "trajectory_400/accepted/euler/scientific-output-accept__pops.handle.v1-case-api0__f9c61582719c0ab591e8e032d2737644ec8dd2554fb9952cfe05736ae4d14c6b4__s000000375__6e304123bd43860734c4ce14d4606ae30bcc653746ac27245134d7ddfd18b9bc.npz",
          "sha256": "67960f48b89203dc4fdda2150723d89e7aedd9f951530ac7ab989bb15649bd72"
        },
        {
          "path": "trajectory_400/accepted/euler/scientific-output-accept__pops.handle.v1-case-api0__f9c61582719c0ab591e8e032d2737644ec8dd2554fb9952cfe05736ae4d14c6b4__s000000376__08dfc4834976a17896b032915dd632b0f2531d35bbb88831d4987c068d82f378.npz",
          "sha256": "bd8d3e0a2f8b587a8e3e68a61064e4fded7fcd42040333efd17774c81de79edc"
        },
        {
          "path": "trajectory_400/accepted/euler/scientific-output-accept__pops.handle.v1-case-api0__f9c61582719c0ab591e8e032d2737644ec8dd2554fb9952cfe05736ae4d14c6b4__s000000377__a257469fc79bee72918c7f665bbc700929a7f4ff746baf591b83c644bb29b1de.npz",
          "sha256": "5f0f4d476e51690fc12faf682742e102eec9e0c16640ae3d50a6cb0aa87cc082"
        },
        {
          "path": "trajectory_400/accepted/euler/scientific-output-accept__pops.handle.v1-case-api0__f9c61582719c0ab591e8e032d2737644ec8dd2554fb9952cfe05736ae4d14c6b4__s000000378__6018411b34075c6018c59e2deb5d507991753176f3e124df90ae472bac836217.npz",
          "sha256": "b1b007154526a1f2c4e6a2fe0ff7e3036d59065833268e575e25ebdf6e75a3fc"
        },
        {
          "path": "trajectory_400/accepted/euler/scientific-output-accept__pops.handle.v1-case-api0__f9c61582719c0ab591e8e032d2737644ec8dd2554fb9952cfe05736ae4d14c6b4__s000000379__2546ac38ed1b5330d74a024cbae915f467a768f3d06e68fad2f4d128a314b4ab.npz",
          "sha256": "a74e27d6c71ca150490446a603ca44b6e5fe3247a915dc718b65e2b13034023b"
        },
        {
          "path": "trajectory_400/accepted/euler/scientific-output-accept__pops.handle.v1-case-api0__f9c61582719c0ab591e8e032d2737644ec8dd2554fb9952cfe05736ae4d14c6b4__s000000380__339a26ea1eec245c2742960cceff8f4379102a6247be9f3d19a913335c87f8cf.npz",
          "sha256": "cc124299b26af6dcf4d76c7d10946cbb1cf6b6fe045041a7347daeebf53ec4e5"
        },
        {
          "path": "trajectory_400/accepted/euler/scientific-output-accept__pops.handle.v1-case-api0__f9c61582719c0ab591e8e032d2737644ec8dd2554fb9952cfe05736ae4d14c6b4__s000000381__f7d4db0619b51d2cb947812c3175a86ca98c46244aab3aea395e4039ea851e08.npz",
          "sha256": "9be850f54605c9e9c86ddf11581c97a23640d275e5fd9deca8be7f0adb564b88"
        },
        {
          "path": "trajectory_400/accepted/euler/scientific-output-accept__pops.handle.v1-case-api0__f9c61582719c0ab591e8e032d2737644ec8dd2554fb9952cfe05736ae4d14c6b4__s000000382__8eba408031604ffdcb7f23020d8d4d12096f4d2d5f76f44b611285b46e86b410.npz",
          "sha256": "e0e064db891050b4f322d4c8798a37db9ab4f1d000bb76208e88773534e1de5e"
        },
        {
          "path": "trajectory_400/accepted/euler/scientific-output-accept__pops.handle.v1-case-api0__f9c61582719c0ab591e8e032d2737644ec8dd2554fb9952cfe05736ae4d14c6b4__s000000383__5620ed3c51aa60b0f091625460a62214d4791445f6bdd5df12e55e07cfeeb50d.npz",
          "sha256": "1f88a0900c5a1322fc8b46afe97a1a4fa9d87afac29dcd9d1afa2084188e7c3e"
        },
        {
          "path": "trajectory_400/accepted/euler/scientific-output-accept__pops.handle.v1-case-api0__f9c61582719c0ab591e8e032d2737644ec8dd2554fb9952cfe05736ae4d14c6b4__s000000384__01e3d77b1c19df393d82a1ec1d9a3fd853dfb0ca8709bb040f6678d5207f24e4.npz",
          "sha256": "f18a34d6dfa985990ba2e3a63148dc7f70c854747168ff9094e78cb6c3bf054f"
        },
        {
          "path": "trajectory_400/accepted/euler/scientific-output-accept__pops.handle.v1-case-api0__f9c61582719c0ab591e8e032d2737644ec8dd2554fb9952cfe05736ae4d14c6b4__s000000385__dfdcd7c2c6128c2145cb5ea42a8199bc2a0edbb5a0afdd11b013f3bb10b0e2fb.npz",
          "sha256": "29762887189b5946f44c7af2f89c96d7b843eb07b933f37dadf272e7de014003"
        },
        {
          "path": "trajectory_400/accepted/euler/scientific-output-accept__pops.handle.v1-case-api0__f9c61582719c0ab591e8e032d2737644ec8dd2554fb9952cfe05736ae4d14c6b4__s000000386__64c4ef81730c86ee094ef0711c1a292e31b45ba9ac441b6c504c20cf7d65d1ec.npz",
          "sha256": "c479598f4b29bec40e839d934ca20db390c3f8a16cb402219166a246de449f2a"
        },
        {
          "path": "trajectory_400/accepted/euler/scientific-output-accept__pops.handle.v1-case-api0__f9c61582719c0ab591e8e032d2737644ec8dd2554fb9952cfe05736ae4d14c6b4__s000000387__090147ca37cca91e56a2e8948bb3ef64e0a43e703911c7b0c213b55c6f6b162a.npz",
          "sha256": "b3debc2ee46124b42f05f245d68c3b8d68e07c30c1704b8b8a87e2c4b57d7342"
        },
        {
          "path": "trajectory_400/accepted/euler/scientific-output-accept__pops.handle.v1-case-api0__f9c61582719c0ab591e8e032d2737644ec8dd2554fb9952cfe05736ae4d14c6b4__s000000388__8debd0f6364861bfa3e3be4577ead7de7b90028d35680f31e28e697c0053f27d.npz",
          "sha256": "c97f46df2735ea94c7f80a349258ef1b2dba4df3cb0d372bb0a137f1ffbd8687"
        },
        {
          "path": "trajectory_400/accepted/euler/scientific-output-accept__pops.handle.v1-case-api0__f9c61582719c0ab591e8e032d2737644ec8dd2554fb9952cfe05736ae4d14c6b4__s000000389__41036a41c1b8065e1f5c0660cd764b6a26a5c6f4a0b97298aed3cdb0edd19280.npz",
          "sha256": "e463d645df04053eb582f2550bac609169d206665ca7cbe167cd25c6d67fded8"
        },
        {
          "path": "trajectory_400/accepted/euler/scientific-output-accept__pops.handle.v1-case-api0__f9c61582719c0ab591e8e032d2737644ec8dd2554fb9952cfe05736ae4d14c6b4__s000000390__736014640e0b9fdcd137698507109584576ed04bac113959d35c998264a5ece5.npz",
          "sha256": "5b97f7fe6789457b42d7e49397220740ac1a4db84ba9db0062dff535b71f96a2"
        },
        {
          "path": "trajectory_400/accepted/euler/scientific-output-accept__pops.handle.v1-case-api0__f9c61582719c0ab591e8e032d2737644ec8dd2554fb9952cfe05736ae4d14c6b4__s000000391__4d1c85e8da4bd348ec81934776de3a6766beb798f2941987894aaf909f20e27d.npz",
          "sha256": "ddff7a21e1a65fcc19c08d2ffab92aae1fc6605ae1bebb4d5fe7b7e7172cef24"
        },
        {
          "path": "trajectory_400/accepted/euler/scientific-output-accept__pops.handle.v1-case-api0__f9c61582719c0ab591e8e032d2737644ec8dd2554fb9952cfe05736ae4d14c6b4__s000000392__8f516880d7f0f2223cf542fe3ab5581d4078c9896185bbc2e6bca98bf2f7af20.npz",
          "sha256": "3977f41e87aa9894fa6a9d71b97a0f55a450c3b29ebd5aa5003d4fac6f9f6692"
        },
        {
          "path": "trajectory_400/accepted/euler/scientific-output-accept__pops.handle.v1-case-api0__f9c61582719c0ab591e8e032d2737644ec8dd2554fb9952cfe05736ae4d14c6b4__s000000393__b534fa8d4a55578a3561ca9b28eaa83160135b505bb62d76ec7b4f63b3282e9b.npz",
          "sha256": "4f06ee21a88366468ba7af320c8da653af91b8d73640fdc37594b02f7cebff52"
        },
        {
          "path": "trajectory_400/accepted/euler/scientific-output-accept__pops.handle.v1-case-api0__f9c61582719c0ab591e8e032d2737644ec8dd2554fb9952cfe05736ae4d14c6b4__s000000394__1dbace7fc5daec64db356cd2d169dcccbdfacaf971d2d4e3911da91962c488d9.npz",
          "sha256": "15f725c6fbfe9c40754ae8370c4e840eff03cd388314990a3e386d39ea81e9a0"
        },
        {
          "path": "trajectory_400/accepted/euler/scientific-output-accept__pops.handle.v1-case-api0__f9c61582719c0ab591e8e032d2737644ec8dd2554fb9952cfe05736ae4d14c6b4__s000000395__8923354b4abc2485533ffa88d3c8c90ed3aee375f195ab23af81b01d3ea83dec.npz",
          "sha256": "436e8e8fd2a5cc2c6785c84ff68447e34e9ee089ec7404f2e5097fd6d8e125cf"
        },
        {
          "path": "trajectory_400/accepted/euler/scientific-output-accept__pops.handle.v1-case-api0__f9c61582719c0ab591e8e032d2737644ec8dd2554fb9952cfe05736ae4d14c6b4__s000000396__2470fac06c7a1fe2eb4c3250f16be01a14594668a7b69c289085029b9cb8fc28.npz",
          "sha256": "8b36810987070d404f0d76d807bc0595f940ccd23ec569fb7ed25fcd8226e567"
        },
        {
          "path": "trajectory_400/accepted/euler/scientific-output-accept__pops.handle.v1-case-api0__f9c61582719c0ab591e8e032d2737644ec8dd2554fb9952cfe05736ae4d14c6b4__s000000397__ec0366bcfe080bec023f17ab31779599b3c16bcc22316992994419d0080a05fc.npz",
          "sha256": "389177dcaee54bfaa4b510e3d19a271c590cf0c4ca3ef3fae7d02602713e4eff"
        },
        {
          "path": "trajectory_400/accepted/euler/scientific-output-accept__pops.handle.v1-case-api0__f9c61582719c0ab591e8e032d2737644ec8dd2554fb9952cfe05736ae4d14c6b4__s000000398__f8b553eb916fc608deb52f37fdcd4520fff54a278fa8d6013b3b448b5382917f.npz",
          "sha256": "1f978df036011c2fd947d519468bc836b3a3034a0de85d4bdda09eff9e5afd12"
        },
        {
          "path": "trajectory_400/accepted/euler/scientific-output-accept__pops.handle.v1-case-api0__f9c61582719c0ab591e8e032d2737644ec8dd2554fb9952cfe05736ae4d14c6b4__s000000399__1588290ffa20597d3fa7985957fe8b046367e8747ce13fa9fc3a526ab4e1b7df.npz",
          "sha256": "0e6f051d3bc860d0eecf3b953a44dd3ba814c2e22e4188dcd11b4da740091231"
        },
        {
          "path": "trajectory_400/accepted/euler/scientific-output-accept__pops.handle.v1-case-api0__f9c61582719c0ab591e8e032d2737644ec8dd2554fb9952cfe05736ae4d14c6b4__s000000400__94e9be739c0b7481002eb2ae6d36078a89ff79b885bb13d5e5a9f67f60b9758b.npz",
          "sha256": "067cd8037e1fa4d41141535dd6bfcbf74ff6ac5dce48070e9d9cba5992188cd2"
        },
        {
          "path": "trajectory_400/accepted/euler/scientific-output-accept__pops.handle.v1-case-api0__f9c61582719c0ab591e8e032d2737644ec8dd2554fb9952cfe05736ae4d14c6b4__s000000401__025ddac58a883df5aad91eda6c031006b3ec89a91b578d012e1250433fb24115.npz",
          "sha256": "c0795112f4ce174336ebdbd9245a52ff0633a774ad1229222fc20af616712bf4"
        },
        {
          "path": "trajectory_400/accepted/euler/scientific-output-accept__pops.handle.v1-case-api0__f9c61582719c0ab591e8e032d2737644ec8dd2554fb9952cfe05736ae4d14c6b4__s000000402__868f068bc19386efe6e6efac115f6a91fa416afdb7d3a75a744705049c4e2ff5.npz",
          "sha256": "7fa98d24e482ebda6b34202975998c806dc89260bcf7642bddbf30aec30870c0"
        },
        {
          "path": "trajectory_400/accepted/euler/scientific-output-accept__pops.handle.v1-case-api0__f9c61582719c0ab591e8e032d2737644ec8dd2554fb9952cfe05736ae4d14c6b4__s000000403__37c4d010bb865ca7d9c08c12fc45bfecf8517d7c66f61fcf41582787039af63a.npz",
          "sha256": "abe486c028b1b4b50c99a229a2d036e4b2186c768f859d6f5886994f30218cc4"
        },
        {
          "path": "trajectory_400/accepted/euler/scientific-output-accept__pops.handle.v1-case-api0__f9c61582719c0ab591e8e032d2737644ec8dd2554fb9952cfe05736ae4d14c6b4__s000000404__e6ebcef5b18388914025b19e986fd67cf3a79a5634f54b85ff4c7ee91c679a26.npz",
          "sha256": "d0cb30843dc425785aad43d945df92a369515ca3d988b4b10b743caf81b37961"
        },
        {
          "path": "trajectory_400/accepted/euler/scientific-output-accept__pops.handle.v1-case-api0__f9c61582719c0ab591e8e032d2737644ec8dd2554fb9952cfe05736ae4d14c6b4__s000000405__356c1a623a78411243758e6fa07e43c99c7ed191742a43c6fa53a18c6dfb8877.npz",
          "sha256": "6d87df3ae5aacbc496c1695817e95959185a4dda23b9d1d774690fd1455df499"
        },
        {
          "path": "trajectory_400/accepted/euler/scientific-output-accept__pops.handle.v1-case-api0__f9c61582719c0ab591e8e032d2737644ec8dd2554fb9952cfe05736ae4d14c6b4__s000000406__71f17c517b92be9de35329d3f43e0d20379c297e5c9a1c16d865929d90098082.npz",
          "sha256": "6833dfef66bff5639c3ceb17375b7d5442461cc7aa9856cf4e302500557e33e8"
        },
        {
          "path": "trajectory_400/accepted/euler/scientific-output-accept__pops.handle.v1-case-api0__f9c61582719c0ab591e8e032d2737644ec8dd2554fb9952cfe05736ae4d14c6b4__s000000407__f732150e1fbd4f4c1d08892dc462e8d32fbdf2246565b8b42af646bc3b8b8917.npz",
          "sha256": "e14b35358756dd1c6831635d825e2d75a010389a600a93872733eabfdd256618"
        },
        {
          "path": "trajectory_400/accepted/euler/scientific-output-accept__pops.handle.v1-case-api0__f9c61582719c0ab591e8e032d2737644ec8dd2554fb9952cfe05736ae4d14c6b4__s000000408__c6293e2773cdd1d12506eabdafabe489e936c992b0629d1cdf89f43d6671342f.npz",
          "sha256": "f5a2fb6fa03f6106ce1b89be1e57d6632006a753f6a982a5a7fe17d14a46761a"
        },
        {
          "path": "trajectory_400/accepted/euler/scientific-output-accept__pops.handle.v1-case-api0__f9c61582719c0ab591e8e032d2737644ec8dd2554fb9952cfe05736ae4d14c6b4__s000000409__af1ae2fd850f6d78cd2982095c82060281d749e5af109e23d1c597a53562650e.npz",
          "sha256": "823128b7ee3546c00d201225fa2e0db1e20d303ce73ade3e09a962953da23af4"
        },
        {
          "path": "trajectory_400/accepted/euler/scientific-output-accept__pops.handle.v1-case-api0__f9c61582719c0ab591e8e032d2737644ec8dd2554fb9952cfe05736ae4d14c6b4__s000000410__3b4752dfc63d2d2096905749c93fd9af2511408e1ad1a0d174d0475b3d897843.npz",
          "sha256": "dad4cbe38cdc5c6406c95f3d823c3472e531505d482a7340ee77eeb13f7933c4"
        },
        {
          "path": "trajectory_400/accepted/euler/scientific-output-accept__pops.handle.v1-case-api0__f9c61582719c0ab591e8e032d2737644ec8dd2554fb9952cfe05736ae4d14c6b4__s000000411__ccd2c501faf0273dfeec59ee531980e4123dbca6a8eb36c00dc8bb792f22dc92.npz",
          "sha256": "03367c80f02dd363ec1115880043352fcc0a0eb9b04148318c917dc94384ba34"
        },
        {
          "path": "trajectory_400/accepted/euler/scientific-output-accept__pops.handle.v1-case-api0__f9c61582719c0ab591e8e032d2737644ec8dd2554fb9952cfe05736ae4d14c6b4__s000000412__d1a9aadd7d39bd158226c7f24217343335642068607518f0fc02f5b60bf73651.npz",
          "sha256": "552b197a08c0a7e9e2c0096ec89652b94e409d8ceb29f92d0bf5f4832a1b98e1"
        },
        {
          "path": "trajectory_400/accepted/euler/scientific-output-accept__pops.handle.v1-case-api0__f9c61582719c0ab591e8e032d2737644ec8dd2554fb9952cfe05736ae4d14c6b4__s000000413__5a6d47530c716c8998890d0a1fcf14bf1b2ee440ba7c7f6d2f26b7e71fa71a15.npz",
          "sha256": "179154664ab3310c1e8b3e7380d112bc9374583a668028c4bacb50ad948ebfb9"
        },
        {
          "path": "trajectory_400/accepted/euler/scientific-output-accept__pops.handle.v1-case-api0__f9c61582719c0ab591e8e032d2737644ec8dd2554fb9952cfe05736ae4d14c6b4__s000000414__63699ac43767ae5071e9529b42e8def1399fcd9622bf7b5a5fdf43c19a5ceb31.npz",
          "sha256": "6e945afe51669a55dec95a4e41f40c205f4e6c87e8b5c30106b7786f93894ed6"
        },
        {
          "path": "trajectory_400/accepted/euler/scientific-output-accept__pops.handle.v1-case-api0__f9c61582719c0ab591e8e032d2737644ec8dd2554fb9952cfe05736ae4d14c6b4__s000000415__16f802a9e04ea0cc003f3c829ac79793400efd629e07c5d499ea8eb75bae9764.npz",
          "sha256": "a73559d1576f8def3fcaa572fdd601b074a755b318e68759bdd6cbcd823b5ad4"
        },
        {
          "path": "trajectory_400/accepted/euler/scientific-output-accept__pops.handle.v1-case-api0__f9c61582719c0ab591e8e032d2737644ec8dd2554fb9952cfe05736ae4d14c6b4__s000000416__ea936532b6b9e738a04e0c720a725b471ab39d3849a2dd5fbdd66c523c214a2a.npz",
          "sha256": "bf420e4e26f10c6764e4c631431773663f92816de5d4eb427028a57687ed9275"
        },
        {
          "path": "trajectory_400/accepted/euler/scientific-output-accept__pops.handle.v1-case-api0__f9c61582719c0ab591e8e032d2737644ec8dd2554fb9952cfe05736ae4d14c6b4__s000000417__aeb71ca3c9d70bac99b501269630ded23e46a9d8f43ef1eddb49534c5bfe6e77.npz",
          "sha256": "0c9846ea8efa9b3e2b9310b3c9a8b33b6d7437054f00273f75ce2d82d4eb3f21"
        },
        {
          "path": "trajectory_400/accepted/euler/scientific-output-accept__pops.handle.v1-case-api0__f9c61582719c0ab591e8e032d2737644ec8dd2554fb9952cfe05736ae4d14c6b4__s000000418__ed17b32087cd1cbc54c9c05c7623b280866412bf7ed64ab2c5f1a41652bd7129.npz",
          "sha256": "f8dda002488a284ec6dd02bba0aa6a9ff654980a05024276d7d7761124c6370a"
        },
        {
          "path": "trajectory_400/accepted/euler/scientific-output-accept__pops.handle.v1-case-api0__f9c61582719c0ab591e8e032d2737644ec8dd2554fb9952cfe05736ae4d14c6b4__s000000419__5ed2a46bed99b8ad8978af979f0b454755dc2388e4f5d1bdb559745b19e7b8a0.npz",
          "sha256": "880d9f8e7063f0d26965cef6566d9486d99961d5e6945615297d1c8d2cd1ba2e"
        },
        {
          "path": "trajectory_400/accepted/euler/scientific-output-accept__pops.handle.v1-case-api0__f9c61582719c0ab591e8e032d2737644ec8dd2554fb9952cfe05736ae4d14c6b4__s000000420__5c15277d7caa53c272fb8ed5932079a584c438924dbd3ccb290afc93681ead23.npz",
          "sha256": "f567b603a9c49f74fbec4a78b499b97aefb83e749c826d91800ce18715fdf96c"
        },
        {
          "path": "trajectory_400/accepted/euler/scientific-output-accept__pops.handle.v1-case-api0__f9c61582719c0ab591e8e032d2737644ec8dd2554fb9952cfe05736ae4d14c6b4__s000000421__3d70574aa0f09c127e4e4b7766970dc74c686d6d3ae4ca134053f837513ce519.npz",
          "sha256": "aa0b98c24c13f0fbe1ffb346ceb7bc89e758d5a241a87fe8b32fcda9fcbd6559"
        },
        {
          "path": "trajectory_400/accepted/euler/scientific-output-accept__pops.handle.v1-case-api0__f9c61582719c0ab591e8e032d2737644ec8dd2554fb9952cfe05736ae4d14c6b4__s000000422__9a353e089355235e315e8ae87c8e22562c246157ef2c80578673337868f00e65.npz",
          "sha256": "efad4a9366a96ea530b65be5e07992c9926f5c645fa78a58aae52f1f77117bde"
        },
        {
          "path": "trajectory_400/accepted/euler/scientific-output-accept__pops.handle.v1-case-api0__f9c61582719c0ab591e8e032d2737644ec8dd2554fb9952cfe05736ae4d14c6b4__s000000423__1b7da8a43d5bc16134d62ba2c8ac241fe363c8990d0f51e4904c1a5726c575bb.npz",
          "sha256": "54234ca8493fe6e95c3cf0dd7549b4f03f375d8da8cdcd9726f3b7e8bc29a3dd"
        },
        {
          "path": "trajectory_400/accepted/euler/scientific-output-accept__pops.handle.v1-case-api0__f9c61582719c0ab591e8e032d2737644ec8dd2554fb9952cfe05736ae4d14c6b4__s000000424__0ec7112a29c4f4d5622b5b9d64f2bcc28684c2379eb35dc91b40c110016da7eb.npz",
          "sha256": "ce03f0a6cb4ecf88cc85e5d46021dad400f911d27732b6e7e0afe60f55e4f5c2"
        },
        {
          "path": "trajectory_400/accepted/euler/scientific-output-accept__pops.handle.v1-case-api0__f9c61582719c0ab591e8e032d2737644ec8dd2554fb9952cfe05736ae4d14c6b4__s000000425__bc862f3ba81077f89a24e7213fb1d1b5f1e83e70b87445f2a87b8cb2b4c0ddfa.npz",
          "sha256": "e53d396ef7784430d8d9436c9401fa76c3147c9fc719e7ca6bcfa77ba7e80e4a"
        },
        {
          "path": "trajectory_400/accepted/euler/scientific-output-accept__pops.handle.v1-case-api0__f9c61582719c0ab591e8e032d2737644ec8dd2554fb9952cfe05736ae4d14c6b4__s000000426__47cd9b7f142757fe715f581a6576e761a89855890307726af51115c9ae95cc30.npz",
          "sha256": "0a3b40b367f9a50a1a5a787841c39e4f8579915e459706176efee75b8ab2275e"
        },
        {
          "path": "trajectory_400/accepted/euler/scientific-output-accept__pops.handle.v1-case-api0__f9c61582719c0ab591e8e032d2737644ec8dd2554fb9952cfe05736ae4d14c6b4__s000000427__38da27d533cb1c619a3bbc224b9f92887cb128a0320459e6a1187da8a6d664a1.npz",
          "sha256": "4869bc2b0a1d45ef21dcdfca4b18a7875d7bb1f4ee06d45ff3831f298ba860b2"
        },
        {
          "path": "trajectory_400/accepted/euler/scientific-output-accept__pops.handle.v1-case-api0__f9c61582719c0ab591e8e032d2737644ec8dd2554fb9952cfe05736ae4d14c6b4__s000000428__97ef66e7bfffd035f6a00518f9f405bd34852f5e3ce1ea860c6e37bad73a609a.npz",
          "sha256": "e11124d85f0ea30c1fa6d5387f4afccff31157d3b3cb952b7d1675c4f7475c5e"
        },
        {
          "path": "trajectory_400/accepted/euler/scientific-output-accept__pops.handle.v1-case-api0__f9c61582719c0ab591e8e032d2737644ec8dd2554fb9952cfe05736ae4d14c6b4__s000000429__1e02b462a73cdafe7dc6b88488078271a12a5d07134e42d8c7957032a0a2bf62.npz",
          "sha256": "d15665aaf35e8667ac3ee8e1fb6fe76f1754336d8ac06030839b66a17a06be2c"
        },
        {
          "path": "trajectory_400/accepted/euler/scientific-output-accept__pops.handle.v1-case-api0__f9c61582719c0ab591e8e032d2737644ec8dd2554fb9952cfe05736ae4d14c6b4__s000000430__c735f56dfba8d2e13e8f007aff5a20cd533a42f63e27d8156c6d9dd91eec06b8.npz",
          "sha256": "16f90d00e319e64a40213837c0cee8ab04c4994f86cbf8fc33bc5d9cb784eebb"
        },
        {
          "path": "trajectory_400/accepted/euler/scientific-output-accept__pops.handle.v1-case-api0__f9c61582719c0ab591e8e032d2737644ec8dd2554fb9952cfe05736ae4d14c6b4__s000000431__ac0fb244cb465f097220fb663e0b5e2d9ada74b353477e506dd6fa3285a6ccc1.npz",
          "sha256": "b693081ec603f3d83ab0e42d27479336f6294f8216fb8a303e20ef715edc745b"
        },
        {
          "path": "trajectory_400/accepted/euler/scientific-output-accept__pops.handle.v1-case-api0__f9c61582719c0ab591e8e032d2737644ec8dd2554fb9952cfe05736ae4d14c6b4__s000000432__384db543d4d2b93fec972bca219942956fab454ec4a7faf7b554d974a2e2282d.npz",
          "sha256": "dfa89f0dac3eb1c380214b13e49dd822e10a87f9baf9fb162ba9526103b5143d"
        },
        {
          "path": "trajectory_400/accepted/euler/scientific-output-accept__pops.handle.v1-case-api0__f9c61582719c0ab591e8e032d2737644ec8dd2554fb9952cfe05736ae4d14c6b4__s000000433__aba593987b5796418ca26e550f44fdb532cae29bf46f01a64ae7b0499c3acb09.npz",
          "sha256": "bb522b31343da0e888b6d46e55f537aaf216a920b50c00f007ca09507876eecf"
        },
        {
          "path": "trajectory_400/accepted/euler/scientific-output-accept__pops.handle.v1-case-api0__f9c61582719c0ab591e8e032d2737644ec8dd2554fb9952cfe05736ae4d14c6b4__s000000434__4720bfafbb6b4e22f3334e5993d49d7aef7f30829070176c0af91dc293009ae1.npz",
          "sha256": "7a6b9b676fc22304635a4a7328692974ccfed5032acb2c5ad5856fc89d018dbf"
        },
        {
          "path": "trajectory_400/accepted/euler/scientific-output-accept__pops.handle.v1-case-api0__f9c61582719c0ab591e8e032d2737644ec8dd2554fb9952cfe05736ae4d14c6b4__s000000435__2a6a1fd931211ddff4fefc009ae2ddcf5464ab354de04074f8c9588c1831c241.npz",
          "sha256": "16b2c9103802ebf8bbbcb17e7447ec56a64729149b10dffa22918f5ab7154826"
        },
        {
          "path": "trajectory_400/accepted/euler/scientific-output-accept__pops.handle.v1-case-api0__f9c61582719c0ab591e8e032d2737644ec8dd2554fb9952cfe05736ae4d14c6b4__s000000436__493c4b8bdb97c4d5f0a856e7e63e19c0681e237dcfb8f6c7c1c489164ad16881.npz",
          "sha256": "ec34b486e59ca60848902bae07cbcf91fb9198e0f1493b90aa87bb850c48e1ca"
        },
        {
          "path": "trajectory_400/accepted/euler/scientific-output-accept__pops.handle.v1-case-api0__f9c61582719c0ab591e8e032d2737644ec8dd2554fb9952cfe05736ae4d14c6b4__s000000437__b3ae365ff65defb12a546c3764c000763ffb847d07d7fa910c8f22a72d801c4f.npz",
          "sha256": "b2c131488e165dd6658d8260140e550e355068629354cd62eae877e4a9c44d06"
        },
        {
          "path": "trajectory_400/accepted/euler/scientific-output-accept__pops.handle.v1-case-api0__f9c61582719c0ab591e8e032d2737644ec8dd2554fb9952cfe05736ae4d14c6b4__s000000438__1b50dd3423928eb4085d89294b76153cf65886af0709414d0b8a4b69c39d328d.npz",
          "sha256": "450f21e931f0dcfdd23f587e20d86dda5534bbc5d664bde4d44acd5de0a2a830"
        },
        {
          "path": "trajectory_400/accepted/euler/scientific-output-accept__pops.handle.v1-case-api0__f9c61582719c0ab591e8e032d2737644ec8dd2554fb9952cfe05736ae4d14c6b4__s000000439__050c8b5bab1b86ac6efbcf3d9520e85cf6edbf895990d6ca8fc20a92ede0d3fe.npz",
          "sha256": "4276f30217300e2d7d23209bd0f9473c21a60d9be0dd9fe8cc0b0ca091ee9a16"
        },
        {
          "path": "trajectory_400/accepted/euler/scientific-output-accept__pops.handle.v1-case-api0__f9c61582719c0ab591e8e032d2737644ec8dd2554fb9952cfe05736ae4d14c6b4__s000000440__082efb65da6b0fc252620c3d1dd9f1e8d93684d133c7f50f01cc1e18b8775465.npz",
          "sha256": "16eb0da366b91524c35cd36667836369f987dd4149e45254ed1ef823919ca981"
        },
        {
          "path": "trajectory_400/accepted/euler/scientific-output-accept__pops.handle.v1-case-api0__f9c61582719c0ab591e8e032d2737644ec8dd2554fb9952cfe05736ae4d14c6b4__s000000441__ffa4ca7926c71570bfd60b8c212f9c35f595ad4807435fba888ae2794c436728.npz",
          "sha256": "23f7cd3e89d35d8ac95cab16f31c4c3edd87de3211beac4512c63f6aebb4f2eb"
        },
        {
          "path": "trajectory_400/accepted/euler/scientific-output-accept__pops.handle.v1-case-api0__f9c61582719c0ab591e8e032d2737644ec8dd2554fb9952cfe05736ae4d14c6b4__s000000442__b346b70594f555e5aa1b0cabe50c4db8cf3fbbf523354db3a007628a81f6220c.npz",
          "sha256": "45e8c739e39c4b19a4ee0c0f4b6b8900fcced560f04f6b7cfcbcc481435388cf"
        },
        {
          "path": "trajectory_400/accepted/euler/scientific-output-accept__pops.handle.v1-case-api0__f9c61582719c0ab591e8e032d2737644ec8dd2554fb9952cfe05736ae4d14c6b4__s000000443__5803cbdcd131a1245bc5e84930c22b52e380b0114ae619a1350a941b517d4eda.npz",
          "sha256": "aa501959558fe4ba2804185b6e689fb05289898c51575e6b45f8389e8b717b5c"
        },
        {
          "path": "trajectory_400/accepted/euler/scientific-output-accept__pops.handle.v1-case-api0__f9c61582719c0ab591e8e032d2737644ec8dd2554fb9952cfe05736ae4d14c6b4__s000000444__4c6831206edc32558c536b32ca302ebbdc08d34d89e0bb2528ad6eca4abb178f.npz",
          "sha256": "77483ad656f6195faf02f332829a7a1fd44d58e76880a7876e9f87b0142f4ded"
        },
        {
          "path": "trajectory_400/accepted/euler/scientific-output-accept__pops.handle.v1-case-api0__f9c61582719c0ab591e8e032d2737644ec8dd2554fb9952cfe05736ae4d14c6b4__s000000445__c872c881177860fcf847d2b1db83ba63331316b0bf6ba2f162b83e7d797bf6c9.npz",
          "sha256": "8fd4624b716f6b2f72a5eabe0e3b32003631d81d696eba946f3925bec5e8ab31"
        },
        {
          "path": "trajectory_400/accepted/euler/scientific-output-accept__pops.handle.v1-case-api0__f9c61582719c0ab591e8e032d2737644ec8dd2554fb9952cfe05736ae4d14c6b4__s000000446__25fcbc9037be2888fac035a07bb753dd830f48fbab0c6476fa0b2fc340037e7c.npz",
          "sha256": "dafd47ff3fc7ed923cd21298d56c8fe097f6844a11b42d8be422929d2684b3f6"
        },
        {
          "path": "trajectory_400/accepted/euler/scientific-output-accept__pops.handle.v1-case-api0__f9c61582719c0ab591e8e032d2737644ec8dd2554fb9952cfe05736ae4d14c6b4__s000000447__c022d44a0b3dc5de8ecaea01f821ce75e00354e6bcbdca969a3e010e7ffb8fcf.npz",
          "sha256": "1cd336864637d6b1977d6b5aaec6d5a5ac7d69da57e0a0f7026d00bf3fca4bc5"
        },
        {
          "path": "trajectory_400/accepted/euler/scientific-output-accept__pops.handle.v1-case-api0__f9c61582719c0ab591e8e032d2737644ec8dd2554fb9952cfe05736ae4d14c6b4__s000000448__bb2e91f4fe0b432d6a58a3ba21a83686ead7f9d1dd608d2bc784bae7df060098.npz",
          "sha256": "10c829de3c81c7c67a27faf79b9d6aa5389073eabb7a00572b24ed3010541e49"
        },
        {
          "path": "trajectory_400/accepted/euler/scientific-output-accept__pops.handle.v1-case-api0__f9c61582719c0ab591e8e032d2737644ec8dd2554fb9952cfe05736ae4d14c6b4__s000000449__c96cbf0e0f63bf06e6682787ca30eb7681ea0f0124bae45ffacb0be901e3af7a.npz",
          "sha256": "fa0301b1b6686a75ac075a0e175b521a7f70ad0d96f1666f811525efeb2698d3"
        },
        {
          "path": "trajectory_400/accepted/euler/scientific-output-accept__pops.handle.v1-case-api0__f9c61582719c0ab591e8e032d2737644ec8dd2554fb9952cfe05736ae4d14c6b4__s000000450__cb7433a1846d9733d92d99505ee2fc3e85462519a4f26cfbe38a12b145fd4a18.npz",
          "sha256": "df657270f60c2c7349ed1e450793a68365b87776d4a227f4b4555497f32b2d3b"
        },
        {
          "path": "trajectory_400/accepted/euler/scientific-output-accept__pops.handle.v1-case-api0__f9c61582719c0ab591e8e032d2737644ec8dd2554fb9952cfe05736ae4d14c6b4__s000000451__a92456a202269c0d3c8e8ddac2e8c24ea3405760516e6eb58a733c17b48dcadb.npz",
          "sha256": "357298521398f4f5275118f1730683b854e0f209ae6075276735c51a1995f594"
        },
        {
          "path": "trajectory_400/accepted/euler/scientific-output-accept__pops.handle.v1-case-api0__f9c61582719c0ab591e8e032d2737644ec8dd2554fb9952cfe05736ae4d14c6b4__s000000452__8aa87b8c9e031cbfe76536cf1b1eecba58f094df92cd240f75bff91003db3fe5.npz",
          "sha256": "a5ceac51dbf15a7e3aec13c4b658d7f653a9e3215f1e7333bfa95b805510fa7e"
        },
        {
          "path": "trajectory_400/accepted/euler/scientific-output-accept__pops.handle.v1-case-api0__f9c61582719c0ab591e8e032d2737644ec8dd2554fb9952cfe05736ae4d14c6b4__s000000453__b9bcc5db217d3a4c462f0d021289b42c0a3e901cdedee19e913601b78fd947c6.npz",
          "sha256": "96f0f720b3dddd1240b370fa7927aeb6832619e56a9507862428e1a07f94645a"
        },
        {
          "path": "trajectory_400/accepted/euler/scientific-output-accept__pops.handle.v1-case-api0__f9c61582719c0ab591e8e032d2737644ec8dd2554fb9952cfe05736ae4d14c6b4__s000000454__88a2d027f67bde39ba1c62283e3df33e5d821da69f982d9e60537816564d7d74.npz",
          "sha256": "e227fa349ed3322ba0b7626e8c4a2dbe875d171396a88f4c67d8be91a2c43f15"
        },
        {
          "path": "trajectory_400/accepted/euler/scientific-output-accept__pops.handle.v1-case-api0__f9c61582719c0ab591e8e032d2737644ec8dd2554fb9952cfe05736ae4d14c6b4__s000000455__692222bf0fed677f874071104e4d9503247c44a6da2a1e2fcb1b07ac8ce666f5.npz",
          "sha256": "d2c60f4adeb690f67ada7efe205f425b3261f82844d6b1717fdab1f2b689cb88"
        },
        {
          "path": "trajectory_400/accepted/euler/scientific-output-accept__pops.handle.v1-case-api0__f9c61582719c0ab591e8e032d2737644ec8dd2554fb9952cfe05736ae4d14c6b4__s000000456__4b618502b0f3a98c85247d31b4ec29b5657990b507f425341ecd9e1750c1e578.npz",
          "sha256": "6df54a95218d1a88f918ba893ba887f3df0958922dca9bdd6953ab55ca1e8534"
        },
        {
          "path": "trajectory_400/accepted/euler/scientific-output-accept__pops.handle.v1-case-api0__f9c61582719c0ab591e8e032d2737644ec8dd2554fb9952cfe05736ae4d14c6b4__s000000457__6c2f337dbf96903b7734e8c761c3e240438a765b8814c0a3e6f1c03225667fd9.npz",
          "sha256": "f8277fd7e79a9252554ff273089c82491ac0d14a55ba0e3010ade459699e660a"
        },
        {
          "path": "trajectory_400/accepted/euler/scientific-output-accept__pops.handle.v1-case-api0__f9c61582719c0ab591e8e032d2737644ec8dd2554fb9952cfe05736ae4d14c6b4__s000000458__17344ff1d868a57deef5990645d650632605a8ad11814b593fde35a459c33d2d.npz",
          "sha256": "c7ce8e426fc34df1b3a6e1aa88890220f26777b5c288ac8ad53d8a6a7e5b876b"
        },
        {
          "path": "trajectory_400/accepted/euler/scientific-output-accept__pops.handle.v1-case-api0__f9c61582719c0ab591e8e032d2737644ec8dd2554fb9952cfe05736ae4d14c6b4__s000000459__58609f11612daf1724192409c8de4f4d5b380ad6daf26b89a1a9e80842c16544.npz",
          "sha256": "b1dc9285730aea0e856bdd67dcd4f8b5755415774a183daf04bb55a65dddf898"
        },
        {
          "path": "trajectory_400/accepted/euler/scientific-output-accept__pops.handle.v1-case-api0__f9c61582719c0ab591e8e032d2737644ec8dd2554fb9952cfe05736ae4d14c6b4__s000000460__a2c0303844d86893820a370fbe1ce0ddd461aad490a1a477e5e9c006a490497a.npz",
          "sha256": "fedf97e8c6222c36b896484a1600ced7785f0e3bf2620ca4dfd79764206079cf"
        },
        {
          "path": "trajectory_400/accepted/euler/scientific-output-accept__pops.handle.v1-case-api0__f9c61582719c0ab591e8e032d2737644ec8dd2554fb9952cfe05736ae4d14c6b4__s000000461__1b8fa2539261096f5ff3f7fc499415e3cd0378add6ca7efe35f3e7ea3d1cb416.npz",
          "sha256": "4bbead45d033cff2127d6e4c58b9baa24060c3f316846f5141682fb5ba9c1a8b"
        },
        {
          "path": "trajectory_400/accepted/euler/scientific-output-accept__pops.handle.v1-case-api0__f9c61582719c0ab591e8e032d2737644ec8dd2554fb9952cfe05736ae4d14c6b4__s000000462__d8921e41a38813a037cdc3317d4e20f977a894f526423d6810b03ecc7397ae0e.npz",
          "sha256": "c274d92d309d8b6aa32baa17766e874623e3fecb3347334e24aaf635ee666e6e"
        },
        {
          "path": "trajectory_400/accepted/euler/scientific-output-accept__pops.handle.v1-case-api0__f9c61582719c0ab591e8e032d2737644ec8dd2554fb9952cfe05736ae4d14c6b4__s000000463__a0fc3172c9b3b2819f85feeba3a4303494efaea2ffa43c83bc15d8cb0b4ca842.npz",
          "sha256": "aeed84d5d06d585e1ac81f3a9222fb6cfd1c65ba7ed890ab8dd6225e8351b593"
        },
        {
          "path": "trajectory_400/accepted/euler/scientific-output-accept__pops.handle.v1-case-api0__f9c61582719c0ab591e8e032d2737644ec8dd2554fb9952cfe05736ae4d14c6b4__s000000464__c5690b1309fd8903e1783f14997dbed78c6228f4597c5517e1e45cc18db5c926.npz",
          "sha256": "ce0b8c72df140a5a494c23560c52e80fc4ba1e8ed53c63e206cfab39310cf366"
        },
        {
          "path": "trajectory_400/accepted/euler/scientific-output-accept__pops.handle.v1-case-api0__f9c61582719c0ab591e8e032d2737644ec8dd2554fb9952cfe05736ae4d14c6b4__s000000465__1620b731218f01c0a3d61bff92f79e8459abfbe90d8873e0151666f36ef6559f.npz",
          "sha256": "014bba2a3772abf88031d54b2b05503c72d6e5409a0b113885f857bb46344265"
        },
        {
          "path": "trajectory_400/accepted/euler/scientific-output-accept__pops.handle.v1-case-api0__f9c61582719c0ab591e8e032d2737644ec8dd2554fb9952cfe05736ae4d14c6b4__s000000466__201eb4cb2c54631ac23e15c5fc878287c502a594829a27b62d137e04140a26ec.npz",
          "sha256": "954b8634c7da59b8d19e97e9239c2b74dd4e4b16c52b9152a1a4bcdaa802d52c"
        },
        {
          "path": "trajectory_400/accepted/euler/scientific-output-accept__pops.handle.v1-case-api0__f9c61582719c0ab591e8e032d2737644ec8dd2554fb9952cfe05736ae4d14c6b4__s000000467__61a6075de90832612989484ce72cb8edd163d1e462deae7d8869e56f419023e2.npz",
          "sha256": "6f8e15a23ab7a234df7bfc261a7d89c63f3fa04274e18a494f89ba0aab7334f3"
        },
        {
          "path": "trajectory_400/accepted/euler/scientific-output-accept__pops.handle.v1-case-api0__f9c61582719c0ab591e8e032d2737644ec8dd2554fb9952cfe05736ae4d14c6b4__s000000468__dcd4dcfa48b05e7e86f557cdd7ceaa283fb8986d1871dc460e349d6dcb97a64f.npz",
          "sha256": "4e15e71eb1ed5567a9c944430831cedc4c28994e10bbea42506aa3f454aa9af7"
        },
        {
          "path": "trajectory_400/accepted/euler/scientific-output-accept__pops.handle.v1-case-api0__f9c61582719c0ab591e8e032d2737644ec8dd2554fb9952cfe05736ae4d14c6b4__s000000469__cb23a684737e58fcbd094082f89de32a6cf6dfb9e6ea0a2041eca247699ee8f4.npz",
          "sha256": "cc70678fb9f79648e774be936082ff9f2d400653be5572167a54623f05c260dc"
        },
        {
          "path": "trajectory_400/accepted/euler/scientific-output-accept__pops.handle.v1-case-api0__f9c61582719c0ab591e8e032d2737644ec8dd2554fb9952cfe05736ae4d14c6b4__s000000470__541dda9b56fa38a0977e7d34b22b06e70ecb59ff7d153ecf5d54ed38f4982dbb.npz",
          "sha256": "9053ee19d2ff2d2c818a412099edc47c6073f001c579aa288e16558427ae94f5"
        },
        {
          "path": "trajectory_400/accepted/euler/scientific-output-accept__pops.handle.v1-case-api0__f9c61582719c0ab591e8e032d2737644ec8dd2554fb9952cfe05736ae4d14c6b4__s000000471__0d1a023dd24ec3e2b883674ad850acd8eef2b7db0236126e3b888044d9639a10.npz",
          "sha256": "0044995f1094d307955727a5597280b51eafeb366198b99b4e5d53ef61d0097d"
        },
        {
          "path": "trajectory_400/accepted/euler/scientific-output-accept__pops.handle.v1-case-api0__f9c61582719c0ab591e8e032d2737644ec8dd2554fb9952cfe05736ae4d14c6b4__s000000472__835506d2f3e7c98612e413a34cc7a9be90d627694eebd8c48d90e3a41ee7cabe.npz",
          "sha256": "6b80a0a5e82ef96f41e61561f5b54fad65af00691288377b223da31c4ab002bb"
        },
        {
          "path": "trajectory_400/accepted/euler/scientific-output-accept__pops.handle.v1-case-api0__f9c61582719c0ab591e8e032d2737644ec8dd2554fb9952cfe05736ae4d14c6b4__s000000473__847c2721b04e5f4987eabcacadf484d9688ed8e7cd44333b55eeb7625e826449.npz",
          "sha256": "0b5fa4b5c13b4043acb2bb32776efa79cec1236f76e063c25dbdd0d8c29b0b27"
        },
        {
          "path": "trajectory_400/accepted/euler/scientific-output-accept__pops.handle.v1-case-api0__f9c61582719c0ab591e8e032d2737644ec8dd2554fb9952cfe05736ae4d14c6b4__s000000474__ff91351a325f9e6442b13863c3c800494aa6184a6c5e4cf95737d5fc077d05c8.npz",
          "sha256": "c45df113b029552fefe848cbfa796dd5755b6ec33d2343b48ff08612bcdaebde"
        },
        {
          "path": "trajectory_400/accepted/euler/scientific-output-accept__pops.handle.v1-case-api0__f9c61582719c0ab591e8e032d2737644ec8dd2554fb9952cfe05736ae4d14c6b4__s000000475__fe6db0cdb9a3ec526e38cfa0843d33dedcd5f85cdae0d2d753178ffd45ade254.npz",
          "sha256": "e9047b9e94601884218d1390f3d1ec6a58dee12872d287d40cc67657bcc684b8"
        },
        {
          "path": "trajectory_400/accepted/euler/scientific-output-accept__pops.handle.v1-case-api0__f9c61582719c0ab591e8e032d2737644ec8dd2554fb9952cfe05736ae4d14c6b4__s000000476__72cff263d4804a76a666d137373924361a819e3c3dd86daf94d4228ed65e6776.npz",
          "sha256": "906c2fefcf15ed2d1ec18411f003b5ead5fe0ea33268fe585de0ce318fa89a2c"
        },
        {
          "path": "trajectory_400/accepted/euler/scientific-output-accept__pops.handle.v1-case-api0__f9c61582719c0ab591e8e032d2737644ec8dd2554fb9952cfe05736ae4d14c6b4__s000000477__eeefff3ff85714616a4f5ccfd80d3aa75c5911295dd0b497fb7aa0e7fdd57642.npz",
          "sha256": "76a2775174fd7f1b160fd7d363e181c44e5efc1c7b46836c70e4061351732fdf"
        },
        {
          "path": "trajectory_400/accepted/euler/scientific-output-accept__pops.handle.v1-case-api0__f9c61582719c0ab591e8e032d2737644ec8dd2554fb9952cfe05736ae4d14c6b4__s000000478__992acc5258bafe646cca79ae9153dff8147bf1ad2487f06bc631e444aea85f89.npz",
          "sha256": "7e8588be1fd7ed77ed3e107b167864cbbc8ef722e782dc13270c3df8efe66b68"
        },
        {
          "path": "trajectory_400/accepted/euler/scientific-output-accept__pops.handle.v1-case-api0__f9c61582719c0ab591e8e032d2737644ec8dd2554fb9952cfe05736ae4d14c6b4__s000000479__15cc05952a8383d0d8deee8cf33e109eaab9308f23b3f287e2925c6446ff49cb.npz",
          "sha256": "c3cf730742f7e1e147bac51f10dfb6c2171ad3c903c2292bd42899b02052e3a9"
        },
        {
          "path": "trajectory_400/accepted/euler/scientific-output-accept__pops.handle.v1-case-api0__f9c61582719c0ab591e8e032d2737644ec8dd2554fb9952cfe05736ae4d14c6b4__s000000480__cf93a479cbd73ac734138c1e6c79830cd89708a2f626ae376fd5bc0d157c0f50.npz",
          "sha256": "36bc7ac920cdcf4ba327700935cd93f432541e52edf34b3051209387a20c2d3e"
        },
        {
          "path": "trajectory_400/accepted/euler/scientific-output-accept__pops.handle.v1-case-api0__f9c61582719c0ab591e8e032d2737644ec8dd2554fb9952cfe05736ae4d14c6b4__s000000481__e46bfb40175181d916001862349b6480225ac676cf5ee7706387f9a57b94e2c7.npz",
          "sha256": "2e40b3a1e80f529e8ede93c79b2619d0ceabaac07aa0560594b478b63a79a78f"
        },
        {
          "path": "trajectory_400/accepted/euler/scientific-output-accept__pops.handle.v1-case-api0__f9c61582719c0ab591e8e032d2737644ec8dd2554fb9952cfe05736ae4d14c6b4__s000000482__c945a9b337673bd2c023657e7493322850500dffdea0763401c9a7ebc2b781e8.npz",
          "sha256": "a0c61a3c22e4f3f7123ca543aa81f03e42e9faa895740958dd4f91c3c9b2935e"
        },
        {
          "path": "trajectory_400/accepted/euler/scientific-output-accept__pops.handle.v1-case-api0__f9c61582719c0ab591e8e032d2737644ec8dd2554fb9952cfe05736ae4d14c6b4__s000000483__3f4d2d1517819c2635c6f8705088d43af19d367af260be09e571e05d8fe0ecdf.npz",
          "sha256": "312d1604bf8ccf54dc75536238bbc4338c9ea38c95480777f40f02f923badd6e"
        },
        {
          "path": "trajectory_400/accepted/euler/scientific-output-accept__pops.handle.v1-case-api0__f9c61582719c0ab591e8e032d2737644ec8dd2554fb9952cfe05736ae4d14c6b4__s000000484__008cdfa19ed0ab412f624150e58c34e388d4e2e97b8650b44a1af6dcc63e055a.npz",
          "sha256": "926c05ce0944121b4d798d467a21715307a7f4136b373daa28d5fa1bb14f8584"
        },
        {
          "path": "trajectory_400/accepted/euler/scientific-output-accept__pops.handle.v1-case-api0__f9c61582719c0ab591e8e032d2737644ec8dd2554fb9952cfe05736ae4d14c6b4__s000000485__83b0c50381aa557d32f269126ee84c7fdacce84a2b79e8bfe791e74ef9932df5.npz",
          "sha256": "519bc5a09e81a327bc6d55c51c07a196a612c68c586b5daf264cd87c9adfe636"
        },
        {
          "path": "trajectory_400/accepted/euler/scientific-output-accept__pops.handle.v1-case-api0__f9c61582719c0ab591e8e032d2737644ec8dd2554fb9952cfe05736ae4d14c6b4__s000000486__1ae142efd1867275dcdbdd16928060ad3eca0c6755127e8120672ebb28459fd1.npz",
          "sha256": "b780191cbb6c83a42a42d67f76b7ca2452aa1e02f46dd9fcadc74a315369df9c"
        },
        {
          "path": "trajectory_400/accepted/euler/scientific-output-accept__pops.handle.v1-case-api0__f9c61582719c0ab591e8e032d2737644ec8dd2554fb9952cfe05736ae4d14c6b4__s000000487__f7e1adf9383b8aba47a3f59c275f69da8a3dfc84a0cd9012b143ea6a11eb6940.npz",
          "sha256": "8e41e25739f2723a660d1eb06961fba24bd714d5d596e8839b04b17eb06d3420"
        },
        {
          "path": "trajectory_400/accepted/euler/scientific-output-accept__pops.handle.v1-case-api0__f9c61582719c0ab591e8e032d2737644ec8dd2554fb9952cfe05736ae4d14c6b4__s000000488__e14dc534c993dd7b2c37b5e09dc2d2e8a195e539c20e5184cdf2b6bba6a14265.npz",
          "sha256": "eb37ed93e21a844ffc1364449a1a359f3336172a810d8411bb1c750680e200d6"
        },
        {
          "path": "trajectory_400/accepted/euler/scientific-output-accept__pops.handle.v1-case-api0__f9c61582719c0ab591e8e032d2737644ec8dd2554fb9952cfe05736ae4d14c6b4__s000000489__a537e5a6f5fef323e734dfbfb35b72d21a9b77697481775f87493dafae922b69.npz",
          "sha256": "1fd4f00379401c21a32822ec709e7d6d9c7f4503c8a56db8bcca52ab52aa3b18"
        },
        {
          "path": "trajectory_400/accepted/euler/scientific-output-accept__pops.handle.v1-case-api0__f9c61582719c0ab591e8e032d2737644ec8dd2554fb9952cfe05736ae4d14c6b4__s000000490__7065bba98df478a956c9e10e833960a32a8adc4253b696aafef59d3bce862636.npz",
          "sha256": "27c40f80619e02bdc301d8fa3e5c5dc3bf75d1fbea43107bd602300a9cd01073"
        },
        {
          "path": "trajectory_400/accepted/euler/scientific-output-accept__pops.handle.v1-case-api0__f9c61582719c0ab591e8e032d2737644ec8dd2554fb9952cfe05736ae4d14c6b4__s000000491__a33e7504b16e6f4a87650e9c0d55b25d167f080596b356ec9ef7a8c79abe1b14.npz",
          "sha256": "ab92772b3f75d701d6c4488b99be797c991e56aee8b326aeaa86dacb360ece10"
        },
        {
          "path": "trajectory_400/accepted/euler/scientific-output-accept__pops.handle.v1-case-api0__f9c61582719c0ab591e8e032d2737644ec8dd2554fb9952cfe05736ae4d14c6b4__s000000492__479e4fa2e8a6854f8b50132a2ac2ece8af2ebaa815c477b60728d7cd55210936.npz",
          "sha256": "2d6d7cc5b6c1db2ed92b426c30313c22159f9b4e39ba4de5308c9c4256736d98"
        },
        {
          "path": "trajectory_400/accepted/euler/scientific-output-accept__pops.handle.v1-case-api0__f9c61582719c0ab591e8e032d2737644ec8dd2554fb9952cfe05736ae4d14c6b4__s000000493__5d7d2963e1a26390dd0f9178d4588b48a9e33ce578b0dd972723389578a6b2d8.npz",
          "sha256": "12ceacba1086ee6c291c40ef55d151f2c8dc250ef2f85e183f290733e40174f9"
        },
        {
          "path": "trajectory_400/accepted/euler/scientific-output-accept__pops.handle.v1-case-api0__f9c61582719c0ab591e8e032d2737644ec8dd2554fb9952cfe05736ae4d14c6b4__s000000494__7de44435118060f30c3da28d574474926fd204a3a2a078114dfb43c4f7f76f57.npz",
          "sha256": "8cb27029c7c436b2be733f9fcac6ac2fbc289f575347ddc63cdbfece072e445a"
        },
        {
          "path": "trajectory_400/accepted/euler/scientific-output-accept__pops.handle.v1-case-api0__f9c61582719c0ab591e8e032d2737644ec8dd2554fb9952cfe05736ae4d14c6b4__s000000495__b79cad472ec7e9ab1bad672e3ae98efe9083939a64cb14f431c973fe522d57cb.npz",
          "sha256": "bb6ca94b9b0449753f94d236cdf44286200a069cf18ec6442708da21bb09e2f6"
        },
        {
          "path": "trajectory_400/accepted/euler/scientific-output-accept__pops.handle.v1-case-api0__f9c61582719c0ab591e8e032d2737644ec8dd2554fb9952cfe05736ae4d14c6b4__s000000496__9386db90f61de327d4904daca5a305ab185abc7491794ae120c9889532cb7040.npz",
          "sha256": "774584b7f221e5d658cc44bfbe78799badcd9735d031955797dfc4f13a882dc7"
        },
        {
          "path": "trajectory_400/accepted/euler/scientific-output-accept__pops.handle.v1-case-api0__f9c61582719c0ab591e8e032d2737644ec8dd2554fb9952cfe05736ae4d14c6b4__s000000497__f962ca83a1f1fd9621066c1be1074a26d0c9997be63c06ec219b809c63a579a3.npz",
          "sha256": "11848f19ae61e30a3138fd434bf1d4cdd913ef79c54aa18f945740c1f8cb55d5"
        },
        {
          "path": "trajectory_400/accepted/euler/scientific-output-accept__pops.handle.v1-case-api0__f9c61582719c0ab591e8e032d2737644ec8dd2554fb9952cfe05736ae4d14c6b4__s000000498__81e9cdd26b69cdf86e948f6eea6c5bf1c3f699cc1eb4b79920828b4f65a54bfc.npz",
          "sha256": "d25cd1b5a479fb3ba1101372467a73ec5ad70584e59177a50ee906d6fcc44a2e"
        },
        {
          "path": "trajectory_400/accepted/euler/scientific-output-accept__pops.handle.v1-case-api0__f9c61582719c0ab591e8e032d2737644ec8dd2554fb9952cfe05736ae4d14c6b4__s000000499__eaae2a72dab6f9bf313856bd8b1431e1fe80a36dd0a22925d463ef25214a46d8.npz",
          "sha256": "768c4c3f434f1bd7452988470dd77f73edd740803ba87ce50ab62cc724357ad5"
        },
        {
          "path": "trajectory_400/accepted/euler/scientific-output-accept__pops.handle.v1-case-api0__f9c61582719c0ab591e8e032d2737644ec8dd2554fb9952cfe05736ae4d14c6b4__s000000500__b6622ff7b3d77bc53a9cb22889acb079667512c822443daf174529be87fefdc0.npz",
          "sha256": "ad20a088208f0b91f690d8442da43089e96bb57a020a82244cdc08b5a3d41db3"
        },
        {
          "path": "trajectory_400/accepted/euler/scientific-output-accept__pops.handle.v1-case-api0__f9c61582719c0ab591e8e032d2737644ec8dd2554fb9952cfe05736ae4d14c6b4__s000000501__b97a48a53055bf83f9b43ff01c0145cb18484cebd9f155e5480b1b36b3ccce2b.npz",
          "sha256": "a7ef460355d0a76b0a3f8bbd841254368638305220cc9fce232220dc5b200532"
        },
        {
          "path": "trajectory_400/accepted/euler/scientific-output-accept__pops.handle.v1-case-api0__f9c61582719c0ab591e8e032d2737644ec8dd2554fb9952cfe05736ae4d14c6b4__s000000502__a4b76a7b5dcc73d3d765ce897a373e717ac619ff8a0825340b0e911155199ac5.npz",
          "sha256": "6bb5c3b4e3585099b91314668afeafefd193fba499d32d068914c4bc1832588a"
        },
        {
          "path": "trajectory_400/accepted/euler/scientific-output-accept__pops.handle.v1-case-api0__f9c61582719c0ab591e8e032d2737644ec8dd2554fb9952cfe05736ae4d14c6b4__s000000503__772dab1136d4e0ec967def273c23ff6e74441728dfc40cfd7adc9071f611fa3a.npz",
          "sha256": "2acf09d7d40e83dce8fe79d3c1fe1bd505862178a1c6cbed5542d79c64448e56"
        },
        {
          "path": "trajectory_400/accepted/euler/scientific-output-accept__pops.handle.v1-case-api0__f9c61582719c0ab591e8e032d2737644ec8dd2554fb9952cfe05736ae4d14c6b4__s000000504__647cc6b59719e9ac5b837820494fcc630f57c6cd8b6894d4388e586ccaa1c039.npz",
          "sha256": "68bb33e48348ff3538bc1a41e2ddb4f1f446ff95bf89101c609b71c9fee1e848"
        },
        {
          "path": "trajectory_400/accepted/euler/scientific-output-accept__pops.handle.v1-case-api0__f9c61582719c0ab591e8e032d2737644ec8dd2554fb9952cfe05736ae4d14c6b4__s000000505__b1e93955948c34801202ced53c99931eeb098bbbe02d1717e8f98c64f8bf81a7.npz",
          "sha256": "291682f07a32d64ff4f53b922cd51e0b8b381f4aa3a45e1bb0b04a7ddce3282e"
        },
        {
          "path": "trajectory_400/accepted/euler/scientific-output-accept__pops.handle.v1-case-api0__f9c61582719c0ab591e8e032d2737644ec8dd2554fb9952cfe05736ae4d14c6b4__s000000506__a4f802cb20b94e1ccf4b95c9a7772a37a7a69ce5a14d61eb9a0d486055bb8f3b.npz",
          "sha256": "42fe9186c3be4822ca05ec251b7dbc31fe77f33406f63adcd88f29e19922dfc8"
        },
        {
          "path": "trajectory_400/accepted/euler/scientific-output-accept__pops.handle.v1-case-api0__f9c61582719c0ab591e8e032d2737644ec8dd2554fb9952cfe05736ae4d14c6b4__s000000507__fe190b81558d0e3d25e47bebb63544093cc3c73ea4047965745e255fe1a02d5b.npz",
          "sha256": "101e0266bdae1aeb67c9e9a077141776b3602dcaac2dc07de3ca672b0c39ab4c"
        },
        {
          "path": "trajectory_400/accepted/euler/scientific-output-accept__pops.handle.v1-case-api0__f9c61582719c0ab591e8e032d2737644ec8dd2554fb9952cfe05736ae4d14c6b4__s000000508__d69ec5ed66b4aa5f079e9f35571366be5f28bce269208b60846c28e7d62c07a3.npz",
          "sha256": "3718f8ae6cca9005731c712030dae6ef8d9f50331d6035011e419aeffa34ef34"
        },
        {
          "path": "trajectory_400/accepted/euler/scientific-output-accept__pops.handle.v1-case-api0__f9c61582719c0ab591e8e032d2737644ec8dd2554fb9952cfe05736ae4d14c6b4__s000000509__7fdf271ef979149eb2a599395a31b02da1396ae6d4636dd348f5dccb3bc3f10f.npz",
          "sha256": "abd5801d54a32daa56eb16f4da6ebad8d4ebd7652c55f3e137200e006d441790"
        },
        {
          "path": "trajectory_400/accepted/euler/scientific-output-accept__pops.handle.v1-case-api0__f9c61582719c0ab591e8e032d2737644ec8dd2554fb9952cfe05736ae4d14c6b4__s000000510__7f1a4f47e050ffa85062c108f754e257e4f8ef55e7b87434e2d35d1678252d4f.npz",
          "sha256": "e35274034eb43e5816daff34a0d285e9dcc24e90d4f29ae31721732a72786846"
        },
        {
          "path": "trajectory_400/accepted/euler/scientific-output-accept__pops.handle.v1-case-api0__f9c61582719c0ab591e8e032d2737644ec8dd2554fb9952cfe05736ae4d14c6b4__s000000511__a5d2e3bde0aa69c5bb818e04f709f06c8a4bd4d2e8d308b713473c48ccaa89de.npz",
          "sha256": "59de8a1aa3ddcf72d3a4d5ed996bd03b143d2b6da3b9278d9808213e12057873"
        },
        {
          "path": "trajectory_400/accepted/euler/scientific-output-accept__pops.handle.v1-case-api0__f9c61582719c0ab591e8e032d2737644ec8dd2554fb9952cfe05736ae4d14c6b4__s000000512__79a2666989fa6e8a483c2d7f4598355b57de0af67f85e6036ee7e84470335331.npz",
          "sha256": "0ba9620c607a693ea44c47446693ded8e116322392d76a489cb76694570436b5"
        },
        {
          "path": "trajectory_400/accepted/euler/scientific-output-accept__pops.handle.v1-case-api0__f9c61582719c0ab591e8e032d2737644ec8dd2554fb9952cfe05736ae4d14c6b4__s000000513__a55c1bdd1c36723d749358426856772d4c556c09d26997a649187a114c21b337.npz",
          "sha256": "9d55dc3780c9e35f8db517bc22b401c7214d2e845784d6e78be5e24c74caff18"
        },
        {
          "path": "trajectory_400/accepted/euler/scientific-output-accept__pops.handle.v1-case-api0__f9c61582719c0ab591e8e032d2737644ec8dd2554fb9952cfe05736ae4d14c6b4__s000000514__1b3fba6a9cbb425363d0ef60a56186a7c5dfb73adb246cc3c1654051c2917b5e.npz",
          "sha256": "6114f178cd5e51c99dd234255df68554017fbee6d5550d06937e9a4875af0a48"
        },
        {
          "path": "trajectory_400/accepted/euler/scientific-output-accept__pops.handle.v1-case-api0__f9c61582719c0ab591e8e032d2737644ec8dd2554fb9952cfe05736ae4d14c6b4__s000000515__5a0dfa94d3b393fb566aaf1e496a4dbc16bfc8b3f21b5d8803992d3afddcf490.npz",
          "sha256": "59007c3984dd115d81611f9cffc177b51c12773075a7822d2efa2d48c062120a"
        },
        {
          "path": "trajectory_400/accepted/euler/scientific-output-accept__pops.handle.v1-case-api0__f9c61582719c0ab591e8e032d2737644ec8dd2554fb9952cfe05736ae4d14c6b4__s000000516__ef86d6704d84d69ef3eee06d9f3572401d992e0ea7beb402af18eb2adfff0c4d.npz",
          "sha256": "4c98de9c82add3e5e85b511d08d1f4fc68052671ef5c44923090aa1a94d15585"
        },
        {
          "path": "trajectory_400/accepted/euler/scientific-output-accept__pops.handle.v1-case-api0__f9c61582719c0ab591e8e032d2737644ec8dd2554fb9952cfe05736ae4d14c6b4__s000000517__6e621473ac0de53a4e264e45dfabd2da87fb3bbe2736711ea392d5afbef7cfa5.npz",
          "sha256": "3db0bf5bf1131d92363c05ecff8d57ac28bcb88e6f4ac5e1c41594b99faad11f"
        },
        {
          "path": "trajectory_400/accepted/euler/scientific-output-accept__pops.handle.v1-case-api0__f9c61582719c0ab591e8e032d2737644ec8dd2554fb9952cfe05736ae4d14c6b4__s000000518__6ea20583eba5eeceed17fa8cc1432b6e3c2f0809ac4d44749a16ae525c2a9185.npz",
          "sha256": "39fb715191891459052fc351c2778c8dd8a984c25fe01a3cbbe19622481fbbde"
        },
        {
          "path": "trajectory_400/accepted/euler/scientific-output-accept__pops.handle.v1-case-api0__f9c61582719c0ab591e8e032d2737644ec8dd2554fb9952cfe05736ae4d14c6b4__s000000519__e55b9823912d66794dd23e1ede0b93267837e6f7e55828db6dbfe2aa26a8c4cc.npz",
          "sha256": "efbe29c58302a1975d4a5a433d53be104d65712b88f3ca0784f588b2a368a445"
        },
        {
          "path": "trajectory_400/accepted/euler/scientific-output-accept__pops.handle.v1-case-api0__f9c61582719c0ab591e8e032d2737644ec8dd2554fb9952cfe05736ae4d14c6b4__s000000520__d6a3a4f8310dc72b588cb03dc98ab00da3beccc76cf54237e1e2601d3ba01c72.npz",
          "sha256": "eeafecca7f506fb6bae588eb360adcc01591ec9de083c9aa1bf12413ccb4a7ce"
        },
        {
          "path": "trajectory_400/accepted/euler/scientific-output-accept__pops.handle.v1-case-api0__f9c61582719c0ab591e8e032d2737644ec8dd2554fb9952cfe05736ae4d14c6b4__s000000521__08973f4f655bf3189a1d465c2b81610371144b6e4cda828fb84f83410e82de8f.npz",
          "sha256": "6d5518a920b19374cdd44630ade1fa282dda120d0fdc9be558952cd4b7a47064"
        },
        {
          "path": "trajectory_400/accepted/euler/scientific-output-accept__pops.handle.v1-case-api0__f9c61582719c0ab591e8e032d2737644ec8dd2554fb9952cfe05736ae4d14c6b4__s000000522__5a3b5d57ddf123df14edf879fc5bd28c145b41c4dea66b7695d607fdbbe8b147.npz",
          "sha256": "7d6117ec5b5c162a910c9ba3ef9ed365dadfee6b9e48bc1f9a5d6590cafc8786"
        },
        {
          "path": "trajectory_400/accepted/euler/scientific-output-accept__pops.handle.v1-case-api0__f9c61582719c0ab591e8e032d2737644ec8dd2554fb9952cfe05736ae4d14c6b4__s000000523__aaf414b7e25d0a304cf5fdee093c2cb9e8f12c2a67b928bf3029c2024d8781c9.npz",
          "sha256": "7613d0c1b3eed11e32cd84579b4a5c9b0a90c92b819f8404f44915f18e17bf8c"
        },
        {
          "path": "trajectory_400/accepted/euler/scientific-output-accept__pops.handle.v1-case-api0__f9c61582719c0ab591e8e032d2737644ec8dd2554fb9952cfe05736ae4d14c6b4__s000000524__d1efa5c8309874c85941ca5b847c7bda7a48250706a31501d59dbfbf7d7b39fa.npz",
          "sha256": "cbaba709e6f09488d2dfe1026c9c84a434b63c5996d6b75e12921c9ca5e5bf8e"
        },
        {
          "path": "trajectory_400/accepted/euler/scientific-output-accept__pops.handle.v1-case-api0__f9c61582719c0ab591e8e032d2737644ec8dd2554fb9952cfe05736ae4d14c6b4__s000000525__2f7921619991fd52a737c270f5cdd3982c1f6dd3e883d36d3e5709442d2c88af.npz",
          "sha256": "12d36e83a4b3e70cca1afbb2e5339fa24abe558cb2eed683ae5ce94bfab75913"
        },
        {
          "path": "trajectory_400/accepted/euler/scientific-output-accept__pops.handle.v1-case-api0__f9c61582719c0ab591e8e032d2737644ec8dd2554fb9952cfe05736ae4d14c6b4__s000000526__c97ce08b3bb66041998893860cd205f5f3dc598e0391ab4c40678f68bcfa84a3.npz",
          "sha256": "837de913589971fc5e080ed86a8a4f02779fc8ce6fe69423983b06576bc84be1"
        },
        {
          "path": "trajectory_400/accepted/euler/scientific-output-accept__pops.handle.v1-case-api0__f9c61582719c0ab591e8e032d2737644ec8dd2554fb9952cfe05736ae4d14c6b4__s000000527__623cccaf67b84b321981a988be85d218f0dd51ce48e306c6eccea5e7c255601d.npz",
          "sha256": "fddba4bd58e8dd5c9a35327b17fa4d8f1cba3fb55af072a48b93d4b5d62ed836"
        },
        {
          "path": "trajectory_400/accepted/euler/scientific-output-accept__pops.handle.v1-case-api0__f9c61582719c0ab591e8e032d2737644ec8dd2554fb9952cfe05736ae4d14c6b4__s000000528__1ee6f9853f0e9e9ad5d5d48f68186322ca37717505d0e78837930587165c665c.npz",
          "sha256": "b1d3c75d483a8aa7143138e92f8561ad986d27116744359663c48e8668e7b42e"
        },
        {
          "path": "trajectory_400/accepted/euler/scientific-output-accept__pops.handle.v1-case-api0__f9c61582719c0ab591e8e032d2737644ec8dd2554fb9952cfe05736ae4d14c6b4__s000000529__2299535491491eb0820955fc53dfae9b4bb72a6140070bff4ebf4f2efa80aff4.npz",
          "sha256": "3770603e76c3be85e41f3bf7a7405e76fd17a1c2c04bbdfa66074680d794cecb"
        },
        {
          "path": "trajectory_400/accepted/euler/scientific-output-accept__pops.handle.v1-case-api0__f9c61582719c0ab591e8e032d2737644ec8dd2554fb9952cfe05736ae4d14c6b4__s000000530__3eafeed6e6baedf76b3fc4e506f795f0a27cccdd5415539d81f91e547bd406c6.npz",
          "sha256": "ed868977a54e7f11d3274ad7f510bdcfd9e557f045280d00ba27b24476472754"
        },
        {
          "path": "trajectory_400/accepted/euler/scientific-output-accept__pops.handle.v1-case-api0__f9c61582719c0ab591e8e032d2737644ec8dd2554fb9952cfe05736ae4d14c6b4__s000000531__4eacb3dfd13e3c819c7a55ce17b7eee62d8fab92158d42de770b25260397856a.npz",
          "sha256": "028199f6536713ff3760e6a5ea29ae43fdf47af0d2cad19c288282d545772424"
        },
        {
          "path": "trajectory_400/accepted/euler/scientific-output-accept__pops.handle.v1-case-api0__f9c61582719c0ab591e8e032d2737644ec8dd2554fb9952cfe05736ae4d14c6b4__s000000532__961d3a0051667dec1a033e7b92f948288f4d4e40c3e523f100b3d08acf9ca4b4.npz",
          "sha256": "7a0190e4b5b359e40c7115a50632f79daa063a3fafe6ac8baf0f51a4f8a09e3a"
        },
        {
          "path": "trajectory_400/accepted/euler/scientific-output-accept__pops.handle.v1-case-api0__f9c61582719c0ab591e8e032d2737644ec8dd2554fb9952cfe05736ae4d14c6b4__s000000533__e99fe10ca8a91cd132dc19f33b0c54c4cd95106b4ae6b7393f91122639f1be4e.npz",
          "sha256": "e7b2734c08f27b57b79bdbec0382f7e8fa676e8edb53912c14c88473c554d534"
        },
        {
          "path": "trajectory_400/accepted/euler/scientific-output-accept__pops.handle.v1-case-api0__f9c61582719c0ab591e8e032d2737644ec8dd2554fb9952cfe05736ae4d14c6b4__s000000534__51adb584c20bf8ad11ecdba5fccc5c9bb3e69424a56dbe16317bf5a5ee4974f5.npz",
          "sha256": "818a96b954438747d8a35095ff0f8a7022f81f5327d786a2eedc2001ddd735ff"
        },
        {
          "path": "trajectory_400/accepted/euler/scientific-output-accept__pops.handle.v1-case-api0__f9c61582719c0ab591e8e032d2737644ec8dd2554fb9952cfe05736ae4d14c6b4__s000000535__6089998f98f3a802abe974eeb316a2a5de1035f266e9d521a61743d629ab9494.npz",
          "sha256": "ed9d87a794c22fb67681851f4c7bd4af08ac82d21ff0fbef8c9ce4be9b93226c"
        },
        {
          "path": "trajectory_400/accepted/euler/scientific-output-accept__pops.handle.v1-case-api0__f9c61582719c0ab591e8e032d2737644ec8dd2554fb9952cfe05736ae4d14c6b4__s000000536__a2b77cbb9a4d3531dc440c4df460db030a2a00687b2dcff304451b0ce9ea4bad.npz",
          "sha256": "11748194a18b27e0da82659c490680752d45606ca7c484d7c7a2ee7a9fb187de"
        },
        {
          "path": "trajectory_400/accepted/euler/scientific-output-accept__pops.handle.v1-case-api0__f9c61582719c0ab591e8e032d2737644ec8dd2554fb9952cfe05736ae4d14c6b4__s000000537__8f6381414d9d9a8d0aad626797e4523edde52914c42e9ffab6aeaeaa2cbbb8c4.npz",
          "sha256": "72898f0fde97b8ce951b7baeab19266ffdf67fc0714209b950fc54a71cd948a7"
        },
        {
          "path": "trajectory_400/accepted/euler/scientific-output-accept__pops.handle.v1-case-api0__f9c61582719c0ab591e8e032d2737644ec8dd2554fb9952cfe05736ae4d14c6b4__s000000538__6758b3e6f54bce8b72758946f75b92c5e1c9ac1c535565c3853096af67de2576.npz",
          "sha256": "6634203e8f7240ba9a20cc7c8b28031fb89a2208527e5facd5bf8e99cf01a6f4"
        },
        {
          "path": "trajectory_400/accepted/euler/scientific-output-accept__pops.handle.v1-case-api0__f9c61582719c0ab591e8e032d2737644ec8dd2554fb9952cfe05736ae4d14c6b4__s000000539__6d9f7acff66fddbae318e941c86705bd87c5bea0d82ebc1630c7cb680e0aece3.npz",
          "sha256": "0e5156cb4376f654c0ddc17f2d522760f316d7f7677c7f62207a08b16a042f60"
        },
        {
          "path": "trajectory_400/accepted/euler/scientific-output-accept__pops.handle.v1-case-api0__f9c61582719c0ab591e8e032d2737644ec8dd2554fb9952cfe05736ae4d14c6b4__s000000540__6821806dc1e2261189b2de89a06ee54535b5b9f32c402ccb02aee8f00d63f0d0.npz",
          "sha256": "d239fa907b79263cba2cd39839fe469b6a3d1316f2d84f475414bb8764b18f89"
        },
        {
          "path": "trajectory_400/accepted/euler/scientific-output-accept__pops.handle.v1-case-api0__f9c61582719c0ab591e8e032d2737644ec8dd2554fb9952cfe05736ae4d14c6b4__s000000541__70bef5bc98d1dd0a5778daad25f8abd10444c0a600a6940d8b0a64b8009ac872.npz",
          "sha256": "e898994a4e0fffe99c5b9691060073ad08c3de2e0811c4efb729e6a0f23a7a87"
        },
        {
          "path": "trajectory_400/accepted/euler/scientific-output-accept__pops.handle.v1-case-api0__f9c61582719c0ab591e8e032d2737644ec8dd2554fb9952cfe05736ae4d14c6b4__s000000542__0ce709d057f58ae25d29d7d5b9bb945b7fee87c98fb08bfdd166f1b8de43473d.npz",
          "sha256": "bc03b38f802013f1775b0457db4d98d5b30997d97d05452c30b5ae7f00f90641"
        },
        {
          "path": "trajectory_400/accepted/euler/scientific-output-accept__pops.handle.v1-case-api0__f9c61582719c0ab591e8e032d2737644ec8dd2554fb9952cfe05736ae4d14c6b4__s000000543__ec8c25b615ad659d6b1c5fbc98824f113e0abcd195a4934b81c2037f8cbacfa6.npz",
          "sha256": "67b399c5f0eeb6d8097cbaad4b4b21a8006f25cc0f9f671252b1c3e65cfe95c1"
        },
        {
          "path": "trajectory_400/accepted/euler/scientific-output-accept__pops.handle.v1-case-api0__f9c61582719c0ab591e8e032d2737644ec8dd2554fb9952cfe05736ae4d14c6b4__s000000544__5326d087091fadef0d1376152fd4729fa4dd5d624b0da49f4c59cd4778b24a97.npz",
          "sha256": "7ae25e7a3991dfd4c8b3eee70fb26e8751d4f8976eeb6e27708c1b7167f545ca"
        },
        {
          "path": "trajectory_400/accepted/euler/scientific-output-accept__pops.handle.v1-case-api0__f9c61582719c0ab591e8e032d2737644ec8dd2554fb9952cfe05736ae4d14c6b4__s000000545__e603d5a2eaf5a19c41de4721964a3c787816ef6f2a8d7bb6e97c29d088542352.npz",
          "sha256": "8998f588c684ceed567adc46a347b2d273dcd275bfdc8319d8141793edf703b7"
        },
        {
          "path": "trajectory_400/accepted/euler/scientific-output-accept__pops.handle.v1-case-api0__f9c61582719c0ab591e8e032d2737644ec8dd2554fb9952cfe05736ae4d14c6b4__s000000546__fbd1f74f0dec7c7e2c118a9078dade9d419309e9918940348c0be2cd1b10ba76.npz",
          "sha256": "c1df8ed21eb901c6b1540bf68b6a3beca6ef4dccc0bc1fc77a04c60af2737c45"
        },
        {
          "path": "trajectory_400/accepted/euler/scientific-output-accept__pops.handle.v1-case-api0__f9c61582719c0ab591e8e032d2737644ec8dd2554fb9952cfe05736ae4d14c6b4__s000000547__6aead3e20efe158b9d4d7b5988bb117fa9b84e794c407da2827c4633aa4b4a4a.npz",
          "sha256": "9d784e59bc364b318de831c5f07d0acefc7657175c15973e8f730999049a93ae"
        },
        {
          "path": "trajectory_400/accepted/euler/scientific-output-accept__pops.handle.v1-case-api0__f9c61582719c0ab591e8e032d2737644ec8dd2554fb9952cfe05736ae4d14c6b4__s000000548__a290098ed754e21c61fe27c9f723ce7f0f4197939f8c35fab81eea686e922e34.npz",
          "sha256": "2fda608e6876ee8f2bc92ac98898172243a28703f45f55c0ef3120d964a19cac"
        },
        {
          "path": "trajectory_400/accepted/euler/scientific-output-accept__pops.handle.v1-case-api0__f9c61582719c0ab591e8e032d2737644ec8dd2554fb9952cfe05736ae4d14c6b4__s000000549__4fb3c3e4aebf101563a5bd4bbd09fdedb15da58abcc476657da4c35905882f61.npz",
          "sha256": "956723bc531b0c5bc3d4a4cead759e8f0727238262f519eb02aca8b1681de0dc"
        },
        {
          "path": "trajectory_400/accepted/euler/scientific-output-accept__pops.handle.v1-case-api0__f9c61582719c0ab591e8e032d2737644ec8dd2554fb9952cfe05736ae4d14c6b4__s000000550__1d98856d75b9b9ffc99e6c4ae0f70572d5c40dc3c09b49f82fb8465af8b088c9.npz",
          "sha256": "4c42b265b8a80de6d3b9f65495379231f0d67b7f704a797e0c5490c92a9190c8"
        },
        {
          "path": "trajectory_400/accepted/euler/scientific-output-accept__pops.handle.v1-case-api0__f9c61582719c0ab591e8e032d2737644ec8dd2554fb9952cfe05736ae4d14c6b4__s000000551__2f97053c2321cc0a67bac668b311d3c49dc813a6ede15cf7d2263a910784744a.npz",
          "sha256": "ebf2dce8ccfb57f9228daa1402d89180e3802cc8378a79c99f9b226eea0e9435"
        },
        {
          "path": "trajectory_400/accepted/euler/scientific-output-accept__pops.handle.v1-case-api0__f9c61582719c0ab591e8e032d2737644ec8dd2554fb9952cfe05736ae4d14c6b4__s000000552__f9a6358ddb7252daeed64ee9dc99997fe53da750516b973d1080b8ca2234fab5.npz",
          "sha256": "0bd2adad50c9995adb0daf661f6d15255828565089cb3e442b51ed15df5eb529"
        },
        {
          "path": "trajectory_400/accepted/euler/scientific-output-accept__pops.handle.v1-case-api0__f9c61582719c0ab591e8e032d2737644ec8dd2554fb9952cfe05736ae4d14c6b4__s000000553__79ec2d8287c91cdd520408ebef8b1cd2d8e59134aa883cdc709a74d786e04e78.npz",
          "sha256": "88d9fb665ffb13ddd3774aff22d72a4787fd79578de1c348d4470a6addb24eae"
        },
        {
          "path": "trajectory_400/accepted/euler/scientific-output-accept__pops.handle.v1-case-api0__f9c61582719c0ab591e8e032d2737644ec8dd2554fb9952cfe05736ae4d14c6b4__s000000554__9830b8ef82b6ecfa8aa13af14bd73d7fa5533ec30a61554cb2ffe5f22298956a.npz",
          "sha256": "a9a25da6012aa8a0391517b89e2e09e4136b34b282c499a94641d320c8f9889f"
        },
        {
          "path": "trajectory_400/accepted/euler/scientific-output-accept__pops.handle.v1-case-api0__f9c61582719c0ab591e8e032d2737644ec8dd2554fb9952cfe05736ae4d14c6b4__s000000555__555318657650ade66a9415d647329c80a6391d1679536f717028153cb07235a9.npz",
          "sha256": "8b9ffbbb6fd84a3af02f2688f2cf7fb1cb2a7dcdf8834418330276c485562bec"
        },
        {
          "path": "trajectory_400/accepted/euler/scientific-output-accept__pops.handle.v1-case-api0__f9c61582719c0ab591e8e032d2737644ec8dd2554fb9952cfe05736ae4d14c6b4__s000000556__39e3c85296a178d39bea387335aeac24db82d3204386f9602f0cb65a15e20b44.npz",
          "sha256": "fa56c49f9f3366d9d3c69362edc03bc0dcc41009155c54368329ed045031e487"
        },
        {
          "path": "trajectory_400/accepted/euler/scientific-output-accept__pops.handle.v1-case-api0__f9c61582719c0ab591e8e032d2737644ec8dd2554fb9952cfe05736ae4d14c6b4__s000000557__eb5ce4d21c389a7c6db8c2bc2ce06d4e2d17f4d5516eab3680462c5a35e7bcc1.npz",
          "sha256": "abd8c7d4aca17d96b84b0178fa8315b18ebcd7ad8191a38cff43c3373f0732d9"
        },
        {
          "path": "trajectory_400/accepted/euler/scientific-output-accept__pops.handle.v1-case-api0__f9c61582719c0ab591e8e032d2737644ec8dd2554fb9952cfe05736ae4d14c6b4__s000000558__fcfda12c4740eb153814e7f2cd0d68929fb826018b67ef7b7598340a23a440ab.npz",
          "sha256": "822140532faad74f277a71544a6b6d488e2d3dc2381a916b9747783d6822742c"
        },
        {
          "path": "trajectory_400/accepted/euler/scientific-output-accept__pops.handle.v1-case-api0__f9c61582719c0ab591e8e032d2737644ec8dd2554fb9952cfe05736ae4d14c6b4__s000000559__4fdfd225f0a1ecaf6a9ed57a0910223a0c724cd75ccbde4c3d6e70faf01b4ddc.npz",
          "sha256": "7c51a6e46d3e76705671f34b721e5529220895547920ac5b51d853a50f822c3b"
        },
        {
          "path": "trajectory_400/accepted/euler/scientific-output-accept__pops.handle.v1-case-api0__f9c61582719c0ab591e8e032d2737644ec8dd2554fb9952cfe05736ae4d14c6b4__s000000560__34663837f397fef353ebf00cbb44a997ea9fb5ac83b490165b1303e685a1a6a7.npz",
          "sha256": "753d4ea1348acfd3a8e0796bca9525aee550a33d08184f3a7fac285922f93bdf"
        },
        {
          "path": "trajectory_400/accepted/euler/scientific-output-accept__pops.handle.v1-case-api0__f9c61582719c0ab591e8e032d2737644ec8dd2554fb9952cfe05736ae4d14c6b4__s000000561__63fe0e9c3f840a4f84ae996f7c839107ea414994c295b5e0d718c45b37a470fb.npz",
          "sha256": "02f45271a0fa2b2b7f8f63cbd693fbb933497d88443a0863464cc5adad0e6630"
        },
        {
          "path": "trajectory_400/accepted/euler/scientific-output-accept__pops.handle.v1-case-api0__f9c61582719c0ab591e8e032d2737644ec8dd2554fb9952cfe05736ae4d14c6b4__s000000562__8067edaa7044d4c050bc444577a3730fcb4c0e4736dac0f04787367f135cf8f1.npz",
          "sha256": "ef70a172b1b3e9d95e802278c4a14229728a24eaf9ff300de49201c1d30184ed"
        },
        {
          "path": "trajectory_400/accepted/euler/scientific-output-accept__pops.handle.v1-case-api0__f9c61582719c0ab591e8e032d2737644ec8dd2554fb9952cfe05736ae4d14c6b4__s000000563__8ade2e0e3fb8cc6ceb1c455107fa9ae0ecf7443a6c939dba1fed59f522df00ab.npz",
          "sha256": "6e37560339d60878c7d17d60bc372e6033c7c281507225f5ff7dbac0b0535be0"
        },
        {
          "path": "trajectory_400/accepted/euler/scientific-output-accept__pops.handle.v1-case-api0__f9c61582719c0ab591e8e032d2737644ec8dd2554fb9952cfe05736ae4d14c6b4__s000000564__3b6713933cebc3409df1e421550b9d6f77072058ebe732a68173fb2323e84394.npz",
          "sha256": "a8bc17b3a91182c7574d68178302b7fdbdb8ab8bddb7a84116044b5967d760ba"
        },
        {
          "path": "trajectory_400/accepted/euler/scientific-output-accept__pops.handle.v1-case-api0__f9c61582719c0ab591e8e032d2737644ec8dd2554fb9952cfe05736ae4d14c6b4__s000000565__aae593ee65ce2b0e3ffa388bc0aa03ffa361f5bcec3835043ea73ee9b7b17f58.npz",
          "sha256": "da7035ec37b34fee9b20f7f7e441bb46695ec598beb0f9ac967b6a9e4d8df56f"
        },
        {
          "path": "trajectory_400/accepted/euler/scientific-output-accept__pops.handle.v1-case-api0__f9c61582719c0ab591e8e032d2737644ec8dd2554fb9952cfe05736ae4d14c6b4__s000000566__ee72406b2bd30e265c98adadb4a476c1038437f7e723f260fee5db346d32696a.npz",
          "sha256": "e3a55dd206757d3bd4992dce82963d3aaa246d9932f353531184541b1c1a8b92"
        },
        {
          "path": "trajectory_400/accepted/euler/scientific-output-accept__pops.handle.v1-case-api0__f9c61582719c0ab591e8e032d2737644ec8dd2554fb9952cfe05736ae4d14c6b4__s000000567__f69961ac0c8a7a909ce9162156b3efe3d8807d610744c5c976655f194f457d41.npz",
          "sha256": "6482810e77d608033e7389797302cef17cc9f6a048417db581ea6363cdfb1eec"
        },
        {
          "path": "trajectory_400/accepted/euler/scientific-output-accept__pops.handle.v1-case-api0__f9c61582719c0ab591e8e032d2737644ec8dd2554fb9952cfe05736ae4d14c6b4__s000000568__c1db0928ec1b6adf2aad5609c051ae343ea8ddb869aeb87023680af46280d708.npz",
          "sha256": "145c0588e44741d6c1c406e13eab488b5b82edc8a9d7d8ad59ab88babf329237"
        },
        {
          "path": "trajectory_400/accepted/euler/scientific-output-accept__pops.handle.v1-case-api0__f9c61582719c0ab591e8e032d2737644ec8dd2554fb9952cfe05736ae4d14c6b4__s000000569__add8042ac1a9bd06258401b2edaba8dd70cb08e5f59e68fc161379bbd7c28aee.npz",
          "sha256": "14c6abfe1dabbb364d64a406cf0d3cf7e989cfbc8ce2f47b749731ab43edc0cc"
        },
        {
          "path": "trajectory_400/accepted/euler/scientific-output-accept__pops.handle.v1-case-api0__f9c61582719c0ab591e8e032d2737644ec8dd2554fb9952cfe05736ae4d14c6b4__s000000570__045809e142e923ba7619ebfe73d50e541efb37a5df4497a4d4f3f4cdf0c69c7f.npz",
          "sha256": "0419fd7089ef6ee9186128bd33c121ed1234fbc477965793a1f29700ee5c2f0a"
        },
        {
          "path": "trajectory_400/accepted/euler/scientific-output-accept__pops.handle.v1-case-api0__f9c61582719c0ab591e8e032d2737644ec8dd2554fb9952cfe05736ae4d14c6b4__s000000571__1d29720dfacc402e2c737836dfde4ff1b382145224aced54672cf26dbb430844.npz",
          "sha256": "969a0f3986086209199bd1db3b5caabde69cf5b70c3c3238713e8ddb39f56de3"
        },
        {
          "path": "trajectory_400/accepted/euler/scientific-output-accept__pops.handle.v1-case-api0__f9c61582719c0ab591e8e032d2737644ec8dd2554fb9952cfe05736ae4d14c6b4__s000000572__946549cc44998aa411462ce76ae19e46f65db1a3a8fcf040bc424c65e27bd7e7.npz",
          "sha256": "e6be094c7fb4eb280eb5041426d9691e6ee6f4a13a471e88636401bb66288ed0"
        },
        {
          "path": "trajectory_400/accepted/euler/scientific-output-accept__pops.handle.v1-case-api0__f9c61582719c0ab591e8e032d2737644ec8dd2554fb9952cfe05736ae4d14c6b4__s000000573__5c27ea598de94f4db8d3c8d3a51633325a07aba14bb112b2182a3e35b42ea599.npz",
          "sha256": "5274b432c7f936cea53e17ecc24dd508bdea23c88a63a5835160056147949e95"
        },
        {
          "path": "trajectory_400/accepted/euler/scientific-output-accept__pops.handle.v1-case-api0__f9c61582719c0ab591e8e032d2737644ec8dd2554fb9952cfe05736ae4d14c6b4__s000000574__61df63fed1261bf3a3556390fe3ecb977950607b8b41efe59c62d3fcf0bf404b.npz",
          "sha256": "08c4474b5a5b20411362d40859da3a5654604dd88eb8d816e82839f86de0486c"
        },
        {
          "path": "trajectory_400/accepted/euler/scientific-output-accept__pops.handle.v1-case-api0__f9c61582719c0ab591e8e032d2737644ec8dd2554fb9952cfe05736ae4d14c6b4__s000000575__777ad75758516033a70ed42f4766e6fbc501ace1217dc82551a01e9ed69da2ec.npz",
          "sha256": "2e14b49af3e02c3e98e31a410819d576bb860cd840d13854fe4970b30c620702"
        },
        {
          "path": "trajectory_400/accepted/euler/scientific-output-accept__pops.handle.v1-case-api0__f9c61582719c0ab591e8e032d2737644ec8dd2554fb9952cfe05736ae4d14c6b4__s000000576__5e9223631f89ab6ef8ffd1ac3934a2a77b65691b515171641343a0db9fc75c6a.npz",
          "sha256": "bd0a445ac2ddc7726dadae550bde7a6e359f20a21cd8d57e22d1c8731c7e5852"
        },
        {
          "path": "trajectory_400/accepted/euler/scientific-output-accept__pops.handle.v1-case-api0__f9c61582719c0ab591e8e032d2737644ec8dd2554fb9952cfe05736ae4d14c6b4__s000000577__3e8eaab35b6a941b46a2647989cbe0e31d9115accb572beea3f2744cf466a993.npz",
          "sha256": "d2a06606b9bcf97caca06680f30fb15cbe98371e03c58491909c71ae156173d6"
        },
        {
          "path": "trajectory_400/accepted/euler/scientific-output-accept__pops.handle.v1-case-api0__f9c61582719c0ab591e8e032d2737644ec8dd2554fb9952cfe05736ae4d14c6b4__s000000578__51cc585f0a91c668a8c981d547c2ce36aadf0845a722a4c8477f31a023d2862e.npz",
          "sha256": "1c2f99555d3d5b07d0fbc50583f094a6df1fb3c85ed8b1039e5fd7a931d9c005"
        },
        {
          "path": "trajectory_400/accepted/euler/scientific-output-accept__pops.handle.v1-case-api0__f9c61582719c0ab591e8e032d2737644ec8dd2554fb9952cfe05736ae4d14c6b4__s000000579__5cb035574c3dc02ce3116933056d71263d95c4f54ededaae6369a3f62642b092.npz",
          "sha256": "e00a024b6c6ca8f69ff8eeb89f442f4be812d4b721291235ccd8283ab0972e1c"
        },
        {
          "path": "trajectory_400/accepted/euler/scientific-output-accept__pops.handle.v1-case-api0__f9c61582719c0ab591e8e032d2737644ec8dd2554fb9952cfe05736ae4d14c6b4__s000000580__8a2896d74b083a40b6e7f46c659aa80d49aafd5b5de7522e15691642838aa3af.npz",
          "sha256": "c39fd500bef667dae54a5d4521ef596658292aac660657ec843a4f201e6cd97e"
        },
        {
          "path": "trajectory_400/accepted/euler/scientific-output-accept__pops.handle.v1-case-api0__f9c61582719c0ab591e8e032d2737644ec8dd2554fb9952cfe05736ae4d14c6b4__s000000581__96feb92d343bf598647d1e08b7fcc6f342bf71a798804b06c9a5ef695dc3f7b0.npz",
          "sha256": "3576c194b6e47517e9bc2738b04e2623b708ff79f67909b574d552f4050050c2"
        },
        {
          "path": "trajectory_400/accepted/euler/scientific-output-accept__pops.handle.v1-case-api0__f9c61582719c0ab591e8e032d2737644ec8dd2554fb9952cfe05736ae4d14c6b4__s000000582__c69c9d7b14defede22971befd7300bc2f19d54b9ada3b1e8eb5dd998987420e0.npz",
          "sha256": "a1af34cd51f03810e63d21bb1c6e2ca1c7ed3e86bc7c7054a1b7a6da22c48c44"
        },
        {
          "path": "trajectory_400/accepted/euler/scientific-output-accept__pops.handle.v1-case-api0__f9c61582719c0ab591e8e032d2737644ec8dd2554fb9952cfe05736ae4d14c6b4__s000000583__b2694737f7d8a94864504ce302dc3401cf5ef95715cf42771e25b2b78976056d.npz",
          "sha256": "6f9c6105454365784cf2c84ea70d3c5f6a4a23579bd9004b81641da5163d88e6"
        },
        {
          "path": "trajectory_400/accepted/euler/scientific-output-accept__pops.handle.v1-case-api0__f9c61582719c0ab591e8e032d2737644ec8dd2554fb9952cfe05736ae4d14c6b4__s000000584__a45d57d8129e2f6b1021e66043c669dd0e51b1339f108f6ee35904303c33bac2.npz",
          "sha256": "2964a5ff3017f3461efd7a80c1854ccc3d2df3e56c33eabeb00f1f436e1a251b"
        },
        {
          "path": "trajectory_400/accepted/euler/scientific-output-accept__pops.handle.v1-case-api0__f9c61582719c0ab591e8e032d2737644ec8dd2554fb9952cfe05736ae4d14c6b4__s000000585__f1b2cf9650cc687ec9ef6f8a81ffc83df5b293d2230a6ae1c434f46aff638343.npz",
          "sha256": "803845256c65fd8e909bd08e79759ad198efbb5161cb23842613a3e7ace25ff2"
        },
        {
          "path": "trajectory_400/accepted/euler/scientific-output-accept__pops.handle.v1-case-api0__f9c61582719c0ab591e8e032d2737644ec8dd2554fb9952cfe05736ae4d14c6b4__s000000586__6369947c4d6b695d3d6562cee0f39249d266007a67190b49b7a67a1ffc988a3f.npz",
          "sha256": "1a74dad42b25deeb93062893bf514ce9b90965d4ecc8dfa9230783c7d6977cd2"
        },
        {
          "path": "trajectory_400/accepted/euler/scientific-output-accept__pops.handle.v1-case-api0__f9c61582719c0ab591e8e032d2737644ec8dd2554fb9952cfe05736ae4d14c6b4__s000000587__724898572b761a540d21fe2c9a90484099fcc739fb6bcb5786b44ff002db46cf.npz",
          "sha256": "220c2a1f88e63e1c6e27638c2585f2af9500929b1e40e5287c074eeaee0469ab"
        },
        {
          "path": "trajectory_400/accepted/euler/scientific-output-accept__pops.handle.v1-case-api0__f9c61582719c0ab591e8e032d2737644ec8dd2554fb9952cfe05736ae4d14c6b4__s000000588__21d1190178377cfb48ab4f7c25b8e33442dcba4a21e142443e9485d1be2b6f76.npz",
          "sha256": "2d1bd3e9651cab3b705052b9f89e0968409353b23700e7d48f49721ae36ba28f"
        },
        {
          "path": "trajectory_400/accepted/euler/scientific-output-accept__pops.handle.v1-case-api0__f9c61582719c0ab591e8e032d2737644ec8dd2554fb9952cfe05736ae4d14c6b4__s000000589__41e30f98e697e392c7274998350aedc395daa8b229e1344ace222c1f860a9e2a.npz",
          "sha256": "9e0aa4ba3d53c828c514d916665b3a0e8f76efcf481090c1115cce3d77187501"
        },
        {
          "path": "trajectory_400/accepted/euler/scientific-output-accept__pops.handle.v1-case-api0__f9c61582719c0ab591e8e032d2737644ec8dd2554fb9952cfe05736ae4d14c6b4__s000000590__12538c4fd1322a92bae4eaaaf9fd18bbc80ac726583289bb03ab2b0059f8fe30.npz",
          "sha256": "37ba53926d0870ddf4c0f1503c5cc07a980ca25a04e157eb800b22383903e8b8"
        },
        {
          "path": "trajectory_400/accepted/euler/scientific-output-accept__pops.handle.v1-case-api0__f9c61582719c0ab591e8e032d2737644ec8dd2554fb9952cfe05736ae4d14c6b4__s000000591__2e89369a55a92153b806ba0e22fccb7e2b9080a28acc2e81806b355f12d6a8f6.npz",
          "sha256": "b4cfa39b635b38a0dec853eec2747b17f3f3193141ecac541ab8f405a981e65e"
        },
        {
          "path": "trajectory_400/accepted/euler/scientific-output-accept__pops.handle.v1-case-api0__f9c61582719c0ab591e8e032d2737644ec8dd2554fb9952cfe05736ae4d14c6b4__s000000592__928379c33817340b4b7e1587d8305327bdd2926e759b7a3f7ba104b5a9515d27.npz",
          "sha256": "2449ebf6d0bff77d61686c96afac77f410c444eea269d25f43c550b93a6d9d05"
        },
        {
          "path": "trajectory_400/accepted/euler/scientific-output-accept__pops.handle.v1-case-api0__f9c61582719c0ab591e8e032d2737644ec8dd2554fb9952cfe05736ae4d14c6b4__s000000593__55510a7962ea0a5c5e95c5be0ae41bc6f52abda6d6ea055cea89213f2a39e4c9.npz",
          "sha256": "c63193ede3d3be35f162b26f9e57e69670357de095d3aef1254f8f9310a064b4"
        },
        {
          "path": "trajectory_400/accepted/euler/scientific-output-accept__pops.handle.v1-case-api0__f9c61582719c0ab591e8e032d2737644ec8dd2554fb9952cfe05736ae4d14c6b4__s000000594__51c57393f6dcb8dca16b61eae4084e3829dbae0797a0ee337cfa73edd4884c59.npz",
          "sha256": "6bae80883d5fb6587b34a0baf7e4ab2f759f40bdfd37c1bce95d66cba0a141bd"
        },
        {
          "path": "trajectory_400/accepted/euler/scientific-output-accept__pops.handle.v1-case-api0__f9c61582719c0ab591e8e032d2737644ec8dd2554fb9952cfe05736ae4d14c6b4__s000000595__2146b0dff0931feab7389cf40c7266f044415f43c7324d2dff80c8d062b95d86.npz",
          "sha256": "4801de07158e3d08c4d6397efaa139e46369afdc5767922c7160bd25d0f15caf"
        },
        {
          "path": "trajectory_400/accepted/euler/scientific-output-accept__pops.handle.v1-case-api0__f9c61582719c0ab591e8e032d2737644ec8dd2554fb9952cfe05736ae4d14c6b4__s000000596__3ba930560b8b62c01ade02ead39cf0158a513d2d6d626ab2abc55f1b3c5a5681.npz",
          "sha256": "5ee3d14c73c3884773b02cb3616c093df3dca47dac9533d6e1574dc4bf6ba359"
        },
        {
          "path": "trajectory_400/accepted/euler/scientific-output-accept__pops.handle.v1-case-api0__f9c61582719c0ab591e8e032d2737644ec8dd2554fb9952cfe05736ae4d14c6b4__s000000597__d1cf422cf66a306d9deeebdefbd8fcde0900bd2e26ae22a8ca5850c62e283ff2.npz",
          "sha256": "38b4cdb15c9b1593d3e97a5e78a8bf03da1f1b40272b19458bb4a21a877c6a25"
        },
        {
          "path": "trajectory_400/accepted/euler/scientific-output-accept__pops.handle.v1-case-api0__f9c61582719c0ab591e8e032d2737644ec8dd2554fb9952cfe05736ae4d14c6b4__s000000598__a58cdebfec44959ac2859f18c740c159751d63b295c60c0d866a2f067d2cb703.npz",
          "sha256": "aa9a2ce99072a1731a2a32afb52d6f8451436574d8e6123e3d07c502d25dafec"
        },
        {
          "path": "trajectory_400/accepted/euler/scientific-output-accept__pops.handle.v1-case-api0__f9c61582719c0ab591e8e032d2737644ec8dd2554fb9952cfe05736ae4d14c6b4__s000000599__a85737077ad072a6412c49e2c7be5a25111531765e710e4625a9ca013c5f5462.npz",
          "sha256": "bfcd1417f21f07e875894f80dc229f8e1fbdb26144b6b777c80552953197b1d5"
        },
        {
          "path": "trajectory_400/accepted/euler/scientific-output-accept__pops.handle.v1-case-api0__f9c61582719c0ab591e8e032d2737644ec8dd2554fb9952cfe05736ae4d14c6b4__s000000600__b6a27f4a122b91739cc39627d6de420e2d902ca73a8ac0bb5e069278b3994fcf.npz",
          "sha256": "5e020d313d5813f230f8eb63a03757af0d2c3a8b6a6c0f07180f8a05b75676a8"
        },
        {
          "path": "trajectory_400/accepted/euler/scientific-output-accept__pops.handle.v1-case-api0__f9c61582719c0ab591e8e032d2737644ec8dd2554fb9952cfe05736ae4d14c6b4__s000000601__667bbc352b718e3d01de91e750df80b05ed0f5a61df0dd12b2a76e9e81b7827f.npz",
          "sha256": "a48f23250cdd415d98eeae1252394c516a3b15a88380bba0718dc78792ca0c8b"
        },
        {
          "path": "trajectory_400/accepted/euler/scientific-output-accept__pops.handle.v1-case-api0__f9c61582719c0ab591e8e032d2737644ec8dd2554fb9952cfe05736ae4d14c6b4__s000000602__7799e0c5faf8b42f532da0ef5b0b0e0662a33fdb2e9993bdaa5d95da458196c2.npz",
          "sha256": "b042ba9f66a872c87df69b8764f98c639f7c6301c3c78cc0dd0911d2754cede7"
        },
        {
          "path": "trajectory_400/accepted/euler/scientific-output-accept__pops.handle.v1-case-api0__f9c61582719c0ab591e8e032d2737644ec8dd2554fb9952cfe05736ae4d14c6b4__s000000603__cf40e9bf05f0aa6218bccc984d4c060ba9a9d3faa085eb2a304aee09f54493c1.npz",
          "sha256": "9ada615a665d619d635f0144f04c38ca40d9820295e01c8e2bf72e123abede36"
        },
        {
          "path": "trajectory_400/accepted/euler/scientific-output-accept__pops.handle.v1-case-api0__f9c61582719c0ab591e8e032d2737644ec8dd2554fb9952cfe05736ae4d14c6b4__s000000604__a153b7cf75432ac618b8bb49f3f326728ef1120de79fef79f7f096d0fbe89133.npz",
          "sha256": "5bdf8c3ca15f0c459130a3eeebde5f2fc82cf8cf3300d87b2a9d30039380a10a"
        },
        {
          "path": "trajectory_400/accepted/euler/scientific-output-accept__pops.handle.v1-case-api0__f9c61582719c0ab591e8e032d2737644ec8dd2554fb9952cfe05736ae4d14c6b4__s000000605__bb1529a389b4fe6896784cf1d6b37af090febb575365e76637c73038bb087647.npz",
          "sha256": "8a126e3669fde145af8b9bad1792863222c9b317de237bc62d66dd7ce5a1dcfb"
        },
        {
          "path": "trajectory_400/accepted/euler/scientific-output-accept__pops.handle.v1-case-api0__f9c61582719c0ab591e8e032d2737644ec8dd2554fb9952cfe05736ae4d14c6b4__s000000606__b8f8b9e1c68c759730e405dc89346804165f177afcf49aea80ce239c0366458c.npz",
          "sha256": "bd51696c08281e97c7f483e36b4812a05de4805ca360a66c2c091f8dd3603efe"
        },
        {
          "path": "trajectory_400/accepted/euler/scientific-output-accept__pops.handle.v1-case-api0__f9c61582719c0ab591e8e032d2737644ec8dd2554fb9952cfe05736ae4d14c6b4__s000000607__a493c466d3973c85a93aeaff1bfc58b82ac2f5d1d984606ddebfbd999936dc21.npz",
          "sha256": "65aee0e872621e2c155322af6835b2639bba508ac791acc3c464954b158a32b2"
        },
        {
          "path": "trajectory_400/accepted/euler/scientific-output-accept__pops.handle.v1-case-api0__f9c61582719c0ab591e8e032d2737644ec8dd2554fb9952cfe05736ae4d14c6b4__s000000608__16ddcd8e6da6234048673fe55d113359b8bd1bae1b9ec48176a7f041206d1add.npz",
          "sha256": "f5ef475cad9865f69781dfa46f507453dcb5d306c652fdfabeaaf288ac93ebf9"
        },
        {
          "path": "trajectory_400/accepted/euler/scientific-output-accept__pops.handle.v1-case-api0__f9c61582719c0ab591e8e032d2737644ec8dd2554fb9952cfe05736ae4d14c6b4__s000000609__6a51bb76bc0c13daa4bde01a13e8693087812eadaeeb55ed150172b59217df99.npz",
          "sha256": "87b7d4aea498f915265b6e07fd4a3640b94e64402e8aa170327cdafc452c8d57"
        },
        {
          "path": "trajectory_400/accepted/euler/scientific-output-accept__pops.handle.v1-case-api0__f9c61582719c0ab591e8e032d2737644ec8dd2554fb9952cfe05736ae4d14c6b4__s000000610__eda4f4f9b7ddbbd3ae9b6de66406e62f1f9077599c3e0c3c2298dba29abe98e1.npz",
          "sha256": "200e13cc79e99ea2aaa071e2ed45e5ba2f6ac9051d3aef0f3ae974bceddacb04"
        },
        {
          "path": "trajectory_400/accepted/euler/scientific-output-accept__pops.handle.v1-case-api0__f9c61582719c0ab591e8e032d2737644ec8dd2554fb9952cfe05736ae4d14c6b4__s000000611__1348e3a6d4f713505d83b6d629e832203de65eacc6af84ff5c4f91459595b57e.npz",
          "sha256": "6663493595b91233da65a703e8af5df75d96c45251c7f7a81cf60e5f150c61b0"
        },
        {
          "path": "trajectory_400/accepted/euler/scientific-output-accept__pops.handle.v1-case-api0__f9c61582719c0ab591e8e032d2737644ec8dd2554fb9952cfe05736ae4d14c6b4__s000000612__9e667e04a67e02ea00ac98a65f9b0b91be05e368b2d67e8cb8fd43c88930aba8.npz",
          "sha256": "18bbef0a4e7b8ef6995f227cb6545ab85bb33100af251cdec75139cc8f67faf5"
        },
        {
          "path": "trajectory_400/accepted/euler/scientific-output-accept__pops.handle.v1-case-api0__f9c61582719c0ab591e8e032d2737644ec8dd2554fb9952cfe05736ae4d14c6b4__s000000613__29959b87a549c4d329764b68515022a152ddbe3b539d8a851f0affa512730d36.npz",
          "sha256": "fb44a8de6b23195d5bfebfaca49b6bf8bb5e12c8c0a7397dd495fcee947f625a"
        },
        {
          "path": "trajectory_400/accepted/euler/scientific-output-accept__pops.handle.v1-case-api0__f9c61582719c0ab591e8e032d2737644ec8dd2554fb9952cfe05736ae4d14c6b4__s000000614__65d73a382d5e9822e3d45ba4c8ce914954ed45726152a0de5b5cfefc624b427d.npz",
          "sha256": "8946fda892b0726b3ad044f8d97d28b54bc2efe743ab929b75d6cd5a6a46baa8"
        },
        {
          "path": "trajectory_400/accepted/euler/scientific-output-accept__pops.handle.v1-case-api0__f9c61582719c0ab591e8e032d2737644ec8dd2554fb9952cfe05736ae4d14c6b4__s000000615__d8eb63057cb5feb456f4541c858d71a88a79a77d2277ec13230d376fefa1ecc9.npz",
          "sha256": "2629feee5acc1a60f58d59e96d689d9115d2ecb42e2d5d9cdfe22e405fbe8ce6"
        },
        {
          "path": "trajectory_400/accepted/euler/scientific-output-accept__pops.handle.v1-case-api0__f9c61582719c0ab591e8e032d2737644ec8dd2554fb9952cfe05736ae4d14c6b4__s000000616__918f1e8d0f30b4f7f1cc067579afcc06c0692d38b1d61c74310d2258ea919f89.npz",
          "sha256": "99e314d69b1a60854dc9ac9d3baac3d0bd93e0a4506adb0ba40b6e1aba398c74"
        },
        {
          "path": "trajectory_400/accepted/euler/scientific-output-accept__pops.handle.v1-case-api0__f9c61582719c0ab591e8e032d2737644ec8dd2554fb9952cfe05736ae4d14c6b4__s000000617__ecef3ca57b689b1bbd193ad8c0764b2defa315aa9153e8c13843a10c0a0e10d9.npz",
          "sha256": "5d748d93a3a68840d6ad74564d589c9188a2f94700ac7d28e01b0b27ae06026c"
        },
        {
          "path": "trajectory_400/accepted/euler/scientific-output-accept__pops.handle.v1-case-api0__f9c61582719c0ab591e8e032d2737644ec8dd2554fb9952cfe05736ae4d14c6b4__s000000618__341b8a45238f0fe2382f35726847d4b0ff0365bc7923ea5c904b783fb618e52a.npz",
          "sha256": "5b681cd23a1b5c30ee9aa7b3bd18bda55829c311e7b04ca860fdddb994f9847c"
        },
        {
          "path": "trajectory_400/accepted/euler/scientific-output-accept__pops.handle.v1-case-api0__f9c61582719c0ab591e8e032d2737644ec8dd2554fb9952cfe05736ae4d14c6b4__s000000619__1941af07c50f483292770217b9c39392ddebbafa15292de2b87453e74a4ecb2f.npz",
          "sha256": "b5424187d90bca8566ec35db69d06a373a875e4b779b607bc001cb238e986aa8"
        },
        {
          "path": "trajectory_400/accepted/euler/scientific-output-accept__pops.handle.v1-case-api0__f9c61582719c0ab591e8e032d2737644ec8dd2554fb9952cfe05736ae4d14c6b4__s000000620__ae3dcdc75941f65fa7775f8751952a5c9bc3c4cbade20ccffe55f70f73aba1b8.npz",
          "sha256": "c4e756523e6163fd7cd3a6aba473c30528d01cac531a867d1747e5c5c65e5527"
        },
        {
          "path": "trajectory_400/accepted/euler/scientific-output-accept__pops.handle.v1-case-api0__f9c61582719c0ab591e8e032d2737644ec8dd2554fb9952cfe05736ae4d14c6b4__s000000621__4ca193a5d2e43aa8d83d50c5189e74f0268557e0fa0b81f4a1490b8d81263333.npz",
          "sha256": "ab7a184614d4366586c809e30a3c69b1a5e4c88b994cd50f27a1ec96e9eb6392"
        },
        {
          "path": "trajectory_400/accepted/euler/scientific-output-accept__pops.handle.v1-case-api0__f9c61582719c0ab591e8e032d2737644ec8dd2554fb9952cfe05736ae4d14c6b4__s000000622__28d90f4d9a2c483423e85dbeca1c343b24a3a29a418aa4fe53173d83ba24a920.npz",
          "sha256": "0cb452dca02a5bd18bc33634c414bb1e6e304cfba4ad857e81c9acc91c2eb851"
        },
        {
          "path": "trajectory_400/accepted/euler/scientific-output-accept__pops.handle.v1-case-api0__f9c61582719c0ab591e8e032d2737644ec8dd2554fb9952cfe05736ae4d14c6b4__s000000623__da99b450c8ef8024d6af755fc043c195f94bc9d40f9755a0eb849b2695bbedb5.npz",
          "sha256": "a1cdbaa4d9c8b92279c3a6d8ff9598d3be726e392c6e12d554f600f0c2708327"
        },
        {
          "path": "trajectory_400/accepted/euler/scientific-output-accept__pops.handle.v1-case-api0__f9c61582719c0ab591e8e032d2737644ec8dd2554fb9952cfe05736ae4d14c6b4__s000000624__023c11e2418d0b0b9b63d1eafe8e8eb31adac04c2a23fa87b6a646fa9a993803.npz",
          "sha256": "2c5cfdf8023bf9eb356f6645eb7c30bd4c314b1f68710be8154318ef33c98c48"
        },
        {
          "path": "trajectory_400/accepted/euler/scientific-output-accept__pops.handle.v1-case-api0__f9c61582719c0ab591e8e032d2737644ec8dd2554fb9952cfe05736ae4d14c6b4__s000000625__ba48829097b37c0798817cb7eb31e778333b94f96c0ac0755ecfb486eb8813e7.npz",
          "sha256": "1d4a3ff2b97e1c282c4bc9c803924f08057101deb8394fb9850fe218aaf9119f"
        },
        {
          "path": "trajectory_400/accepted/euler/scientific-output-accept__pops.handle.v1-case-api0__f9c61582719c0ab591e8e032d2737644ec8dd2554fb9952cfe05736ae4d14c6b4__s000000626__3d6abecfc8500c2bddf046fc22c908618a6e76a9d1c5447013fc1b68739c3db8.npz",
          "sha256": "1d5b451933754e71f2be36ec1ade1e7a0a009257711bdbcaf26fc79ade5d838e"
        },
        {
          "path": "trajectory_400/accepted/euler/scientific-output-accept__pops.handle.v1-case-api0__f9c61582719c0ab591e8e032d2737644ec8dd2554fb9952cfe05736ae4d14c6b4__s000000627__8a4d2ba1cd6d3c4f8f42f84232a94adc9b9f8422b4d775ff5b4ab101643a446a.npz",
          "sha256": "948c0cdb1331df03be1de2b12bc4c752296deeced746a6a1964e8b19672682d3"
        },
        {
          "path": "trajectory_400/accepted/euler/scientific-output-accept__pops.handle.v1-case-api0__f9c61582719c0ab591e8e032d2737644ec8dd2554fb9952cfe05736ae4d14c6b4__s000000628__a01e314cf2902974505bc02aaf05374ec3a13861d8804bb04cc5fdadcfc6caa9.npz",
          "sha256": "fd57c0bf2fd9ae7c48b89a6f3e2c080acdbad46dc350707dcc2d816b0c436b53"
        },
        {
          "path": "trajectory_400/accepted/euler/scientific-output-accept__pops.handle.v1-case-api0__f9c61582719c0ab591e8e032d2737644ec8dd2554fb9952cfe05736ae4d14c6b4__s000000629__ca89dbe1830021f1631b77667b0bf529934e79f8c99dd90cd74c48b5ef41d78c.npz",
          "sha256": "44a8d4d87cdf090d8e54fb493b866fe0c99938fd381fe26466c64d8838b7ad95"
        },
        {
          "path": "trajectory_400/accepted/euler/scientific-output-accept__pops.handle.v1-case-api0__f9c61582719c0ab591e8e032d2737644ec8dd2554fb9952cfe05736ae4d14c6b4__s000000630__b36e36a8c29f03b46f4aeaed1c66fc845991135778bb89da700bb8adb7e74065.npz",
          "sha256": "3ff3e40a07a4ea772388a140759b47d630790ce0a893919eaf10980c7ed5f39d"
        },
        {
          "path": "trajectory_400/accepted/euler/scientific-output-accept__pops.handle.v1-case-api0__f9c61582719c0ab591e8e032d2737644ec8dd2554fb9952cfe05736ae4d14c6b4__s000000631__a26985dfe8cdbe77b41ee996f73450fc188d9261cdea968f7b7449a9a2876d13.npz",
          "sha256": "c6edd423c21f5bd3ec5afc4ee2ebbff2be154f59adbb5187feb0daad81944580"
        },
        {
          "path": "trajectory_400/accepted/euler/scientific-output-accept__pops.handle.v1-case-api0__f9c61582719c0ab591e8e032d2737644ec8dd2554fb9952cfe05736ae4d14c6b4__s000000632__afbc90cf815c59e590d5a282aa6879310e510d0750958c7a3d2b14fd45e19257.npz",
          "sha256": "979efbc6f03248815552216f004c0bc5baa26125e3784467456b06b9601d7b71"
        },
        {
          "path": "trajectory_400/accepted/euler/scientific-output-accept__pops.handle.v1-case-api0__f9c61582719c0ab591e8e032d2737644ec8dd2554fb9952cfe05736ae4d14c6b4__s000000633__5fa6503f9edc45aaf6a6b7d1fad07bae4946c5d3ea7f424810b26757e1a555db.npz",
          "sha256": "69093a09af3f072f89e74eb146bb0b952421dcb1975edf0d5c479d0b47d68c3f"
        },
        {
          "path": "trajectory_400/accepted/euler/scientific-output-accept__pops.handle.v1-case-api0__f9c61582719c0ab591e8e032d2737644ec8dd2554fb9952cfe05736ae4d14c6b4__s000000634__9103dcc3d8d7238b0347a3a11323bdd6f8f8110909101a88b9a80a83a01d574c.npz",
          "sha256": "38918d72d9f6347e4da4e4a9e84e243db3bd4507c36810fb2890f387989b7700"
        },
        {
          "path": "trajectory_400/accepted/euler/scientific-output-accept__pops.handle.v1-case-api0__f9c61582719c0ab591e8e032d2737644ec8dd2554fb9952cfe05736ae4d14c6b4__s000000635__10404ac3710be2e457a4797e847a4a288e691a7b42972f737c1acd4a059e9ad3.npz",
          "sha256": "67ca42c0a723a84ec448d04c580dec1c1c6d228ae52e93329b219cba6697b9ed"
        },
        {
          "path": "trajectory_400/accepted/euler/scientific-output-accept__pops.handle.v1-case-api0__f9c61582719c0ab591e8e032d2737644ec8dd2554fb9952cfe05736ae4d14c6b4__s000000636__63f83554541f7ed4300278b4a8e532e302ae4cdcc994f690bc5e2f05f4e0e19d.npz",
          "sha256": "29f967eed0f75d6334af5d68ce11f933eb53f5062fc11a001226063fec7d4b4c"
        },
        {
          "path": "trajectory_400/accepted/euler/scientific-output-accept__pops.handle.v1-case-api0__f9c61582719c0ab591e8e032d2737644ec8dd2554fb9952cfe05736ae4d14c6b4__s000000637__c09a5f09859f688d25f2aaf870d2f60fa1e06d340823d88a6e096d3b67aabfc2.npz",
          "sha256": "ea847711133dc21e3f0b28f7a5be889760ac1cc5d06cdd3226548bdfcb3aadaf"
        },
        {
          "path": "trajectory_400/accepted/euler/scientific-output-accept__pops.handle.v1-case-api0__f9c61582719c0ab591e8e032d2737644ec8dd2554fb9952cfe05736ae4d14c6b4__s000000638__0cfc3ed63d6bf957cae54ec91186dd34aa05c8dba221677dc3d081bf4260d93f.npz",
          "sha256": "d3e8a042c78b53fc2dc7468576aaa2478579a31008053d20e7d3c96f4e7bfd0d"
        },
        {
          "path": "trajectory_400/accepted/euler/scientific-output-accept__pops.handle.v1-case-api0__f9c61582719c0ab591e8e032d2737644ec8dd2554fb9952cfe05736ae4d14c6b4__s000000639__bcc02521d718c8df5d311d8b30ebc50b491d1d39e569b0bffc00a9890f72295c.npz",
          "sha256": "4600fb23cca8213b8bc0c88792ea424b273934aa0d8549d3054e2dc6fa33dc3e"
        },
        {
          "path": "trajectory_400/accepted/euler/scientific-output-accept__pops.handle.v1-case-api0__f9c61582719c0ab591e8e032d2737644ec8dd2554fb9952cfe05736ae4d14c6b4__s000000640__dc85af430af05995bb4a5fb79af728606dc7134a5e23d7a871817a2526697c8d.npz",
          "sha256": "36251231141b1cc02a17dab0a6e8de2e9950c8c0cbf083ed86d2f32f6e6cb1da"
        },
        {
          "path": "trajectory_400/accepted/euler/scientific-output-accept__pops.handle.v1-case-api0__f9c61582719c0ab591e8e032d2737644ec8dd2554fb9952cfe05736ae4d14c6b4__s000000641__d459261555d13d007d1946a9cf9c066d23036cc94766708558a5ab2bf06d988b.npz",
          "sha256": "d87978f21cb1f9bd0a514ae3919fe70f28251316296ceb4d02c029b17c37bcdd"
        },
        {
          "path": "trajectory_400/accepted/euler/scientific-output-accept__pops.handle.v1-case-api0__f9c61582719c0ab591e8e032d2737644ec8dd2554fb9952cfe05736ae4d14c6b4__s000000642__ae0bf34e0d7d3556c7a8d6e8017125428faf7f129999a7cb7db04ec0c359951a.npz",
          "sha256": "52a3ca5a2fc2b198137b0ebba0785f7f41f1cc4edb609de261219a8ab5859802"
        },
        {
          "path": "trajectory_400/accepted/euler/scientific-output-accept__pops.handle.v1-case-api0__f9c61582719c0ab591e8e032d2737644ec8dd2554fb9952cfe05736ae4d14c6b4__s000000643__bb99cf60fd96413704a6dbb5940c38ddedbdd7cdd08b4ae2fae47ea0d114c8dc.npz",
          "sha256": "4e1434f9dd406314ccb48ea0351ee907a6302b72977d2b369d10a3935b912bd1"
        },
        {
          "path": "trajectory_400/accepted/euler/scientific-output-accept__pops.handle.v1-case-api0__f9c61582719c0ab591e8e032d2737644ec8dd2554fb9952cfe05736ae4d14c6b4__s000000644__ab7d5843219ba68188b40379b0cd5f2ad7c756ca0a8b014fc16555ca6c55d0c8.npz",
          "sha256": "a0ea876cc1a493ecd855bb078b288126051ef53a90772bb7ad846ddb8ba8e805"
        },
        {
          "path": "trajectory_400/accepted/euler/scientific-output-accept__pops.handle.v1-case-api0__f9c61582719c0ab591e8e032d2737644ec8dd2554fb9952cfe05736ae4d14c6b4__s000000645__848d36e87176249db94ae20777ed6aa7c345606e690799ef3d197e8257fa4931.npz",
          "sha256": "921add39a56c5b4a5504c749cf8c363c60c09a76d1c085c5f3cbb1fb80bb9850"
        },
        {
          "path": "trajectory_400/accepted/euler/scientific-output-accept__pops.handle.v1-case-api0__f9c61582719c0ab591e8e032d2737644ec8dd2554fb9952cfe05736ae4d14c6b4__s000000646__19e84803c76ba29c28f66b0a821f6942e6f5439e77cdd01fa019d34d96ca8306.npz",
          "sha256": "ba9484076b6c285640c95e75a6f0c58cbde0cd20312bb4df09013aaba5db4a9c"
        },
        {
          "path": "trajectory_400/accepted/euler/scientific-output-accept__pops.handle.v1-case-api0__f9c61582719c0ab591e8e032d2737644ec8dd2554fb9952cfe05736ae4d14c6b4__s000000647__f973fa3fd454580c12f2487da12d40c06f7a93601aa292f9b491e29578c521ac.npz",
          "sha256": "25a34f70bc4c371211127d917aad312f159152da3b4a7206d960519bd1ed5597"
        },
        {
          "path": "trajectory_400/accepted/euler/scientific-output-accept__pops.handle.v1-case-api0__f9c61582719c0ab591e8e032d2737644ec8dd2554fb9952cfe05736ae4d14c6b4__s000000648__1ce21f2c2502782c0abc70162ce580de0d6abe94deaca6ec76ce6ecd222f3fc3.npz",
          "sha256": "8b792a715185e9e191d5cb59b2c5808bc6a7e020cf0c42f3c9a0c1baa01082cb"
        },
        {
          "path": "trajectory_400/accepted/euler/scientific-output-accept__pops.handle.v1-case-api0__f9c61582719c0ab591e8e032d2737644ec8dd2554fb9952cfe05736ae4d14c6b4__s000000649__b75977fe2940d0c9f7ee4f5019127a2a2c3d45790307ded9f05fa2d91d07c518.npz",
          "sha256": "1b63ce93408757a2b0f9c513113425fbfa79552de074a2546bff780e060ed342"
        },
        {
          "path": "trajectory_400/accepted/euler/scientific-output-accept__pops.handle.v1-case-api0__f9c61582719c0ab591e8e032d2737644ec8dd2554fb9952cfe05736ae4d14c6b4__s000000650__d9397a4db11ec2c747affe4e6212a3bee79ade5b99b650707eb6c4ab2439bfda.npz",
          "sha256": "ed60bf5a02e3b5b2d596bf1478a99d73624c3da408e4acedafe17ab944c90376"
        },
        {
          "path": "trajectory_400/accepted/euler/scientific-output-accept__pops.handle.v1-case-api0__f9c61582719c0ab591e8e032d2737644ec8dd2554fb9952cfe05736ae4d14c6b4__s000000651__dbba9e5272a44fa8cf22a6ffc22308e7b4137505fbc3035aba8189eea8ad0165.npz",
          "sha256": "3feb53e7570250de496496738a264c0ab070fa4f9faa8fc16c19d34513900f56"
        },
        {
          "path": "trajectory_400/accepted/euler/scientific-output-accept__pops.handle.v1-case-api0__f9c61582719c0ab591e8e032d2737644ec8dd2554fb9952cfe05736ae4d14c6b4__s000000652__8bded332cec9546c471b0ea8f229328f7db717276d402a2ecb1a08578e4a2d7a.npz",
          "sha256": "6b416f2ad0b76cd5ccd604b03bf4b6df14696018a491525d309c3e449b650cfc"
        },
        {
          "path": "trajectory_400/accepted/euler/scientific-output-accept__pops.handle.v1-case-api0__f9c61582719c0ab591e8e032d2737644ec8dd2554fb9952cfe05736ae4d14c6b4__s000000653__cc15259c80695a57d56d1ecbac819618b8bd78e99397851594828f0339e83896.npz",
          "sha256": "b5036a38a73fa5e25748088343cd53b0b793e8a40beab9ef8d92e17d74ee7520"
        },
        {
          "path": "trajectory_400/accepted/euler/scientific-output-accept__pops.handle.v1-case-api0__f9c61582719c0ab591e8e032d2737644ec8dd2554fb9952cfe05736ae4d14c6b4__s000000654__826646caa8a0d64b8ef82bd7202548ee6e16e89a635b2c9379279028affb200d.npz",
          "sha256": "6f93eb76980623ffda1429fe4c9e78497c665afeea11587cc767078a430a74ac"
        },
        {
          "path": "trajectory_400/accepted/euler/scientific-output-accept__pops.handle.v1-case-api0__f9c61582719c0ab591e8e032d2737644ec8dd2554fb9952cfe05736ae4d14c6b4__s000000655__3e3953e3a9c97829254bbed0a3986ea48851bf8c9ae7da24a01412189835e26f.npz",
          "sha256": "b7ce722def8e26a63a79dc78da34edc063d543e51238cc58f796966af6b3797d"
        },
        {
          "path": "trajectory_400/accepted/euler/scientific-output-accept__pops.handle.v1-case-api0__f9c61582719c0ab591e8e032d2737644ec8dd2554fb9952cfe05736ae4d14c6b4__s000000656__25760e24e815a7b9ffdfb79f481e3e26069a44ab12f089864ee33e55d1332854.npz",
          "sha256": "ca3ffe09edf5b8a16b290990b21b57df7a9ebb8ad21a82f090d41ab82e23785c"
        },
        {
          "path": "trajectory_400/accepted/euler/scientific-output-accept__pops.handle.v1-case-api0__f9c61582719c0ab591e8e032d2737644ec8dd2554fb9952cfe05736ae4d14c6b4__s000000657__4c97703db0d0ab8e9adfbf02fb781d81da3d0aacbeea56e32a57690dcd4bb606.npz",
          "sha256": "53bc53e7636903a7e58c431a297a7504dd57a7595159301414b8709c2e3fa8f6"
        },
        {
          "path": "trajectory_400/accepted/euler/scientific-output-accept__pops.handle.v1-case-api0__f9c61582719c0ab591e8e032d2737644ec8dd2554fb9952cfe05736ae4d14c6b4__s000000658__d73077c05377badaffd6bdd4ee325a778118729d5473c9a9d1b790e8b25998ac.npz",
          "sha256": "fcc9b0459a7dbe0e16428138f682560603e47234fc02915a1f31cbf19428eb62"
        },
        {
          "path": "trajectory_400/accepted/euler/scientific-output-accept__pops.handle.v1-case-api0__f9c61582719c0ab591e8e032d2737644ec8dd2554fb9952cfe05736ae4d14c6b4__s000000659__884e548ecfd0f8f985f0118ca2d0df9a922b4793190485d366c4aa242e58bb9a.npz",
          "sha256": "8865fe99d598f0735170a1e33e2a14be653178c571af7b080922c3523418cbb4"
        },
        {
          "path": "trajectory_400/accepted/euler/scientific-output-accept__pops.handle.v1-case-api0__f9c61582719c0ab591e8e032d2737644ec8dd2554fb9952cfe05736ae4d14c6b4__s000000660__681b211bd5a71dee845970fdf1a764aeb8dde9fd08370f7dcfc08b47d48558ee.npz",
          "sha256": "f01a3ecef58d92cb76a8316bba804af934489790a69cfefc52939c5a05a444d7"
        },
        {
          "path": "trajectory_400/accepted/euler/scientific-output-accept__pops.handle.v1-case-api0__f9c61582719c0ab591e8e032d2737644ec8dd2554fb9952cfe05736ae4d14c6b4__s000000661__b74b3fc05711fd516fcc7cf4a735cfcda372ab6a63429d8116cc576cbbfd4c10.npz",
          "sha256": "9de2f4428a33999ef3db23b02b53aef507dc1828249e6cd16ecc11527f4ae1d9"
        },
        {
          "path": "trajectory_400/accepted/euler/scientific-output-accept__pops.handle.v1-case-api0__f9c61582719c0ab591e8e032d2737644ec8dd2554fb9952cfe05736ae4d14c6b4__s000000662__b9c40de32a063d58ee61e00ff0bb857037a4efa0368ce5a203d3269475dfce15.npz",
          "sha256": "085fb88273d52f2516a13a1cd0c0cf5ac1e128c785fbc06dfecc5a229cb98d0e"
        },
        {
          "path": "trajectory_400/accepted/euler/scientific-output-accept__pops.handle.v1-case-api0__f9c61582719c0ab591e8e032d2737644ec8dd2554fb9952cfe05736ae4d14c6b4__s000000663__0f45bff321e4775ad9d88c90e18faa1ff0f445dd0c22f7bfe05b48cd8e7b07da.npz",
          "sha256": "ca3ded452455a4f238bd83bddce05c0a03604d46d0a36efe60ea7d420f66575e"
        },
        {
          "path": "trajectory_400/accepted/euler/scientific-output-accept__pops.handle.v1-case-api0__f9c61582719c0ab591e8e032d2737644ec8dd2554fb9952cfe05736ae4d14c6b4__s000000664__d675d31491d58d47e388a1273a418ab4fb3d429b55198b169793238c7d52eed2.npz",
          "sha256": "ae19824ca4e47ec76359789568320903ec96662b2639196dca269f16d4cbf2e0"
        },
        {
          "path": "trajectory_400/accepted/euler/scientific-output-accept__pops.handle.v1-case-api0__f9c61582719c0ab591e8e032d2737644ec8dd2554fb9952cfe05736ae4d14c6b4__s000000665__d78ac794f6aa4c6ac90785a481f33d0f55bd924429d5c7b73fc4bca188bd0f7d.npz",
          "sha256": "e3afe83af63f6c3c334822cac706a15e6cf9b4d261aa548ea62383a345fd5306"
        },
        {
          "path": "trajectory_400/accepted/euler/scientific-output-accept__pops.handle.v1-case-api0__f9c61582719c0ab591e8e032d2737644ec8dd2554fb9952cfe05736ae4d14c6b4__s000000666__101acecf7e0c3a78184d78763fd8691ef95404c81fa223ffa8b1f28c472964ec.npz",
          "sha256": "5fc32221464efee6a84f87d07e04fbc81542fc3483395c7f961c163cd3fdb01b"
        },
        {
          "path": "trajectory_400/accepted/euler/scientific-output-accept__pops.handle.v1-case-api0__f9c61582719c0ab591e8e032d2737644ec8dd2554fb9952cfe05736ae4d14c6b4__s000000667__54f94a6a24a3380a4434994237ba7e909687de23ecbc8eeeffb30e5d923ba7c4.npz",
          "sha256": "05da67065beba9424fa4a8a238329a52d4c85445b00366555b8634bb0d688b00"
        },
        {
          "path": "trajectory_400/accepted/euler/scientific-output-accept__pops.handle.v1-case-api0__f9c61582719c0ab591e8e032d2737644ec8dd2554fb9952cfe05736ae4d14c6b4__s000000668__0cf74603274833ead9d984dead7eaa8e12c89c188522953f8d6387b9fd84d928.npz",
          "sha256": "29b2cfa720aad8f5fb3a2dee1692e25eedfa210607e7e1b18ff0eeadbe88e2c9"
        },
        {
          "path": "trajectory_400/accepted/euler/scientific-output-accept__pops.handle.v1-case-api0__f9c61582719c0ab591e8e032d2737644ec8dd2554fb9952cfe05736ae4d14c6b4__s000000669__eea4f0f8e59b1fcec4b691d2860a43611b12664da739b2caff7691f19f7a3bde.npz",
          "sha256": "dd85e536925aa67f7f6470b375a630d21bc1d7d79d023ddcfc589572f898b682"
        },
        {
          "path": "trajectory_400/accepted/euler/scientific-output-accept__pops.handle.v1-case-api0__f9c61582719c0ab591e8e032d2737644ec8dd2554fb9952cfe05736ae4d14c6b4__s000000670__be562afc0a2deef6edbcfa0a92ce88b7742743b0f42e23278a2b59d92c5d4d6c.npz",
          "sha256": "60bcb1d490fdf94612a29d541294b723a0dbb73f9f254d9beea4d80686c965b8"
        },
        {
          "path": "trajectory_400/accepted/euler/scientific-output-accept__pops.handle.v1-case-api0__f9c61582719c0ab591e8e032d2737644ec8dd2554fb9952cfe05736ae4d14c6b4__s000000671__7d9546f7b35ad9856b2ad00fa841efa919edf9ea5362355563d500576a0c13f8.npz",
          "sha256": "95cb71ccba7df1fce51ea511a6ef391b831b8ca5a9a9df0ed39189866c3b4ce9"
        },
        {
          "path": "trajectory_400/accepted/euler/scientific-output-accept__pops.handle.v1-case-api0__f9c61582719c0ab591e8e032d2737644ec8dd2554fb9952cfe05736ae4d14c6b4__s000000672__cd82904d40d662f07910d0c74847c6c0deff13ce2ea6f29c0772a3cb6cdd67e3.npz",
          "sha256": "0b35d51a0594566961fe0376d5c94e39623cee4e3caf749922d715b2cdcf7114"
        },
        {
          "path": "trajectory_400/accepted/euler/scientific-output-accept__pops.handle.v1-case-api0__f9c61582719c0ab591e8e032d2737644ec8dd2554fb9952cfe05736ae4d14c6b4__s000000673__ed36a1bb5fbf2f7980ca3b8bca57a1cde9e5b1c3624eee0cb6140637c25e78da.npz",
          "sha256": "0131df0c4cb0d5e4329cb1dfcd9bb78fff5ce6985166d8877a48794ce7a3ce8c"
        },
        {
          "path": "trajectory_400/accepted/euler/scientific-output-accept__pops.handle.v1-case-api0__f9c61582719c0ab591e8e032d2737644ec8dd2554fb9952cfe05736ae4d14c6b4__s000000674__ca907b7cdbee95528f8d4d06f9c11df3c877ab4ea73fa16b52ebd3e7677af318.npz",
          "sha256": "7a24c6cbe31e5e5b49998144faa1ca3e74138d64ceb996014e2b08fc996a73ae"
        },
        {
          "path": "trajectory_400/accepted/euler/scientific-output-accept__pops.handle.v1-case-api0__f9c61582719c0ab591e8e032d2737644ec8dd2554fb9952cfe05736ae4d14c6b4__s000000675__5499868f99dd74851746f15133220e05b77f67cdb62f628ee6517468c67cd922.npz",
          "sha256": "1d9ffcd3397e317bf00e2605b4143ccc440bb91d6de7c497776d4e43e1749e89"
        },
        {
          "path": "trajectory_400/accepted/euler/scientific-output-accept__pops.handle.v1-case-api0__f9c61582719c0ab591e8e032d2737644ec8dd2554fb9952cfe05736ae4d14c6b4__s000000676__62d7c63d325c23bdd9d702d6ed2a4ba1ae5785715162a7f3c601ddb8b7395026.npz",
          "sha256": "39b8cd00c94053689fc3114c1800b12d10361b2ff872c2a14f8b3d391591073a"
        },
        {
          "path": "trajectory_400/accepted/euler/scientific-output-accept__pops.handle.v1-case-api0__f9c61582719c0ab591e8e032d2737644ec8dd2554fb9952cfe05736ae4d14c6b4__s000000677__36b6785ff4369d27082b4b30d940f764ecbd058150351e1e56a8329272c50db8.npz",
          "sha256": "8e4dcb81373c9670ec8deb238a2d9adf9530cea28fd94b3133aff5fe784e4944"
        },
        {
          "path": "trajectory_400/accepted/euler/scientific-output-accept__pops.handle.v1-case-api0__f9c61582719c0ab591e8e032d2737644ec8dd2554fb9952cfe05736ae4d14c6b4__s000000678__b16f22a3a6322d5d078d2139ab5708c00dbc01b3069c2bd654f1ab0f22d8848c.npz",
          "sha256": "240ea0c983bf25469f3c4097b1c20c997867e55f79daa13b615e835737263f9f"
        },
        {
          "path": "trajectory_400/accepted/euler/scientific-output-accept__pops.handle.v1-case-api0__f9c61582719c0ab591e8e032d2737644ec8dd2554fb9952cfe05736ae4d14c6b4__s000000679__60ea042786581a0909f05b1c5c11b88d4d62ae87c9aae3a2e1b19cced35a4237.npz",
          "sha256": "20116c2331c82623ed254bf29e3bbb38f2e1d4d84cd3812717e5831db78e3996"
        },
        {
          "path": "trajectory_400/accepted/euler/scientific-output-accept__pops.handle.v1-case-api0__f9c61582719c0ab591e8e032d2737644ec8dd2554fb9952cfe05736ae4d14c6b4__s000000680__64c54cf48efa4e6cdd7841eaf1bf14bae828a4264207b18d102a979ce5b17102.npz",
          "sha256": "78f000023ccef95e62d3a5704e9f01840aa5699faa90e0fa061a19487da629b8"
        },
        {
          "path": "trajectory_400/accepted/euler/scientific-output-accept__pops.handle.v1-case-api0__f9c61582719c0ab591e8e032d2737644ec8dd2554fb9952cfe05736ae4d14c6b4__s000000681__e4b82dbb34bb23f1be89d685776670425c0a0871452d984978d7b67c72800213.npz",
          "sha256": "75c5afb471d5d6f21e6f5378a80cbfc0bc3922ef43e8b1e653869f4d35e11f14"
        },
        {
          "path": "trajectory_400/accepted/euler/scientific-output-accept__pops.handle.v1-case-api0__f9c61582719c0ab591e8e032d2737644ec8dd2554fb9952cfe05736ae4d14c6b4__s000000682__09734de8ebce39c5415155c8d83208cc3e3574ef3d4f96e0dac80a2b259f481e.npz",
          "sha256": "b4a747662b7d22e39981251e3ee424ab287ae8897009f19ef7447c935b438f4e"
        },
        {
          "path": "trajectory_400/accepted/euler/scientific-output-accept__pops.handle.v1-case-api0__f9c61582719c0ab591e8e032d2737644ec8dd2554fb9952cfe05736ae4d14c6b4__s000000683__4872111a8277f357ad64ff5248b7cb40b9a62de9279c60383c8174174fa74768.npz",
          "sha256": "c071a2f860b463091198ef27cabaaa193126a01505da698e92c0077e5f1efe7e"
        },
        {
          "path": "trajectory_400/accepted/euler/scientific-output-accept__pops.handle.v1-case-api0__f9c61582719c0ab591e8e032d2737644ec8dd2554fb9952cfe05736ae4d14c6b4__s000000684__017406049c1e1c1bf1cebb99248e7b0e95e6b51266d52442ca5ec26432242002.npz",
          "sha256": "624640eae3dba110948b90b4078684b8c52624fa99dad055ebdbd2eb86eaf489"
        },
        {
          "path": "trajectory_400/accepted/euler/scientific-output-accept__pops.handle.v1-case-api0__f9c61582719c0ab591e8e032d2737644ec8dd2554fb9952cfe05736ae4d14c6b4__s000000685__477e763d4d0e8af5115d3999750718679580dc59443d6af197dcd59d17348ad4.npz",
          "sha256": "56ad11e5529e581168912455a4d4b57713d8954bfca4c06d25d24b49e86419e4"
        },
        {
          "path": "trajectory_400/accepted/euler/scientific-output-accept__pops.handle.v1-case-api0__f9c61582719c0ab591e8e032d2737644ec8dd2554fb9952cfe05736ae4d14c6b4__s000000686__26f535e0222eb7a0d741d23afaead7678a15a4aa9fe62b9afe0363b3c43fc686.npz",
          "sha256": "da03895d20f581b382523bc792c50e5ccf21bd0e9d0f54d02fe127de2daa187a"
        },
        {
          "path": "trajectory_400/accepted/euler/scientific-output-accept__pops.handle.v1-case-api0__f9c61582719c0ab591e8e032d2737644ec8dd2554fb9952cfe05736ae4d14c6b4__s000000687__8bfa3483a0cd7991e42089d9014b57ebc0b1d3495f5ae54ecdc18ac7876d90b7.npz",
          "sha256": "c9f4abb1a54af3d2c55cdadf09c8b76781b952522987829356f5519d6c597509"
        },
        {
          "path": "trajectory_400/accepted/euler/scientific-output-accept__pops.handle.v1-case-api0__f9c61582719c0ab591e8e032d2737644ec8dd2554fb9952cfe05736ae4d14c6b4__s000000688__a2414be4eff193b6622e4ef06e818ce74641289067de32a298160d0077bad431.npz",
          "sha256": "3a440ee3b662ae33f38c608bb8bf0fa845d8186d079d60af7af9d8fb5c301e42"
        },
        {
          "path": "trajectory_400/accepted/euler/scientific-output-accept__pops.handle.v1-case-api0__f9c61582719c0ab591e8e032d2737644ec8dd2554fb9952cfe05736ae4d14c6b4__s000000689__6e3fa5d87b2bee29e45c23942631fb0e260761281d2beba63cd90f275856eee2.npz",
          "sha256": "fd6dee923cb866821999ca6bf62ffe0a9e55bc09b3eeefa7522df3c03811774e"
        },
        {
          "path": "trajectory_400/accepted/euler/scientific-output-accept__pops.handle.v1-case-api0__f9c61582719c0ab591e8e032d2737644ec8dd2554fb9952cfe05736ae4d14c6b4__s000000690__d82255604bd2301df8e0d792815a46ab9072dece351a926317de66b483c97f5e.npz",
          "sha256": "31847ac90ed68cda77dc605c96da01213af94ef13dd12324e16a8aa3e0e949d7"
        },
        {
          "path": "trajectory_400/accepted/euler/scientific-output-accept__pops.handle.v1-case-api0__f9c61582719c0ab591e8e032d2737644ec8dd2554fb9952cfe05736ae4d14c6b4__s000000691__1cc49eb0314b987a91841890a804f417f213ad483bfef07d55f911eca95fef7b.npz",
          "sha256": "796fe82926b7402537b6a761038bf63d7e9beb7200bd764849b20982e3ab1a53"
        },
        {
          "path": "trajectory_400/accepted/euler/scientific-output-accept__pops.handle.v1-case-api0__f9c61582719c0ab591e8e032d2737644ec8dd2554fb9952cfe05736ae4d14c6b4__s000000692__495d8799a685e05d5187cee430b7b4774c633ff940c35ae495c06858f3eaf78a.npz",
          "sha256": "812403f444c0c7a4d48a43d2cff19b1229e97f0c22af03a0daf864e9c43fb85b"
        },
        {
          "path": "trajectory_400/accepted/euler/scientific-output-accept__pops.handle.v1-case-api0__f9c61582719c0ab591e8e032d2737644ec8dd2554fb9952cfe05736ae4d14c6b4__s000000693__f83ad2ccc11cbbfcd5e4053ea0b5386d813b2f330d22b72333cd3769fdc73068.npz",
          "sha256": "9d0c03508a7cce5e6aacb7d55e81677a6a1d6abb0e9b53a1187af4a5608b942d"
        }
      ],
      "compile_seconds": 8.262590917060152,
      "run_seconds": 195.517612708034,
      "run_report": {
        "accepted_steps": 693,
        "rejected_steps": 0,
        "final_time": 0.15,
        "final_macro_step": 693,
        "stop_reason": "target_time_reached",
        "run_identity": {
          "domain": "run",
          "schema_version": 1,
          "algorithm": "sha256",
          "digest": {
            "encoding": "hex",
            "bytes": "08ff0551a3001f877c0c738ccea717b60cd044f008ebf515cd0f50d8b14a5b7e"
          }
        },
        "bind_identity": {
          "domain": "bind",
          "schema_version": 1,
          "algorithm": "sha256",
          "digest": {
            "encoding": "hex",
            "bytes": "2a3ff7656ede0c6c6306c08b36be87cec2fe5a8941329dcbd902a8f7b3d469ef"
          }
        },
        "execution_identity": {
          "domain": "execution-context",
          "schema_version": 1,
          "algorithm": "sha256",
          "digest": {
            "encoding": "hex",
            "bytes": "60cb7f9078e144527fc6335fe2a35d83d2bc478f407802974c26591ec5b6b68a"
          }
        },
        "artifact_identity": {
          "domain": "artifact",
          "schema_version": 1,
          "algorithm": "sha256",
          "digest": {
            "encoding": "hex",
            "bytes": "dd7173b2dd588a711ed1a6f5a75d68f991a75650983a58c489b0065e35094639"
          }
        },
        "field_providers": []
      },
      "mpi_ranks": 1,
      "execution_context": {
        "schema_version": 1,
        "backend_identity": {
          "domain": "runtime-backend-manifest",
          "schema_version": 1,
          "algorithm": "sha256",
          "digest": {
            "encoding": "hex",
            "bytes": "4f0b25caa22b4aaf5fc10e81b5b07f6c30e9a311614a8e08ea1444c5ea167359"
          }
        },
        "communicator": {
          "kind": "communicator",
          "identity": "MPI_COMM_WORLD"
        },
        "datatype": {
          "kind": "datatype",
          "identity": "float64"
        },
        "device": {
          "kind": "device",
          "identity": "cpu"
        }
      },
      "runtime_backend": {
        "schema_version": 1,
        "backend": {
          "value": "production",
          "evidence": "pops.native.2d-float64.mpi-world.v2;execution=OpenMP;device=cpu;shared=Host;kabi=6bd5e8adfe8ac62d0b0999e12cb422843910027d3a06931352504e0a0d156555"
        },
        "target": {
          "value": "system",
          "evidence": "pops.native.2d-float64.mpi-world.v2;execution=OpenMP;device=cpu;shared=Host;kabi=6bd5e8adfe8ac62d0b0999e12cb422843910027d3a06931352504e0a0d156555"
        },
        "abi": {
          "value": "compiler=Apple LLVM 21.0.0 (clang-2100.1.1.101);std=202002L;headers=aa301ce673e78b6833d4cd25c3dfe283d3eb8e6506795f7a50dc5b88a6feff2f;kokkos=1;stdlib=libc++_210106;mpi=1;mpi_abi=f7d12ae87f8a0b401f7e2330986eddea52855a5fd643fb650d8bf8c5fc2ff8a5;dim=2",
          "evidence": "pops.native.2d-float64.mpi-world.v2;execution=OpenMP;device=cpu;shared=Host;kabi=6bd5e8adfe8ac62d0b0999e12cb422843910027d3a06931352504e0a0d156555"
        },
        "precision": {
          "storage": {
            "value": "float64",
            "evidence": "pops.native.2d-float64.mpi-world.v2;execution=OpenMP;device=cpu;shared=Host;kabi=6bd5e8adfe8ac62d0b0999e12cb422843910027d3a06931352504e0a0d156555"
          },
          "compute": {
            "value": "float64",
            "evidence": "pops.native.2d-float64.mpi-world.v2;execution=OpenMP;device=cpu;shared=Host;kabi=6bd5e8adfe8ac62d0b0999e12cb422843910027d3a06931352504e0a0d156555"
          },
          "accumulation": {
            "value": "float64",
            "evidence": "pops.native.2d-float64.mpi-world.v2;execution=OpenMP;device=cpu;shared=Host;kabi=6bd5e8adfe8ac62d0b0999e12cb422843910027d3a06931352504e0a0d156555"
          },
          "reduction": {
            "value": "float64",
            "evidence": "pops.native.2d-float64.mpi-world.v2;execution=OpenMP;device=cpu;shared=Host;kabi=6bd5e8adfe8ac62d0b0999e12cb422843910027d3a06931352504e0a0d156555"
          }
        },
        "device": {
          "value": "cpu",
          "evidence": "pops.native.2d-float64.mpi-world.v2;execution=OpenMP;device=cpu;shared=Host;kabi=6bd5e8adfe8ac62d0b0999e12cb422843910027d3a06931352504e0a0d156555"
        },
        "memory_spaces": {
          "value": [
            "host"
          ],
          "evidence": "pops.native.2d-float64.mpi-world.v2;execution=OpenMP;device=cpu;shared=Host;kabi=6bd5e8adfe8ac62d0b0999e12cb422843910027d3a06931352504e0a0d156555"
        },
        "communicator": {
          "value": "MPI_COMM_WORLD",
          "evidence": "pops.native.2d-float64.mpi-world.v2;execution=OpenMP;device=cpu;shared=Host;kabi=6bd5e8adfe8ac62d0b0999e12cb422843910027d3a06931352504e0a0d156555"
        },
        "capabilities": {
          "centerings": {
            "value": [
              "cell"
            ],
            "evidence": "pops.native.2d-float64.mpi-world.v2;execution=OpenMP;device=cpu;shared=Host;kabi=6bd5e8adfe8ac62d0b0999e12cb422843910027d3a06931352504e0a0d156555"
          },
          "execution_backend": {
            "value": "OpenMP",
            "evidence": "pops.native.2d-float64.mpi-world.v2;execution=OpenMP;device=cpu;shared=Host;kabi=6bd5e8adfe8ac62d0b0999e12cb422843910027d3a06931352504e0a0d156555"
          },
          "generic_field_view": {
            "value": true,
            "evidence": "pops.native.2d-float64.mpi-world.v2;execution=OpenMP;device=cpu;shared=Host;kabi=6bd5e8adfe8ac62d0b0999e12cb422843910027d3a06931352504e0a0d156555"
          },
          "layouts": {
            "value": [
              "right",
              "left",
              "strided"
            ],
            "evidence": "pops.native.2d-float64.mpi-world.v2;execution=OpenMP;device=cpu;shared=Host;kabi=6bd5e8adfe8ac62d0b0999e12cb422843910027d3a06931352504e0a0d156555"
          },
          "ownership": {
            "value": [
              "borrowed",
              "owned",
              "shared"
            ],
            "evidence": "pops.native.2d-float64.mpi-world.v2;execution=OpenMP;device=cpu;shared=Host;kabi=6bd5e8adfe8ac62d0b0999e12cb422843910027d3a06931352504e0a0d156555"
          },
          "scalars": {
            "value": [
              "float64"
            ],
            "evidence": "pops.native.2d-float64.mpi-world.v2;execution=OpenMP;device=cpu;shared=Host;kabi=6bd5e8adfe8ac62d0b0999e12cb422843910027d3a06931352504e0a0d156555"
          },
          "shared_space": {
            "value": "Host",
            "evidence": "pops.native.2d-float64.mpi-world.v2;execution=OpenMP;device=cpu;shared=Host;kabi=6bd5e8adfe8ac62d0b0999e12cb422843910027d3a06931352504e0a0d156555"
          },
          "stream_identity": {
            "value": "Kokkos::OpenMP::synchronous",
            "evidence": "pops.native.2d-float64.mpi-world.v2;execution=OpenMP;device=cpu;shared=Host;kabi=6bd5e8adfe8ac62d0b0999e12cb422843910027d3a06931352504e0a0d156555"
          },
          "supported_dimensions": {
            "value": [
              2
            ],
            "evidence": "pops.native.2d-float64.mpi-world.v2;execution=OpenMP;device=cpu;shared=Host;kabi=6bd5e8adfe8ac62d0b0999e12cb422843910027d3a06931352504e0a0d156555"
          }
        }
      },
      "saved_state": "state_400.npz",
      "saved_state_sha256": "cb7c6664af3d3ebd00b4a48b756a4baf6ee0df09d459a678aaba06d53e45b5ed"
    }
  ]
}
