--- env 'pops_final_cuda_dim2' active (CONDA_PREFIX=/gpfs/scratch/rmdraux/PoPS-final-full-native-cuda-dim2-gh200-um-98804c68-20261009/envs/pops_final_cuda_dim2) ---
native spatial specialization: Dim=2
production module heavy-TU pool: 8 (min of 8 cores and 214 = 857GB/4; export POPS_HEAVY_MODULE_TU_POOL to override)
ccache: dir=/gpfs/scratch/rmdraux/PoPS-final-full-native-cuda-dim2-gh200-um-98804c68-20261009/cache/ccache basedir=/gpfs/scratch/rmdraux/PoPS-final-full-native-cuda-dim2-gh200-um-98804c68-20261009/source
MPI backend: ON; native parallel HDF5: ON
HDF5 root: /gpfs/scratch/rmdraux/PoPS-final-full-native-cuda-dim2-gh200-um-98804c68-20261009/envs/pops_final_cuda_dim2
preserve-native-variants: no installed pops/_native to snapshot
--- python -m pip wheel -v . --no-deps --no-build-isolation --wheel-dir /gpfs/scratch/rmdraux/PoPS-final-full-native-cuda-dim2-gh200-um-98804c68-20261009/wheels -C build-dir=build/{wheel_tag}-dim2 -C cmake.define.POPS_NATIVE_DIM=2 -C cmake.define.POPS_HEAVY_MODULE_TU_POOL=8 -C cmake.define.POPS_USE_MPI=ON -C cmake.define.POPS_USE_HDF5=ON -C cmake.define.CMAKE_EXPORT_COMPILE_COMMANDS=ON -C cmake.define.CMAKE_BUILD_TYPE=Release -C cmake.define.CMAKE_CXX_FLAGS=--fmad=false -fopenmp -fno-fast-math -ffp-contract=off -C cmake.define.Kokkos_ROOT=/gpfs/scratch/rmdraux/PoPS-final-full-native-cuda-dim2-gh200-um-98804c68-20261009/kokkos-unified-install -C cmake.define.Kokkos_DIR=/gpfs/scratch/rmdraux/PoPS-final-full-native-cuda-dim2-gh200-um-98804c68-20261009/kokkos-unified-install/lib/cmake/Kokkos -C cmake.define.CUDAToolkit_ROOT=/apps/2025/manual_install/cuda_eviden/12.6 ---
Processing ./.
  Preparing metadata (pyproject.toml): started
  Running command Preparing metadata (pyproject.toml)
  *** scikit-build-core 1.1.1 using CMake 4.4.4 (metadata_wheel)
  Preparing metadata (pyproject.toml): finished with status 'done'
Building wheels for collected packages: pops
  Building wheel for pops (pyproject.toml): started
  Running command Building wheel for pops (pyproject.toml)
  *** scikit-build-core 1.1.1 using CMake 4.4.4 (wheel)
  *** Configuring CMake...
  loading initial cache file build/cp312-cp312-linux_aarch64-dim2/CMakeInit.txt
  -- The CXX compiler identification is GNU 13.4.0
  -- Detecting CXX compiler ABI info
  -- Detecting CXX compiler ABI info - done
  -- Check for working CXX compiler: /gpfs/scratch/rmdraux/PoPS-final-full-native-cuda-dim2-gh200-um-98804c68-20261009/strict_nvcc_wrapper.sh - skipped
  -- Detecting CXX compile features
  -- Detecting CXX compile features - done
  -- PoPS native spatial specialization: Dim=2
  -- PoPS Real specialization: double
  -- Performing Test CMAKE_HAVE_LIBC_PTHREAD
  -- Performing Test CMAKE_HAVE_LIBC_PTHREAD - Success
  -- Found Threads: TRUE
  -- Kokkos trouve (install 5.2.1) : for_each_cell backend = Kokkos (OPENMP;SERIAL;CUDA)
  -- Found MPI_CXX: /gpfs/scratch/rmdraux/PoPS-final-full-native-cuda-dim2-gh200-um-98804c68-20261009/envs/pops_final_cuda_dim2/lib/libmpicxx.so (found version "4.0")
  -- Found MPI: TRUE (found version "4.0") found components: CXX
  -- MPI found (/gpfs/scratch/rmdraux/PoPS-final-full-native-cuda-dim2-gh200-um-98804c68-20261009/envs/pops_final_cuda_dim2/bin/mpiexec) : enabling distributed comm seam
  -- The C compiler identification is GNU 13.4.0
  -- Detecting C compiler ABI info
  -- Detecting C compiler ABI info - done
  -- Check for working C compiler: /project/r250127/rmdraux/sol61-gpu-bootstrap-20261004/compiler13/bin/aarch64-conda-linux-gnu-cc - skipped
  -- Detecting C compile features
  -- Detecting C compile features - done
  -- Found MPI_C: /gpfs/scratch/rmdraux/PoPS-final-full-native-cuda-dim2-gh200-um-98804c68-20261009/envs/pops_final_cuda_dim2/lib/libmpi.so (found version "4.0")
  -- Found MPI: TRUE (found version "4.0") found components: C CXX
  -- Found HDF5: /gpfs/scratch/rmdraux/PoPS-final-full-native-cuda-dim2-gh200-um-98804c68-20261009/envs/pops_final_cuda_dim2/lib/libhdf5.so;/gpfs/scratch/rmdraux/PoPS-final-full-native-cuda-dim2-gh200-um-98804c68-20261009/envs/pops_final_cuda_dim2/lib/libcrypto.so;/gpfs/scratch/rmdraux/PoPS-final-full-native-cuda-dim2-gh200-um-98804c68-20261009/envs/pops_final_cuda_dim2/lib/libcurl.so;/usr/lib64/libpthread.a;/gpfs/scratch/rmdraux/PoPS-final-full-native-cuda-dim2-gh200-um-98804c68-20261009/envs/pops_final_cuda_dim2/lib/libsz.so;/gpfs/scratch/rmdraux/PoPS-final-full-native-cuda-dim2-gh200-um-98804c68-20261009/envs/pops_final_cuda_dim2/lib/libz.so;/usr/lib64/libdl.a;/usr/lib64/libm.so (found version "1.14.3") found components: C
  -- Parallel HDF5 found (1.14.3) : enabling native collective DataWriter
  -- FFTW3 found (/gpfs/scratch/rmdraux/PoPS-final-full-native-cuda-dim2-gh200-um-98804c68-20261009/envs/pops_final_cuda_dim2) : PoissonFFT local-axis production radix backend
  -- Found Python: /gpfs/scratch/rmdraux/PoPS-final-full-native-cuda-dim2-gh200-um-98804c68-20261009/envs/pops_final_cuda_dim2/bin/python (found version "3.12.15") found components: Interpreter Development.Module
  -- pops Python module: interpreteur /gpfs/scratch/rmdraux/PoPS-final-full-native-cuda-dim2-gh200-um-98804c68-20261009/envs/pops_final_cuda_dim2/bin/python (3.12.15)
  -- Performing Test HAS_FLTO
  -- Performing Test HAS_FLTO - Failed
  -- pops Python module: pybind11 2.13.6 trouve dans l'environnement (pas de FetchContent)
  -- pops Python module: signature en-tetes POPS_HEADER_SIG=de2b5ef24a9fae48ab143d4200aab2885c9400dcd43712fa74928f5f2c4e954a
  -- Configuring done (11.1s)
  CMake Warning at /gpfs/scratch/rmdraux/PoPS-final-full-native-cuda-dim2-gh200-um-98804c68-20261009/envs/pops_final_cuda_dim2/share/cmake-4.4/Modules/FindPython/Support.cmake:4678 (add_library):
    Cannot generate a safe runtime search path for target _pops because files
    in some directories may conflict with libraries in implicit directories:

      runtime library [libcudart.so.12] in /apps/2025/manual_install/cuda_eviden/12.6/lib64 may be hidden by files in:
        /gpfs/scratch/rmdraux/PoPS-final-full-native-cuda-dim2-gh200-um-98804c68-20261009/envs/pops_final_cuda_dim2/lib

    Some of these libraries may not be found correctly.
  Call Stack (most recent call first):
    /gpfs/scratch/rmdraux/PoPS-final-full-native-cuda-dim2-gh200-um-98804c68-20261009/envs/pops_final_cuda_dim2/share/cmake-4.4/Modules/FindPython.cmake:788:EVAL:2 (__Python_add_library)
    /gpfs/scratch/rmdraux/PoPS-final-full-native-cuda-dim2-gh200-um-98804c68-20261009/envs/pops_final_cuda_dim2/lib/python3.12/site-packages/pybind11/share/cmake/pybind11/pybind11NewTools.cmake:267 (python_add_library)
    python/CMakeLists.txt:36 (pybind11_add_module)


  -- Generating done (0.0s)
  -- Build files have been written to: /gpfs/scratch/rmdraux/PoPS-final-full-native-cuda-dim2-gh200-um-98804c68-20261009/source/build/cp312-cp312-linux_aarch64-dim2
  *** Building project with Ninja...
  [0/2] Re-checking globbed directories...
  [1/28] Building CXX object src/CMakeFiles/pops_runtime_core_objects.dir/runtime/program/step_transaction.cpp.o
  /gpfs/scratch/rmdraux/PoPS-final-full-native-cuda-dim2-gh200-um-98804c68-20261009/source/include/pops/mesh/index/index.hpp(36): warning #20012-D: __device__ annotation is ignored on a function("Index") that is explicitly defaulted on its first declaration
      __attribute__((device)) __attribute__((host)) constexpr Index() = default;
                     ^

  Remark: The warnings can be suppressed with "-diag-suppress <warning-number>"

  /gpfs/scratch/rmdraux/PoPS-final-full-native-cuda-dim2-gh200-um-98804c68-20261009/source/include/pops/mesh/index/index.hpp(36): warning #20012-D: __host__ annotation is ignored on a function("Index") that is explicitly defaulted on its first declaration
      __attribute__((device)) __attribute__((host)) constexpr Index() = default;
                                             ^

  /gpfs/scratch/rmdraux/PoPS-final-full-native-cuda-dim2-gh200-um-98804c68-20261009/source/include/pops/numerics/fv/flux_interfaces.hpp(253): warning #20012-D: __device__ annotation is ignored on a function("BoundFluxProviders") that is explicitly defaulted on its first declaration
      __attribute__((device)) __attribute__((host)) BoundFluxProviders(const BoundFluxProviders&) = default;
                     ^

  /gpfs/scratch/rmdraux/PoPS-final-full-native-cuda-dim2-gh200-um-98804c68-20261009/source/include/pops/numerics/fv/flux_interfaces.hpp(253): warning #20012-D: __host__ annotation is ignored on a function("BoundFluxProviders") that is explicitly defaulted on its first declaration
      __attribute__((device)) __attribute__((host)) BoundFluxProviders(const BoundFluxProviders&) = default;
                                             ^

  /gpfs/scratch/rmdraux/PoPS-final-full-native-cuda-dim2-gh200-um-98804c68-20261009/source/include/pops/mesh/index/index.hpp(36): warning #20012-D: __device__ annotation is ignored on a function("Index") that is explicitly defaulted on its first declaration
      __attribute__((device)) __attribute__((host)) constexpr Index() = default;
                     ^

  Remark: The warnings can be suppressed with "-diag-suppress <warning-number>"

  /gpfs/scratch/rmdraux/PoPS-final-full-native-cuda-dim2-gh200-um-98804c68-20261009/source/include/pops/mesh/index/index.hpp(36): warning #20012-D: __host__ annotation is ignored on a function("Index") that is explicitly defaulted on its first declaration
      __attribute__((device)) __attribute__((host)) constexpr Index() = default;
                                             ^

  /gpfs/scratch/rmdraux/PoPS-final-full-native-cuda-dim2-gh200-um-98804c68-20261009/source/include/pops/numerics/fv/flux_interfaces.hpp(253): warning #20012-D: __device__ annotation is ignored on a function("BoundFluxProviders") that is explicitly defaulted on its first declaration
      __attribute__((device)) __attribute__((host)) BoundFluxProviders(const BoundFluxProviders&) = default;
                     ^

  /gpfs/scratch/rmdraux/PoPS-final-full-native-cuda-dim2-gh200-um-98804c68-20261009/source/include/pops/numerics/fv/flux_interfaces.hpp(253): warning #20012-D: __host__ annotation is ignored on a function("BoundFluxProviders") that is explicitly defaulted on its first declaration
      __attribute__((device)) __attribute__((host)) BoundFluxProviders(const BoundFluxProviders&) = default;
                                             ^

  /gpfs/scratch/rmdraux/PoPS-final-full-native-cuda-dim2-gh200-um-98804c68-20261009/source/include/pops/numerics/nonlinear/prepared_local_nonlinear.hpp(247): warning #20013-D: calling a constexpr __host__ function("max") from a __host__ __device__ function("local_finite") is not allowed. The experimental flag '--expt-relaxed-constexpr' can be used to allow this.
      return value == value && value <= std::numeric_limits<Real>::max() &&
                                        ^

  /gpfs/scratch/rmdraux/PoPS-final-full-native-cuda-dim2-gh200-um-98804c68-20261009/source/include/pops/numerics/nonlinear/prepared_local_nonlinear.hpp(248): warning #20013-D: calling a constexpr __host__ function("max") from a __host__ __device__ function("local_finite") is not allowed. The experimental flag '--expt-relaxed-constexpr' can be used to allow this.
             value >= -std::numeric_limits<Real>::max();
                       ^

  /gpfs/scratch/rmdraux/PoPS-final-full-native-cuda-dim2-gh200-um-98804c68-20261009/source/include/pops/physics/admissibility/admissible_set.hpp(46): warning #20013-D: calling a constexpr __host__ function("infinity") from a __host__ __device__ function("finite") is not allowed. The experimental flag '--expt-relaxed-constexpr' can be used to allow this.
      constexpr Real infinity = std::numeric_limits<Real>::infinity();
                                ^

  /gpfs/scratch/rmdraux/PoPS-final-full-native-cuda-dim2-gh200-um-98804c68-20261009/source/include/pops/numerics/nonlinear/prepared_variable_recovery.hpp(320): warning #20013-D: calling a constexpr __host__ function("max") from a __host__ __device__ function("recovery_finite") is not allowed. The experimental flag '--expt-relaxed-constexpr' can be used to allow this.
      return value == value && value <= std::numeric_limits<Real>::max() &&
                                        ^

  /gpfs/scratch/rmdraux/PoPS-final-full-native-cuda-dim2-gh200-um-98804c68-20261009/source/include/pops/numerics/nonlinear/prepared_variable_recovery.hpp(321): warning #20013-D: calling a constexpr __host__ function("max") from a __host__ __device__ function("recovery_finite") is not allowed. The experimental flag '--expt-relaxed-constexpr' can be used to allow this.
             value >= -std::numeric_limits<Real>::max();
                       ^

  [2/28] Building CXX object src/CMakeFiles/pops_runtime_core_objects.dir/runtime/prepared_embedded_boundary.cpp.o
  /gpfs/scratch/rmdraux/PoPS-final-full-native-cuda-dim2-gh200-um-98804c68-20261009/source/include/pops/mesh/index/extent.hpp(38): warning #20012-D: __device__ annotation is ignored on a function("Extent") that is explicitly defaulted on its first declaration
      __attribute__((device)) __attribute__((host)) constexpr Extent() = default;
                     ^

  Remark: The warnings can be suppressed with "-diag-suppress <warning-number>"

  /gpfs/scratch/rmdraux/PoPS-final-full-native-cuda-dim2-gh200-um-98804c68-20261009/source/include/pops/mesh/index/extent.hpp(38): warning #20012-D: __host__ annotation is ignored on a function("Extent") that is explicitly defaulted on its first declaration
      __attribute__((device)) __attribute__((host)) constexpr Extent() = default;
                                             ^

  /gpfs/scratch/rmdraux/PoPS-final-full-native-cuda-dim2-gh200-um-98804c68-20261009/source/include/pops/mesh/index/index.hpp(36): warning #20012-D: __device__ annotation is ignored on a function("Index") that is explicitly defaulted on its first declaration
      __attribute__((device)) __attribute__((host)) constexpr Index() = default;
                     ^

  /gpfs/scratch/rmdraux/PoPS-final-full-native-cuda-dim2-gh200-um-98804c68-20261009/source/include/pops/mesh/index/index.hpp(36): warning #20012-D: __host__ annotation is ignored on a function("Index") that is explicitly defaulted on its first declaration
      __attribute__((device)) __attribute__((host)) constexpr Index() = default;
                                             ^

  /gpfs/scratch/rmdraux/PoPS-final-full-native-cuda-dim2-gh200-um-98804c68-20261009/source/include/pops/mesh/index/box.hpp(196): warning #20012-D: __device__ annotation is ignored on a function("operator==") that is explicitly defaulted on its first declaration
      __attribute__((device)) __attribute__((host)) constexpr bool operator==(const Box&) const = default;
                     ^

  /gpfs/scratch/rmdraux/PoPS-final-full-native-cuda-dim2-gh200-um-98804c68-20261009/source/include/pops/mesh/index/box.hpp(196): warning #20012-D: __host__ annotation is ignored on a function("operator==") that is explicitly defaulted on its first declaration
      __attribute__((device)) __attribute__((host)) constexpr bool operator==(const Box&) const = default;
                                             ^

  /gpfs/scratch/rmdraux/PoPS-final-full-native-cuda-dim2-gh200-um-98804c68-20261009/source/include/pops/mesh/index/real_vector.hpp(43): warning #20012-D: __device__ annotation is ignored on a function("RealVector") that is explicitly defaulted on its first declaration
      __attribute__((device)) __attribute__((host)) constexpr RealVector() = default;
                     ^

  /gpfs/scratch/rmdraux/PoPS-final-full-native-cuda-dim2-gh200-um-98804c68-20261009/source/include/pops/mesh/index/real_vector.hpp(43): warning #20012-D: __host__ annotation is ignored on a function("RealVector") that is explicitly defaulted on its first declaration
      __attribute__((device)) __attribute__((host)) constexpr RealVector() = default;
                                             ^

  /gpfs/scratch/rmdraux/PoPS-final-full-native-cuda-dim2-gh200-um-98804c68-20261009/source/include/pops/mesh/index/entity_index.hpp(27): warning #20012-D: __device__ annotation is ignored on a function("FaceIndex") that is explicitly defaulted on its first declaration
      __attribute__((device)) __attribute__((host)) constexpr FaceIndex() = default;
                     ^

  /gpfs/scratch/rmdraux/PoPS-final-full-native-cuda-dim2-gh200-um-98804c68-20261009/source/include/pops/mesh/index/entity_index.hpp(27): warning #20012-D: __host__ annotation is ignored on a function("FaceIndex") that is explicitly defaulted on its first declaration
      __attribute__((device)) __attribute__((host)) constexpr FaceIndex() = default;
                                             ^

  /gpfs/scratch/rmdraux/PoPS-final-full-native-cuda-dim2-gh200-um-98804c68-20261009/source/include/pops/mesh/index/entity_index.hpp(33): warning #20012-D: __device__ annotation is ignored on a function("operator==") that is explicitly defaulted on its first declaration
      __attribute__((device)) __attribute__((host)) constexpr bool operator==(const FaceIndex&) const = default;
                     ^

  /gpfs/scratch/rmdraux/PoPS-final-full-native-cuda-dim2-gh200-um-98804c68-20261009/source/include/pops/mesh/index/entity_index.hpp(33): warning #20012-D: __host__ annotation is ignored on a function("operator==") that is explicitly defaulted on its first declaration
      __attribute__((device)) __attribute__((host)) constexpr bool operator==(const FaceIndex&) const = default;
                                             ^

  /gpfs/scratch/rmdraux/PoPS-final-full-native-cuda-dim2-gh200-um-98804c68-20261009/source/include/pops/mesh/index/extent.hpp(38): warning #20012-D: __device__ annotation is ignored on a function("Extent") that is explicitly defaulted on its first declaration
      __attribute__((device)) __attribute__((host)) constexpr Extent() = default;
                     ^

  Remark: The warnings can be suppressed with "-diag-suppress <warning-number>"

  /gpfs/scratch/rmdraux/PoPS-final-full-native-cuda-dim2-gh200-um-98804c68-20261009/source/include/pops/mesh/index/extent.hpp(38): warning #20012-D: __host__ annotation is ignored on a function("Extent") that is explicitly defaulted on its first declaration
      __attribute__((device)) __attribute__((host)) constexpr Extent() = default;
                                             ^

  /gpfs/scratch/rmdraux/PoPS-final-full-native-cuda-dim2-gh200-um-98804c68-20261009/source/include/pops/mesh/index/index.hpp(36): warning #20012-D: __device__ annotation is ignored on a function("Index") that is explicitly defaulted on its first declaration
      __attribute__((device)) __attribute__((host)) constexpr Index() = default;
                     ^

  /gpfs/scratch/rmdraux/PoPS-final-full-native-cuda-dim2-gh200-um-98804c68-20261009/source/include/pops/mesh/index/index.hpp(36): warning #20012-D: __host__ annotation is ignored on a function("Index") that is explicitly defaulted on its first declaration
      __attribute__((device)) __attribute__((host)) constexpr Index() = default;
                                             ^

  /gpfs/scratch/rmdraux/PoPS-final-full-native-cuda-dim2-gh200-um-98804c68-20261009/source/include/pops/mesh/index/box.hpp(196): warning #20012-D: __device__ annotation is ignored on a function("operator==") that is explicitly defaulted on its first declaration
      __attribute__((device)) __attribute__((host)) constexpr bool operator==(const Box&) const = default;
                     ^

  /gpfs/scratch/rmdraux/PoPS-final-full-native-cuda-dim2-gh200-um-98804c68-20261009/source/include/pops/mesh/index/box.hpp(196): warning #20012-D: __host__ annotation is ignored on a function("operator==") that is explicitly defaulted on its first declaration
      __attribute__((device)) __attribute__((host)) constexpr bool operator==(const Box&) const = default;
                                             ^

  /gpfs/scratch/rmdraux/PoPS-final-full-native-cuda-dim2-gh200-um-98804c68-20261009/source/include/pops/mesh/index/real_vector.hpp(43): warning #20012-D: __device__ annotation is ignored on a function("RealVector") that is explicitly defaulted on its first declaration
      __attribute__((device)) __attribute__((host)) constexpr RealVector() = default;
                     ^

  /gpfs/scratch/rmdraux/PoPS-final-full-native-cuda-dim2-gh200-um-98804c68-20261009/source/include/pops/mesh/index/real_vector.hpp(43): warning #20012-D: __host__ annotation is ignored on a function("RealVector") that is explicitly defaulted on its first declaration
      __attribute__((device)) __attribute__((host)) constexpr RealVector() = default;
                                             ^

  /gpfs/scratch/rmdraux/PoPS-final-full-native-cuda-dim2-gh200-um-98804c68-20261009/source/include/pops/mesh/index/entity_index.hpp(27): warning #20012-D: __device__ annotation is ignored on a function("FaceIndex") that is explicitly defaulted on its first declaration
      __attribute__((device)) __attribute__((host)) constexpr FaceIndex() = default;
                     ^

  /gpfs/scratch/rmdraux/PoPS-final-full-native-cuda-dim2-gh200-um-98804c68-20261009/source/include/pops/mesh/index/entity_index.hpp(27): warning #20012-D: __host__ annotation is ignored on a function("FaceIndex") that is explicitly defaulted on its first declaration
      __attribute__((device)) __attribute__((host)) constexpr FaceIndex() = default;
                                             ^

  /gpfs/scratch/rmdraux/PoPS-final-full-native-cuda-dim2-gh200-um-98804c68-20261009/source/include/pops/mesh/index/entity_index.hpp(33): warning #20012-D: __device__ annotation is ignored on a function("operator==") that is explicitly defaulted on its first declaration
      __attribute__((device)) __attribute__((host)) constexpr bool operator==(const FaceIndex&) const = default;
                     ^

  /gpfs/scratch/rmdraux/PoPS-final-full-native-cuda-dim2-gh200-um-98804c68-20261009/source/include/pops/mesh/index/entity_index.hpp(33): warning #20012-D: __host__ annotation is ignored on a function("operator==") that is explicitly defaulted on its first declaration
      __attribute__((device)) __attribute__((host)) constexpr bool operator==(const FaceIndex&) const = default;
                                             ^

  /gpfs/scratch/rmdraux/PoPS-final-full-native-cuda-dim2-gh200-um-98804c68-20261009/source/include/pops/runtime/analytic/expression.hpp(569): warning #20013-D: calling a constexpr __host__ function("quiet_NaN") from a __host__ __device__ function("eval") is not allowed. The experimental flag '--expt-relaxed-constexpr' can be used to allow this.
        return result.valid ? result.value : std::numeric_limits<Real>::quiet_NaN();
                                             ^
            detected during:
              instantiation of "pops::Real pops::analytic::AnalyticLevelSet<Dim>::level_set(const pops::RealVector<Dim> &) const [with Dim=1]" at line 24 of /gpfs/scratch/rmdraux/PoPS-final-full-native-cuda-dim2-gh200-um-98804c68-20261009/source/include/pops/runtime/analytic/level_set.hpp
              instantiation of "pops::Real pops::analytic::AnalyticLevelSet<Dim>::operator()(const pops::RealVector<Dim> &) const [with Dim=1]" at line 253 of /gpfs/scratch/rmdraux/PoPS-final-full-native-cuda-dim2-gh200-um-98804c68-20261009/source/src/runtime/prepared_embedded_boundary.cpp
              instantiation of "void pops::runtime::system::<unnamed>::SampleAnalyticKernel<Dim>::operator()(const pops::Index<Dim> &) const [with Dim=1]" at line 192 of /gpfs/scratch/rmdraux/PoPS-final-full-native-cuda-dim2-gh200-um-98804c68-20261009/source/include/pops/mesh/execution/for_each.hpp
              instantiation of "void pops::detail::launch_index_space(const ExecutionSpace &, const pops::Box<Dim> &, const char *, F) [with ExecutionSpace=Kokkos::DefaultExecutionSpace, Dim=1, F=pops::runtime::system::<unnamed>::SampleAnalyticKernel<1>]" at line 230 of /gpfs/scratch/rmdraux/PoPS-final-full-native-cuda-dim2-gh200-um-98804c68-20261009/source/include/pops/mesh/execution/for_each.hpp
              instantiation of "void pops::for_each_cell(const ExecutionSpace &, const pops::Box<Dim> &, F) [with ExecutionSpace=Kokkos::DefaultExecutionSpace, Dim=1, F=pops::runtime::system::<unnamed>::SampleAnalyticKernel<1>]" at line 253 of /gpfs/scratch/rmdraux/PoPS-final-full-native-cuda-dim2-gh200-um-98804c68-20261009/source/include/pops/mesh/execution/for_each.hpp
              instantiation of "void pops::for_each_cell(const pops::Box<Dim> &, F) [with Dim=1, F=pops::runtime::system::<unnamed>::SampleAnalyticKernel<1>]" at line 495 of /gpfs/scratch/rmdraux/PoPS-final-full-native-cuda-dim2-gh200-um-98804c68-20261009/source/src/runtime/prepared_embedded_boundary.cpp
              instantiation of "std::shared_ptr<const pops::runtime::system::PreparedEmbeddedBoundaryGeometry<Dim>> pops::runtime::system::prepare_embedded_boundary_geometry_collectively(const std::vector<std::string, std::allocator<std::string>> &, const std::vector<double, std::allocator<double>> &, const pops::Geometry<Dim> &, const pops::BoundaryTopology<Dim> &, const pops::MultiFab<Dim, Kokkos::Cuda::memory_space> &, pops::runtime::system::PreparedEmbeddedBoundaryMode, const pops::EbThresholds &, uint64_t, const pops::ExecutionLane &) [with Dim=1]" at line 638 of /gpfs/scratch/rmdraux/PoPS-final-full-native-cuda-dim2-gh200-um-98804c68-20261009/source/src/runtime/prepared_embedded_boundary.cpp

  /gpfs/scratch/rmdraux/PoPS-final-full-native-cuda-dim2-gh200-um-98804c68-20261009/source/include/pops/runtime/analytic/expression.hpp(344): warning #20013-D: calling a constexpr __host__ function("quiet_NaN") from a __host__ __device__ function("eval_checked") is not allowed. The experimental flag '--expt-relaxed-constexpr' can be used to allow this.
          return {std::numeric_limits<Real>::quiet_NaN(), false};
                  ^
            detected during:
              instantiation of "pops::Real pops::analytic::AnalyticProgramView::eval(const pops::RealVector<Dim> &, const pops::Real *, uint8_t) const [with Dim=1]" at line 23 of /gpfs/scratch/rmdraux/PoPS-final-full-native-cuda-dim2-gh200-um-98804c68-20261009/source/include/pops/runtime/analytic/level_set.hpp
              instantiation of "pops::Real pops::analytic::AnalyticLevelSet<Dim>::level_set(const pops::RealVector<Dim> &) const [with Dim=1]" at line 24 of /gpfs/scratch/rmdraux/PoPS-final-full-native-cuda-dim2-gh200-um-98804c68-20261009/source/include/pops/runtime/analytic/level_set.hpp
              instantiation of "pops::Real pops::analytic::AnalyticLevelSet<Dim>::operator()(const pops::RealVector<Dim> &) const [with Dim=1]" at line 253 of /gpfs/scratch/rmdraux/PoPS-final-full-native-cuda-dim2-gh200-um-98804c68-20261009/source/src/runtime/prepared_embedded_boundary.cpp
              instantiation of "void pops::runtime::system::<unnamed>::SampleAnalyticKernel<Dim>::operator()(const pops::Index<Dim> &) const [with Dim=1]" at line 192 of /gpfs/scratch/rmdraux/PoPS-final-full-native-cuda-dim2-gh200-um-98804c68-20261009/source/include/pops/mesh/execution/for_each.hpp
              instantiation of "void pops::detail::launch_index_space(const ExecutionSpace &, const pops::Box<Dim> &, const char *, F) [with ExecutionSpace=Kokkos::DefaultExecutionSpace, Dim=1, F=pops::runtime::system::<unnamed>::SampleAnalyticKernel<1>]" at line 230 of /gpfs/scratch/rmdraux/PoPS-final-full-native-cuda-dim2-gh200-um-98804c68-20261009/source/include/pops/mesh/execution/for_each.hpp
              instantiation of "void pops::for_each_cell(const ExecutionSpace &, const pops::Box<Dim> &, F) [with ExecutionSpace=Kokkos::DefaultExecutionSpace, Dim=1, F=pops::runtime::system::<unnamed>::SampleAnalyticKernel<1>]" at line 253 of /gpfs/scratch/rmdraux/PoPS-final-full-native-cuda-dim2-gh200-um-98804c68-20261009/source/include/pops/mesh/execution/for_each.hpp
              instantiation of "void pops::for_each_cell(const pops::Box<Dim> &, F) [with Dim=1, F=pops::runtime::system::<unnamed>::SampleAnalyticKernel<1>]" at line 495 of /gpfs/scratch/rmdraux/PoPS-final-full-native-cuda-dim2-gh200-um-98804c68-20261009/source/src/runtime/prepared_embedded_boundary.cpp
              instantiation of "std::shared_ptr<const pops::runtime::system::PreparedEmbeddedBoundaryGeometry<Dim>> pops::runtime::system::prepare_embedded_boundary_geometry_collectively(const std::vector<std::string, std::allocator<std::string>> &, const std::vector<double, std::allocator<double>> &, const pops::Geometry<Dim> &, const pops::BoundaryTopology<Dim> &, const pops::MultiFab<Dim, Kokkos::Cuda::memory_space> &, pops::runtime::system::PreparedEmbeddedBoundaryMode, const pops::EbThresholds &, uint64_t, const pops::ExecutionLane &) [with Dim=1]" at line 638 of /gpfs/scratch/rmdraux/PoPS-final-full-native-cuda-dim2-gh200-um-98804c68-20261009/source/src/runtime/prepared_embedded_boundary.cpp

  /gpfs/scratch/rmdraux/PoPS-final-full-native-cuda-dim2-gh200-um-98804c68-20261009/source/include/pops/runtime/analytic/expression.hpp(367): warning #20013-D: calling a constexpr __host__ function("quiet_NaN") from a __host__ __device__ function("eval_checked") is not allowed. The experimental flag '--expt-relaxed-constexpr' can be used to allow this.
              values[sp] = available ? coordinates[axis] : std::numeric_limits<Real>::quiet_NaN();
                                                           ^
            detected during:
              instantiation of "pops::Real pops::analytic::AnalyticProgramView::eval(const pops::RealVector<Dim> &, const pops::Real *, uint8_t) const [with Dim=1]" at line 23 of /gpfs/scratch/rmdraux/PoPS-final-full-native-cuda-dim2-gh200-um-98804c68-20261009/source/include/pops/runtime/analytic/level_set.hpp
              instantiation of "pops::Real pops::analytic::AnalyticLevelSet<Dim>::level_set(const pops::RealVector<Dim> &) const [with Dim=1]" at line 24 of /gpfs/scratch/rmdraux/PoPS-final-full-native-cuda-dim2-gh200-um-98804c68-20261009/source/include/pops/runtime/analytic/level_set.hpp
              instantiation of "pops::Real pops::analytic::AnalyticLevelSet<Dim>::operator()(const pops::RealVector<Dim> &) const [with Dim=1]" at line 253 of /gpfs/scratch/rmdraux/PoPS-final-full-native-cuda-dim2-gh200-um-98804c68-20261009/source/src/runtime/prepared_embedded_boundary.cpp
              instantiation of "void pops::runtime::system::<unnamed>::SampleAnalyticKernel<Dim>::operator()(const pops::Index<Dim> &) const [with Dim=1]" at line 192 of /gpfs/scratch/rmdraux/PoPS-final-full-native-cuda-dim2-gh200-um-98804c68-20261009/source/include/pops/mesh/execution/for_each.hpp
              instantiation of "void pops::detail::launch_index_space(const ExecutionSpace &, const pops::Box<Dim> &, const char *, F) [with ExecutionSpace=Kokkos::DefaultExecutionSpace, Dim=1, F=pops::runtime::system::<unnamed>::SampleAnalyticKernel<1>]" at line 230 of /gpfs/scratch/rmdraux/PoPS-final-full-native-cuda-dim2-gh200-um-98804c68-20261009/source/include/pops/mesh/execution/for_each.hpp
              instantiation of "void pops::for_each_cell(const ExecutionSpace &, const pops::Box<Dim> &, F) [with ExecutionSpace=Kokkos::DefaultExecutionSpace, Dim=1, F=pops::runtime::system::<unnamed>::SampleAnalyticKernel<1>]" at line 253 of /gpfs/scratch/rmdraux/PoPS-final-full-native-cuda-dim2-gh200-um-98804c68-20261009/source/include/pops/mesh/execution/for_each.hpp
              instantiation of "void pops::for_each_cell(const pops::Box<Dim> &, F) [with Dim=1, F=pops::runtime::system::<unnamed>::SampleAnalyticKernel<1>]" at line 495 of /gpfs/scratch/rmdraux/PoPS-final-full-native-cuda-dim2-gh200-um-98804c68-20261009/source/src/runtime/prepared_embedded_boundary.cpp
              instantiation of "std::shared_ptr<const pops::runtime::system::PreparedEmbeddedBoundaryGeometry<Dim>> pops::runtime::system::prepare_embedded_boundary_geometry_collectively(const std::vector<std::string, std::allocator<std::string>> &, const std::vector<double, std::allocator<double>> &, const pops::Geometry<Dim> &, const pops::BoundaryTopology<Dim> &, const pops::MultiFab<Dim, Kokkos::Cuda::memory_space> &, pops::runtime::system::PreparedEmbeddedBoundaryMode, const pops::EbThresholds &, uint64_t, const pops::ExecutionLane &) [with Dim=1]" at line 638 of /gpfs/scratch/rmdraux/PoPS-final-full-native-cuda-dim2-gh200-um-98804c68-20261009/source/src/runtime/prepared_embedded_boundary.cpp

  /gpfs/scratch/rmdraux/PoPS-final-full-native-cuda-dim2-gh200-um-98804c68-20261009/source/include/pops/runtime/analytic/expression.hpp(376): warning #20013-D: calling a constexpr __host__ function("quiet_NaN") from a __host__ __device__ function("eval_checked") is not allowed. The experimental flag '--expt-relaxed-constexpr' can be used to allow this.
              values[sp] = ok ? inputs[slot] : std::numeric_limits<Real>::quiet_NaN();
                                               ^
            detected during:
              instantiation of "pops::Real pops::analytic::AnalyticProgramView::eval(const pops::RealVector<Dim> &, const pops::Real *, uint8_t) const [with Dim=1]" at line 23 of /gpfs/scratch/rmdraux/PoPS-final-full-native-cuda-dim2-gh200-um-98804c68-20261009/source/include/pops/runtime/analytic/level_set.hpp
              instantiation of "pops::Real pops::analytic::AnalyticLevelSet<Dim>::level_set(const pops::RealVector<Dim> &) const [with Dim=1]" at line 24 of /gpfs/scratch/rmdraux/PoPS-final-full-native-cuda-dim2-gh200-um-98804c68-20261009/source/include/pops/runtime/analytic/level_set.hpp
              instantiation of "pops::Real pops::analytic::AnalyticLevelSet<Dim>::operator()(const pops::RealVector<Dim> &) const [with Dim=1]" at line 253 of /gpfs/scratch/rmdraux/PoPS-final-full-native-cuda-dim2-gh200-um-98804c68-20261009/source/src/runtime/prepared_embedded_boundary.cpp
              instantiation of "void pops::runtime::system::<unnamed>::SampleAnalyticKernel<Dim>::operator()(const pops::Index<Dim> &) const [with Dim=1]" at line 192 of /gpfs/scratch/rmdraux/PoPS-final-full-native-cuda-dim2-gh200-um-98804c68-20261009/source/include/pops/mesh/execution/for_each.hpp
              instantiation of "void pops::detail::launch_index_space(const ExecutionSpace &, const pops::Box<Dim> &, const char *, F) [with ExecutionSpace=Kokkos::DefaultExecutionSpace, Dim=1, F=pops::runtime::system::<unnamed>::SampleAnalyticKernel<1>]" at line 230 of /gpfs/scratch/rmdraux/PoPS-final-full-native-cuda-dim2-gh200-um-98804c68-20261009/source/include/pops/mesh/execution/for_each.hpp
              instantiation of "void pops::for_each_cell(const ExecutionSpace &, const pops::Box<Dim> &, F) [with ExecutionSpace=Kokkos::DefaultExecutionSpace, Dim=1, F=pops::runtime::system::<unnamed>::SampleAnalyticKernel<1>]" at line 253 of /gpfs/scratch/rmdraux/PoPS-final-full-native-cuda-dim2-gh200-um-98804c68-20261009/source/include/pops/mesh/execution/for_each.hpp
              instantiation of "void pops::for_each_cell(const pops::Box<Dim> &, F) [with Dim=1, F=pops::runtime::system::<unnamed>::SampleAnalyticKernel<1>]" at line 495 of /gpfs/scratch/rmdraux/PoPS-final-full-native-cuda-dim2-gh200-um-98804c68-20261009/source/src/runtime/prepared_embedded_boundary.cpp
              instantiation of "std::shared_ptr<const pops::runtime::system::PreparedEmbeddedBoundaryGeometry<Dim>> pops::runtime::system::prepare_embedded_boundary_geometry_collectively(const std::vector<std::string, std::allocator<std::string>> &, const std::vector<double, std::allocator<double>> &, const pops::Geometry<Dim> &, const pops::BoundaryTopology<Dim> &, const pops::MultiFab<Dim, Kokkos::Cuda::memory_space> &, pops::runtime::system::PreparedEmbeddedBoundaryMode, const pops::EbThresholds &, uint64_t, const pops::ExecutionLane &) [with Dim=1]" at line 638 of /gpfs/scratch/rmdraux/PoPS-final-full-native-cuda-dim2-gh200-um-98804c68-20261009/source/src/runtime/prepared_embedded_boundary.cpp

  /gpfs/scratch/rmdraux/PoPS-final-full-native-cuda-dim2-gh200-um-98804c68-20261009/source/src/runtime/prepared_embedded_boundary.cpp(278): warning #20015-D: calling a constexpr __host__ function from a __host__ __device__ function is not allowed. The experimental flag '--expt-relaxed-constexpr' can be used to allow this.
          const Face<Dim> lower{axis, BoundarySide::lower};
                          ^
            detected during:
              instantiation of "void pops::runtime::system::<unnamed>::SamplePhysicalGhostKernel<Dim>::operator()(const pops::Index<Dim> &) const [with Dim=1]" at line 192 of /gpfs/scratch/rmdraux/PoPS-final-full-native-cuda-dim2-gh200-um-98804c68-20261009/source/include/pops/mesh/execution/for_each.hpp
              instantiation of "void pops::detail::launch_index_space(const ExecutionSpace &, const pops::Box<Dim> &, const char *, F) [with ExecutionSpace=Kokkos::DefaultExecutionSpace, Dim=1, F=pops::runtime::system::<unnamed>::SamplePhysicalGhostKernel<1>]" at line 230 of /gpfs/scratch/rmdraux/PoPS-final-full-native-cuda-dim2-gh200-um-98804c68-20261009/source/include/pops/mesh/execution/for_each.hpp
              instantiation of "void pops::for_each_cell(const ExecutionSpace &, const pops::Box<Dim> &, F) [with ExecutionSpace=Kokkos::DefaultExecutionSpace, Dim=1, F=pops::runtime::system::<unnamed>::SamplePhysicalGhostKernel<1>]" at line 253 of /gpfs/scratch/rmdraux/PoPS-final-full-native-cuda-dim2-gh200-um-98804c68-20261009/source/include/pops/mesh/execution/for_each.hpp
              instantiation of "void pops::for_each_cell(const pops::Box<Dim> &, F) [with Dim=1, F=pops::runtime::system::<unnamed>::SamplePhysicalGhostKernel<1>]" at line 519
              instantiation of "std::shared_ptr<const pops::runtime::system::PreparedEmbeddedBoundaryGeometry<Dim>> pops::runtime::system::prepare_embedded_boundary_geometry_collectively(const std::vector<std::string, std::allocator<std::string>> &, const std::vector<double, std::allocator<double>> &, const pops::Geometry<Dim> &, const pops::BoundaryTopology<Dim> &, const pops::MultiFab<Dim, Kokkos::Cuda::memory_space> &, pops::runtime::system::PreparedEmbeddedBoundaryMode, const pops::EbThresholds &, uint64_t, const pops::ExecutionLane &) [with Dim=1]" at line 638

  /gpfs/scratch/rmdraux/PoPS-final-full-native-cuda-dim2-gh200-um-98804c68-20261009/source/src/runtime/prepared_embedded_boundary.cpp(279): warning #20014-D: calling a __host__ function from a __host__ __device__ function is not allowed
          if (topology.is_periodic(lower)) {
          ^
            detected during:
              instantiation of "void pops::runtime::system::<unnamed>::SamplePhysicalGhostKernel<Dim>::operator()(const pops::Index<Dim> &) const [with Dim=1]" at line 192 of /gpfs/scratch/rmdraux/PoPS-final-full-native-cuda-dim2-gh200-um-98804c68-20261009/source/include/pops/mesh/execution/for_each.hpp
              instantiation of "void pops::detail::launch_index_space(const ExecutionSpace &, const pops::Box<Dim> &, const char *, F) [with ExecutionSpace=Kokkos::DefaultExecutionSpace, Dim=1, F=pops::runtime::system::<unnamed>::SamplePhysicalGhostKernel<1>]" at line 230 of /gpfs/scratch/rmdraux/PoPS-final-full-native-cuda-dim2-gh200-um-98804c68-20261009/source/include/pops/mesh/execution/for_each.hpp
              instantiation of "void pops::for_each_cell(const ExecutionSpace &, const pops::Box<Dim> &, F) [with ExecutionSpace=Kokkos::DefaultExecutionSpace, Dim=1, F=pops::runtime::system::<unnamed>::SamplePhysicalGhostKernel<1>]" at line 253 of /gpfs/scratch/rmdraux/PoPS-final-full-native-cuda-dim2-gh200-um-98804c68-20261009/source/include/pops/mesh/execution/for_each.hpp
              instantiation of "void pops::for_each_cell(const pops::Box<Dim> &, F) [with Dim=1, F=pops::runtime::system::<unnamed>::SamplePhysicalGhostKernel<1>]" at line 519
              instantiation of "std::shared_ptr<const pops::runtime::system::PreparedEmbeddedBoundaryGeometry<Dim>> pops::runtime::system::prepare_embedded_boundary_geometry_collectively(const std::vector<std::string, std::allocator<std::string>> &, const std::vector<double, std::allocator<double>> &, const pops::Geometry<Dim> &, const pops::BoundaryTopology<Dim> &, const pops::MultiFab<Dim, Kokkos::Cuda::memory_space> &, pops::runtime::system::PreparedEmbeddedBoundaryMode, const pops::EbThresholds &, uint64_t, const pops::ExecutionLane &) [with Dim=1]" at line 638

  /gpfs/scratch/rmdraux/PoPS-final-full-native-cuda-dim2-gh200-um-98804c68-20261009/source/src/runtime/prepared_embedded_boundary.cpp(278): warning #20015-D: calling a constexpr __host__ function from a __host__ __device__ function is not allowed. The experimental flag '--expt-relaxed-constexpr' can be used to allow this.
          const Face<Dim> lower{axis, BoundarySide::lower};
                          ^
            detected during:
              instantiation of "void pops::runtime::system::<unnamed>::SamplePhysicalGhostKernel<Dim>::operator()(const pops::Index<Dim> &) const [with Dim=2]" at line 192 of /gpfs/scratch/rmdraux/PoPS-final-full-native-cuda-dim2-gh200-um-98804c68-20261009/source/include/pops/mesh/execution/for_each.hpp
              instantiation of "void pops::detail::launch_index_space(const ExecutionSpace &, const pops::Box<Dim> &, const char *, F) [with ExecutionSpace=Kokkos::DefaultExecutionSpace, Dim=2, F=pops::runtime::system::<unnamed>::SamplePhysicalGhostKernel<2>]" at line 230 of /gpfs/scratch/rmdraux/PoPS-final-full-native-cuda-dim2-gh200-um-98804c68-20261009/source/include/pops/mesh/execution/for_each.hpp
              instantiation of "void pops::for_each_cell(const ExecutionSpace &, const pops::Box<Dim> &, F) [with ExecutionSpace=Kokkos::DefaultExecutionSpace, Dim=2, F=pops::runtime::system::<unnamed>::SamplePhysicalGhostKernel<2>]" at line 253 of /gpfs/scratch/rmdraux/PoPS-final-full-native-cuda-dim2-gh200-um-98804c68-20261009/source/include/pops/mesh/execution/for_each.hpp
              instantiation of "void pops::for_each_cell(const pops::Box<Dim> &, F) [with Dim=2, F=pops::runtime::system::<unnamed>::SamplePhysicalGhostKernel<2>]" at line 519
              instantiation of "std::shared_ptr<const pops::runtime::system::PreparedEmbeddedBoundaryGeometry<Dim>> pops::runtime::system::prepare_embedded_boundary_geometry_collectively(const std::vector<std::string, std::allocator<std::string>> &, const std::vector<double, std::allocator<double>> &, const pops::Geometry<Dim> &, const pops::BoundaryTopology<Dim> &, const pops::MultiFab<Dim, Kokkos::Cuda::memory_space> &, pops::runtime::system::PreparedEmbeddedBoundaryMode, const pops::EbThresholds &, uint64_t, const pops::ExecutionLane &) [with Dim=2]" at line 644

  /gpfs/scratch/rmdraux/PoPS-final-full-native-cuda-dim2-gh200-um-98804c68-20261009/source/src/runtime/prepared_embedded_boundary.cpp(279): warning #20014-D: calling a __host__ function from a __host__ __device__ function is not allowed
          if (topology.is_periodic(lower)) {
          ^
            detected during:
              instantiation of "void pops::runtime::system::<unnamed>::SamplePhysicalGhostKernel<Dim>::operator()(const pops::Index<Dim> &) const [with Dim=2]" at line 192 of /gpfs/scratch/rmdraux/PoPS-final-full-native-cuda-dim2-gh200-um-98804c68-20261009/source/include/pops/mesh/execution/for_each.hpp
              instantiation of "void pops::detail::launch_index_space(const ExecutionSpace &, const pops::Box<Dim> &, const char *, F) [with ExecutionSpace=Kokkos::DefaultExecutionSpace, Dim=2, F=pops::runtime::system::<unnamed>::SamplePhysicalGhostKernel<2>]" at line 230 of /gpfs/scratch/rmdraux/PoPS-final-full-native-cuda-dim2-gh200-um-98804c68-20261009/source/include/pops/mesh/execution/for_each.hpp
              instantiation of "void pops::for_each_cell(const ExecutionSpace &, const pops::Box<Dim> &, F) [with ExecutionSpace=Kokkos::DefaultExecutionSpace, Dim=2, F=pops::runtime::system::<unnamed>::SamplePhysicalGhostKernel<2>]" at line 253 of /gpfs/scratch/rmdraux/PoPS-final-full-native-cuda-dim2-gh200-um-98804c68-20261009/source/include/pops/mesh/execution/for_each.hpp
              instantiation of "void pops::for_each_cell(const pops::Box<Dim> &, F) [with Dim=2, F=pops::runtime::system::<unnamed>::SamplePhysicalGhostKernel<2>]" at line 519
              instantiation of "std::shared_ptr<const pops::runtime::system::PreparedEmbeddedBoundaryGeometry<Dim>> pops::runtime::system::prepare_embedded_boundary_geometry_collectively(const std::vector<std::string, std::allocator<std::string>> &, const std::vector<double, std::allocator<double>> &, const pops::Geometry<Dim> &, const pops::BoundaryTopology<Dim> &, const pops::MultiFab<Dim, Kokkos::Cuda::memory_space> &, pops::runtime::system::PreparedEmbeddedBoundaryMode, const pops::EbThresholds &, uint64_t, const pops::ExecutionLane &) [with Dim=2]" at line 644

  /gpfs/scratch/rmdraux/PoPS-final-full-native-cuda-dim2-gh200-um-98804c68-20261009/source/src/runtime/prepared_embedded_boundary.cpp(278): warning #20015-D: calling a constexpr __host__ function from a __host__ __device__ function is not allowed. The experimental flag '--expt-relaxed-constexpr' can be used to allow this.
          const Face<Dim> lower{axis, BoundarySide::lower};
                          ^
            detected during:
              instantiation of "void pops::runtime::system::<unnamed>::SamplePhysicalGhostKernel<Dim>::operator()(const pops::Index<Dim> &) const [with Dim=3]" at line 192 of /gpfs/scratch/rmdraux/PoPS-final-full-native-cuda-dim2-gh200-um-98804c68-20261009/source/include/pops/mesh/execution/for_each.hpp
              instantiation of "void pops::detail::launch_index_space(const ExecutionSpace &, const pops::Box<Dim> &, const char *, F) [with ExecutionSpace=Kokkos::DefaultExecutionSpace, Dim=3, F=pops::runtime::system::<unnamed>::SamplePhysicalGhostKernel<3>]" at line 230 of /gpfs/scratch/rmdraux/PoPS-final-full-native-cuda-dim2-gh200-um-98804c68-20261009/source/include/pops/mesh/execution/for_each.hpp
              instantiation of "void pops::for_each_cell(const ExecutionSpace &, const pops::Box<Dim> &, F) [with ExecutionSpace=Kokkos::DefaultExecutionSpace, Dim=3, F=pops::runtime::system::<unnamed>::SamplePhysicalGhostKernel<3>]" at line 253 of /gpfs/scratch/rmdraux/PoPS-final-full-native-cuda-dim2-gh200-um-98804c68-20261009/source/include/pops/mesh/execution/for_each.hpp
              instantiation of "void pops::for_each_cell(const pops::Box<Dim> &, F) [with Dim=3, F=pops::runtime::system::<unnamed>::SamplePhysicalGhostKernel<3>]" at line 519
              instantiation of "std::shared_ptr<const pops::runtime::system::PreparedEmbeddedBoundaryGeometry<Dim>> pops::runtime::system::prepare_embedded_boundary_geometry_collectively(const std::vector<std::string, std::allocator<std::string>> &, const std::vector<double, std::allocator<double>> &, const pops::Geometry<Dim> &, const pops::BoundaryTopology<Dim> &, const pops::MultiFab<Dim, Kokkos::Cuda::memory_space> &, pops::runtime::system::PreparedEmbeddedBoundaryMode, const pops::EbThresholds &, uint64_t, const pops::ExecutionLane &) [with Dim=3]" at line 650

  /gpfs/scratch/rmdraux/PoPS-final-full-native-cuda-dim2-gh200-um-98804c68-20261009/source/src/runtime/prepared_embedded_boundary.cpp(279): warning #20014-D: calling a __host__ function from a __host__ __device__ function is not allowed
          if (topology.is_periodic(lower)) {
          ^
            detected during:
              instantiation of "void pops::runtime::system::<unnamed>::SamplePhysicalGhostKernel<Dim>::operator()(const pops::Index<Dim> &) const [with Dim=3]" at line 192 of /gpfs/scratch/rmdraux/PoPS-final-full-native-cuda-dim2-gh200-um-98804c68-20261009/source/include/pops/mesh/execution/for_each.hpp
              instantiation of "void pops::detail::launch_index_space(const ExecutionSpace &, const pops::Box<Dim> &, const char *, F) [with ExecutionSpace=Kokkos::DefaultExecutionSpace, Dim=3, F=pops::runtime::system::<unnamed>::SamplePhysicalGhostKernel<3>]" at line 230 of /gpfs/scratch/rmdraux/PoPS-final-full-native-cuda-dim2-gh200-um-98804c68-20261009/source/include/pops/mesh/execution/for_each.hpp
              instantiation of "void pops::for_each_cell(const ExecutionSpace &, const pops::Box<Dim> &, F) [with ExecutionSpace=Kokkos::DefaultExecutionSpace, Dim=3, F=pops::runtime::system::<unnamed>::SamplePhysicalGhostKernel<3>]" at line 253 of /gpfs/scratch/rmdraux/PoPS-final-full-native-cuda-dim2-gh200-um-98804c68-20261009/source/include/pops/mesh/execution/for_each.hpp
              instantiation of "void pops::for_each_cell(const pops::Box<Dim> &, F) [with Dim=3, F=pops::runtime::system::<unnamed>::SamplePhysicalGhostKernel<3>]" at line 519
              instantiation of "std::shared_ptr<const pops::runtime::system::PreparedEmbeddedBoundaryGeometry<Dim>> pops::runtime::system::prepare_embedded_boundary_geometry_collectively(const std::vector<std::string, std::allocator<std::string>> &, const std::vector<double, std::allocator<double>> &, const pops::Geometry<Dim> &, const pops::BoundaryTopology<Dim> &, const pops::MultiFab<Dim, Kokkos::Cuda::memory_space> &, pops::runtime::system::PreparedEmbeddedBoundaryMode, const pops::EbThresholds &, uint64_t, const pops::ExecutionLane &) [with Dim=3]" at line 650

  /gpfs/scratch/rmdraux/PoPS-final-full-native-cuda-dim2-gh200-um-98804c68-20261009/source/src/runtime/prepared_embedded_boundary.cpp(278): warning #20013-D: calling a constexpr __host__ function("pops::Face<(int)1> ::Face(int,  ::pops::BoundarySide)") from a __host__ __device__ function("pops::runtime::system::_NV_ANON_NAMESPACE::SamplePhysicalGhostKernel<(int)1> ::operator () const") is not allowed. The experimental flag '--expt-relaxed-constexpr' can be used to allow this.

  /gpfs/scratch/rmdraux/PoPS-final-full-native-cuda-dim2-gh200-um-98804c68-20261009/source/src/runtime/prepared_embedded_boundary.cpp(279): warning #20011-D: calling a __host__ function("pops::BoundaryTopology<(int)1> ::is_periodic( ::pops::Face<(int)1> ) const") from a __host__ __device__ function("pops::runtime::system::_NV_ANON_NAMESPACE::SamplePhysicalGhostKernel<(int)1> ::operator () const") is not allowed

  /gpfs/scratch/rmdraux/PoPS-final-full-native-cuda-dim2-gh200-um-98804c68-20261009/source/src/runtime/prepared_embedded_boundary.cpp(278): warning #20013-D: calling a constexpr __host__ function("pops::Face<(int)2> ::Face(int,  ::pops::BoundarySide)") from a __host__ __device__ function("pops::runtime::system::_NV_ANON_NAMESPACE::SamplePhysicalGhostKernel<(int)2> ::operator () const") is not allowed. The experimental flag '--expt-relaxed-constexpr' can be used to allow this.

  /gpfs/scratch/rmdraux/PoPS-final-full-native-cuda-dim2-gh200-um-98804c68-20261009/source/src/runtime/prepared_embedded_boundary.cpp(279): warning #20011-D: calling a __host__ function("pops::BoundaryTopology<(int)2> ::is_periodic( ::pops::Face<(int)2> ) const") from a __host__ __device__ function("pops::runtime::system::_NV_ANON_NAMESPACE::SamplePhysicalGhostKernel<(int)2> ::operator () const") is not allowed

  /gpfs/scratch/rmdraux/PoPS-final-full-native-cuda-dim2-gh200-um-98804c68-20261009/source/src/runtime/prepared_embedded_boundary.cpp(278): warning #20013-D: calling a constexpr __host__ function("pops::Face<(int)3> ::Face(int,  ::pops::BoundarySide)") from a __host__ __device__ function("pops::runtime::system::_NV_ANON_NAMESPACE::SamplePhysicalGhostKernel<(int)3> ::operator () const") is not allowed. The experimental flag '--expt-relaxed-constexpr' can be used to allow this.

  /gpfs/scratch/rmdraux/PoPS-final-full-native-cuda-dim2-gh200-um-98804c68-20261009/source/src/runtime/prepared_embedded_boundary.cpp(279): warning #20011-D: calling a __host__ function("pops::BoundaryTopology<(int)3> ::is_periodic( ::pops::Face<(int)3> ) const") from a __host__ __device__ function("pops::runtime::system::_NV_ANON_NAMESPACE::SamplePhysicalGhostKernel<(int)3> ::operator () const") is not allowed

  [3/28] Building CXX object src/CMakeFiles/pops_runtime_system.dir/runtime/system/system_aux.cpp.o
  /gpfs/scratch/rmdraux/PoPS-final-full-native-cuda-dim2-gh200-um-98804c68-20261009/source/include/pops/mesh/index/extent.hpp(38): warning #20012-D: __device__ annotation is ignored on a function("Extent") that is explicitly defaulted on its first declaration
      __attribute__((device)) __attribute__((host)) constexpr Extent() = default;
                     ^

  Remark: The warnings can be suppressed with "-diag-suppress <warning-number>"

  /gpfs/scratch/rmdraux/PoPS-final-full-native-cuda-dim2-gh200-um-98804c68-20261009/source/include/pops/mesh/index/extent.hpp(38): warning #20012-D: __host__ annotation is ignored on a function("Extent") that is explicitly defaulted on its first declaration
      __attribute__((device)) __attribute__((host)) constexpr Extent() = default;
                                             ^

  /gpfs/scratch/rmdraux/PoPS-final-full-native-cuda-dim2-gh200-um-98804c68-20261009/source/include/pops/mesh/index/index.hpp(36): warning #20012-D: __device__ annotation is ignored on a function("Index") that is explicitly defaulted on its first declaration
      __attribute__((device)) __attribute__((host)) constexpr Index() = default;
                     ^

  /gpfs/scratch/rmdraux/PoPS-final-full-native-cuda-dim2-gh200-um-98804c68-20261009/source/include/pops/mesh/index/index.hpp(36): warning #20012-D: __host__ annotation is ignored on a function("Index") that is explicitly defaulted on its first declaration
      __attribute__((device)) __attribute__((host)) constexpr Index() = default;
                                             ^

  /gpfs/scratch/rmdraux/PoPS-final-full-native-cuda-dim2-gh200-um-98804c68-20261009/source/include/pops/mesh/index/box.hpp(196): warning #20012-D: __device__ annotation is ignored on a function("operator==") that is explicitly defaulted on its first declaration
      __attribute__((device)) __attribute__((host)) constexpr bool operator==(const Box&) const = default;
                     ^

  /gpfs/scratch/rmdraux/PoPS-final-full-native-cuda-dim2-gh200-um-98804c68-20261009/source/include/pops/mesh/index/box.hpp(196): warning #20012-D: __host__ annotation is ignored on a function("operator==") that is explicitly defaulted on its first declaration
      __attribute__((device)) __attribute__((host)) constexpr bool operator==(const Box&) const = default;
                                             ^

  /gpfs/scratch/rmdraux/PoPS-final-full-native-cuda-dim2-gh200-um-98804c68-20261009/source/include/pops/mesh/index/real_vector.hpp(43): warning #20012-D: __device__ annotation is ignored on a function("RealVector") that is explicitly defaulted on its first declaration
      __attribute__((device)) __attribute__((host)) constexpr RealVector() = default;
                     ^

  /gpfs/scratch/rmdraux/PoPS-final-full-native-cuda-dim2-gh200-um-98804c68-20261009/source/include/pops/mesh/index/real_vector.hpp(43): warning #20012-D: __host__ annotation is ignored on a function("RealVector") that is explicitly defaulted on its first declaration
      __attribute__((device)) __attribute__((host)) constexpr RealVector() = default;
                                             ^

  /gpfs/scratch/rmdraux/PoPS-final-full-native-cuda-dim2-gh200-um-98804c68-20261009/source/include/pops/numerics/fv/flux_interfaces.hpp(253): warning #20012-D: __device__ annotation is ignored on a function("BoundFluxProviders") that is explicitly defaulted on its first declaration
      __attribute__((device)) __attribute__((host)) BoundFluxProviders(const BoundFluxProviders&) = default;
                     ^

  /gpfs/scratch/rmdraux/PoPS-final-full-native-cuda-dim2-gh200-um-98804c68-20261009/source/include/pops/numerics/fv/flux_interfaces.hpp(253): warning #20012-D: __host__ annotation is ignored on a function("BoundFluxProviders") that is explicitly defaulted on its first declaration
      __attribute__((device)) __attribute__((host)) BoundFluxProviders(const BoundFluxProviders&) = default;
                                             ^

  /gpfs/scratch/rmdraux/PoPS-final-full-native-cuda-dim2-gh200-um-98804c68-20261009/source/include/pops/mesh/index/entity_index.hpp(27): warning #20012-D: __device__ annotation is ignored on a function("FaceIndex") that is explicitly defaulted on its first declaration
      __attribute__((device)) __attribute__((host)) constexpr FaceIndex() = default;
                     ^

  /gpfs/scratch/rmdraux/PoPS-final-full-native-cuda-dim2-gh200-um-98804c68-20261009/source/include/pops/mesh/index/entity_index.hpp(27): warning #20012-D: __host__ annotation is ignored on a function("FaceIndex") that is explicitly defaulted on its first declaration
      __attribute__((device)) __attribute__((host)) constexpr FaceIndex() = default;
                                             ^

  /gpfs/scratch/rmdraux/PoPS-final-full-native-cuda-dim2-gh200-um-98804c68-20261009/source/include/pops/mesh/index/entity_index.hpp(33): warning #20012-D: __device__ annotation is ignored on a function("operator==") that is explicitly defaulted on its first declaration
      __attribute__((device)) __attribute__((host)) constexpr bool operator==(const FaceIndex&) const = default;
                     ^

  /gpfs/scratch/rmdraux/PoPS-final-full-native-cuda-dim2-gh200-um-98804c68-20261009/source/include/pops/mesh/index/entity_index.hpp(33): warning #20012-D: __host__ annotation is ignored on a function("operator==") that is explicitly defaulted on its first declaration
      __attribute__((device)) __attribute__((host)) constexpr bool operator==(const FaceIndex&) const = default;
                                             ^

  /gpfs/scratch/rmdraux/PoPS-final-full-native-cuda-dim2-gh200-um-98804c68-20261009/source/include/pops/mesh/index/extent.hpp(38): warning #20012-D: __device__ annotation is ignored on a function("Extent") that is explicitly defaulted on its first declaration
      __attribute__((device)) __attribute__((host)) constexpr Extent() = default;
                     ^

  Remark: The warnings can be suppressed with "-diag-suppress <warning-number>"

  /gpfs/scratch/rmdraux/PoPS-final-full-native-cuda-dim2-gh200-um-98804c68-20261009/source/include/pops/mesh/index/extent.hpp(38): warning #20012-D: __host__ annotation is ignored on a function("Extent") that is explicitly defaulted on its first declaration
      __attribute__((device)) __attribute__((host)) constexpr Extent() = default;
                                             ^

  /gpfs/scratch/rmdraux/PoPS-final-full-native-cuda-dim2-gh200-um-98804c68-20261009/source/include/pops/mesh/index/index.hpp(36): warning #20012-D: __device__ annotation is ignored on a function("Index") that is explicitly defaulted on its first declaration
      __attribute__((device)) __attribute__((host)) constexpr Index() = default;
                     ^

  /gpfs/scratch/rmdraux/PoPS-final-full-native-cuda-dim2-gh200-um-98804c68-20261009/source/include/pops/mesh/index/index.hpp(36): warning #20012-D: __host__ annotation is ignored on a function("Index") that is explicitly defaulted on its first declaration
      __attribute__((device)) __attribute__((host)) constexpr Index() = default;
                                             ^

  /gpfs/scratch/rmdraux/PoPS-final-full-native-cuda-dim2-gh200-um-98804c68-20261009/source/include/pops/mesh/index/box.hpp(196): warning #20012-D: __device__ annotation is ignored on a function("operator==") that is explicitly defaulted on its first declaration
      __attribute__((device)) __attribute__((host)) constexpr bool operator==(const Box&) const = default;
                     ^

  /gpfs/scratch/rmdraux/PoPS-final-full-native-cuda-dim2-gh200-um-98804c68-20261009/source/include/pops/mesh/index/box.hpp(196): warning #20012-D: __host__ annotation is ignored on a function("operator==") that is explicitly defaulted on its first declaration
      __attribute__((device)) __attribute__((host)) constexpr bool operator==(const Box&) const = default;
                                             ^

  /gpfs/scratch/rmdraux/PoPS-final-full-native-cuda-dim2-gh200-um-98804c68-20261009/source/include/pops/mesh/index/real_vector.hpp(43): warning #20012-D: __device__ annotation is ignored on a function("RealVector") that is explicitly defaulted on its first declaration
      __attribute__((device)) __attribute__((host)) constexpr RealVector() = default;
                     ^

  /gpfs/scratch/rmdraux/PoPS-final-full-native-cuda-dim2-gh200-um-98804c68-20261009/source/include/pops/mesh/index/real_vector.hpp(43): warning #20012-D: __host__ annotation is ignored on a function("RealVector") that is explicitly defaulted on its first declaration
      __attribute__((device)) __attribute__((host)) constexpr RealVector() = default;
                                             ^

  /gpfs/scratch/rmdraux/PoPS-final-full-native-cuda-dim2-gh200-um-98804c68-20261009/source/include/pops/numerics/fv/flux_interfaces.hpp(253): warning #20012-D: __device__ annotation is ignored on a function("BoundFluxProviders") that is explicitly defaulted on its first declaration
      __attribute__((device)) __attribute__((host)) BoundFluxProviders(const BoundFluxProviders&) = default;
                     ^

  /gpfs/scratch/rmdraux/PoPS-final-full-native-cuda-dim2-gh200-um-98804c68-20261009/source/include/pops/numerics/fv/flux_interfaces.hpp(253): warning #20012-D: __host__ annotation is ignored on a function("BoundFluxProviders") that is explicitly defaulted on its first declaration
      __attribute__((device)) __attribute__((host)) BoundFluxProviders(const BoundFluxProviders&) = default;
                                             ^

  /gpfs/scratch/rmdraux/PoPS-final-full-native-cuda-dim2-gh200-um-98804c68-20261009/source/include/pops/numerics/nonlinear/prepared_local_nonlinear.hpp(247): warning #20013-D: calling a constexpr __host__ function("max") from a __host__ __device__ function("local_finite") is not allowed. The experimental flag '--expt-relaxed-constexpr' can be used to allow this.
      return value == value && value <= std::numeric_limits<Real>::max() &&
                                        ^

  /gpfs/scratch/rmdraux/PoPS-final-full-native-cuda-dim2-gh200-um-98804c68-20261009/source/include/pops/numerics/nonlinear/prepared_local_nonlinear.hpp(248): warning #20013-D: calling a constexpr __host__ function("max") from a __host__ __device__ function("local_finite") is not allowed. The experimental flag '--expt-relaxed-constexpr' can be used to allow this.
             value >= -std::numeric_limits<Real>::max();
                       ^

  /gpfs/scratch/rmdraux/PoPS-final-full-native-cuda-dim2-gh200-um-98804c68-20261009/source/include/pops/physics/admissibility/admissible_set.hpp(46): warning #20013-D: calling a constexpr __host__ function("infinity") from a __host__ __device__ function("finite") is not allowed. The experimental flag '--expt-relaxed-constexpr' can be used to allow this.
      constexpr Real infinity = std::numeric_limits<Real>::infinity();
                                ^

  /gpfs/scratch/rmdraux/PoPS-final-full-native-cuda-dim2-gh200-um-98804c68-20261009/source/include/pops/numerics/nonlinear/prepared_variable_recovery.hpp(320): warning #20013-D: calling a constexpr __host__ function("max") from a __host__ __device__ function("recovery_finite") is not allowed. The experimental flag '--expt-relaxed-constexpr' can be used to allow this.
      return value == value && value <= std::numeric_limits<Real>::max() &&
                                        ^

  /gpfs/scratch/rmdraux/PoPS-final-full-native-cuda-dim2-gh200-um-98804c68-20261009/source/include/pops/numerics/nonlinear/prepared_variable_recovery.hpp(321): warning #20013-D: calling a constexpr __host__ function("max") from a __host__ __device__ function("recovery_finite") is not allowed. The experimental flag '--expt-relaxed-constexpr' can be used to allow this.
             value >= -std::numeric_limits<Real>::max();
                       ^

  /gpfs/scratch/rmdraux/PoPS-final-full-native-cuda-dim2-gh200-um-98804c68-20261009/source/include/pops/mesh/index/entity_index.hpp(27): warning #20012-D: __device__ annotation is ignored on a function("FaceIndex") that is explicitly defaulted on its first declaration
      __attribute__((device)) __attribute__((host)) constexpr FaceIndex() = default;
                     ^

  /gpfs/scratch/rmdraux/PoPS-final-full-native-cuda-dim2-gh200-um-98804c68-20261009/source/include/pops/mesh/index/entity_index.hpp(27): warning #20012-D: __host__ annotation is ignored on a function("FaceIndex") that is explicitly defaulted on its first declaration
      __attribute__((device)) __attribute__((host)) constexpr FaceIndex() = default;
                                             ^

  /gpfs/scratch/rmdraux/PoPS-final-full-native-cuda-dim2-gh200-um-98804c68-20261009/source/include/pops/mesh/index/entity_index.hpp(33): warning #20012-D: __device__ annotation is ignored on a function("operator==") that is explicitly defaulted on its first declaration
      __attribute__((device)) __attribute__((host)) constexpr bool operator==(const FaceIndex&) const = default;
                     ^

  /gpfs/scratch/rmdraux/PoPS-final-full-native-cuda-dim2-gh200-um-98804c68-20261009/source/include/pops/mesh/index/entity_index.hpp(33): warning #20012-D: __host__ annotation is ignored on a function("operator==") that is explicitly defaulted on its first declaration
      __attribute__((device)) __attribute__((host)) constexpr bool operator==(const FaceIndex&) const = default;
                                             ^

  /gpfs/scratch/rmdraux/PoPS-final-full-native-cuda-dim2-gh200-um-98804c68-20261009/source/include/pops/mesh/boundary/physical_bc.hpp(211): warning #20013-D: calling a constexpr __host__ function("operator[]") from a __host__ __device__ function("operator()") is not allowed. The experimental flag '--expt-relaxed-constexpr' can be used to allow this.
          const BoundaryOperation<Dim>& op = plan.operations[operation];
                                                            ^
            detected during:
              instantiation of "void pops::physical_boundary_detail::ApplyPhysicalRegion<Dim>::operator()(const pops::Index<Dim> &) const [with Dim=2]" at line 192 of /gpfs/scratch/rmdraux/PoPS-final-full-native-cuda-dim2-gh200-um-98804c68-20261009/source/include/pops/mesh/execution/for_each.hpp
              instantiation of "void pops::detail::launch_index_space(const ExecutionSpace &, const pops::Box<Dim> &, const char *, F) [with ExecutionSpace=Kokkos::DefaultExecutionSpace, Dim=2, F=pops::physical_boundary_detail::ApplyPhysicalRegion<2>]" at line 230 of /gpfs/scratch/rmdraux/PoPS-final-full-native-cuda-dim2-gh200-um-98804c68-20261009/source/include/pops/mesh/execution/for_each.hpp
              instantiation of "void pops::for_each_cell(const ExecutionSpace &, const pops::Box<Dim> &, F) [with ExecutionSpace=Kokkos::DefaultExecutionSpace, Dim=2, F=pops::physical_boundary_detail::ApplyPhysicalRegion<2>]" at line 253 of /gpfs/scratch/rmdraux/PoPS-final-full-native-cuda-dim2-gh200-um-98804c68-20261009/source/include/pops/mesh/execution/for_each.hpp
              instantiation of "void pops::for_each_cell(const pops::Box<Dim> &, F) [with Dim=2, F=pops::physical_boundary_detail::ApplyPhysicalRegion<2>]" at line 334
              instantiation of "void pops::fill_physical_boundary(pops::MultiFab<Dim, MemorySpace> &, const pops::PreparedPhysicalBoundary<Dim> &, int, int) [with Dim=2, MemorySpace=Kokkos::Cuda::memory_space]" at line 414 of /gpfs/scratch/rmdraux/PoPS-final-full-native-cuda-dim2-gh200-um-98804c68-20261009/source/include/pops/runtime/system/auxiliary_ghost_fill.hpp
              instantiation of "void pops::runtime::system::PreparedAuxiliaryGhostTransport<Dim>::execute(pops::runtime::system::AuxiliaryStorageGroups<Dim> &) const [with Dim=2]" at line 632 of /gpfs/scratch/rmdraux/PoPS-final-full-native-cuda-dim2-gh200-um-98804c68-20261009/source/src/runtime/system/system_aux.cpp
              instantiation of "pops::runtime::system::AuxiliaryPublicationStatus pops::System<Dim>::refresh_auxiliary_(const pops::runtime::system::AuxiliaryEvaluationPoint &, const std::vector<std::string, std::allocator<std::string>> &) [with Dim=2]" at line 307 of /gpfs/scratch/rmdraux/PoPS-final-full-native-cuda-dim2-gh200-um-98804c68-20261009/source/src/runtime/system/system_aux.cpp
              instantiation of "void pops::System<Dim>::refresh_auxiliary(const pops::runtime::system::AuxiliaryEvaluationPoint &) [with Dim=2]" at line 1025 of /gpfs/scratch/rmdraux/PoPS-final-full-native-cuda-dim2-gh200-um-98804c68-20261009/source/src/runtime/system/system_aux.cpp

  /gpfs/scratch/rmdraux/PoPS-final-full-native-cuda-dim2-gh200-um-98804c68-20261009/source/include/pops/mesh/boundary/physical_bc.hpp(216): warning #20013-D: calling a constexpr __host__ function("ordinal") from a __host__ __device__ function("operator()") is not allowed. The experimental flag '--expt-relaxed-constexpr' can be used to allow this.
              faces[static_cast<std::size_t>(Face<Dim>{axis, BoundarySide::lower}.ordinal())];
                                                                                  ^
            detected during:
              instantiation of "void pops::physical_boundary_detail::ApplyPhysicalRegion<Dim>::operator()(const pops::Index<Dim> &) const [with Dim=2]" at line 192 of /gpfs/scratch/rmdraux/PoPS-final-full-native-cuda-dim2-gh200-um-98804c68-20261009/source/include/pops/mesh/execution/for_each.hpp
              instantiation of "void pops::detail::launch_index_space(const ExecutionSpace &, const pops::Box<Dim> &, const char *, F) [with ExecutionSpace=Kokkos::DefaultExecutionSpace, Dim=2, F=pops::physical_boundary_detail::ApplyPhysicalRegion<2>]" at line 230 of /gpfs/scratch/rmdraux/PoPS-final-full-native-cuda-dim2-gh200-um-98804c68-20261009/source/include/pops/mesh/execution/for_each.hpp
              instantiation of "void pops::for_each_cell(const ExecutionSpace &, const pops::Box<Dim> &, F) [with ExecutionSpace=Kokkos::DefaultExecutionSpace, Dim=2, F=pops::physical_boundary_detail::ApplyPhysicalRegion<2>]" at line 253 of /gpfs/scratch/rmdraux/PoPS-final-full-native-cuda-dim2-gh200-um-98804c68-20261009/source/include/pops/mesh/execution/for_each.hpp
              instantiation of "void pops::for_each_cell(const pops::Box<Dim> &, F) [with Dim=2, F=pops::physical_boundary_detail::ApplyPhysicalRegion<2>]" at line 334
              instantiation of "void pops::fill_physical_boundary(pops::MultiFab<Dim, MemorySpace> &, const pops::PreparedPhysicalBoundary<Dim> &, int, int) [with Dim=2, MemorySpace=Kokkos::Cuda::memory_space]" at line 414 of /gpfs/scratch/rmdraux/PoPS-final-full-native-cuda-dim2-gh200-um-98804c68-20261009/source/include/pops/runtime/system/auxiliary_ghost_fill.hpp
              instantiation of "void pops::runtime::system::PreparedAuxiliaryGhostTransport<Dim>::execute(pops::runtime::system::AuxiliaryStorageGroups<Dim> &) const [with Dim=2]" at line 632 of /gpfs/scratch/rmdraux/PoPS-final-full-native-cuda-dim2-gh200-um-98804c68-20261009/source/src/runtime/system/system_aux.cpp
              instantiation of "pops::runtime::system::AuxiliaryPublicationStatus pops::System<Dim>::refresh_auxiliary_(const pops::runtime::system::AuxiliaryEvaluationPoint &, const std::vector<std::string, std::allocator<std::string>> &) [with Dim=2]" at line 307 of /gpfs/scratch/rmdraux/PoPS-final-full-native-cuda-dim2-gh200-um-98804c68-20261009/source/src/runtime/system/system_aux.cpp
              instantiation of "void pops::System<Dim>::refresh_auxiliary(const pops::runtime::system::AuxiliaryEvaluationPoint &) [with Dim=2]" at line 1025 of /gpfs/scratch/rmdraux/PoPS-final-full-native-cuda-dim2-gh200-um-98804c68-20261009/source/src/runtime/system/system_aux.cpp

  /gpfs/scratch/rmdraux/PoPS-final-full-native-cuda-dim2-gh200-um-98804c68-20261009/source/include/pops/mesh/boundary/physical_bc.hpp(216): warning #20013-D: calling a constexpr __host__ function("operator[]") from a __host__ __device__ function("operator()") is not allowed. The experimental flag '--expt-relaxed-constexpr' can be used to allow this.
              faces[static_cast<std::size_t>(Face<Dim>{axis, BoundarySide::lower}.ordinal())];
                   ^
            detected during:
              instantiation of "void pops::physical_boundary_detail::ApplyPhysicalRegion<Dim>::operator()(const pops::Index<Dim> &) const [with Dim=2]" at line 192 of /gpfs/scratch/rmdraux/PoPS-final-full-native-cuda-dim2-gh200-um-98804c68-20261009/source/include/pops/mesh/execution/for_each.hpp
              instantiation of "void pops::detail::launch_index_space(const ExecutionSpace &, const pops::Box<Dim> &, const char *, F) [with ExecutionSpace=Kokkos::DefaultExecutionSpace, Dim=2, F=pops::physical_boundary_detail::ApplyPhysicalRegion<2>]" at line 230 of /gpfs/scratch/rmdraux/PoPS-final-full-native-cuda-dim2-gh200-um-98804c68-20261009/source/include/pops/mesh/execution/for_each.hpp
              instantiation of "void pops::for_each_cell(const ExecutionSpace &, const pops::Box<Dim> &, F) [with ExecutionSpace=Kokkos::DefaultExecutionSpace, Dim=2, F=pops::physical_boundary_detail::ApplyPhysicalRegion<2>]" at line 253 of /gpfs/scratch/rmdraux/PoPS-final-full-native-cuda-dim2-gh200-um-98804c68-20261009/source/include/pops/mesh/execution/for_each.hpp
              instantiation of "void pops::for_each_cell(const pops::Box<Dim> &, F) [with Dim=2, F=pops::physical_boundary_detail::ApplyPhysicalRegion<2>]" at line 334
              instantiation of "void pops::fill_physical_boundary(pops::MultiFab<Dim, MemorySpace> &, const pops::PreparedPhysicalBoundary<Dim> &, int, int) [with Dim=2, MemorySpace=Kokkos::Cuda::memory_space]" at line 414 of /gpfs/scratch/rmdraux/PoPS-final-full-native-cuda-dim2-gh200-um-98804c68-20261009/source/include/pops/runtime/system/auxiliary_ghost_fill.hpp
              instantiation of "void pops::runtime::system::PreparedAuxiliaryGhostTransport<Dim>::execute(pops::runtime::system::AuxiliaryStorageGroups<Dim> &) const [with Dim=2]" at line 632 of /gpfs/scratch/rmdraux/PoPS-final-full-native-cuda-dim2-gh200-um-98804c68-20261009/source/src/runtime/system/system_aux.cpp
              instantiation of "pops::runtime::system::AuxiliaryPublicationStatus pops::System<Dim>::refresh_auxiliary_(const pops::runtime::system::AuxiliaryEvaluationPoint &, const std::vector<std::string, std::allocator<std::string>> &) [with Dim=2]" at line 307 of /gpfs/scratch/rmdraux/PoPS-final-full-native-cuda-dim2-gh200-um-98804c68-20261009/source/src/runtime/system/system_aux.cpp
              instantiation of "void pops::System<Dim>::refresh_auxiliary(const pops::runtime::system::AuxiliaryEvaluationPoint &) [with Dim=2]" at line 1025 of /gpfs/scratch/rmdraux/PoPS-final-full-native-cuda-dim2-gh200-um-98804c68-20261009/source/src/runtime/system/system_aux.cpp

  /gpfs/scratch/rmdraux/PoPS-final-full-native-cuda-dim2-gh200-um-98804c68-20261009/source/include/pops/mesh/boundary/physical_bc.hpp(218): warning #20013-D: calling a constexpr __host__ function("ordinal") from a __host__ __device__ function("operator()") is not allowed. The experimental flag '--expt-relaxed-constexpr' can be used to allow this.
              faces[static_cast<std::size_t>(Face<Dim>{axis, BoundarySide::upper}.ordinal())];
                                                                                  ^
            detected during:
              instantiation of "void pops::physical_boundary_detail::ApplyPhysicalRegion<Dim>::operator()(const pops::Index<Dim> &) const [with Dim=2]" at line 192 of /gpfs/scratch/rmdraux/PoPS-final-full-native-cuda-dim2-gh200-um-98804c68-20261009/source/include/pops/mesh/execution/for_each.hpp
              instantiation of "void pops::detail::launch_index_space(const ExecutionSpace &, const pops::Box<Dim> &, const char *, F) [with ExecutionSpace=Kokkos::DefaultExecutionSpace, Dim=2, F=pops::physical_boundary_detail::ApplyPhysicalRegion<2>]" at line 230 of /gpfs/scratch/rmdraux/PoPS-final-full-native-cuda-dim2-gh200-um-98804c68-20261009/source/include/pops/mesh/execution/for_each.hpp
              instantiation of "void pops::for_each_cell(const ExecutionSpace &, const pops::Box<Dim> &, F) [with ExecutionSpace=Kokkos::DefaultExecutionSpace, Dim=2, F=pops::physical_boundary_detail::ApplyPhysicalRegion<2>]" at line 253 of /gpfs/scratch/rmdraux/PoPS-final-full-native-cuda-dim2-gh200-um-98804c68-20261009/source/include/pops/mesh/execution/for_each.hpp
              instantiation of "void pops::for_each_cell(const pops::Box<Dim> &, F) [with Dim=2, F=pops::physical_boundary_detail::ApplyPhysicalRegion<2>]" at line 334
              instantiation of "void pops::fill_physical_boundary(pops::MultiFab<Dim, MemorySpace> &, const pops::PreparedPhysicalBoundary<Dim> &, int, int) [with Dim=2, MemorySpace=Kokkos::Cuda::memory_space]" at line 414 of /gpfs/scratch/rmdraux/PoPS-final-full-native-cuda-dim2-gh200-um-98804c68-20261009/source/include/pops/runtime/system/auxiliary_ghost_fill.hpp
              instantiation of "void pops::runtime::system::PreparedAuxiliaryGhostTransport<Dim>::execute(pops::runtime::system::AuxiliaryStorageGroups<Dim> &) const [with Dim=2]" at line 632 of /gpfs/scratch/rmdraux/PoPS-final-full-native-cuda-dim2-gh200-um-98804c68-20261009/source/src/runtime/system/system_aux.cpp
              instantiation of "pops::runtime::system::AuxiliaryPublicationStatus pops::System<Dim>::refresh_auxiliary_(const pops::runtime::system::AuxiliaryEvaluationPoint &, const std::vector<std::string, std::allocator<std::string>> &) [with Dim=2]" at line 307 of /gpfs/scratch/rmdraux/PoPS-final-full-native-cuda-dim2-gh200-um-98804c68-20261009/source/src/runtime/system/system_aux.cpp
              instantiation of "void pops::System<Dim>::refresh_auxiliary(const pops::runtime::system::AuxiliaryEvaluationPoint &) [with Dim=2]" at line 1025 of /gpfs/scratch/rmdraux/PoPS-final-full-native-cuda-dim2-gh200-um-98804c68-20261009/source/src/runtime/system/system_aux.cpp

  /gpfs/scratch/rmdraux/PoPS-final-full-native-cuda-dim2-gh200-um-98804c68-20261009/source/include/pops/mesh/boundary/physical_bc.hpp(218): warning #20013-D: calling a constexpr __host__ function("operator[]") from a __host__ __device__ function("operator()") is not allowed. The experimental flag '--expt-relaxed-constexpr' can be used to allow this.
              faces[static_cast<std::size_t>(Face<Dim>{axis, BoundarySide::upper}.ordinal())];
                   ^
            detected during:
              instantiation of "void pops::physical_boundary_detail::ApplyPhysicalRegion<Dim>::operator()(const pops::Index<Dim> &) const [with Dim=2]" at line 192 of /gpfs/scratch/rmdraux/PoPS-final-full-native-cuda-dim2-gh200-um-98804c68-20261009/source/include/pops/mesh/execution/for_each.hpp
              instantiation of "void pops::detail::launch_index_space(const ExecutionSpace &, const pops::Box<Dim> &, const char *, F) [with ExecutionSpace=Kokkos::DefaultExecutionSpace, Dim=2, F=pops::physical_boundary_detail::ApplyPhysicalRegion<2>]" at line 230 of /gpfs/scratch/rmdraux/PoPS-final-full-native-cuda-dim2-gh200-um-98804c68-20261009/source/include/pops/mesh/execution/for_each.hpp
              instantiation of "void pops::for_each_cell(const ExecutionSpace &, const pops::Box<Dim> &, F) [with ExecutionSpace=Kokkos::DefaultExecutionSpace, Dim=2, F=pops::physical_boundary_detail::ApplyPhysicalRegion<2>]" at line 253 of /gpfs/scratch/rmdraux/PoPS-final-full-native-cuda-dim2-gh200-um-98804c68-20261009/source/include/pops/mesh/execution/for_each.hpp
              instantiation of "void pops::for_each_cell(const pops::Box<Dim> &, F) [with Dim=2, F=pops::physical_boundary_detail::ApplyPhysicalRegion<2>]" at line 334
              instantiation of "void pops::fill_physical_boundary(pops::MultiFab<Dim, MemorySpace> &, const pops::PreparedPhysicalBoundary<Dim> &, int, int) [with Dim=2, MemorySpace=Kokkos::Cuda::memory_space]" at line 414 of /gpfs/scratch/rmdraux/PoPS-final-full-native-cuda-dim2-gh200-um-98804c68-20261009/source/include/pops/runtime/system/auxiliary_ghost_fill.hpp
              instantiation of "void pops::runtime::system::PreparedAuxiliaryGhostTransport<Dim>::execute(pops::runtime::system::AuxiliaryStorageGroups<Dim> &) const [with Dim=2]" at line 632 of /gpfs/scratch/rmdraux/PoPS-final-full-native-cuda-dim2-gh200-um-98804c68-20261009/source/src/runtime/system/system_aux.cpp
              instantiation of "pops::runtime::system::AuxiliaryPublicationStatus pops::System<Dim>::refresh_auxiliary_(const pops::runtime::system::AuxiliaryEvaluationPoint &, const std::vector<std::string, std::allocator<std::string>> &) [with Dim=2]" at line 307 of /gpfs/scratch/rmdraux/PoPS-final-full-native-cuda-dim2-gh200-um-98804c68-20261009/source/src/runtime/system/system_aux.cpp
              instantiation of "void pops::System<Dim>::refresh_auxiliary(const pops::runtime::system::AuxiliaryEvaluationPoint &) [with Dim=2]" at line 1025 of /gpfs/scratch/rmdraux/PoPS-final-full-native-cuda-dim2-gh200-um-98804c68-20261009/source/src/runtime/system/system_aux.cpp

  /gpfs/scratch/rmdraux/PoPS-final-full-native-cuda-dim2-gh200-um-98804c68-20261009/source/include/pops/mesh/boundary/physical_bc.hpp(211): warning #20015-D: calling a constexpr __host__ function from a __host__ __device__ function is not allowed. The experimental flag '--expt-relaxed-constexpr' can be used to allow this.
          const BoundaryOperation<Dim>& op = plan.operations[operation];
                                           ^
            detected during:
              instantiation of "void pops::physical_boundary_detail::ApplyPhysicalRegion<Dim>::operator()(const pops::Index<Dim> &) const [with Dim=2]" at line 192 of /gpfs/scratch/rmdraux/PoPS-final-full-native-cuda-dim2-gh200-um-98804c68-20261009/source/include/pops/mesh/execution/for_each.hpp
              instantiation of "void pops::detail::launch_index_space(const ExecutionSpace &, const pops::Box<Dim> &, const char *, F) [with ExecutionSpace=Kokkos::DefaultExecutionSpace, Dim=2, F=pops::physical_boundary_detail::ApplyPhysicalRegion<2>]" at line 230 of /gpfs/scratch/rmdraux/PoPS-final-full-native-cuda-dim2-gh200-um-98804c68-20261009/source/include/pops/mesh/execution/for_each.hpp
              instantiation of "void pops::for_each_cell(const ExecutionSpace &, const pops::Box<Dim> &, F) [with ExecutionSpace=Kokkos::DefaultExecutionSpace, Dim=2, F=pops::physical_boundary_detail::ApplyPhysicalRegion<2>]" at line 253 of /gpfs/scratch/rmdraux/PoPS-final-full-native-cuda-dim2-gh200-um-98804c68-20261009/source/include/pops/mesh/execution/for_each.hpp
              instantiation of "void pops::for_each_cell(const pops::Box<Dim> &, F) [with Dim=2, F=pops::physical_boundary_detail::ApplyPhysicalRegion<2>]" at line 334
              instantiation of "void pops::fill_physical_boundary(pops::MultiFab<Dim, MemorySpace> &, const pops::PreparedPhysicalBoundary<Dim> &, int, int) [with Dim=2, MemorySpace=Kokkos::Cuda::memory_space]" at line 414 of /gpfs/scratch/rmdraux/PoPS-final-full-native-cuda-dim2-gh200-um-98804c68-20261009/source/include/pops/runtime/system/auxiliary_ghost_fill.hpp
              instantiation of "void pops::runtime::system::PreparedAuxiliaryGhostTransport<Dim>::execute(pops::runtime::system::AuxiliaryStorageGroups<Dim> &) const [with Dim=2]" at line 632 of /gpfs/scratch/rmdraux/PoPS-final-full-native-cuda-dim2-gh200-um-98804c68-20261009/source/src/runtime/system/system_aux.cpp
              instantiation of "pops::runtime::system::AuxiliaryPublicationStatus pops::System<Dim>::refresh_auxiliary_(const pops::runtime::system::AuxiliaryEvaluationPoint &, const std::vector<std::string, std::allocator<std::string>> &) [with Dim=2]" at line 307 of /gpfs/scratch/rmdraux/PoPS-final-full-native-cuda-dim2-gh200-um-98804c68-20261009/source/src/runtime/system/system_aux.cpp
              instantiation of "void pops::System<Dim>::refresh_auxiliary(const pops::runtime::system::AuxiliaryEvaluationPoint &) [with Dim=2]" at line 1025 of /gpfs/scratch/rmdraux/PoPS-final-full-native-cuda-dim2-gh200-um-98804c68-20261009/source/src/runtime/system/system_aux.cpp

  /gpfs/scratch/rmdraux/PoPS-final-full-native-cuda-dim2-gh200-um-98804c68-20261009/source/include/pops/mesh/boundary/physical_bc.hpp(215): warning #20015-D: calling a constexpr __host__ function from a __host__ __device__ function is not allowed. The experimental flag '--expt-relaxed-constexpr' can be used to allow this.
          const PhysicalBoundaryFace low =
                                         ^
            detected during:
              instantiation of "void pops::physical_boundary_detail::ApplyPhysicalRegion<Dim>::operator()(const pops::Index<Dim> &) const [with Dim=2]" at line 192 of /gpfs/scratch/rmdraux/PoPS-final-full-native-cuda-dim2-gh200-um-98804c68-20261009/source/include/pops/mesh/execution/for_each.hpp
              instantiation of "void pops::detail::launch_index_space(const ExecutionSpace &, const pops::Box<Dim> &, const char *, F) [with ExecutionSpace=Kokkos::DefaultExecutionSpace, Dim=2, F=pops::physical_boundary_detail::ApplyPhysicalRegion<2>]" at line 230 of /gpfs/scratch/rmdraux/PoPS-final-full-native-cuda-dim2-gh200-um-98804c68-20261009/source/include/pops/mesh/execution/for_each.hpp
              instantiation of "void pops::for_each_cell(const ExecutionSpace &, const pops::Box<Dim> &, F) [with ExecutionSpace=Kokkos::DefaultExecutionSpace, Dim=2, F=pops::physical_boundary_detail::ApplyPhysicalRegion<2>]" at line 253 of /gpfs/scratch/rmdraux/PoPS-final-full-native-cuda-dim2-gh200-um-98804c68-20261009/source/include/pops/mesh/execution/for_each.hpp
              instantiation of "void pops::for_each_cell(const pops::Box<Dim> &, F) [with Dim=2, F=pops::physical_boundary_detail::ApplyPhysicalRegion<2>]" at line 334
              instantiation of "void pops::fill_physical_boundary(pops::MultiFab<Dim, MemorySpace> &, const pops::PreparedPhysicalBoundary<Dim> &, int, int) [with Dim=2, MemorySpace=Kokkos::Cuda::memory_space]" at line 414 of /gpfs/scratch/rmdraux/PoPS-final-full-native-cuda-dim2-gh200-um-98804c68-20261009/source/include/pops/runtime/system/auxiliary_ghost_fill.hpp
              instantiation of "void pops::runtime::system::PreparedAuxiliaryGhostTransport<Dim>::execute(pops::runtime::system::AuxiliaryStorageGroups<Dim> &) const [with Dim=2]" at line 632 of /gpfs/scratch/rmdraux/PoPS-final-full-native-cuda-dim2-gh200-um-98804c68-20261009/source/src/runtime/system/system_aux.cpp
              instantiation of "pops::runtime::system::AuxiliaryPublicationStatus pops::System<Dim>::refresh_auxiliary_(const pops::runtime::system::AuxiliaryEvaluationPoint &, const std::vector<std::string, std::allocator<std::string>> &) [with Dim=2]" at line 307 of /gpfs/scratch/rmdraux/PoPS-final-full-native-cuda-dim2-gh200-um-98804c68-20261009/source/src/runtime/system/system_aux.cpp
              instantiation of "void pops::System<Dim>::refresh_auxiliary(const pops::runtime::system::AuxiliaryEvaluationPoint &) [with Dim=2]" at line 1025 of /gpfs/scratch/rmdraux/PoPS-final-full-native-cuda-dim2-gh200-um-98804c68-20261009/source/src/runtime/system/system_aux.cpp

  /gpfs/scratch/rmdraux/PoPS-final-full-native-cuda-dim2-gh200-um-98804c68-20261009/source/include/pops/mesh/boundary/physical_bc.hpp(215): warning #20015-D: calling a constexpr __host__ function from a __host__ __device__ function is not allowed. The experimental flag '--expt-relaxed-constexpr' can be used to allow this.
          const PhysicalBoundaryFace low =
                                         ^
            detected during:
              instantiation of "void pops::physical_boundary_detail::ApplyPhysicalRegion<Dim>::operator()(const pops::Index<Dim> &) const [with Dim=2]" at line 192 of /gpfs/scratch/rmdraux/PoPS-final-full-native-cuda-dim2-gh200-um-98804c68-20261009/source/include/pops/mesh/execution/for_each.hpp
              instantiation of "void pops::detail::launch_index_space(const ExecutionSpace &, const pops::Box<Dim> &, const char *, F) [with ExecutionSpace=Kokkos::DefaultExecutionSpace, Dim=2, F=pops::physical_boundary_detail::ApplyPhysicalRegion<2>]" at line 230 of /gpfs/scratch/rmdraux/PoPS-final-full-native-cuda-dim2-gh200-um-98804c68-20261009/source/include/pops/mesh/execution/for_each.hpp
              instantiation of "void pops::for_each_cell(const ExecutionSpace &, const pops::Box<Dim> &, F) [with ExecutionSpace=Kokkos::DefaultExecutionSpace, Dim=2, F=pops::physical_boundary_detail::ApplyPhysicalRegion<2>]" at line 253 of /gpfs/scratch/rmdraux/PoPS-final-full-native-cuda-dim2-gh200-um-98804c68-20261009/source/include/pops/mesh/execution/for_each.hpp
              instantiation of "void pops::for_each_cell(const pops::Box<Dim> &, F) [with Dim=2, F=pops::physical_boundary_detail::ApplyPhysicalRegion<2>]" at line 334
              instantiation of "void pops::fill_physical_boundary(pops::MultiFab<Dim, MemorySpace> &, const pops::PreparedPhysicalBoundary<Dim> &, int, int) [with Dim=2, MemorySpace=Kokkos::Cuda::memory_space]" at line 414 of /gpfs/scratch/rmdraux/PoPS-final-full-native-cuda-dim2-gh200-um-98804c68-20261009/source/include/pops/runtime/system/auxiliary_ghost_fill.hpp
              instantiation of "void pops::runtime::system::PreparedAuxiliaryGhostTransport<Dim>::execute(pops::runtime::system::AuxiliaryStorageGroups<Dim> &) const [with Dim=2]" at line 632 of /gpfs/scratch/rmdraux/PoPS-final-full-native-cuda-dim2-gh200-um-98804c68-20261009/source/src/runtime/system/system_aux.cpp
              instantiation of "pops::runtime::system::AuxiliaryPublicationStatus pops::System<Dim>::refresh_auxiliary_(const pops::runtime::system::AuxiliaryEvaluationPoint &, const std::vector<std::string, std::allocator<std::string>> &) [with Dim=2]" at line 307 of /gpfs/scratch/rmdraux/PoPS-final-full-native-cuda-dim2-gh200-um-98804c68-20261009/source/src/runtime/system/system_aux.cpp
              instantiation of "void pops::System<Dim>::refresh_auxiliary(const pops::runtime::system::AuxiliaryEvaluationPoint &) [with Dim=2]" at line 1025 of /gpfs/scratch/rmdraux/PoPS-final-full-native-cuda-dim2-gh200-um-98804c68-20261009/source/src/runtime/system/system_aux.cpp

  /gpfs/scratch/rmdraux/PoPS-final-full-native-cuda-dim2-gh200-um-98804c68-20261009/source/include/pops/mesh/boundary/physical_bc.hpp(215): warning #20015-D: calling a constexpr __host__ function from a __host__ __device__ function is not allowed. The experimental flag '--expt-relaxed-constexpr' can be used to allow this.
          const PhysicalBoundaryFace low =
                                         ^
            detected during:
              instantiation of "void pops::physical_boundary_detail::ApplyPhysicalRegion<Dim>::operator()(const pops::Index<Dim> &) const [with Dim=2]" at line 192 of /gpfs/scratch/rmdraux/PoPS-final-full-native-cuda-dim2-gh200-um-98804c68-20261009/source/include/pops/mesh/execution/for_each.hpp
              instantiation of "void pops::detail::launch_index_space(const ExecutionSpace &, const pops::Box<Dim> &, const char *, F) [with ExecutionSpace=Kokkos::DefaultExecutionSpace, Dim=2, F=pops::physical_boundary_detail::ApplyPhysicalRegion<2>]" at line 230 of /gpfs/scratch/rmdraux/PoPS-final-full-native-cuda-dim2-gh200-um-98804c68-20261009/source/include/pops/mesh/execution/for_each.hpp
              instantiation of "void pops::for_each_cell(const ExecutionSpace &, const pops::Box<Dim> &, F) [with ExecutionSpace=Kokkos::DefaultExecutionSpace, Dim=2, F=pops::physical_boundary_detail::ApplyPhysicalRegion<2>]" at line 253 of /gpfs/scratch/rmdraux/PoPS-final-full-native-cuda-dim2-gh200-um-98804c68-20261009/source/include/pops/mesh/execution/for_each.hpp
              instantiation of "void pops::for_each_cell(const pops::Box<Dim> &, F) [with Dim=2, F=pops::physical_boundary_detail::ApplyPhysicalRegion<2>]" at line 334
              instantiation of "void pops::fill_physical_boundary(pops::MultiFab<Dim, MemorySpace> &, const pops::PreparedPhysicalBoundary<Dim> &, int, int) [with Dim=2, MemorySpace=Kokkos::Cuda::memory_space]" at line 414 of /gpfs/scratch/rmdraux/PoPS-final-full-native-cuda-dim2-gh200-um-98804c68-20261009/source/include/pops/runtime/system/auxiliary_ghost_fill.hpp
              instantiation of "void pops::runtime::system::PreparedAuxiliaryGhostTransport<Dim>::execute(pops::runtime::system::AuxiliaryStorageGroups<Dim> &) const [with Dim=2]" at line 632 of /gpfs/scratch/rmdraux/PoPS-final-full-native-cuda-dim2-gh200-um-98804c68-20261009/source/src/runtime/system/system_aux.cpp
              instantiation of "pops::runtime::system::AuxiliaryPublicationStatus pops::System<Dim>::refresh_auxiliary_(const pops::runtime::system::AuxiliaryEvaluationPoint &, const std::vector<std::string, std::allocator<std::string>> &) [with Dim=2]" at line 307 of /gpfs/scratch/rmdraux/PoPS-final-full-native-cuda-dim2-gh200-um-98804c68-20261009/source/src/runtime/system/system_aux.cpp
              instantiation of "void pops::System<Dim>::refresh_auxiliary(const pops::runtime::system::AuxiliaryEvaluationPoint &) [with Dim=2]" at line 1025 of /gpfs/scratch/rmdraux/PoPS-final-full-native-cuda-dim2-gh200-um-98804c68-20261009/source/src/runtime/system/system_aux.cpp

  /gpfs/scratch/rmdraux/PoPS-final-full-native-cuda-dim2-gh200-um-98804c68-20261009/source/include/pops/mesh/boundary/physical_bc.hpp(217): warning #20015-D: calling a constexpr __host__ function from a __host__ __device__ function is not allowed. The experimental flag '--expt-relaxed-constexpr' can be used to allow this.
          const PhysicalBoundaryFace high =
                                          ^
            detected during:
              instantiation of "void pops::physical_boundary_detail::ApplyPhysicalRegion<Dim>::operator()(const pops::Index<Dim> &) const [with Dim=2]" at line 192 of /gpfs/scratch/rmdraux/PoPS-final-full-native-cuda-dim2-gh200-um-98804c68-20261009/source/include/pops/mesh/execution/for_each.hpp
              instantiation of "void pops::detail::launch_index_space(const ExecutionSpace &, const pops::Box<Dim> &, const char *, F) [with ExecutionSpace=Kokkos::DefaultExecutionSpace, Dim=2, F=pops::physical_boundary_detail::ApplyPhysicalRegion<2>]" at line 230 of /gpfs/scratch/rmdraux/PoPS-final-full-native-cuda-dim2-gh200-um-98804c68-20261009/source/include/pops/mesh/execution/for_each.hpp
              instantiation of "void pops::for_each_cell(const ExecutionSpace &, const pops::Box<Dim> &, F) [with ExecutionSpace=Kokkos::DefaultExecutionSpace, Dim=2, F=pops::physical_boundary_detail::ApplyPhysicalRegion<2>]" at line 253 of /gpfs/scratch/rmdraux/PoPS-final-full-native-cuda-dim2-gh200-um-98804c68-20261009/source/include/pops/mesh/execution/for_each.hpp
              instantiation of "void pops::for_each_cell(const pops::Box<Dim> &, F) [with Dim=2, F=pops::physical_boundary_detail::ApplyPhysicalRegion<2>]" at line 334
              instantiation of "void pops::fill_physical_boundary(pops::MultiFab<Dim, MemorySpace> &, const pops::PreparedPhysicalBoundary<Dim> &, int, int) [with Dim=2, MemorySpace=Kokkos::Cuda::memory_space]" at line 414 of /gpfs/scratch/rmdraux/PoPS-final-full-native-cuda-dim2-gh200-um-98804c68-20261009/source/include/pops/runtime/system/auxiliary_ghost_fill.hpp
              instantiation of "void pops::runtime::system::PreparedAuxiliaryGhostTransport<Dim>::execute(pops::runtime::system::AuxiliaryStorageGroups<Dim> &) const [with Dim=2]" at line 632 of /gpfs/scratch/rmdraux/PoPS-final-full-native-cuda-dim2-gh200-um-98804c68-20261009/source/src/runtime/system/system_aux.cpp
              instantiation of "pops::runtime::system::AuxiliaryPublicationStatus pops::System<Dim>::refresh_auxiliary_(const pops::runtime::system::AuxiliaryEvaluationPoint &, const std::vector<std::string, std::allocator<std::string>> &) [with Dim=2]" at line 307 of /gpfs/scratch/rmdraux/PoPS-final-full-native-cuda-dim2-gh200-um-98804c68-20261009/source/src/runtime/system/system_aux.cpp
              instantiation of "void pops::System<Dim>::refresh_auxiliary(const pops::runtime::system::AuxiliaryEvaluationPoint &) [with Dim=2]" at line 1025 of /gpfs/scratch/rmdraux/PoPS-final-full-native-cuda-dim2-gh200-um-98804c68-20261009/source/src/runtime/system/system_aux.cpp

  /gpfs/scratch/rmdraux/PoPS-final-full-native-cuda-dim2-gh200-um-98804c68-20261009/source/include/pops/mesh/boundary/physical_bc.hpp(217): warning #20015-D: calling a constexpr __host__ function from a __host__ __device__ function is not allowed. The experimental flag '--expt-relaxed-constexpr' can be used to allow this.
          const PhysicalBoundaryFace high =
                                          ^
            detected during:
              instantiation of "void pops::physical_boundary_detail::ApplyPhysicalRegion<Dim>::operator()(const pops::Index<Dim> &) const [with Dim=2]" at line 192 of /gpfs/scratch/rmdraux/PoPS-final-full-native-cuda-dim2-gh200-um-98804c68-20261009/source/include/pops/mesh/execution/for_each.hpp
              instantiation of "void pops::detail::launch_index_space(const ExecutionSpace &, const pops::Box<Dim> &, const char *, F) [with ExecutionSpace=Kokkos::DefaultExecutionSpace, Dim=2, F=pops::physical_boundary_detail::ApplyPhysicalRegion<2>]" at line 230 of /gpfs/scratch/rmdraux/PoPS-final-full-native-cuda-dim2-gh200-um-98804c68-20261009/source/include/pops/mesh/execution/for_each.hpp
              instantiation of "void pops::for_each_cell(const ExecutionSpace &, const pops::Box<Dim> &, F) [with ExecutionSpace=Kokkos::DefaultExecutionSpace, Dim=2, F=pops::physical_boundary_detail::ApplyPhysicalRegion<2>]" at line 253 of /gpfs/scratch/rmdraux/PoPS-final-full-native-cuda-dim2-gh200-um-98804c68-20261009/source/include/pops/mesh/execution/for_each.hpp
              instantiation of "void pops::for_each_cell(const pops::Box<Dim> &, F) [with Dim=2, F=pops::physical_boundary_detail::ApplyPhysicalRegion<2>]" at line 334
              instantiation of "void pops::fill_physical_boundary(pops::MultiFab<Dim, MemorySpace> &, const pops::PreparedPhysicalBoundary<Dim> &, int, int) [with Dim=2, MemorySpace=Kokkos::Cuda::memory_space]" at line 414 of /gpfs/scratch/rmdraux/PoPS-final-full-native-cuda-dim2-gh200-um-98804c68-20261009/source/include/pops/runtime/system/auxiliary_ghost_fill.hpp
              instantiation of "void pops::runtime::system::PreparedAuxiliaryGhostTransport<Dim>::execute(pops::runtime::system::AuxiliaryStorageGroups<Dim> &) const [with Dim=2]" at line 632 of /gpfs/scratch/rmdraux/PoPS-final-full-native-cuda-dim2-gh200-um-98804c68-20261009/source/src/runtime/system/system_aux.cpp
              instantiation of "pops::runtime::system::AuxiliaryPublicationStatus pops::System<Dim>::refresh_auxiliary_(const pops::runtime::system::AuxiliaryEvaluationPoint &, const std::vector<std::string, std::allocator<std::string>> &) [with Dim=2]" at line 307 of /gpfs/scratch/rmdraux/PoPS-final-full-native-cuda-dim2-gh200-um-98804c68-20261009/source/src/runtime/system/system_aux.cpp
              instantiation of "void pops::System<Dim>::refresh_auxiliary(const pops::runtime::system::AuxiliaryEvaluationPoint &) [with Dim=2]" at line 1025 of /gpfs/scratch/rmdraux/PoPS-final-full-native-cuda-dim2-gh200-um-98804c68-20261009/source/src/runtime/system/system_aux.cpp

  /gpfs/scratch/rmdraux/PoPS-final-full-native-cuda-dim2-gh200-um-98804c68-20261009/source/include/pops/mesh/boundary/physical_bc.hpp(217): warning #20015-D: calling a constexpr __host__ function from a __host__ __device__ function is not allowed. The experimental flag '--expt-relaxed-constexpr' can be used to allow this.
          const PhysicalBoundaryFace high =
                                          ^
            detected during:
              instantiation of "void pops::physical_boundary_detail::ApplyPhysicalRegion<Dim>::operator()(const pops::Index<Dim> &) const [with Dim=2]" at line 192 of /gpfs/scratch/rmdraux/PoPS-final-full-native-cuda-dim2-gh200-um-98804c68-20261009/source/include/pops/mesh/execution/for_each.hpp
              instantiation of "void pops::detail::launch_index_space(const ExecutionSpace &, const pops::Box<Dim> &, const char *, F) [with ExecutionSpace=Kokkos::DefaultExecutionSpace, Dim=2, F=pops::physical_boundary_detail::ApplyPhysicalRegion<2>]" at line 230 of /gpfs/scratch/rmdraux/PoPS-final-full-native-cuda-dim2-gh200-um-98804c68-20261009/source/include/pops/mesh/execution/for_each.hpp
              instantiation of "void pops::for_each_cell(const ExecutionSpace &, const pops::Box<Dim> &, F) [with ExecutionSpace=Kokkos::DefaultExecutionSpace, Dim=2, F=pops::physical_boundary_detail::ApplyPhysicalRegion<2>]" at line 253 of /gpfs/scratch/rmdraux/PoPS-final-full-native-cuda-dim2-gh200-um-98804c68-20261009/source/include/pops/mesh/execution/for_each.hpp
              instantiation of "void pops::for_each_cell(const pops::Box<Dim> &, F) [with Dim=2, F=pops::physical_boundary_detail::ApplyPhysicalRegion<2>]" at line 334
              instantiation of "void pops::fill_physical_boundary(pops::MultiFab<Dim, MemorySpace> &, const pops::PreparedPhysicalBoundary<Dim> &, int, int) [with Dim=2, MemorySpace=Kokkos::Cuda::memory_space]" at line 414 of /gpfs/scratch/rmdraux/PoPS-final-full-native-cuda-dim2-gh200-um-98804c68-20261009/source/include/pops/runtime/system/auxiliary_ghost_fill.hpp
              instantiation of "void pops::runtime::system::PreparedAuxiliaryGhostTransport<Dim>::execute(pops::runtime::system::AuxiliaryStorageGroups<Dim> &) const [with Dim=2]" at line 632 of /gpfs/scratch/rmdraux/PoPS-final-full-native-cuda-dim2-gh200-um-98804c68-20261009/source/src/runtime/system/system_aux.cpp
              instantiation of "pops::runtime::system::AuxiliaryPublicationStatus pops::System<Dim>::refresh_auxiliary_(const pops::runtime::system::AuxiliaryEvaluationPoint &, const std::vector<std::string, std::allocator<std::string>> &) [with Dim=2]" at line 307 of /gpfs/scratch/rmdraux/PoPS-final-full-native-cuda-dim2-gh200-um-98804c68-20261009/source/src/runtime/system/system_aux.cpp
              instantiation of "void pops::System<Dim>::refresh_auxiliary(const pops::runtime::system::AuxiliaryEvaluationPoint &) [with Dim=2]" at line 1025 of /gpfs/scratch/rmdraux/PoPS-final-full-native-cuda-dim2-gh200-um-98804c68-20261009/source/src/runtime/system/system_aux.cpp

  /gpfs/scratch/rmdraux/PoPS-final-full-native-cuda-dim2-gh200-um-98804c68-20261009/source/include/pops/mesh/boundary/physical_bc.hpp(211): warning #20013-D: calling a constexpr __host__ function("std::array< ::pops::BoundaryOperation<(int)2> , (unsigned long)2ul> ::operator [](unsigned long) const") from a __host__ __device__ function("pops::physical_boundary_detail::ApplyPhysicalRegion<(int)2> ::operator () const") is not allowed. The experimental flag '--expt-relaxed-constexpr' can be used to allow this.

  /gpfs/scratch/rmdraux/PoPS-final-full-native-cuda-dim2-gh200-um-98804c68-20261009/source/include/pops/mesh/boundary/physical_bc.hpp(216): warning #20013-D: calling a constexpr __host__ function("std::array< ::pops::PhysicalBoundaryFace, (unsigned long)4ul> ::operator [](unsigned long) const") from a __host__ __device__ function("pops::physical_boundary_detail::ApplyPhysicalRegion<(int)2> ::operator () const") is not allowed. The experimental flag '--expt-relaxed-constexpr' can be used to allow this.

  /gpfs/scratch/rmdraux/PoPS-final-full-native-cuda-dim2-gh200-um-98804c68-20261009/source/include/pops/mesh/boundary/physical_bc.hpp(216): warning #20013-D: calling a constexpr __host__ function("pops::Face<(int)2> ::ordinal() const") from a __host__ __device__ function("pops::physical_boundary_detail::ApplyPhysicalRegion<(int)2> ::operator () const") is not allowed. The experimental flag '--expt-relaxed-constexpr' can be used to allow this.

  /gpfs/scratch/rmdraux/PoPS-final-full-native-cuda-dim2-gh200-um-98804c68-20261009/source/include/pops/mesh/boundary/physical_bc.hpp(216): warning #20013-D: calling a constexpr __host__ function("pops::Face<(int)2> ::Face(int,  ::pops::BoundarySide)") from a __host__ __device__ function("pops::physical_boundary_detail::ApplyPhysicalRegion<(int)2> ::operator () const") is not allowed. The experimental flag '--expt-relaxed-constexpr' can be used to allow this.

  /gpfs/scratch/rmdraux/PoPS-final-full-native-cuda-dim2-gh200-um-98804c68-20261009/source/include/pops/mesh/boundary/physical_bc.hpp(218): warning #20013-D: calling a constexpr __host__ function("std::array< ::pops::PhysicalBoundaryFace, (unsigned long)4ul> ::operator [](unsigned long) const") from a __host__ __device__ function("pops::physical_boundary_detail::ApplyPhysicalRegion<(int)2> ::operator () const") is not allowed. The experimental flag '--expt-relaxed-constexpr' can be used to allow this.

  /gpfs/scratch/rmdraux/PoPS-final-full-native-cuda-dim2-gh200-um-98804c68-20261009/source/include/pops/mesh/boundary/physical_bc.hpp(218): warning #20013-D: calling a constexpr __host__ function("pops::Face<(int)2> ::ordinal() const") from a __host__ __device__ function("pops::physical_boundary_detail::ApplyPhysicalRegion<(int)2> ::operator () const") is not allowed. The experimental flag '--expt-relaxed-constexpr' can be used to allow this.

  /gpfs/scratch/rmdraux/PoPS-final-full-native-cuda-dim2-gh200-um-98804c68-20261009/source/include/pops/mesh/boundary/physical_bc.hpp(218): warning #20013-D: calling a constexpr __host__ function("pops::Face<(int)2> ::Face(int,  ::pops::BoundarySide)") from a __host__ __device__ function("pops::physical_boundary_detail::ApplyPhysicalRegion<(int)2> ::operator () const") is not allowed. The experimental flag '--expt-relaxed-constexpr' can be used to allow this.

  [4/28] Building CXX object src/CMakeFiles/pops_runtime_system.dir/runtime/system/system.cpp.o
  /gpfs/scratch/rmdraux/PoPS-final-full-native-cuda-dim2-gh200-um-98804c68-20261009/source/include/pops/mesh/index/extent.hpp(38): warning #20012-D: __device__ annotation is ignored on a function("Extent") that is explicitly defaulted on its first declaration
      __attribute__((device)) __attribute__((host)) constexpr Extent() = default;
                     ^

  Remark: The warnings can be suppressed with "-diag-suppress <warning-number>"

  /gpfs/scratch/rmdraux/PoPS-final-full-native-cuda-dim2-gh200-um-98804c68-20261009/source/include/pops/mesh/index/extent.hpp(38): warning #20012-D: __host__ annotation is ignored on a function("Extent") that is explicitly defaulted on its first declaration
      __attribute__((device)) __attribute__((host)) constexpr Extent() = default;
                                             ^

  /gpfs/scratch/rmdraux/PoPS-final-full-native-cuda-dim2-gh200-um-98804c68-20261009/source/include/pops/mesh/index/index.hpp(36): warning #20012-D: __device__ annotation is ignored on a function("Index") that is explicitly defaulted on its first declaration
      __attribute__((device)) __attribute__((host)) constexpr Index() = default;
                     ^

  /gpfs/scratch/rmdraux/PoPS-final-full-native-cuda-dim2-gh200-um-98804c68-20261009/source/include/pops/mesh/index/index.hpp(36): warning #20012-D: __host__ annotation is ignored on a function("Index") that is explicitly defaulted on its first declaration
      __attribute__((device)) __attribute__((host)) constexpr Index() = default;
                                             ^

  /gpfs/scratch/rmdraux/PoPS-final-full-native-cuda-dim2-gh200-um-98804c68-20261009/source/include/pops/mesh/index/box.hpp(196): warning #20012-D: __device__ annotation is ignored on a function("operator==") that is explicitly defaulted on its first declaration
      __attribute__((device)) __attribute__((host)) constexpr bool operator==(const Box&) const = default;
                     ^

  /gpfs/scratch/rmdraux/PoPS-final-full-native-cuda-dim2-gh200-um-98804c68-20261009/source/include/pops/mesh/index/box.hpp(196): warning #20012-D: __host__ annotation is ignored on a function("operator==") that is explicitly defaulted on its first declaration
      __attribute__((device)) __attribute__((host)) constexpr bool operator==(const Box&) const = default;
                                             ^

  /gpfs/scratch/rmdraux/PoPS-final-full-native-cuda-dim2-gh200-um-98804c68-20261009/source/include/pops/mesh/index/real_vector.hpp(43): warning #20012-D: __device__ annotation is ignored on a function("RealVector") that is explicitly defaulted on its first declaration
      __attribute__((device)) __attribute__((host)) constexpr RealVector() = default;
                     ^

  /gpfs/scratch/rmdraux/PoPS-final-full-native-cuda-dim2-gh200-um-98804c68-20261009/source/include/pops/mesh/index/real_vector.hpp(43): warning #20012-D: __host__ annotation is ignored on a function("RealVector") that is explicitly defaulted on its first declaration
      __attribute__((device)) __attribute__((host)) constexpr RealVector() = default;
                                             ^

  /gpfs/scratch/rmdraux/PoPS-final-full-native-cuda-dim2-gh200-um-98804c68-20261009/source/include/pops/numerics/fv/flux_interfaces.hpp(253): warning #20012-D: __device__ annotation is ignored on a function("BoundFluxProviders") that is explicitly defaulted on its first declaration
      __attribute__((device)) __attribute__((host)) BoundFluxProviders(const BoundFluxProviders&) = default;
                     ^

  /gpfs/scratch/rmdraux/PoPS-final-full-native-cuda-dim2-gh200-um-98804c68-20261009/source/include/pops/numerics/fv/flux_interfaces.hpp(253): warning #20012-D: __host__ annotation is ignored on a function("BoundFluxProviders") that is explicitly defaulted on its first declaration
      __attribute__((device)) __attribute__((host)) BoundFluxProviders(const BoundFluxProviders&) = default;
                                             ^

  /gpfs/scratch/rmdraux/PoPS-final-full-native-cuda-dim2-gh200-um-98804c68-20261009/source/include/pops/mesh/index/entity_index.hpp(27): warning #20012-D: __device__ annotation is ignored on a function("FaceIndex") that is explicitly defaulted on its first declaration
      __attribute__((device)) __attribute__((host)) constexpr FaceIndex() = default;
                     ^

  /gpfs/scratch/rmdraux/PoPS-final-full-native-cuda-dim2-gh200-um-98804c68-20261009/source/include/pops/mesh/index/entity_index.hpp(27): warning #20012-D: __host__ annotation is ignored on a function("FaceIndex") that is explicitly defaulted on its first declaration
      __attribute__((device)) __attribute__((host)) constexpr FaceIndex() = default;
                                             ^

  /gpfs/scratch/rmdraux/PoPS-final-full-native-cuda-dim2-gh200-um-98804c68-20261009/source/include/pops/mesh/index/entity_index.hpp(33): warning #20012-D: __device__ annotation is ignored on a function("operator==") that is explicitly defaulted on its first declaration
      __attribute__((device)) __attribute__((host)) constexpr bool operator==(const FaceIndex&) const = default;
                     ^

  /gpfs/scratch/rmdraux/PoPS-final-full-native-cuda-dim2-gh200-um-98804c68-20261009/source/include/pops/mesh/index/entity_index.hpp(33): warning #20012-D: __host__ annotation is ignored on a function("operator==") that is explicitly defaulted on its first declaration
      __attribute__((device)) __attribute__((host)) constexpr bool operator==(const FaceIndex&) const = default;
                                             ^

  /gpfs/scratch/rmdraux/PoPS-final-full-native-cuda-dim2-gh200-um-98804c68-20261009/source/include/pops/mesh/index/extent.hpp(38): warning #20012-D: __device__ annotation is ignored on a function("Extent") that is explicitly defaulted on its first declaration
      __attribute__((device)) __attribute__((host)) constexpr Extent() = default;
                     ^

  Remark: The warnings can be suppressed with "-diag-suppress <warning-number>"

  /gpfs/scratch/rmdraux/PoPS-final-full-native-cuda-dim2-gh200-um-98804c68-20261009/source/include/pops/mesh/index/extent.hpp(38): warning #20012-D: __host__ annotation is ignored on a function("Extent") that is explicitly defaulted on its first declaration
      __attribute__((device)) __attribute__((host)) constexpr Extent() = default;
                                             ^

  /gpfs/scratch/rmdraux/PoPS-final-full-native-cuda-dim2-gh200-um-98804c68-20261009/source/include/pops/mesh/index/index.hpp(36): warning #20012-D: __device__ annotation is ignored on a function("Index") that is explicitly defaulted on its first declaration
      __attribute__((device)) __attribute__((host)) constexpr Index() = default;
                     ^

  /gpfs/scratch/rmdraux/PoPS-final-full-native-cuda-dim2-gh200-um-98804c68-20261009/source/include/pops/mesh/index/index.hpp(36): warning #20012-D: __host__ annotation is ignored on a function("Index") that is explicitly defaulted on its first declaration
      __attribute__((device)) __attribute__((host)) constexpr Index() = default;
                                             ^

  /gpfs/scratch/rmdraux/PoPS-final-full-native-cuda-dim2-gh200-um-98804c68-20261009/source/include/pops/mesh/index/box.hpp(196): warning #20012-D: __device__ annotation is ignored on a function("operator==") that is explicitly defaulted on its first declaration
      __attribute__((device)) __attribute__((host)) constexpr bool operator==(const Box&) const = default;
                     ^

  /gpfs/scratch/rmdraux/PoPS-final-full-native-cuda-dim2-gh200-um-98804c68-20261009/source/include/pops/mesh/index/box.hpp(196): warning #20012-D: __host__ annotation is ignored on a function("operator==") that is explicitly defaulted on its first declaration
      __attribute__((device)) __attribute__((host)) constexpr bool operator==(const Box&) const = default;
                                             ^

  /gpfs/scratch/rmdraux/PoPS-final-full-native-cuda-dim2-gh200-um-98804c68-20261009/source/include/pops/mesh/index/real_vector.hpp(43): warning #20012-D: __device__ annotation is ignored on a function("RealVector") that is explicitly defaulted on its first declaration
      __attribute__((device)) __attribute__((host)) constexpr RealVector() = default;
                     ^

  /gpfs/scratch/rmdraux/PoPS-final-full-native-cuda-dim2-gh200-um-98804c68-20261009/source/include/pops/mesh/index/real_vector.hpp(43): warning #20012-D: __host__ annotation is ignored on a function("RealVector") that is explicitly defaulted on its first declaration
      __attribute__((device)) __attribute__((host)) constexpr RealVector() = default;
                                             ^

  /gpfs/scratch/rmdraux/PoPS-final-full-native-cuda-dim2-gh200-um-98804c68-20261009/source/include/pops/numerics/fv/flux_interfaces.hpp(253): warning #20012-D: __device__ annotation is ignored on a function("BoundFluxProviders") that is explicitly defaulted on its first declaration
      __attribute__((device)) __attribute__((host)) BoundFluxProviders(const BoundFluxProviders&) = default;
                     ^

  /gpfs/scratch/rmdraux/PoPS-final-full-native-cuda-dim2-gh200-um-98804c68-20261009/source/include/pops/numerics/fv/flux_interfaces.hpp(253): warning #20012-D: __host__ annotation is ignored on a function("BoundFluxProviders") that is explicitly defaulted on its first declaration
      __attribute__((device)) __attribute__((host)) BoundFluxProviders(const BoundFluxProviders&) = default;
                                             ^

  /gpfs/scratch/rmdraux/PoPS-final-full-native-cuda-dim2-gh200-um-98804c68-20261009/source/include/pops/numerics/nonlinear/prepared_local_nonlinear.hpp(247): warning #20013-D: calling a constexpr __host__ function("max") from a __host__ __device__ function("local_finite") is not allowed. The experimental flag '--expt-relaxed-constexpr' can be used to allow this.
      return value == value && value <= std::numeric_limits<Real>::max() &&
                                        ^

  /gpfs/scratch/rmdraux/PoPS-final-full-native-cuda-dim2-gh200-um-98804c68-20261009/source/include/pops/numerics/nonlinear/prepared_local_nonlinear.hpp(248): warning #20013-D: calling a constexpr __host__ function("max") from a __host__ __device__ function("local_finite") is not allowed. The experimental flag '--expt-relaxed-constexpr' can be used to allow this.
             value >= -std::numeric_limits<Real>::max();
                       ^

  /gpfs/scratch/rmdraux/PoPS-final-full-native-cuda-dim2-gh200-um-98804c68-20261009/source/include/pops/physics/admissibility/admissible_set.hpp(46): warning #20013-D: calling a constexpr __host__ function("infinity") from a __host__ __device__ function("finite") is not allowed. The experimental flag '--expt-relaxed-constexpr' can be used to allow this.
      constexpr Real infinity = std::numeric_limits<Real>::infinity();
                                ^

  /gpfs/scratch/rmdraux/PoPS-final-full-native-cuda-dim2-gh200-um-98804c68-20261009/source/include/pops/numerics/nonlinear/prepared_variable_recovery.hpp(320): warning #20013-D: calling a constexpr __host__ function("max") from a __host__ __device__ function("recovery_finite") is not allowed. The experimental flag '--expt-relaxed-constexpr' can be used to allow this.
      return value == value && value <= std::numeric_limits<Real>::max() &&
                                        ^

  /gpfs/scratch/rmdraux/PoPS-final-full-native-cuda-dim2-gh200-um-98804c68-20261009/source/include/pops/numerics/nonlinear/prepared_variable_recovery.hpp(321): warning #20013-D: calling a constexpr __host__ function("max") from a __host__ __device__ function("recovery_finite") is not allowed. The experimental flag '--expt-relaxed-constexpr' can be used to allow this.
             value >= -std::numeric_limits<Real>::max();
                       ^

  /gpfs/scratch/rmdraux/PoPS-final-full-native-cuda-dim2-gh200-um-98804c68-20261009/source/include/pops/mesh/index/entity_index.hpp(27): warning #20012-D: __device__ annotation is ignored on a function("FaceIndex") that is explicitly defaulted on its first declaration
      __attribute__((device)) __attribute__((host)) constexpr FaceIndex() = default;
                     ^

  /gpfs/scratch/rmdraux/PoPS-final-full-native-cuda-dim2-gh200-um-98804c68-20261009/source/include/pops/mesh/index/entity_index.hpp(27): warning #20012-D: __host__ annotation is ignored on a function("FaceIndex") that is explicitly defaulted on its first declaration
      __attribute__((device)) __attribute__((host)) constexpr FaceIndex() = default;
                                             ^

  /gpfs/scratch/rmdraux/PoPS-final-full-native-cuda-dim2-gh200-um-98804c68-20261009/source/include/pops/mesh/index/entity_index.hpp(33): warning #20012-D: __device__ annotation is ignored on a function("operator==") that is explicitly defaulted on its first declaration
      __attribute__((device)) __attribute__((host)) constexpr bool operator==(const FaceIndex&) const = default;
                     ^

  /gpfs/scratch/rmdraux/PoPS-final-full-native-cuda-dim2-gh200-um-98804c68-20261009/source/include/pops/mesh/index/entity_index.hpp(33): warning #20012-D: __host__ annotation is ignored on a function("operator==") that is explicitly defaulted on its first declaration
      __attribute__((device)) __attribute__((host)) constexpr bool operator==(const FaceIndex&) const = default;
                                             ^

  /gpfs/scratch/rmdraux/PoPS-final-full-native-cuda-dim2-gh200-um-98804c68-20261009/source/include/pops/numerics/elliptic/interface/field_nullspace.hpp(691): warning #20013-D: calling a constexpr __host__ function("max") from a __host__ __device__ function("operator()") is not allowed. The experimental flag '--expt-relaxed-constexpr' can be used to allow this.
        if (raw != raw || raw < Real(0) || raw > static_cast<Real>(std::numeric_limits<int>::max()))
                                                                   ^
            detected during:
              instantiation of "pops::Real pops::for_each_cell_reduce_sum(const ExecutionSpace &, const pops::Box<Dim> &, F) [with ExecutionSpace=Kokkos::DefaultExecutionSpace, Dim=2, F=pops::detail::FieldLabelNonzeroOrInvalidKernel<2>]" at line 313 of /gpfs/scratch/rmdraux/PoPS-final-full-native-cuda-dim2-gh200-um-98804c68-20261009/source/include/pops/mesh/execution/for_each.hpp
              instantiation of "pops::Real pops::for_each_cell_reduce_sum(const pops::Box<Dim> &, F) [with Dim=2, F=pops::detail::FieldLabelNonzeroOrInvalidKernel<2>]" at line 1238
              instantiation of "pops::FieldNullspacePlan<Dim> pops::labelled_mean_zero_nullspace(std::string, std::string, const std::vector<std::shared_ptr<const pops::MultiFab<Dim, Kokkos::Cuda::memory_space>>, std::allocator<std::shared_ptr<const pops::MultiFab<Dim, Kokkos::Cuda::memory_space>>>> &, std::vector<pops::FieldConnectedComponent, std::allocator<pops::FieldConnectedComponent>>, std::vector<std::shared_ptr<const pops::MultiFab<Dim, Kokkos::Cuda::memory_space>>, std::allocator<std::shared_ptr<const pops::MultiFab<Dim, Kokkos::Cuda::memory_space>>>>, std::vector<pops::Real, std::allocator<pops::Real>>, int, std::span<const pops::PreparedVectorDistribution<Dim>, 18446744073709551615UL>, const pops::ExecutionLane &, int) [with Dim=2]" at line 216 of /gpfs/scratch/rmdraux/PoPS-final-full-native-cuda-dim2-gh200-um-98804c68-20261009/source/include/pops/numerics/elliptic/interface/field_nullspace_builtins.hpp
              instantiation of "pops::PreparedFieldNullspace<Dim> pops::detail::OperatorTopologyFieldNullspaceProvider<Dim>::prepare(const pops::FieldNullspaceProviderRequest<Dim> &, const pops::ExecutionLane &) const [with Dim=2]" at line 97 of /gpfs/projet/r250127/rmdraux/sol61-gpu-bootstrap-20261004/compiler13/lib/gcc/aarch64-conda-linux-gnu/13.4.0/include/c++/bits/stl_construct.h
              implicit generation of "pops::detail::OperatorTopologyFieldNullspaceProvider<Dim>::~OperatorTopologyFieldNullspaceProvider() noexcept [with Dim=2]" at line 97 of /gpfs/projet/r250127/rmdraux/sol61-gpu-bootstrap-20261004/compiler13/lib/gcc/aarch64-conda-linux-gnu/13.4.0/include/c++/bits/stl_construct.h
              [ 10 instantiation contexts not shown ]
              instantiation of "std::shared_ptr<std::_NonArray<_Tp>> std::make_shared<_Tp,_Args...>(_Args &&...) [with _Tp=pops::detail::OperatorTopologyFieldNullspaceProvider<2>, _Args=<>]" at line 231 of /gpfs/scratch/rmdraux/PoPS-final-full-native-cuda-dim2-gh200-um-98804c68-20261009/source/include/pops/numerics/elliptic/interface/field_nullspace_builtins.hpp
              instantiation of "std::shared_ptr<pops::FieldNullspaceProviderRegistry<Dim>> pops::make_default_field_nullspace_provider_registry<Dim>() [with Dim=2]" at line 769 of /gpfs/scratch/rmdraux/PoPS-final-full-native-cuda-dim2-gh200-um-98804c68-20261009/source/src/runtime/system/system_impl.hpp
              instantiation of "pops::System<Dim>::Impl::Impl(const pops::SystemConfig<Dim> &) [with Dim=2]" at line 1070 of /gpfs/projet/r250127/rmdraux/sol61-gpu-bootstrap-20261004/compiler13/lib/gcc/aarch64-conda-linux-gnu/13.4.0/include/c++/bits/unique_ptr.h
              instantiation of "std::__detail::__unique_ptr_t<_Tp> std::make_unique<_Tp,_Args...>(_Args &&...) [with _Tp=pops::System<2>::Impl, _Args=<const pops::SystemConfig<2> &>]" at line 36 of /gpfs/scratch/rmdraux/PoPS-final-full-native-cuda-dim2-gh200-um-98804c68-20261009/source/src/runtime/system/system.cpp
              instantiation of "pops::System<Dim>::System(const pops::SystemConfig<Dim> &) [with Dim=2]" at line 1117 of /gpfs/scratch/rmdraux/PoPS-final-full-native-cuda-dim2-gh200-um-98804c68-20261009/source/src/runtime/system/system.cpp

  [5/28] Building CXX object src/CMakeFiles/pops_runtime_system.dir/runtime/system/system_embedded_boundary.cpp.o
  /gpfs/scratch/rmdraux/PoPS-final-full-native-cuda-dim2-gh200-um-98804c68-20261009/source/include/pops/mesh/index/extent.hpp(38): warning #20012-D: __device__ annotation is ignored on a function("Extent") that is explicitly defaulted on its first declaration
      __attribute__((device)) __attribute__((host)) constexpr Extent() = default;
                     ^

  Remark: The warnings can be suppressed with "-diag-suppress <warning-number>"

  /gpfs/scratch/rmdraux/PoPS-final-full-native-cuda-dim2-gh200-um-98804c68-20261009/source/include/pops/mesh/index/extent.hpp(38): warning #20012-D: __host__ annotation is ignored on a function("Extent") that is explicitly defaulted on its first declaration
      __attribute__((device)) __attribute__((host)) constexpr Extent() = default;
                                             ^

  /gpfs/scratch/rmdraux/PoPS-final-full-native-cuda-dim2-gh200-um-98804c68-20261009/source/include/pops/mesh/index/index.hpp(36): warning #20012-D: __device__ annotation is ignored on a function("Index") that is explicitly defaulted on its first declaration
      __attribute__((device)) __attribute__((host)) constexpr Index() = default;
                     ^

  /gpfs/scratch/rmdraux/PoPS-final-full-native-cuda-dim2-gh200-um-98804c68-20261009/source/include/pops/mesh/index/index.hpp(36): warning #20012-D: __host__ annotation is ignored on a function("Index") that is explicitly defaulted on its first declaration
      __attribute__((device)) __attribute__((host)) constexpr Index() = default;
                                             ^

  /gpfs/scratch/rmdraux/PoPS-final-full-native-cuda-dim2-gh200-um-98804c68-20261009/source/include/pops/mesh/index/box.hpp(196): warning #20012-D: __device__ annotation is ignored on a function("operator==") that is explicitly defaulted on its first declaration
      __attribute__((device)) __attribute__((host)) constexpr bool operator==(const Box&) const = default;
                     ^

  /gpfs/scratch/rmdraux/PoPS-final-full-native-cuda-dim2-gh200-um-98804c68-20261009/source/include/pops/mesh/index/box.hpp(196): warning #20012-D: __host__ annotation is ignored on a function("operator==") that is explicitly defaulted on its first declaration
      __attribute__((device)) __attribute__((host)) constexpr bool operator==(const Box&) const = default;
                                             ^

  /gpfs/scratch/rmdraux/PoPS-final-full-native-cuda-dim2-gh200-um-98804c68-20261009/source/include/pops/mesh/index/real_vector.hpp(43): warning #20012-D: __device__ annotation is ignored on a function("RealVector") that is explicitly defaulted on its first declaration
      __attribute__((device)) __attribute__((host)) constexpr RealVector() = default;
                     ^

  /gpfs/scratch/rmdraux/PoPS-final-full-native-cuda-dim2-gh200-um-98804c68-20261009/source/include/pops/mesh/index/real_vector.hpp(43): warning #20012-D: __host__ annotation is ignored on a function("RealVector") that is explicitly defaulted on its first declaration
      __attribute__((device)) __attribute__((host)) constexpr RealVector() = default;
                                             ^

  /gpfs/scratch/rmdraux/PoPS-final-full-native-cuda-dim2-gh200-um-98804c68-20261009/source/include/pops/mesh/index/entity_index.hpp(27): warning #20012-D: __device__ annotation is ignored on a function("FaceIndex") that is explicitly defaulted on its first declaration
      __attribute__((device)) __attribute__((host)) constexpr FaceIndex() = default;
                     ^

  /gpfs/scratch/rmdraux/PoPS-final-full-native-cuda-dim2-gh200-um-98804c68-20261009/source/include/pops/mesh/index/entity_index.hpp(27): warning #20012-D: __host__ annotation is ignored on a function("FaceIndex") that is explicitly defaulted on its first declaration
      __attribute__((device)) __attribute__((host)) constexpr FaceIndex() = default;
                                             ^

  /gpfs/scratch/rmdraux/PoPS-final-full-native-cuda-dim2-gh200-um-98804c68-20261009/source/include/pops/mesh/index/entity_index.hpp(33): warning #20012-D: __device__ annotation is ignored on a function("operator==") that is explicitly defaulted on its first declaration
      __attribute__((device)) __attribute__((host)) constexpr bool operator==(const FaceIndex&) const = default;
                     ^

  /gpfs/scratch/rmdraux/PoPS-final-full-native-cuda-dim2-gh200-um-98804c68-20261009/source/include/pops/mesh/index/entity_index.hpp(33): warning #20012-D: __host__ annotation is ignored on a function("operator==") that is explicitly defaulted on its first declaration
      __attribute__((device)) __attribute__((host)) constexpr bool operator==(const FaceIndex&) const = default;
                                             ^

  /gpfs/scratch/rmdraux/PoPS-final-full-native-cuda-dim2-gh200-um-98804c68-20261009/source/include/pops/numerics/fv/flux_interfaces.hpp(253): warning #20012-D: __device__ annotation is ignored on a function("BoundFluxProviders") that is explicitly defaulted on its first declaration
      __attribute__((device)) __attribute__((host)) BoundFluxProviders(const BoundFluxProviders&) = default;
                     ^

  /gpfs/scratch/rmdraux/PoPS-final-full-native-cuda-dim2-gh200-um-98804c68-20261009/source/include/pops/numerics/fv/flux_interfaces.hpp(253): warning #20012-D: __host__ annotation is ignored on a function("BoundFluxProviders") that is explicitly defaulted on its first declaration
      __attribute__((device)) __attribute__((host)) BoundFluxProviders(const BoundFluxProviders&) = default;
                                             ^

  /gpfs/scratch/rmdraux/PoPS-final-full-native-cuda-dim2-gh200-um-98804c68-20261009/source/include/pops/mesh/index/extent.hpp(38): warning #20012-D: __device__ annotation is ignored on a function("Extent") that is explicitly defaulted on its first declaration
      __attribute__((device)) __attribute__((host)) constexpr Extent() = default;
                     ^

  Remark: The warnings can be suppressed with "-diag-suppress <warning-number>"

  /gpfs/scratch/rmdraux/PoPS-final-full-native-cuda-dim2-gh200-um-98804c68-20261009/source/include/pops/mesh/index/extent.hpp(38): warning #20012-D: __host__ annotation is ignored on a function("Extent") that is explicitly defaulted on its first declaration
      __attribute__((device)) __attribute__((host)) constexpr Extent() = default;
                                             ^

  /gpfs/scratch/rmdraux/PoPS-final-full-native-cuda-dim2-gh200-um-98804c68-20261009/source/include/pops/mesh/index/index.hpp(36): warning #20012-D: __device__ annotation is ignored on a function("Index") that is explicitly defaulted on its first declaration
      __attribute__((device)) __attribute__((host)) constexpr Index() = default;
                     ^

  /gpfs/scratch/rmdraux/PoPS-final-full-native-cuda-dim2-gh200-um-98804c68-20261009/source/include/pops/mesh/index/index.hpp(36): warning #20012-D: __host__ annotation is ignored on a function("Index") that is explicitly defaulted on its first declaration
      __attribute__((device)) __attribute__((host)) constexpr Index() = default;
                                             ^

  /gpfs/scratch/rmdraux/PoPS-final-full-native-cuda-dim2-gh200-um-98804c68-20261009/source/include/pops/mesh/index/box.hpp(196): warning #20012-D: __device__ annotation is ignored on a function("operator==") that is explicitly defaulted on its first declaration
      __attribute__((device)) __attribute__((host)) constexpr bool operator==(const Box&) const = default;
                     ^

  /gpfs/scratch/rmdraux/PoPS-final-full-native-cuda-dim2-gh200-um-98804c68-20261009/source/include/pops/mesh/index/box.hpp(196): warning #20012-D: __host__ annotation is ignored on a function("operator==") that is explicitly defaulted on its first declaration
      __attribute__((device)) __attribute__((host)) constexpr bool operator==(const Box&) const = default;
                                             ^

  /gpfs/scratch/rmdraux/PoPS-final-full-native-cuda-dim2-gh200-um-98804c68-20261009/source/include/pops/mesh/index/real_vector.hpp(43): warning #20012-D: __device__ annotation is ignored on a function("RealVector") that is explicitly defaulted on its first declaration
      __attribute__((device)) __attribute__((host)) constexpr RealVector() = default;
                     ^

  /gpfs/scratch/rmdraux/PoPS-final-full-native-cuda-dim2-gh200-um-98804c68-20261009/source/include/pops/mesh/index/real_vector.hpp(43): warning #20012-D: __host__ annotation is ignored on a function("RealVector") that is explicitly defaulted on its first declaration
      __attribute__((device)) __attribute__((host)) constexpr RealVector() = default;
                                             ^

  /gpfs/scratch/rmdraux/PoPS-final-full-native-cuda-dim2-gh200-um-98804c68-20261009/source/include/pops/mesh/index/entity_index.hpp(27): warning #20012-D: __device__ annotation is ignored on a function("FaceIndex") that is explicitly defaulted on its first declaration
      __attribute__((device)) __attribute__((host)) constexpr FaceIndex() = default;
                     ^

  /gpfs/scratch/rmdraux/PoPS-final-full-native-cuda-dim2-gh200-um-98804c68-20261009/source/include/pops/mesh/index/entity_index.hpp(27): warning #20012-D: __host__ annotation is ignored on a function("FaceIndex") that is explicitly defaulted on its first declaration
      __attribute__((device)) __attribute__((host)) constexpr FaceIndex() = default;
                                             ^

  /gpfs/scratch/rmdraux/PoPS-final-full-native-cuda-dim2-gh200-um-98804c68-20261009/source/include/pops/mesh/index/entity_index.hpp(33): warning #20012-D: __device__ annotation is ignored on a function("operator==") that is explicitly defaulted on its first declaration
      __attribute__((device)) __attribute__((host)) constexpr bool operator==(const FaceIndex&) const = default;
                     ^

  /gpfs/scratch/rmdraux/PoPS-final-full-native-cuda-dim2-gh200-um-98804c68-20261009/source/include/pops/mesh/index/entity_index.hpp(33): warning #20012-D: __host__ annotation is ignored on a function("operator==") that is explicitly defaulted on its first declaration
      __attribute__((device)) __attribute__((host)) constexpr bool operator==(const FaceIndex&) const = default;
                                             ^

  /gpfs/scratch/rmdraux/PoPS-final-full-native-cuda-dim2-gh200-um-98804c68-20261009/source/include/pops/numerics/fv/flux_interfaces.hpp(253): warning #20012-D: __device__ annotation is ignored on a function("BoundFluxProviders") that is explicitly defaulted on its first declaration
      __attribute__((device)) __attribute__((host)) BoundFluxProviders(const BoundFluxProviders&) = default;
                     ^

  /gpfs/scratch/rmdraux/PoPS-final-full-native-cuda-dim2-gh200-um-98804c68-20261009/source/include/pops/numerics/fv/flux_interfaces.hpp(253): warning #20012-D: __host__ annotation is ignored on a function("BoundFluxProviders") that is explicitly defaulted on its first declaration
      __attribute__((device)) __attribute__((host)) BoundFluxProviders(const BoundFluxProviders&) = default;
                                             ^

  /gpfs/scratch/rmdraux/PoPS-final-full-native-cuda-dim2-gh200-um-98804c68-20261009/source/include/pops/numerics/nonlinear/prepared_local_nonlinear.hpp(247): warning #20013-D: calling a constexpr __host__ function("max") from a __host__ __device__ function("local_finite") is not allowed. The experimental flag '--expt-relaxed-constexpr' can be used to allow this.
      return value == value && value <= std::numeric_limits<Real>::max() &&
                                        ^

  /gpfs/scratch/rmdraux/PoPS-final-full-native-cuda-dim2-gh200-um-98804c68-20261009/source/include/pops/numerics/nonlinear/prepared_local_nonlinear.hpp(248): warning #20013-D: calling a constexpr __host__ function("max") from a __host__ __device__ function("local_finite") is not allowed. The experimental flag '--expt-relaxed-constexpr' can be used to allow this.
             value >= -std::numeric_limits<Real>::max();
                       ^

  /gpfs/scratch/rmdraux/PoPS-final-full-native-cuda-dim2-gh200-um-98804c68-20261009/source/include/pops/physics/admissibility/admissible_set.hpp(46): warning #20013-D: calling a constexpr __host__ function("infinity") from a __host__ __device__ function("finite") is not allowed. The experimental flag '--expt-relaxed-constexpr' can be used to allow this.
      constexpr Real infinity = std::numeric_limits<Real>::infinity();
                                ^

  /gpfs/scratch/rmdraux/PoPS-final-full-native-cuda-dim2-gh200-um-98804c68-20261009/source/include/pops/numerics/nonlinear/prepared_variable_recovery.hpp(320): warning #20013-D: calling a constexpr __host__ function("max") from a __host__ __device__ function("recovery_finite") is not allowed. The experimental flag '--expt-relaxed-constexpr' can be used to allow this.
      return value == value && value <= std::numeric_limits<Real>::max() &&
                                        ^

  /gpfs/scratch/rmdraux/PoPS-final-full-native-cuda-dim2-gh200-um-98804c68-20261009/source/include/pops/numerics/nonlinear/prepared_variable_recovery.hpp(321): warning #20013-D: calling a constexpr __host__ function("max") from a __host__ __device__ function("recovery_finite") is not allowed. The experimental flag '--expt-relaxed-constexpr' can be used to allow this.
             value >= -std::numeric_limits<Real>::max();
                       ^

  [6/28] Building CXX object src/CMakeFiles/pops_runtime_system.dir/runtime/system/system_field_plans.cpp.o
  /gpfs/scratch/rmdraux/PoPS-final-full-native-cuda-dim2-gh200-um-98804c68-20261009/source/include/pops/mesh/index/extent.hpp(38): warning #20012-D: __device__ annotation is ignored on a function("Extent") that is explicitly defaulted on its first declaration
      __attribute__((device)) __attribute__((host)) constexpr Extent() = default;
                     ^

  Remark: The warnings can be suppressed with "-diag-suppress <warning-number>"

  /gpfs/scratch/rmdraux/PoPS-final-full-native-cuda-dim2-gh200-um-98804c68-20261009/source/include/pops/mesh/index/extent.hpp(38): warning #20012-D: __host__ annotation is ignored on a function("Extent") that is explicitly defaulted on its first declaration
      __attribute__((device)) __attribute__((host)) constexpr Extent() = default;
                                             ^

  /gpfs/scratch/rmdraux/PoPS-final-full-native-cuda-dim2-gh200-um-98804c68-20261009/source/include/pops/mesh/index/index.hpp(36): warning #20012-D: __device__ annotation is ignored on a function("Index") that is explicitly defaulted on its first declaration
      __attribute__((device)) __attribute__((host)) constexpr Index() = default;
                     ^

  /gpfs/scratch/rmdraux/PoPS-final-full-native-cuda-dim2-gh200-um-98804c68-20261009/source/include/pops/mesh/index/index.hpp(36): warning #20012-D: __host__ annotation is ignored on a function("Index") that is explicitly defaulted on its first declaration
      __attribute__((device)) __attribute__((host)) constexpr Index() = default;
                                             ^

  /gpfs/scratch/rmdraux/PoPS-final-full-native-cuda-dim2-gh200-um-98804c68-20261009/source/include/pops/mesh/index/box.hpp(196): warning #20012-D: __device__ annotation is ignored on a function("operator==") that is explicitly defaulted on its first declaration
      __attribute__((device)) __attribute__((host)) constexpr bool operator==(const Box&) const = default;
                     ^

  /gpfs/scratch/rmdraux/PoPS-final-full-native-cuda-dim2-gh200-um-98804c68-20261009/source/include/pops/mesh/index/box.hpp(196): warning #20012-D: __host__ annotation is ignored on a function("operator==") that is explicitly defaulted on its first declaration
      __attribute__((device)) __attribute__((host)) constexpr bool operator==(const Box&) const = default;
                                             ^

  /gpfs/scratch/rmdraux/PoPS-final-full-native-cuda-dim2-gh200-um-98804c68-20261009/source/include/pops/mesh/index/real_vector.hpp(43): warning #20012-D: __device__ annotation is ignored on a function("RealVector") that is explicitly defaulted on its first declaration
      __attribute__((device)) __attribute__((host)) constexpr RealVector() = default;
                     ^

  /gpfs/scratch/rmdraux/PoPS-final-full-native-cuda-dim2-gh200-um-98804c68-20261009/source/include/pops/mesh/index/real_vector.hpp(43): warning #20012-D: __host__ annotation is ignored on a function("RealVector") that is explicitly defaulted on its first declaration
      __attribute__((device)) __attribute__((host)) constexpr RealVector() = default;
                                             ^

  /gpfs/scratch/rmdraux/PoPS-final-full-native-cuda-dim2-gh200-um-98804c68-20261009/source/include/pops/numerics/fv/flux_interfaces.hpp(253): warning #20012-D: __device__ annotation is ignored on a function("BoundFluxProviders") that is explicitly defaulted on its first declaration
      __attribute__((device)) __attribute__((host)) BoundFluxProviders(const BoundFluxProviders&) = default;
                     ^

  /gpfs/scratch/rmdraux/PoPS-final-full-native-cuda-dim2-gh200-um-98804c68-20261009/source/include/pops/numerics/fv/flux_interfaces.hpp(253): warning #20012-D: __host__ annotation is ignored on a function("BoundFluxProviders") that is explicitly defaulted on its first declaration
      __attribute__((device)) __attribute__((host)) BoundFluxProviders(const BoundFluxProviders&) = default;
                                             ^

  /gpfs/scratch/rmdraux/PoPS-final-full-native-cuda-dim2-gh200-um-98804c68-20261009/source/include/pops/mesh/index/entity_index.hpp(27): warning #20012-D: __device__ annotation is ignored on a function("FaceIndex") that is explicitly defaulted on its first declaration
      __attribute__((device)) __attribute__((host)) constexpr FaceIndex() = default;
                     ^

  /gpfs/scratch/rmdraux/PoPS-final-full-native-cuda-dim2-gh200-um-98804c68-20261009/source/include/pops/mesh/index/entity_index.hpp(27): warning #20012-D: __host__ annotation is ignored on a function("FaceIndex") that is explicitly defaulted on its first declaration
      __attribute__((device)) __attribute__((host)) constexpr FaceIndex() = default;
                                             ^

  /gpfs/scratch/rmdraux/PoPS-final-full-native-cuda-dim2-gh200-um-98804c68-20261009/source/include/pops/mesh/index/entity_index.hpp(33): warning #20012-D: __device__ annotation is ignored on a function("operator==") that is explicitly defaulted on its first declaration
      __attribute__((device)) __attribute__((host)) constexpr bool operator==(const FaceIndex&) const = default;
                     ^

  /gpfs/scratch/rmdraux/PoPS-final-full-native-cuda-dim2-gh200-um-98804c68-20261009/source/include/pops/mesh/index/entity_index.hpp(33): warning #20012-D: __host__ annotation is ignored on a function("operator==") that is explicitly defaulted on its first declaration
      __attribute__((device)) __attribute__((host)) constexpr bool operator==(const FaceIndex&) const = default;
                                             ^

  /gpfs/scratch/rmdraux/PoPS-final-full-native-cuda-dim2-gh200-um-98804c68-20261009/source/include/pops/mesh/index/extent.hpp(38): warning #20012-D: __device__ annotation is ignored on a function("Extent") that is explicitly defaulted on its first declaration
      __attribute__((device)) __attribute__((host)) constexpr Extent() = default;
                     ^

  Remark: The warnings can be suppressed with "-diag-suppress <warning-number>"

  /gpfs/scratch/rmdraux/PoPS-final-full-native-cuda-dim2-gh200-um-98804c68-20261009/source/include/pops/mesh/index/extent.hpp(38): warning #20012-D: __host__ annotation is ignored on a function("Extent") that is explicitly defaulted on its first declaration
      __attribute__((device)) __attribute__((host)) constexpr Extent() = default;
                                             ^

  /gpfs/scratch/rmdraux/PoPS-final-full-native-cuda-dim2-gh200-um-98804c68-20261009/source/include/pops/mesh/index/index.hpp(36): warning #20012-D: __device__ annotation is ignored on a function("Index") that is explicitly defaulted on its first declaration
      __attribute__((device)) __attribute__((host)) constexpr Index() = default;
                     ^

  /gpfs/scratch/rmdraux/PoPS-final-full-native-cuda-dim2-gh200-um-98804c68-20261009/source/include/pops/mesh/index/index.hpp(36): warning #20012-D: __host__ annotation is ignored on a function("Index") that is explicitly defaulted on its first declaration
      __attribute__((device)) __attribute__((host)) constexpr Index() = default;
                                             ^

  /gpfs/scratch/rmdraux/PoPS-final-full-native-cuda-dim2-gh200-um-98804c68-20261009/source/include/pops/mesh/index/box.hpp(196): warning #20012-D: __device__ annotation is ignored on a function("operator==") that is explicitly defaulted on its first declaration
      __attribute__((device)) __attribute__((host)) constexpr bool operator==(const Box&) const = default;
                     ^

  /gpfs/scratch/rmdraux/PoPS-final-full-native-cuda-dim2-gh200-um-98804c68-20261009/source/include/pops/mesh/index/box.hpp(196): warning #20012-D: __host__ annotation is ignored on a function("operator==") that is explicitly defaulted on its first declaration
      __attribute__((device)) __attribute__((host)) constexpr bool operator==(const Box&) const = default;
                                             ^

  /gpfs/scratch/rmdraux/PoPS-final-full-native-cuda-dim2-gh200-um-98804c68-20261009/source/include/pops/mesh/index/real_vector.hpp(43): warning #20012-D: __device__ annotation is ignored on a function("RealVector") that is explicitly defaulted on its first declaration
      __attribute__((device)) __attribute__((host)) constexpr RealVector() = default;
                     ^

  /gpfs/scratch/rmdraux/PoPS-final-full-native-cuda-dim2-gh200-um-98804c68-20261009/source/include/pops/mesh/index/real_vector.hpp(43): warning #20012-D: __host__ annotation is ignored on a function("RealVector") that is explicitly defaulted on its first declaration
      __attribute__((device)) __attribute__((host)) constexpr RealVector() = default;
                                             ^

  /gpfs/scratch/rmdraux/PoPS-final-full-native-cuda-dim2-gh200-um-98804c68-20261009/source/include/pops/numerics/fv/flux_interfaces.hpp(253): warning #20012-D: __device__ annotation is ignored on a function("BoundFluxProviders") that is explicitly defaulted on its first declaration
      __attribute__((device)) __attribute__((host)) BoundFluxProviders(const BoundFluxProviders&) = default;
                     ^

  /gpfs/scratch/rmdraux/PoPS-final-full-native-cuda-dim2-gh200-um-98804c68-20261009/source/include/pops/numerics/fv/flux_interfaces.hpp(253): warning #20012-D: __host__ annotation is ignored on a function("BoundFluxProviders") that is explicitly defaulted on its first declaration
      __attribute__((device)) __attribute__((host)) BoundFluxProviders(const BoundFluxProviders&) = default;
                                             ^

  /gpfs/scratch/rmdraux/PoPS-final-full-native-cuda-dim2-gh200-um-98804c68-20261009/source/include/pops/numerics/nonlinear/prepared_local_nonlinear.hpp(247): warning #20013-D: calling a constexpr __host__ function("max") from a __host__ __device__ function("local_finite") is not allowed. The experimental flag '--expt-relaxed-constexpr' can be used to allow this.
      return value == value && value <= std::numeric_limits<Real>::max() &&
                                        ^

  /gpfs/scratch/rmdraux/PoPS-final-full-native-cuda-dim2-gh200-um-98804c68-20261009/source/include/pops/numerics/nonlinear/prepared_local_nonlinear.hpp(248): warning #20013-D: calling a constexpr __host__ function("max") from a __host__ __device__ function("local_finite") is not allowed. The experimental flag '--expt-relaxed-constexpr' can be used to allow this.
             value >= -std::numeric_limits<Real>::max();
                       ^

  /gpfs/scratch/rmdraux/PoPS-final-full-native-cuda-dim2-gh200-um-98804c68-20261009/source/include/pops/physics/admissibility/admissible_set.hpp(46): warning #20013-D: calling a constexpr __host__ function("infinity") from a __host__ __device__ function("finite") is not allowed. The experimental flag '--expt-relaxed-constexpr' can be used to allow this.
      constexpr Real infinity = std::numeric_limits<Real>::infinity();
                                ^

  /gpfs/scratch/rmdraux/PoPS-final-full-native-cuda-dim2-gh200-um-98804c68-20261009/source/include/pops/numerics/nonlinear/prepared_variable_recovery.hpp(320): warning #20013-D: calling a constexpr __host__ function("max") from a __host__ __device__ function("recovery_finite") is not allowed. The experimental flag '--expt-relaxed-constexpr' can be used to allow this.
      return value == value && value <= std::numeric_limits<Real>::max() &&
                                        ^

  /gpfs/scratch/rmdraux/PoPS-final-full-native-cuda-dim2-gh200-um-98804c68-20261009/source/include/pops/numerics/nonlinear/prepared_variable_recovery.hpp(321): warning #20013-D: calling a constexpr __host__ function("max") from a __host__ __device__ function("recovery_finite") is not allowed. The experimental flag '--expt-relaxed-constexpr' can be used to allow this.
             value >= -std::numeric_limits<Real>::max();
                       ^

  /gpfs/scratch/rmdraux/PoPS-final-full-native-cuda-dim2-gh200-um-98804c68-20261009/source/include/pops/mesh/index/entity_index.hpp(27): warning #20012-D: __device__ annotation is ignored on a function("FaceIndex") that is explicitly defaulted on its first declaration
      __attribute__((device)) __attribute__((host)) constexpr FaceIndex() = default;
                     ^

  /gpfs/scratch/rmdraux/PoPS-final-full-native-cuda-dim2-gh200-um-98804c68-20261009/source/include/pops/mesh/index/entity_index.hpp(27): warning #20012-D: __host__ annotation is ignored on a function("FaceIndex") that is explicitly defaulted on its first declaration
      __attribute__((device)) __attribute__((host)) constexpr FaceIndex() = default;
                                             ^

  /gpfs/scratch/rmdraux/PoPS-final-full-native-cuda-dim2-gh200-um-98804c68-20261009/source/include/pops/mesh/index/entity_index.hpp(33): warning #20012-D: __device__ annotation is ignored on a function("operator==") that is explicitly defaulted on its first declaration
      __attribute__((device)) __attribute__((host)) constexpr bool operator==(const FaceIndex&) const = default;
                     ^

  /gpfs/scratch/rmdraux/PoPS-final-full-native-cuda-dim2-gh200-um-98804c68-20261009/source/include/pops/mesh/index/entity_index.hpp(33): warning #20012-D: __host__ annotation is ignored on a function("operator==") that is explicitly defaulted on its first declaration
      __attribute__((device)) __attribute__((host)) constexpr bool operator==(const FaceIndex&) const = default;
                                             ^

  [7/28] Building CXX object src/CMakeFiles/pops_runtime_system.dir/runtime/system/system_fields.cpp.o
  /gpfs/scratch/rmdraux/PoPS-final-full-native-cuda-dim2-gh200-um-98804c68-20261009/source/include/pops/mesh/index/extent.hpp(38): warning #20012-D: __device__ annotation is ignored on a function("Extent") that is explicitly defaulted on its first declaration
      __attribute__((device)) __attribute__((host)) constexpr Extent() = default;
                     ^

  Remark: The warnings can be suppressed with "-diag-suppress <warning-number>"

  /gpfs/scratch/rmdraux/PoPS-final-full-native-cuda-dim2-gh200-um-98804c68-20261009/source/include/pops/mesh/index/extent.hpp(38): warning #20012-D: __host__ annotation is ignored on a function("Extent") that is explicitly defaulted on its first declaration
      __attribute__((device)) __attribute__((host)) constexpr Extent() = default;
                                             ^

  /gpfs/scratch/rmdraux/PoPS-final-full-native-cuda-dim2-gh200-um-98804c68-20261009/source/include/pops/mesh/index/index.hpp(36): warning #20012-D: __device__ annotation is ignored on a function("Index") that is explicitly defaulted on its first declaration
      __attribute__((device)) __attribute__((host)) constexpr Index() = default;
                     ^

  /gpfs/scratch/rmdraux/PoPS-final-full-native-cuda-dim2-gh200-um-98804c68-20261009/source/include/pops/mesh/index/index.hpp(36): warning #20012-D: __host__ annotation is ignored on a function("Index") that is explicitly defaulted on its first declaration
      __attribute__((device)) __attribute__((host)) constexpr Index() = default;
                                             ^

  /gpfs/scratch/rmdraux/PoPS-final-full-native-cuda-dim2-gh200-um-98804c68-20261009/source/include/pops/mesh/index/box.hpp(196): warning #20012-D: __device__ annotation is ignored on a function("operator==") that is explicitly defaulted on its first declaration
      __attribute__((device)) __attribute__((host)) constexpr bool operator==(const Box&) const = default;
                     ^

  /gpfs/scratch/rmdraux/PoPS-final-full-native-cuda-dim2-gh200-um-98804c68-20261009/source/include/pops/mesh/index/box.hpp(196): warning #20012-D: __host__ annotation is ignored on a function("operator==") that is explicitly defaulted on its first declaration
      __attribute__((device)) __attribute__((host)) constexpr bool operator==(const Box&) const = default;
                                             ^

  /gpfs/scratch/rmdraux/PoPS-final-full-native-cuda-dim2-gh200-um-98804c68-20261009/source/include/pops/mesh/index/real_vector.hpp(43): warning #20012-D: __device__ annotation is ignored on a function("RealVector") that is explicitly defaulted on its first declaration
      __attribute__((device)) __attribute__((host)) constexpr RealVector() = default;
                     ^

  /gpfs/scratch/rmdraux/PoPS-final-full-native-cuda-dim2-gh200-um-98804c68-20261009/source/include/pops/mesh/index/real_vector.hpp(43): warning #20012-D: __host__ annotation is ignored on a function("RealVector") that is explicitly defaulted on its first declaration
      __attribute__((device)) __attribute__((host)) constexpr RealVector() = default;
                                             ^

  /gpfs/scratch/rmdraux/PoPS-final-full-native-cuda-dim2-gh200-um-98804c68-20261009/source/include/pops/numerics/fv/flux_interfaces.hpp(253): warning #20012-D: __device__ annotation is ignored on a function("BoundFluxProviders") that is explicitly defaulted on its first declaration
      __attribute__((device)) __attribute__((host)) BoundFluxProviders(const BoundFluxProviders&) = default;
                     ^

  /gpfs/scratch/rmdraux/PoPS-final-full-native-cuda-dim2-gh200-um-98804c68-20261009/source/include/pops/numerics/fv/flux_interfaces.hpp(253): warning #20012-D: __host__ annotation is ignored on a function("BoundFluxProviders") that is explicitly defaulted on its first declaration
      __attribute__((device)) __attribute__((host)) BoundFluxProviders(const BoundFluxProviders&) = default;
                                             ^

  /gpfs/scratch/rmdraux/PoPS-final-full-native-cuda-dim2-gh200-um-98804c68-20261009/source/include/pops/mesh/index/entity_index.hpp(27): warning #20012-D: __device__ annotation is ignored on a function("FaceIndex") that is explicitly defaulted on its first declaration
      __attribute__((device)) __attribute__((host)) constexpr FaceIndex() = default;
                     ^

  /gpfs/scratch/rmdraux/PoPS-final-full-native-cuda-dim2-gh200-um-98804c68-20261009/source/include/pops/mesh/index/entity_index.hpp(27): warning #20012-D: __host__ annotation is ignored on a function("FaceIndex") that is explicitly defaulted on its first declaration
      __attribute__((device)) __attribute__((host)) constexpr FaceIndex() = default;
                                             ^

  /gpfs/scratch/rmdraux/PoPS-final-full-native-cuda-dim2-gh200-um-98804c68-20261009/source/include/pops/mesh/index/entity_index.hpp(33): warning #20012-D: __device__ annotation is ignored on a function("operator==") that is explicitly defaulted on its first declaration
      __attribute__((device)) __attribute__((host)) constexpr bool operator==(const FaceIndex&) const = default;
                     ^

  /gpfs/scratch/rmdraux/PoPS-final-full-native-cuda-dim2-gh200-um-98804c68-20261009/source/include/pops/mesh/index/entity_index.hpp(33): warning #20012-D: __host__ annotation is ignored on a function("operator==") that is explicitly defaulted on its first declaration
      __attribute__((device)) __attribute__((host)) constexpr bool operator==(const FaceIndex&) const = default;
                                             ^

  /gpfs/scratch/rmdraux/PoPS-final-full-native-cuda-dim2-gh200-um-98804c68-20261009/source/include/pops/mesh/index/extent.hpp(38): warning #20012-D: __device__ annotation is ignored on a function("Extent") that is explicitly defaulted on its first declaration
      __attribute__((device)) __attribute__((host)) constexpr Extent() = default;
                     ^

  Remark: The warnings can be suppressed with "-diag-suppress <warning-number>"

  /gpfs/scratch/rmdraux/PoPS-final-full-native-cuda-dim2-gh200-um-98804c68-20261009/source/include/pops/mesh/index/extent.hpp(38): warning #20012-D: __host__ annotation is ignored on a function("Extent") that is explicitly defaulted on its first declaration
      __attribute__((device)) __attribute__((host)) constexpr Extent() = default;
                                             ^

  /gpfs/scratch/rmdraux/PoPS-final-full-native-cuda-dim2-gh200-um-98804c68-20261009/source/include/pops/mesh/index/index.hpp(36): warning #20012-D: __device__ annotation is ignored on a function("Index") that is explicitly defaulted on its first declaration
      __attribute__((device)) __attribute__((host)) constexpr Index() = default;
                     ^

  /gpfs/scratch/rmdraux/PoPS-final-full-native-cuda-dim2-gh200-um-98804c68-20261009/source/include/pops/mesh/index/index.hpp(36): warning #20012-D: __host__ annotation is ignored on a function("Index") that is explicitly defaulted on its first declaration
      __attribute__((device)) __attribute__((host)) constexpr Index() = default;
                                             ^

  /gpfs/scratch/rmdraux/PoPS-final-full-native-cuda-dim2-gh200-um-98804c68-20261009/source/include/pops/mesh/index/box.hpp(196): warning #20012-D: __device__ annotation is ignored on a function("operator==") that is explicitly defaulted on its first declaration
      __attribute__((device)) __attribute__((host)) constexpr bool operator==(const Box&) const = default;
                     ^

  /gpfs/scratch/rmdraux/PoPS-final-full-native-cuda-dim2-gh200-um-98804c68-20261009/source/include/pops/mesh/index/box.hpp(196): warning #20012-D: __host__ annotation is ignored on a function("operator==") that is explicitly defaulted on its first declaration
      __attribute__((device)) __attribute__((host)) constexpr bool operator==(const Box&) const = default;
                                             ^

  /gpfs/scratch/rmdraux/PoPS-final-full-native-cuda-dim2-gh200-um-98804c68-20261009/source/include/pops/mesh/index/real_vector.hpp(43): warning #20012-D: __device__ annotation is ignored on a function("RealVector") that is explicitly defaulted on its first declaration
      __attribute__((device)) __attribute__((host)) constexpr RealVector() = default;
                     ^

  /gpfs/scratch/rmdraux/PoPS-final-full-native-cuda-dim2-gh200-um-98804c68-20261009/source/include/pops/mesh/index/real_vector.hpp(43): warning #20012-D: __host__ annotation is ignored on a function("RealVector") that is explicitly defaulted on its first declaration
      __attribute__((device)) __attribute__((host)) constexpr RealVector() = default;
                                             ^

  /gpfs/scratch/rmdraux/PoPS-final-full-native-cuda-dim2-gh200-um-98804c68-20261009/source/include/pops/numerics/fv/flux_interfaces.hpp(253): warning #20012-D: __device__ annotation is ignored on a function("BoundFluxProviders") that is explicitly defaulted on its first declaration
      __attribute__((device)) __attribute__((host)) BoundFluxProviders(const BoundFluxProviders&) = default;
                     ^

  /gpfs/scratch/rmdraux/PoPS-final-full-native-cuda-dim2-gh200-um-98804c68-20261009/source/include/pops/numerics/fv/flux_interfaces.hpp(253): warning #20012-D: __host__ annotation is ignored on a function("BoundFluxProviders") that is explicitly defaulted on its first declaration
      __attribute__((device)) __attribute__((host)) BoundFluxProviders(const BoundFluxProviders&) = default;
                                             ^

  /gpfs/scratch/rmdraux/PoPS-final-full-native-cuda-dim2-gh200-um-98804c68-20261009/source/include/pops/numerics/nonlinear/prepared_local_nonlinear.hpp(247): warning #20013-D: calling a constexpr __host__ function("max") from a __host__ __device__ function("local_finite") is not allowed. The experimental flag '--expt-relaxed-constexpr' can be used to allow this.
      return value == value && value <= std::numeric_limits<Real>::max() &&
                                        ^

  /gpfs/scratch/rmdraux/PoPS-final-full-native-cuda-dim2-gh200-um-98804c68-20261009/source/include/pops/numerics/nonlinear/prepared_local_nonlinear.hpp(248): warning #20013-D: calling a constexpr __host__ function("max") from a __host__ __device__ function("local_finite") is not allowed. The experimental flag '--expt-relaxed-constexpr' can be used to allow this.
             value >= -std::numeric_limits<Real>::max();
                       ^

  /gpfs/scratch/rmdraux/PoPS-final-full-native-cuda-dim2-gh200-um-98804c68-20261009/source/include/pops/physics/admissibility/admissible_set.hpp(46): warning #20013-D: calling a constexpr __host__ function("infinity") from a __host__ __device__ function("finite") is not allowed. The experimental flag '--expt-relaxed-constexpr' can be used to allow this.
      constexpr Real infinity = std::numeric_limits<Real>::infinity();
                                ^

  /gpfs/scratch/rmdraux/PoPS-final-full-native-cuda-dim2-gh200-um-98804c68-20261009/source/include/pops/numerics/nonlinear/prepared_variable_recovery.hpp(320): warning #20013-D: calling a constexpr __host__ function("max") from a __host__ __device__ function("recovery_finite") is not allowed. The experimental flag '--expt-relaxed-constexpr' can be used to allow this.
      return value == value && value <= std::numeric_limits<Real>::max() &&
                                        ^

  /gpfs/scratch/rmdraux/PoPS-final-full-native-cuda-dim2-gh200-um-98804c68-20261009/source/include/pops/numerics/nonlinear/prepared_variable_recovery.hpp(321): warning #20013-D: calling a constexpr __host__ function("max") from a __host__ __device__ function("recovery_finite") is not allowed. The experimental flag '--expt-relaxed-constexpr' can be used to allow this.
             value >= -std::numeric_limits<Real>::max();
                       ^

  /gpfs/scratch/rmdraux/PoPS-final-full-native-cuda-dim2-gh200-um-98804c68-20261009/source/include/pops/mesh/index/entity_index.hpp(27): warning #20012-D: __device__ annotation is ignored on a function("FaceIndex") that is explicitly defaulted on its first declaration
      __attribute__((device)) __attribute__((host)) constexpr FaceIndex() = default;
                     ^

  /gpfs/scratch/rmdraux/PoPS-final-full-native-cuda-dim2-gh200-um-98804c68-20261009/source/include/pops/mesh/index/entity_index.hpp(27): warning #20012-D: __host__ annotation is ignored on a function("FaceIndex") that is explicitly defaulted on its first declaration
      __attribute__((device)) __attribute__((host)) constexpr FaceIndex() = default;
                                             ^

  /gpfs/scratch/rmdraux/PoPS-final-full-native-cuda-dim2-gh200-um-98804c68-20261009/source/include/pops/mesh/index/entity_index.hpp(33): warning #20012-D: __device__ annotation is ignored on a function("operator==") that is explicitly defaulted on its first declaration
      __attribute__((device)) __attribute__((host)) constexpr bool operator==(const FaceIndex&) const = default;
                     ^

  /gpfs/scratch/rmdraux/PoPS-final-full-native-cuda-dim2-gh200-um-98804c68-20261009/source/include/pops/mesh/index/entity_index.hpp(33): warning #20012-D: __host__ annotation is ignored on a function("operator==") that is explicitly defaulted on its first declaration
      __attribute__((device)) __attribute__((host)) constexpr bool operator==(const FaceIndex&) const = default;
                                             ^

  /gpfs/scratch/rmdraux/PoPS-final-full-native-cuda-dim2-gh200-um-98804c68-20261009/source/include/pops/runtime/analytic/initial_materialization.hpp(115): warning #20013-D: calling a constexpr __host__ function("quiet_NaN") from a __host__ __device__ function("operator()") is not allowed. The experimental flag '--expt-relaxed-constexpr' can be used to allow this.
              return std::numeric_limits<Real>::quiet_NaN();
                     ^
            detected during:
              instantiation of "pops::Real pops::analytic::detail::AnalyticInitialFiniteKernel<Dim>::operator()(const pops::Index<Dim> &) const [with Dim=2]" at line 300 of /gpfs/scratch/rmdraux/PoPS-final-full-native-cuda-dim2-gh200-um-98804c68-20261009/source/include/pops/mesh/execution/for_each.hpp
              instantiation of "pops::Real pops::for_each_cell_reduce_sum(const ExecutionSpace &, const pops::Box<Dim> &, F) [with ExecutionSpace=Kokkos::DefaultExecutionSpace, Dim=2, F=pops::analytic::detail::AnalyticInitialFiniteKernel<2>]" at line 313 of /gpfs/scratch/rmdraux/PoPS-final-full-native-cuda-dim2-gh200-um-98804c68-20261009/source/include/pops/mesh/execution/for_each.hpp
              instantiation of "pops::Real pops::for_each_cell_reduce_sum(const pops::Box<Dim> &, F) [with Dim=2, F=pops::analytic::detail::AnalyticInitialFiniteKernel<2>]" at line 394
              instantiation of "int64_t pops::analytic::materialize_cell_average(const pops::analytic::PreparedAnalyticMaterialization<Dim, MemorySpace> &, const pops::CommunicatorView &) [with Dim=2, MemorySpace=Kokkos::Cuda::memory_space]" at line 1478 of /gpfs/scratch/rmdraux/PoPS-final-full-native-cuda-dim2-gh200-um-98804c68-20261009/source/src/runtime/system/system_fields.cpp
              instantiation of "int64_t pops::System<Dim>::set_analytic_expression_state(const std::string &, const std::string &, const std::string &, const std::string &, const std::vector<std::vector<std::string, std::allocator<std::string>>, std::allocator<std::vector<std::string, std::allocator<std::string>>>> &, const std::vector<std::vector<pops::Real, std::allocator<pops::Real>>, std::allocator<std::vector<pops::Real, std::allocator<pops::Real>>>> &) [with Dim=2]" at line 1879 of /gpfs/scratch/rmdraux/PoPS-final-full-native-cuda-dim2-gh200-um-98804c68-20261009/source/src/runtime/system/system_fields.cpp

  /gpfs/scratch/rmdraux/PoPS-final-full-native-cuda-dim2-gh200-um-98804c68-20261009/source/include/pops/runtime/analytic/initial_materialization.hpp(122): warning #20013-D: calling a constexpr __host__ function("quiet_NaN") from a __host__ __device__ function("operator()") is not allowed. The experimental flag '--expt-relaxed-constexpr' can be used to allow this.
                     : std::numeric_limits<Real>::quiet_NaN();
                       ^
            detected during:
              instantiation of "pops::Real pops::analytic::detail::AnalyticInitialFiniteKernel<Dim>::operator()(const pops::Index<Dim> &) const [with Dim=2]" at line 300 of /gpfs/scratch/rmdraux/PoPS-final-full-native-cuda-dim2-gh200-um-98804c68-20261009/source/include/pops/mesh/execution/for_each.hpp
              instantiation of "pops::Real pops::for_each_cell_reduce_sum(const ExecutionSpace &, const pops::Box<Dim> &, F) [with ExecutionSpace=Kokkos::DefaultExecutionSpace, Dim=2, F=pops::analytic::detail::AnalyticInitialFiniteKernel<2>]" at line 313 of /gpfs/scratch/rmdraux/PoPS-final-full-native-cuda-dim2-gh200-um-98804c68-20261009/source/include/pops/mesh/execution/for_each.hpp
              instantiation of "pops::Real pops::for_each_cell_reduce_sum(const pops::Box<Dim> &, F) [with Dim=2, F=pops::analytic::detail::AnalyticInitialFiniteKernel<2>]" at line 394
              instantiation of "int64_t pops::analytic::materialize_cell_average(const pops::analytic::PreparedAnalyticMaterialization<Dim, MemorySpace> &, const pops::CommunicatorView &) [with Dim=2, MemorySpace=Kokkos::Cuda::memory_space]" at line 1478 of /gpfs/scratch/rmdraux/PoPS-final-full-native-cuda-dim2-gh200-um-98804c68-20261009/source/src/runtime/system/system_fields.cpp
              instantiation of "int64_t pops::System<Dim>::set_analytic_expression_state(const std::string &, const std::string &, const std::string &, const std::string &, const std::vector<std::vector<std::string, std::allocator<std::string>>, std::allocator<std::vector<std::string, std::allocator<std::string>>>> &, const std::vector<std::vector<pops::Real, std::allocator<pops::Real>>, std::allocator<std::vector<pops::Real, std::allocator<pops::Real>>>> &) [with Dim=2]" at line 1879 of /gpfs/scratch/rmdraux/PoPS-final-full-native-cuda-dim2-gh200-um-98804c68-20261009/source/src/runtime/system/system_fields.cpp

  /gpfs/scratch/rmdraux/PoPS-final-full-native-cuda-dim2-gh200-um-98804c68-20261009/source/include/pops/runtime/analytic/expression.hpp(344): warning #20013-D: calling a constexpr __host__ function("quiet_NaN") from a __host__ __device__ function("eval_checked") is not allowed. The experimental flag '--expt-relaxed-constexpr' can be used to allow this.
          return {std::numeric_limits<Real>::quiet_NaN(), false};
                  ^
            detected during:
              instantiation of "pops::Real pops::analytic::detail::AnalyticCellAverage<Dim>::operator()(const pops::Index<Dim> &) const [with Dim=2]" at line 178 of /gpfs/scratch/rmdraux/PoPS-final-full-native-cuda-dim2-gh200-um-98804c68-20261009/source/include/pops/runtime/analytic/initial_materialization.hpp
              instantiation of "pops::Real pops::analytic::detail::AnalyticInitialFiniteKernel<Dim>::operator()(const pops::Index<Dim> &) const [with Dim=2]" at line 300 of /gpfs/scratch/rmdraux/PoPS-final-full-native-cuda-dim2-gh200-um-98804c68-20261009/source/include/pops/mesh/execution/for_each.hpp
              instantiation of "pops::Real pops::for_each_cell_reduce_sum(const ExecutionSpace &, const pops::Box<Dim> &, F) [with ExecutionSpace=Kokkos::DefaultExecutionSpace, Dim=2, F=pops::analytic::detail::AnalyticInitialFiniteKernel<2>]" at line 313 of /gpfs/scratch/rmdraux/PoPS-final-full-native-cuda-dim2-gh200-um-98804c68-20261009/source/include/pops/mesh/execution/for_each.hpp
              instantiation of "pops::Real pops::for_each_cell_reduce_sum(const pops::Box<Dim> &, F) [with Dim=2, F=pops::analytic::detail::AnalyticInitialFiniteKernel<2>]" at line 394 of /gpfs/scratch/rmdraux/PoPS-final-full-native-cuda-dim2-gh200-um-98804c68-20261009/source/include/pops/runtime/analytic/initial_materialization.hpp
              instantiation of "int64_t pops::analytic::materialize_cell_average(const pops::analytic::PreparedAnalyticMaterialization<Dim, MemorySpace> &, const pops::CommunicatorView &) [with Dim=2, MemorySpace=Kokkos::Cuda::memory_space]" at line 1478 of /gpfs/scratch/rmdraux/PoPS-final-full-native-cuda-dim2-gh200-um-98804c68-20261009/source/src/runtime/system/system_fields.cpp
              instantiation of "int64_t pops::System<Dim>::set_analytic_expression_state(const std::string &, const std::string &, const std::string &, const std::string &, const std::vector<std::vector<std::string, std::allocator<std::string>>, std::allocator<std::vector<std::string, std::allocator<std::string>>>> &, const std::vector<std::vector<pops::Real, std::allocator<pops::Real>>, std::allocator<std::vector<pops::Real, std::allocator<pops::Real>>>> &) [with Dim=2]" at line 1879 of /gpfs/scratch/rmdraux/PoPS-final-full-native-cuda-dim2-gh200-um-98804c68-20261009/source/src/runtime/system/system_fields.cpp

  /gpfs/scratch/rmdraux/PoPS-final-full-native-cuda-dim2-gh200-um-98804c68-20261009/source/include/pops/runtime/analytic/expression.hpp(367): warning #20013-D: calling a constexpr __host__ function("quiet_NaN") from a __host__ __device__ function("eval_checked") is not allowed. The experimental flag '--expt-relaxed-constexpr' can be used to allow this.
              values[sp] = available ? coordinates[axis] : std::numeric_limits<Real>::quiet_NaN();
                                                           ^
            detected during:
              instantiation of "pops::Real pops::analytic::detail::AnalyticCellAverage<Dim>::operator()(const pops::Index<Dim> &) const [with Dim=2]" at line 178 of /gpfs/scratch/rmdraux/PoPS-final-full-native-cuda-dim2-gh200-um-98804c68-20261009/source/include/pops/runtime/analytic/initial_materialization.hpp
              instantiation of "pops::Real pops::analytic::detail::AnalyticInitialFiniteKernel<Dim>::operator()(const pops::Index<Dim> &) const [with Dim=2]" at line 300 of /gpfs/scratch/rmdraux/PoPS-final-full-native-cuda-dim2-gh200-um-98804c68-20261009/source/include/pops/mesh/execution/for_each.hpp
              instantiation of "pops::Real pops::for_each_cell_reduce_sum(const ExecutionSpace &, const pops::Box<Dim> &, F) [with ExecutionSpace=Kokkos::DefaultExecutionSpace, Dim=2, F=pops::analytic::detail::AnalyticInitialFiniteKernel<2>]" at line 313 of /gpfs/scratch/rmdraux/PoPS-final-full-native-cuda-dim2-gh200-um-98804c68-20261009/source/include/pops/mesh/execution/for_each.hpp
              instantiation of "pops::Real pops::for_each_cell_reduce_sum(const pops::Box<Dim> &, F) [with Dim=2, F=pops::analytic::detail::AnalyticInitialFiniteKernel<2>]" at line 394 of /gpfs/scratch/rmdraux/PoPS-final-full-native-cuda-dim2-gh200-um-98804c68-20261009/source/include/pops/runtime/analytic/initial_materialization.hpp
              instantiation of "int64_t pops::analytic::materialize_cell_average(const pops::analytic::PreparedAnalyticMaterialization<Dim, MemorySpace> &, const pops::CommunicatorView &) [with Dim=2, MemorySpace=Kokkos::Cuda::memory_space]" at line 1478 of /gpfs/scratch/rmdraux/PoPS-final-full-native-cuda-dim2-gh200-um-98804c68-20261009/source/src/runtime/system/system_fields.cpp
              instantiation of "int64_t pops::System<Dim>::set_analytic_expression_state(const std::string &, const std::string &, const std::string &, const std::string &, const std::vector<std::vector<std::string, std::allocator<std::string>>, std::allocator<std::vector<std::string, std::allocator<std::string>>>> &, const std::vector<std::vector<pops::Real, std::allocator<pops::Real>>, std::allocator<std::vector<pops::Real, std::allocator<pops::Real>>>> &) [with Dim=2]" at line 1879 of /gpfs/scratch/rmdraux/PoPS-final-full-native-cuda-dim2-gh200-um-98804c68-20261009/source/src/runtime/system/system_fields.cpp

  /gpfs/scratch/rmdraux/PoPS-final-full-native-cuda-dim2-gh200-um-98804c68-20261009/source/include/pops/runtime/analytic/expression.hpp(376): warning #20013-D: calling a constexpr __host__ function("quiet_NaN") from a __host__ __device__ function("eval_checked") is not allowed. The experimental flag '--expt-relaxed-constexpr' can be used to allow this.
              values[sp] = ok ? inputs[slot] : std::numeric_limits<Real>::quiet_NaN();
                                               ^
            detected during:
              instantiation of "pops::Real pops::analytic::detail::AnalyticCellAverage<Dim>::operator()(const pops::Index<Dim> &) const [with Dim=2]" at line 178 of /gpfs/scratch/rmdraux/PoPS-final-full-native-cuda-dim2-gh200-um-98804c68-20261009/source/include/pops/runtime/analytic/initial_materialization.hpp
              instantiation of "pops::Real pops::analytic::detail::AnalyticInitialFiniteKernel<Dim>::operator()(const pops::Index<Dim> &) const [with Dim=2]" at line 300 of /gpfs/scratch/rmdraux/PoPS-final-full-native-cuda-dim2-gh200-um-98804c68-20261009/source/include/pops/mesh/execution/for_each.hpp
              instantiation of "pops::Real pops::for_each_cell_reduce_sum(const ExecutionSpace &, const pops::Box<Dim> &, F) [with ExecutionSpace=Kokkos::DefaultExecutionSpace, Dim=2, F=pops::analytic::detail::AnalyticInitialFiniteKernel<2>]" at line 313 of /gpfs/scratch/rmdraux/PoPS-final-full-native-cuda-dim2-gh200-um-98804c68-20261009/source/include/pops/mesh/execution/for_each.hpp
              instantiation of "pops::Real pops::for_each_cell_reduce_sum(const pops::Box<Dim> &, F) [with Dim=2, F=pops::analytic::detail::AnalyticInitialFiniteKernel<2>]" at line 394 of /gpfs/scratch/rmdraux/PoPS-final-full-native-cuda-dim2-gh200-um-98804c68-20261009/source/include/pops/runtime/analytic/initial_materialization.hpp
              instantiation of "int64_t pops::analytic::materialize_cell_average(const pops::analytic::PreparedAnalyticMaterialization<Dim, MemorySpace> &, const pops::CommunicatorView &) [with Dim=2, MemorySpace=Kokkos::Cuda::memory_space]" at line 1478 of /gpfs/scratch/rmdraux/PoPS-final-full-native-cuda-dim2-gh200-um-98804c68-20261009/source/src/runtime/system/system_fields.cpp
              instantiation of "int64_t pops::System<Dim>::set_analytic_expression_state(const std::string &, const std::string &, const std::string &, const std::string &, const std::vector<std::vector<std::string, std::allocator<std::string>>, std::allocator<std::vector<std::string, std::allocator<std::string>>>> &, const std::vector<std::vector<pops::Real, std::allocator<pops::Real>>, std::allocator<std::vector<pops::Real, std::allocator<pops::Real>>>> &) [with Dim=2]" at line 1879 of /gpfs/scratch/rmdraux/PoPS-final-full-native-cuda-dim2-gh200-um-98804c68-20261009/source/src/runtime/system/system_fields.cpp

  /gpfs/scratch/rmdraux/PoPS-final-full-native-cuda-dim2-gh200-um-98804c68-20261009/source/include/pops/runtime/analytic/expression.hpp(569): warning #20013-D: calling a constexpr __host__ function("quiet_NaN") from a __host__ __device__ function("eval") is not allowed. The experimental flag '--expt-relaxed-constexpr' can be used to allow this.
        return result.valid ? result.value : std::numeric_limits<Real>::quiet_NaN();
                                             ^
            detected during:
              instantiation of "pops::Real pops::analytic::detail::AnalyticCellAverage<Dim>::operator()(const pops::Index<Dim> &) const [with Dim=2]" at line 178 of /gpfs/scratch/rmdraux/PoPS-final-full-native-cuda-dim2-gh200-um-98804c68-20261009/source/include/pops/runtime/analytic/initial_materialization.hpp
              instantiation of "pops::Real pops::analytic::detail::AnalyticInitialFiniteKernel<Dim>::operator()(const pops::Index<Dim> &) const [with Dim=2]" at line 300 of /gpfs/scratch/rmdraux/PoPS-final-full-native-cuda-dim2-gh200-um-98804c68-20261009/source/include/pops/mesh/execution/for_each.hpp
              instantiation of "pops::Real pops::for_each_cell_reduce_sum(const ExecutionSpace &, const pops::Box<Dim> &, F) [with ExecutionSpace=Kokkos::DefaultExecutionSpace, Dim=2, F=pops::analytic::detail::AnalyticInitialFiniteKernel<2>]" at line 313 of /gpfs/scratch/rmdraux/PoPS-final-full-native-cuda-dim2-gh200-um-98804c68-20261009/source/include/pops/mesh/execution/for_each.hpp
              instantiation of "pops::Real pops::for_each_cell_reduce_sum(const pops::Box<Dim> &, F) [with Dim=2, F=pops::analytic::detail::AnalyticInitialFiniteKernel<2>]" at line 394 of /gpfs/scratch/rmdraux/PoPS-final-full-native-cuda-dim2-gh200-um-98804c68-20261009/source/include/pops/runtime/analytic/initial_materialization.hpp
              instantiation of "int64_t pops::analytic::materialize_cell_average(const pops::analytic::PreparedAnalyticMaterialization<Dim, MemorySpace> &, const pops::CommunicatorView &) [with Dim=2, MemorySpace=Kokkos::Cuda::memory_space]" at line 1478 of /gpfs/scratch/rmdraux/PoPS-final-full-native-cuda-dim2-gh200-um-98804c68-20261009/source/src/runtime/system/system_fields.cpp
              instantiation of "int64_t pops::System<Dim>::set_analytic_expression_state(const std::string &, const std::string &, const std::string &, const std::string &, const std::vector<std::vector<std::string, std::allocator<std::string>>, std::allocator<std::vector<std::string, std::allocator<std::string>>>> &, const std::vector<std::vector<pops::Real, std::allocator<pops::Real>>, std::allocator<std::vector<pops::Real, std::allocator<pops::Real>>>> &) [with Dim=2]" at line 1879 of /gpfs/scratch/rmdraux/PoPS-final-full-native-cuda-dim2-gh200-um-98804c68-20261009/source/src/runtime/system/system_fields.cpp

  /gpfs/scratch/rmdraux/PoPS-final-full-native-cuda-dim2-gh200-um-98804c68-20261009/source/include/pops/runtime/analytic/initial_materialization.hpp(216): warning #20013-D: calling a constexpr __host__ function("quiet_NaN") from a __host__ __device__ function("operator()") is not allowed. The experimental flag '--expt-relaxed-constexpr' can be used to allow this.
        values(index, component) = result.valid ? result.value : std::numeric_limits<Real>::quiet_NaN();
                                                                 ^
            detected during:
              instantiation of "void pops::detail::launch_index_space(const ExecutionSpace &, const pops::Box<Dim> &, const char *, F) [with ExecutionSpace=Kokkos::DefaultExecutionSpace, Dim=2, F=pops::analytic::detail::AnalyticMappedInitialKernel<2>]" at line 230 of /gpfs/scratch/rmdraux/PoPS-final-full-native-cuda-dim2-gh200-um-98804c68-20261009/source/include/pops/mesh/execution/for_each.hpp
              instantiation of "void pops::for_each_cell(const ExecutionSpace &, const pops::Box<Dim> &, F) [with ExecutionSpace=Kokkos::DefaultExecutionSpace, Dim=2, F=pops::analytic::detail::AnalyticMappedInitialKernel<2>]" at line 253 of /gpfs/scratch/rmdraux/PoPS-final-full-native-cuda-dim2-gh200-um-98804c68-20261009/source/include/pops/mesh/execution/for_each.hpp
              instantiation of "void pops::for_each_cell(const pops::Box<Dim> &, F) [with Dim=2, F=pops::analytic::detail::AnalyticMappedInitialKernel<2>]" at line 493
              instantiation of "int64_t pops::analytic::materialize_discrete_mapped_state(pops::MultiFab<Dim, MemorySpace> &, const pops::Geometry<Dim> &, const std::vector<pops::analytic::AnalyticProgram, std::allocator<pops::analytic::AnalyticProgram>> &, const std::vector<pops::analytic::detail::AnalyticMappedInputField<Dim, MemorySpace>, std::allocator<pops::analytic::detail::AnalyticMappedInputField<Dim, MemorySpace>>> &) [with Dim=2, MemorySpace=Kokkos::Cuda::memory_space]" at line 1614 of /gpfs/scratch/rmdraux/PoPS-final-full-native-cuda-dim2-gh200-um-98804c68-20261009/source/src/runtime/system/system_fields.cpp
              instantiation of "int64_t pops::System<Dim>::set_analytic_mapped_state(const std::string &, const std::vector<std::vector<std::string, std::allocator<std::string>>, std::allocator<std::vector<std::string, std::allocator<std::string>>>> &, const std::vector<std::vector<pops::Real, std::allocator<pops::Real>>, std::allocator<std::vector<pops::Real, std::allocator<pops::Real>>>> &, const std::vector<pops::runtime::system::AnalyticMappedInput, std::allocator<pops::runtime::system::AnalyticMappedInput>> &, const std::string &) [with Dim=2]" at line 1882 of /gpfs/scratch/rmdraux/PoPS-final-full-native-cuda-dim2-gh200-um-98804c68-20261009/source/src/runtime/system/system_fields.cpp

  /gpfs/scratch/rmdraux/PoPS-final-full-native-cuda-dim2-gh200-um-98804c68-20261009/source/include/pops/mesh/storage/mf_arith.hpp(303): warning #20013-D: calling a constexpr __host__ function("lowest") from a __host__ __device__ function("operator()") is not allowed. The experimental flag '--expt-relaxed-constexpr' can be used to allow this.
          return std::numeric_limits<Real>::lowest();
                 ^
            detected during:
              instantiation of "pops::Real pops::for_each_cell_reduce_max(const ExecutionSpace &, const pops::Box<Dim> &, F) [with ExecutionSpace=Kokkos::DefaultExecutionSpace, Dim=2, F=pops::mf_arith_detail::ActiveMaxKernel<2>]" at line 419 of /gpfs/scratch/rmdraux/PoPS-final-full-native-cuda-dim2-gh200-um-98804c68-20261009/source/include/pops/mesh/execution/for_each.hpp
              instantiation of "pops::Real pops::for_each_cell_reduce_max(const pops::Box<Dim> &, F) [with Dim=2, F=pops::mf_arith_detail::ActiveMaxKernel<2>]" at line 975
              instantiation of "pops::Real pops::reduce_min(const pops::MultiFab<Dim, MemorySpace> &, int, const pops::RelativeCellMeasure<Dim, MemorySpace> &) [with Dim=2, MemorySpace=Kokkos::Cuda::memory_space]" at line 1300 of /gpfs/scratch/rmdraux/PoPS-final-full-native-cuda-dim2-gh200-um-98804c68-20261009/source/src/runtime/system/system_fields.cpp
              instantiation of "double pops::System<Dim>::reduce_component(const std::string &, const std::string &, int) const [with Dim=2]" at line 1869 of /gpfs/scratch/rmdraux/PoPS-final-full-native-cuda-dim2-gh200-um-98804c68-20261009/source/src/runtime/system/system_fields.cpp

  /gpfs/scratch/rmdraux/PoPS-final-full-native-cuda-dim2-gh200-um-98804c68-20261009/source/include/pops/mesh/storage/mf_arith.hpp(307): warning #20013-D: calling a constexpr __host__ function("max") from a __host__ __device__ function("operator()") is not allowed. The experimental flag '--expt-relaxed-constexpr' can be used to allow this.
          if (!(value <= std::numeric_limits<Real>::max()))
                         ^
            detected during:
              instantiation of "pops::Real pops::for_each_cell_reduce_max(const ExecutionSpace &, const pops::Box<Dim> &, F) [with ExecutionSpace=Kokkos::DefaultExecutionSpace, Dim=2, F=pops::mf_arith_detail::ActiveMaxKernel<2>]" at line 419 of /gpfs/scratch/rmdraux/PoPS-final-full-native-cuda-dim2-gh200-um-98804c68-20261009/source/include/pops/mesh/execution/for_each.hpp
              instantiation of "pops::Real pops::for_each_cell_reduce_max(const pops::Box<Dim> &, F) [with Dim=2, F=pops::mf_arith_detail::ActiveMaxKernel<2>]" at line 975
              instantiation of "pops::Real pops::reduce_min(const pops::MultiFab<Dim, MemorySpace> &, int, const pops::RelativeCellMeasure<Dim, MemorySpace> &) [with Dim=2, MemorySpace=Kokkos::Cuda::memory_space]" at line 1300 of /gpfs/scratch/rmdraux/PoPS-final-full-native-cuda-dim2-gh200-um-98804c68-20261009/source/src/runtime/system/system_fields.cpp
              instantiation of "double pops::System<Dim>::reduce_component(const std::string &, const std::string &, int) const [with Dim=2]" at line 1869 of /gpfs/scratch/rmdraux/PoPS-final-full-native-cuda-dim2-gh200-um-98804c68-20261009/source/src/runtime/system/system_fields.cpp

  /gpfs/scratch/rmdraux/PoPS-final-full-native-cuda-dim2-gh200-um-98804c68-20261009/source/include/pops/mesh/storage/mf_arith.hpp(308): warning #20013-D: calling a constexpr __host__ function("infinity") from a __host__ __device__ function("operator()") is not allowed. The experimental flag '--expt-relaxed-constexpr' can be used to allow this.
            value = std::numeric_limits<Real>::infinity();
                    ^
            detected during:
              instantiation of "pops::Real pops::for_each_cell_reduce_max(const ExecutionSpace &, const pops::Box<Dim> &, F) [with ExecutionSpace=Kokkos::DefaultExecutionSpace, Dim=2, F=pops::mf_arith_detail::ActiveMaxKernel<2>]" at line 419 of /gpfs/scratch/rmdraux/PoPS-final-full-native-cuda-dim2-gh200-um-98804c68-20261009/source/include/pops/mesh/execution/for_each.hpp
              instantiation of "pops::Real pops::for_each_cell_reduce_max(const pops::Box<Dim> &, F) [with Dim=2, F=pops::mf_arith_detail::ActiveMaxKernel<2>]" at line 975
              instantiation of "pops::Real pops::reduce_min(const pops::MultiFab<Dim, MemorySpace> &, int, const pops::RelativeCellMeasure<Dim, MemorySpace> &) [with Dim=2, MemorySpace=Kokkos::Cuda::memory_space]" at line 1300 of /gpfs/scratch/rmdraux/PoPS-final-full-native-cuda-dim2-gh200-um-98804c68-20261009/source/src/runtime/system/system_fields.cpp
              instantiation of "double pops::System<Dim>::reduce_component(const std::string &, const std::string &, int) const [with Dim=2]" at line 1869 of /gpfs/scratch/rmdraux/PoPS-final-full-native-cuda-dim2-gh200-um-98804c68-20261009/source/src/runtime/system/system_fields.cpp

  /gpfs/scratch/rmdraux/PoPS-final-full-native-cuda-dim2-gh200-um-98804c68-20261009/source/include/pops/mesh/storage/mf_arith.hpp(186): warning #20013-D: calling a constexpr __host__ function("max") from a __host__ __device__ function("operator()") is not allowed. The experimental flag '--expt-relaxed-constexpr' can be used to allow this.
        return magnitude <= std::numeric_limits<Real>::max() ? magnitude
                            ^
            detected during:
              instantiation of "pops::Real pops::for_each_cell_reduce_max(const ExecutionSpace &, const pops::Box<Dim> &, F) [with ExecutionSpace=Kokkos::DefaultExecutionSpace, Dim=2, F=pops::mf_arith_detail::NormInfKernel<2>]" at line 419 of /gpfs/scratch/rmdraux/PoPS-final-full-native-cuda-dim2-gh200-um-98804c68-20261009/source/include/pops/mesh/execution/for_each.hpp
              instantiation of "pops::Real pops::for_each_cell_reduce_max(const pops::Box<Dim> &, F) [with Dim=2, F=pops::mf_arith_detail::NormInfKernel<2>]" at line 529
              instantiation of "pops::Real pops::norm_inf(const pops::MultiFab<Dim, MemorySpace> &, int) [with Dim=2, MemorySpace=Kokkos::Cuda::memory_space]" at line 798
              instantiation of "pops::Real pops::reduce_norm_inf(const pops::MultiFab<Dim, MemorySpace> &, int) [with Dim=2, MemorySpace=Kokkos::Cuda::memory_space]" at line 987
              instantiation of "pops::Real pops::reduce_norm_inf(const pops::MultiFab<Dim, MemorySpace> &, int, const pops::RelativeCellMeasure<Dim, MemorySpace> &) [with Dim=2, MemorySpace=Kokkos::Cuda::memory_space]" at line 1308 of /gpfs/scratch/rmdraux/PoPS-final-full-native-cuda-dim2-gh200-um-98804c68-20261009/source/src/runtime/system/system_fields.cpp
              instantiation of "double pops::System<Dim>::reduce_component(const std::string &, const std::string &, int) const [with Dim=2]" at line 1869 of /gpfs/scratch/rmdraux/PoPS-final-full-native-cuda-dim2-gh200-um-98804c68-20261009/source/src/runtime/system/system_fields.cpp

  /gpfs/scratch/rmdraux/PoPS-final-full-native-cuda-dim2-gh200-um-98804c68-20261009/source/include/pops/mesh/storage/mf_arith.hpp(187): warning #20013-D: calling a constexpr __host__ function("infinity") from a __host__ __device__ function("operator()") is not allowed. The experimental flag '--expt-relaxed-constexpr' can be used to allow this.
                                                             : std::numeric_limits<Real>::infinity();
                                                               ^
            detected during:
              instantiation of "pops::Real pops::for_each_cell_reduce_max(const ExecutionSpace &, const pops::Box<Dim> &, F) [with ExecutionSpace=Kokkos::DefaultExecutionSpace, Dim=2, F=pops::mf_arith_detail::NormInfKernel<2>]" at line 419 of /gpfs/scratch/rmdraux/PoPS-final-full-native-cuda-dim2-gh200-um-98804c68-20261009/source/include/pops/mesh/execution/for_each.hpp
              instantiation of "pops::Real pops::for_each_cell_reduce_max(const pops::Box<Dim> &, F) [with Dim=2, F=pops::mf_arith_detail::NormInfKernel<2>]" at line 529
              instantiation of "pops::Real pops::norm_inf(const pops::MultiFab<Dim, MemorySpace> &, int) [with Dim=2, MemorySpace=Kokkos::Cuda::memory_space]" at line 798
              instantiation of "pops::Real pops::reduce_norm_inf(const pops::MultiFab<Dim, MemorySpace> &, int) [with Dim=2, MemorySpace=Kokkos::Cuda::memory_space]" at line 987
              instantiation of "pops::Real pops::reduce_norm_inf(const pops::MultiFab<Dim, MemorySpace> &, int, const pops::RelativeCellMeasure<Dim, MemorySpace> &) [with Dim=2, MemorySpace=Kokkos::Cuda::memory_space]" at line 1308 of /gpfs/scratch/rmdraux/PoPS-final-full-native-cuda-dim2-gh200-um-98804c68-20261009/source/src/runtime/system/system_fields.cpp
              instantiation of "double pops::System<Dim>::reduce_component(const std::string &, const std::string &, int) const [with Dim=2]" at line 1869 of /gpfs/scratch/rmdraux/PoPS-final-full-native-cuda-dim2-gh200-um-98804c68-20261009/source/src/runtime/system/system_fields.cpp

  /gpfs/scratch/rmdraux/PoPS-final-full-native-cuda-dim2-gh200-um-98804c68-20261009/source/include/pops/numerics/elliptic/nd/cartesian_poisson.hpp(138): warning #20013-D: calling a constexpr __host__ function("operator[]") from a __host__ __device__ function("operator()") is not allowed. The experimental flag '--expt-relaxed-constexpr' can be used to allow this.
            if (boundaries[static_cast<std::size_t>(face)] == CartesianBoundaryKind::periodic)
                          ^
            detected during:
              instantiation of "void pops::elliptic::nd::detail::PhysicalGhostKernel<Dim>::operator()(const pops::Index<Dim> &) const [with Dim=2]" at line 192 of /gpfs/scratch/rmdraux/PoPS-final-full-native-cuda-dim2-gh200-um-98804c68-20261009/source/include/pops/mesh/execution/for_each.hpp
              instantiation of "void pops::detail::launch_index_space(const ExecutionSpace &, const pops::Box<Dim> &, const char *, F) [with ExecutionSpace=Kokkos::DefaultExecutionSpace, Dim=2, F=pops::elliptic::nd::detail::PhysicalGhostKernel<2>]" at line 230 of /gpfs/scratch/rmdraux/PoPS-final-full-native-cuda-dim2-gh200-um-98804c68-20261009/source/include/pops/mesh/execution/for_each.hpp
              instantiation of "void pops::for_each_cell(const ExecutionSpace &, const pops::Box<Dim> &, F) [with ExecutionSpace=Kokkos::DefaultExecutionSpace, Dim=2, F=pops::elliptic::nd::detail::PhysicalGhostKernel<2>]" at line 253 of /gpfs/scratch/rmdraux/PoPS-final-full-native-cuda-dim2-gh200-um-98804c68-20261009/source/include/pops/mesh/execution/for_each.hpp
              instantiation of "void pops::for_each_cell(const pops::Box<Dim> &, F) [with Dim=2, F=pops::elliptic::nd::detail::PhysicalGhostKernel<2>]" at line 619
              instantiation of "void pops::elliptic::nd::CartesianPoissonSolver<Dim>::fill_static_halo_(__nv_bool) [with Dim=2]" at line 640
              [ 15 instantiation contexts not shown ]
              instantiation of "std::__shared_ptr<_Tp, _Lp>::__shared_ptr(std::_Sp_alloc_shared_tag<_Alloc>, _Args &&...) [with _Tp=pops::runtime::system::ExactNamedField<2>, _Lp=__gnu_cxx::_S_atomic, _Alloc=std::allocator<void>, _Args=<const char (&)[26], std::__cxx11::basic_string<char, std::char_traits<char>, std::allocator<char>>, pops::runtime::field::NamedFieldOutput<2> &, pops::Geometry<2> &, pops::mesh::BoxArray<2> &, pops::mesh::Distribution<2> &, pops::Index<2> &, const pops::BoundaryTopology<2> &, const pops::elliptic::nd::CartesianPoissonOptions<2> &, std::size_t, const pops::ExecutionLane &>]" at line 465 of /gpfs/projet/r250127/rmdraux/sol61-gpu-bootstrap-20261004/compiler13/lib/gcc/aarch64-conda-linux-gnu/13.4.0/include/c++/bits/shared_ptr.h
              instantiation of "std::shared_ptr<_Tp>::shared_ptr(std::_Sp_alloc_shared_tag<_Alloc>, _Args &&...) [with _Tp=pops::runtime::system::ExactNamedField<2>, _Alloc=std::allocator<void>, _Args=<const char (&)[26], std::__cxx11::basic_string<char, std::char_traits<char>, std::allocator<char>>, pops::runtime::field::NamedFieldOutput<2> &, pops::Geometry<2> &, pops::mesh::BoxArray<2> &, pops::mesh::Distribution<2> &, pops::Index<2> &, const pops::BoundaryTopology<2> &, const pops::elliptic::nd::CartesianPoissonOptions<2> &, std::size_t, const pops::ExecutionLane &>]" at line 1010 of /gpfs/projet/r250127/rmdraux/sol61-gpu-bootstrap-20261004/compiler13/lib/gcc/aarch64-conda-linux-gnu/13.4.0/include/c++/bits/shared_ptr.h
              instantiation of "std::shared_ptr<std::_NonArray<_Tp>> std::make_shared<_Tp,_Args...>(_Args &&...) [with _Tp=pops::runtime::system::ExactNamedField<2>, _Args=<const char (&)[26], std::string, pops::runtime::field::NamedFieldOutput<2> &, pops::Geometry<2> &, pops::mesh::BoxArray<2> &, pops::mesh::Distribution<2> &, pops::Index<2> &, const pops::BoundaryTopology<2> &, const pops::elliptic::nd::CartesianPoissonOptions<2> &, std::size_t, const pops::ExecutionLane &>]" at line 284 of /gpfs/scratch/rmdraux/PoPS-final-full-native-cuda-dim2-gh200-um-98804c68-20261009/source/src/runtime/system/system_fields.cpp
              instantiation of "std::shared_ptr<pops::runtime::system::ExactNamedField<Dim>> pops::<unnamed>::prepare_default_field<Dim,Implementation>(Implementation &, const pops::ExecutionLane &) [with Dim=2, Implementation=pops::System<2>::Impl]" at line 1690 of /gpfs/scratch/rmdraux/PoPS-final-full-native-cuda-dim2-gh200-um-98804c68-20261009/source/src/runtime/system/system_fields.cpp
              instantiation of "std::vector<pops::Real, std::allocator<pops::Real>> pops::System<Dim>::potential() [with Dim=2]" at line 1897 of /gpfs/scratch/rmdraux/PoPS-final-full-native-cuda-dim2-gh200-um-98804c68-20261009/source/src/runtime/system/system_fields.cpp

  /gpfs/scratch/rmdraux/PoPS-final-full-native-cuda-dim2-gh200-um-98804c68-20261009/source/include/pops/numerics/elliptic/nd/cartesian_poisson.hpp(144): warning #20013-D: calling a constexpr __host__ function("operator[]") from a __host__ __device__ function("operator()") is not allowed. The experimental flag '--expt-relaxed-constexpr' can be used to allow this.
            if (boundaries[static_cast<std::size_t>(face)] == CartesianBoundaryKind::periodic)
                          ^
            detected during:
              instantiation of "void pops::elliptic::nd::detail::PhysicalGhostKernel<Dim>::operator()(const pops::Index<Dim> &) const [with Dim=2]" at line 192 of /gpfs/scratch/rmdraux/PoPS-final-full-native-cuda-dim2-gh200-um-98804c68-20261009/source/include/pops/mesh/execution/for_each.hpp
              instantiation of "void pops::detail::launch_index_space(const ExecutionSpace &, const pops::Box<Dim> &, const char *, F) [with ExecutionSpace=Kokkos::DefaultExecutionSpace, Dim=2, F=pops::elliptic::nd::detail::PhysicalGhostKernel<2>]" at line 230 of /gpfs/scratch/rmdraux/PoPS-final-full-native-cuda-dim2-gh200-um-98804c68-20261009/source/include/pops/mesh/execution/for_each.hpp
              instantiation of "void pops::for_each_cell(const ExecutionSpace &, const pops::Box<Dim> &, F) [with ExecutionSpace=Kokkos::DefaultExecutionSpace, Dim=2, F=pops::elliptic::nd::detail::PhysicalGhostKernel<2>]" at line 253 of /gpfs/scratch/rmdraux/PoPS-final-full-native-cuda-dim2-gh200-um-98804c68-20261009/source/include/pops/mesh/execution/for_each.hpp
              instantiation of "void pops::for_each_cell(const pops::Box<Dim> &, F) [with Dim=2, F=pops::elliptic::nd::detail::PhysicalGhostKernel<2>]" at line 619
              instantiation of "void pops::elliptic::nd::CartesianPoissonSolver<Dim>::fill_static_halo_(__nv_bool) [with Dim=2]" at line 640
              [ 15 instantiation contexts not shown ]
              instantiation of "std::__shared_ptr<_Tp, _Lp>::__shared_ptr(std::_Sp_alloc_shared_tag<_Alloc>, _Args &&...) [with _Tp=pops::runtime::system::ExactNamedField<2>, _Lp=__gnu_cxx::_S_atomic, _Alloc=std::allocator<void>, _Args=<const char (&)[26], std::__cxx11::basic_string<char, std::char_traits<char>, std::allocator<char>>, pops::runtime::field::NamedFieldOutput<2> &, pops::Geometry<2> &, pops::mesh::BoxArray<2> &, pops::mesh::Distribution<2> &, pops::Index<2> &, const pops::BoundaryTopology<2> &, const pops::elliptic::nd::CartesianPoissonOptions<2> &, std::size_t, const pops::ExecutionLane &>]" at line 465 of /gpfs/projet/r250127/rmdraux/sol61-gpu-bootstrap-20261004/compiler13/lib/gcc/aarch64-conda-linux-gnu/13.4.0/include/c++/bits/shared_ptr.h
              instantiation of "std::shared_ptr<_Tp>::shared_ptr(std::_Sp_alloc_shared_tag<_Alloc>, _Args &&...) [with _Tp=pops::runtime::system::ExactNamedField<2>, _Alloc=std::allocator<void>, _Args=<const char (&)[26], std::__cxx11::basic_string<char, std::char_traits<char>, std::allocator<char>>, pops::runtime::field::NamedFieldOutput<2> &, pops::Geometry<2> &, pops::mesh::BoxArray<2> &, pops::mesh::Distribution<2> &, pops::Index<2> &, const pops::BoundaryTopology<2> &, const pops::elliptic::nd::CartesianPoissonOptions<2> &, std::size_t, const pops::ExecutionLane &>]" at line 1010 of /gpfs/projet/r250127/rmdraux/sol61-gpu-bootstrap-20261004/compiler13/lib/gcc/aarch64-conda-linux-gnu/13.4.0/include/c++/bits/shared_ptr.h
              instantiation of "std::shared_ptr<std::_NonArray<_Tp>> std::make_shared<_Tp,_Args...>(_Args &&...) [with _Tp=pops::runtime::system::ExactNamedField<2>, _Args=<const char (&)[26], std::string, pops::runtime::field::NamedFieldOutput<2> &, pops::Geometry<2> &, pops::mesh::BoxArray<2> &, pops::mesh::Distribution<2> &, pops::Index<2> &, const pops::BoundaryTopology<2> &, const pops::elliptic::nd::CartesianPoissonOptions<2> &, std::size_t, const pops::ExecutionLane &>]" at line 284 of /gpfs/scratch/rmdraux/PoPS-final-full-native-cuda-dim2-gh200-um-98804c68-20261009/source/src/runtime/system/system_fields.cpp
              instantiation of "std::shared_ptr<pops::runtime::system::ExactNamedField<Dim>> pops::<unnamed>::prepare_default_field<Dim,Implementation>(Implementation &, const pops::ExecutionLane &) [with Dim=2, Implementation=pops::System<2>::Impl]" at line 1690 of /gpfs/scratch/rmdraux/PoPS-final-full-native-cuda-dim2-gh200-um-98804c68-20261009/source/src/runtime/system/system_fields.cpp
              instantiation of "std::vector<pops::Real, std::allocator<pops::Real>> pops::System<Dim>::potential() [with Dim=2]" at line 1897 of /gpfs/scratch/rmdraux/PoPS-final-full-native-cuda-dim2-gh200-um-98804c68-20261009/source/src/runtime/system/system_fields.cpp

  /gpfs/scratch/rmdraux/PoPS-final-full-native-cuda-dim2-gh200-um-98804c68-20261009/source/include/pops/numerics/elliptic/nd/cartesian_poisson.hpp(163): warning #20013-D: calling a constexpr __host__ function("operator[]") from a __host__ __device__ function("operator()") is not allowed. The experimental flag '--expt-relaxed-constexpr' can be used to allow this.
          if (boundaries[ordinal] == CartesianBoundaryKind::periodic)
                        ^
            detected during:
              instantiation of "void pops::elliptic::nd::detail::PhysicalGhostKernel<Dim>::operator()(const pops::Index<Dim> &) const [with Dim=2]" at line 192 of /gpfs/scratch/rmdraux/PoPS-final-full-native-cuda-dim2-gh200-um-98804c68-20261009/source/include/pops/mesh/execution/for_each.hpp
              instantiation of "void pops::detail::launch_index_space(const ExecutionSpace &, const pops::Box<Dim> &, const char *, F) [with ExecutionSpace=Kokkos::DefaultExecutionSpace, Dim=2, F=pops::elliptic::nd::detail::PhysicalGhostKernel<2>]" at line 230 of /gpfs/scratch/rmdraux/PoPS-final-full-native-cuda-dim2-gh200-um-98804c68-20261009/source/include/pops/mesh/execution/for_each.hpp
              instantiation of "void pops::for_each_cell(const ExecutionSpace &, const pops::Box<Dim> &, F) [with ExecutionSpace=Kokkos::DefaultExecutionSpace, Dim=2, F=pops::elliptic::nd::detail::PhysicalGhostKernel<2>]" at line 253 of /gpfs/scratch/rmdraux/PoPS-final-full-native-cuda-dim2-gh200-um-98804c68-20261009/source/include/pops/mesh/execution/for_each.hpp
              instantiation of "void pops::for_each_cell(const pops::Box<Dim> &, F) [with Dim=2, F=pops::elliptic::nd::detail::PhysicalGhostKernel<2>]" at line 619
              instantiation of "void pops::elliptic::nd::CartesianPoissonSolver<Dim>::fill_static_halo_(__nv_bool) [with Dim=2]" at line 640
              [ 15 instantiation contexts not shown ]
              instantiation of "std::__shared_ptr<_Tp, _Lp>::__shared_ptr(std::_Sp_alloc_shared_tag<_Alloc>, _Args &&...) [with _Tp=pops::runtime::system::ExactNamedField<2>, _Lp=__gnu_cxx::_S_atomic, _Alloc=std::allocator<void>, _Args=<const char (&)[26], std::__cxx11::basic_string<char, std::char_traits<char>, std::allocator<char>>, pops::runtime::field::NamedFieldOutput<2> &, pops::Geometry<2> &, pops::mesh::BoxArray<2> &, pops::mesh::Distribution<2> &, pops::Index<2> &, const pops::BoundaryTopology<2> &, const pops::elliptic::nd::CartesianPoissonOptions<2> &, std::size_t, const pops::ExecutionLane &>]" at line 465 of /gpfs/projet/r250127/rmdraux/sol61-gpu-bootstrap-20261004/compiler13/lib/gcc/aarch64-conda-linux-gnu/13.4.0/include/c++/bits/shared_ptr.h
              instantiation of "std::shared_ptr<_Tp>::shared_ptr(std::_Sp_alloc_shared_tag<_Alloc>, _Args &&...) [with _Tp=pops::runtime::system::ExactNamedField<2>, _Alloc=std::allocator<void>, _Args=<const char (&)[26], std::__cxx11::basic_string<char, std::char_traits<char>, std::allocator<char>>, pops::runtime::field::NamedFieldOutput<2> &, pops::Geometry<2> &, pops::mesh::BoxArray<2> &, pops::mesh::Distribution<2> &, pops::Index<2> &, const pops::BoundaryTopology<2> &, const pops::elliptic::nd::CartesianPoissonOptions<2> &, std::size_t, const pops::ExecutionLane &>]" at line 1010 of /gpfs/projet/r250127/rmdraux/sol61-gpu-bootstrap-20261004/compiler13/lib/gcc/aarch64-conda-linux-gnu/13.4.0/include/c++/bits/shared_ptr.h
              instantiation of "std::shared_ptr<std::_NonArray<_Tp>> std::make_shared<_Tp,_Args...>(_Args &&...) [with _Tp=pops::runtime::system::ExactNamedField<2>, _Args=<const char (&)[26], std::string, pops::runtime::field::NamedFieldOutput<2> &, pops::Geometry<2> &, pops::mesh::BoxArray<2> &, pops::mesh::Distribution<2> &, pops::Index<2> &, const pops::BoundaryTopology<2> &, const pops::elliptic::nd::CartesianPoissonOptions<2> &, std::size_t, const pops::ExecutionLane &>]" at line 284 of /gpfs/scratch/rmdraux/PoPS-final-full-native-cuda-dim2-gh200-um-98804c68-20261009/source/src/runtime/system/system_fields.cpp
              instantiation of "std::shared_ptr<pops::runtime::system::ExactNamedField<Dim>> pops::<unnamed>::prepare_default_field<Dim,Implementation>(Implementation &, const pops::ExecutionLane &) [with Dim=2, Implementation=pops::System<2>::Impl]" at line 1690 of /gpfs/scratch/rmdraux/PoPS-final-full-native-cuda-dim2-gh200-um-98804c68-20261009/source/src/runtime/system/system_fields.cpp
              instantiation of "std::vector<pops::Real, std::allocator<pops::Real>> pops::System<Dim>::potential() [with Dim=2]" at line 1897 of /gpfs/scratch/rmdraux/PoPS-final-full-native-cuda-dim2-gh200-um-98804c68-20261009/source/src/runtime/system/system_fields.cpp

  /gpfs/scratch/rmdraux/PoPS-final-full-native-cuda-dim2-gh200-um-98804c68-20261009/source/include/pops/numerics/elliptic/nd/cartesian_poisson.hpp(168): warning #20013-D: calling a constexpr __host__ function("operator[]") from a __host__ __device__ function("operator()") is not allowed. The experimental flag '--expt-relaxed-constexpr' can be used to allow this.
          const Real alpha = boundary_alpha[ordinal];
                                           ^
            detected during:
              instantiation of "void pops::elliptic::nd::detail::PhysicalGhostKernel<Dim>::operator()(const pops::Index<Dim> &) const [with Dim=2]" at line 192 of /gpfs/scratch/rmdraux/PoPS-final-full-native-cuda-dim2-gh200-um-98804c68-20261009/source/include/pops/mesh/execution/for_each.hpp
              instantiation of "void pops::detail::launch_index_space(const ExecutionSpace &, const pops::Box<Dim> &, const char *, F) [with ExecutionSpace=Kokkos::DefaultExecutionSpace, Dim=2, F=pops::elliptic::nd::detail::PhysicalGhostKernel<2>]" at line 230 of /gpfs/scratch/rmdraux/PoPS-final-full-native-cuda-dim2-gh200-um-98804c68-20261009/source/include/pops/mesh/execution/for_each.hpp
              instantiation of "void pops::for_each_cell(const ExecutionSpace &, const pops::Box<Dim> &, F) [with ExecutionSpace=Kokkos::DefaultExecutionSpace, Dim=2, F=pops::elliptic::nd::detail::PhysicalGhostKernel<2>]" at line 253 of /gpfs/scratch/rmdraux/PoPS-final-full-native-cuda-dim2-gh200-um-98804c68-20261009/source/include/pops/mesh/execution/for_each.hpp
              instantiation of "void pops::for_each_cell(const pops::Box<Dim> &, F) [with Dim=2, F=pops::elliptic::nd::detail::PhysicalGhostKernel<2>]" at line 619
              instantiation of "void pops::elliptic::nd::CartesianPoissonSolver<Dim>::fill_static_halo_(__nv_bool) [with Dim=2]" at line 640
              [ 15 instantiation contexts not shown ]
              instantiation of "std::__shared_ptr<_Tp, _Lp>::__shared_ptr(std::_Sp_alloc_shared_tag<_Alloc>, _Args &&...) [with _Tp=pops::runtime::system::ExactNamedField<2>, _Lp=__gnu_cxx::_S_atomic, _Alloc=std::allocator<void>, _Args=<const char (&)[26], std::__cxx11::basic_string<char, std::char_traits<char>, std::allocator<char>>, pops::runtime::field::NamedFieldOutput<2> &, pops::Geometry<2> &, pops::mesh::BoxArray<2> &, pops::mesh::Distribution<2> &, pops::Index<2> &, const pops::BoundaryTopology<2> &, const pops::elliptic::nd::CartesianPoissonOptions<2> &, std::size_t, const pops::ExecutionLane &>]" at line 465 of /gpfs/projet/r250127/rmdraux/sol61-gpu-bootstrap-20261004/compiler13/lib/gcc/aarch64-conda-linux-gnu/13.4.0/include/c++/bits/shared_ptr.h
              instantiation of "std::shared_ptr<_Tp>::shared_ptr(std::_Sp_alloc_shared_tag<_Alloc>, _Args &&...) [with _Tp=pops::runtime::system::ExactNamedField<2>, _Alloc=std::allocator<void>, _Args=<const char (&)[26], std::__cxx11::basic_string<char, std::char_traits<char>, std::allocator<char>>, pops::runtime::field::NamedFieldOutput<2> &, pops::Geometry<2> &, pops::mesh::BoxArray<2> &, pops::mesh::Distribution<2> &, pops::Index<2> &, const pops::BoundaryTopology<2> &, const pops::elliptic::nd::CartesianPoissonOptions<2> &, std::size_t, const pops::ExecutionLane &>]" at line 1010 of /gpfs/projet/r250127/rmdraux/sol61-gpu-bootstrap-20261004/compiler13/lib/gcc/aarch64-conda-linux-gnu/13.4.0/include/c++/bits/shared_ptr.h
              instantiation of "std::shared_ptr<std::_NonArray<_Tp>> std::make_shared<_Tp,_Args...>(_Args &&...) [with _Tp=pops::runtime::system::ExactNamedField<2>, _Args=<const char (&)[26], std::string, pops::runtime::field::NamedFieldOutput<2> &, pops::Geometry<2> &, pops::mesh::BoxArray<2> &, pops::mesh::Distribution<2> &, pops::Index<2> &, const pops::BoundaryTopology<2> &, const pops::elliptic::nd::CartesianPoissonOptions<2> &, std::size_t, const pops::ExecutionLane &>]" at line 284 of /gpfs/scratch/rmdraux/PoPS-final-full-native-cuda-dim2-gh200-um-98804c68-20261009/source/src/runtime/system/system_fields.cpp
              instantiation of "std::shared_ptr<pops::runtime::system::ExactNamedField<Dim>> pops::<unnamed>::prepare_default_field<Dim,Implementation>(Implementation &, const pops::ExecutionLane &) [with Dim=2, Implementation=pops::System<2>::Impl]" at line 1690 of /gpfs/scratch/rmdraux/PoPS-final-full-native-cuda-dim2-gh200-um-98804c68-20261009/source/src/runtime/system/system_fields.cpp
              instantiation of "std::vector<pops::Real, std::allocator<pops::Real>> pops::System<Dim>::potential() [with Dim=2]" at line 1897 of /gpfs/scratch/rmdraux/PoPS-final-full-native-cuda-dim2-gh200-um-98804c68-20261009/source/src/runtime/system/system_fields.cpp

  /gpfs/scratch/rmdraux/PoPS-final-full-native-cuda-dim2-gh200-um-98804c68-20261009/source/include/pops/numerics/elliptic/nd/cartesian_poisson.hpp(169): warning #20013-D: calling a constexpr __host__ function("operator[]") from a __host__ __device__ function("operator()") is not allowed. The experimental flag '--expt-relaxed-constexpr' can be used to allow this.
          const Real beta = boundary_beta[ordinal];
                                         ^
            detected during:
              instantiation of "void pops::elliptic::nd::detail::PhysicalGhostKernel<Dim>::operator()(const pops::Index<Dim> &) const [with Dim=2]" at line 192 of /gpfs/scratch/rmdraux/PoPS-final-full-native-cuda-dim2-gh200-um-98804c68-20261009/source/include/pops/mesh/execution/for_each.hpp
              instantiation of "void pops::detail::launch_index_space(const ExecutionSpace &, const pops::Box<Dim> &, const char *, F) [with ExecutionSpace=Kokkos::DefaultExecutionSpace, Dim=2, F=pops::elliptic::nd::detail::PhysicalGhostKernel<2>]" at line 230 of /gpfs/scratch/rmdraux/PoPS-final-full-native-cuda-dim2-gh200-um-98804c68-20261009/source/include/pops/mesh/execution/for_each.hpp
              instantiation of "void pops::for_each_cell(const ExecutionSpace &, const pops::Box<Dim> &, F) [with ExecutionSpace=Kokkos::DefaultExecutionSpace, Dim=2, F=pops::elliptic::nd::detail::PhysicalGhostKernel<2>]" at line 253 of /gpfs/scratch/rmdraux/PoPS-final-full-native-cuda-dim2-gh200-um-98804c68-20261009/source/include/pops/mesh/execution/for_each.hpp
              instantiation of "void pops::for_each_cell(const pops::Box<Dim> &, F) [with Dim=2, F=pops::elliptic::nd::detail::PhysicalGhostKernel<2>]" at line 619
              instantiation of "void pops::elliptic::nd::CartesianPoissonSolver<Dim>::fill_static_halo_(__nv_bool) [with Dim=2]" at line 640
              [ 15 instantiation contexts not shown ]
              instantiation of "std::__shared_ptr<_Tp, _Lp>::__shared_ptr(std::_Sp_alloc_shared_tag<_Alloc>, _Args &&...) [with _Tp=pops::runtime::system::ExactNamedField<2>, _Lp=__gnu_cxx::_S_atomic, _Alloc=std::allocator<void>, _Args=<const char (&)[26], std::__cxx11::basic_string<char, std::char_traits<char>, std::allocator<char>>, pops::runtime::field::NamedFieldOutput<2> &, pops::Geometry<2> &, pops::mesh::BoxArray<2> &, pops::mesh::Distribution<2> &, pops::Index<2> &, const pops::BoundaryTopology<2> &, const pops::elliptic::nd::CartesianPoissonOptions<2> &, std::size_t, const pops::ExecutionLane &>]" at line 465 of /gpfs/projet/r250127/rmdraux/sol61-gpu-bootstrap-20261004/compiler13/lib/gcc/aarch64-conda-linux-gnu/13.4.0/include/c++/bits/shared_ptr.h
              instantiation of "std::shared_ptr<_Tp>::shared_ptr(std::_Sp_alloc_shared_tag<_Alloc>, _Args &&...) [with _Tp=pops::runtime::system::ExactNamedField<2>, _Alloc=std::allocator<void>, _Args=<const char (&)[26], std::__cxx11::basic_string<char, std::char_traits<char>, std::allocator<char>>, pops::runtime::field::NamedFieldOutput<2> &, pops::Geometry<2> &, pops::mesh::BoxArray<2> &, pops::mesh::Distribution<2> &, pops::Index<2> &, const pops::BoundaryTopology<2> &, const pops::elliptic::nd::CartesianPoissonOptions<2> &, std::size_t, const pops::ExecutionLane &>]" at line 1010 of /gpfs/projet/r250127/rmdraux/sol61-gpu-bootstrap-20261004/compiler13/lib/gcc/aarch64-conda-linux-gnu/13.4.0/include/c++/bits/shared_ptr.h
              instantiation of "std::shared_ptr<std::_NonArray<_Tp>> std::make_shared<_Tp,_Args...>(_Args &&...) [with _Tp=pops::runtime::system::ExactNamedField<2>, _Args=<const char (&)[26], std::string, pops::runtime::field::NamedFieldOutput<2> &, pops::Geometry<2> &, pops::mesh::BoxArray<2> &, pops::mesh::Distribution<2> &, pops::Index<2> &, const pops::BoundaryTopology<2> &, const pops::elliptic::nd::CartesianPoissonOptions<2> &, std::size_t, const pops::ExecutionLane &>]" at line 284 of /gpfs/scratch/rmdraux/PoPS-final-full-native-cuda-dim2-gh200-um-98804c68-20261009/source/src/runtime/system/system_fields.cpp
              instantiation of "std::shared_ptr<pops::runtime::system::ExactNamedField<Dim>> pops::<unnamed>::prepare_default_field<Dim,Implementation>(Implementation &, const pops::ExecutionLane &) [with Dim=2, Implementation=pops::System<2>::Impl]" at line 1690 of /gpfs/scratch/rmdraux/PoPS-final-full-native-cuda-dim2-gh200-um-98804c68-20261009/source/src/runtime/system/system_fields.cpp
              instantiation of "std::vector<pops::Real, std::allocator<pops::Real>> pops::System<Dim>::potential() [with Dim=2]" at line 1897 of /gpfs/scratch/rmdraux/PoPS-final-full-native-cuda-dim2-gh200-um-98804c68-20261009/source/src/runtime/system/system_fields.cpp

  /gpfs/scratch/rmdraux/PoPS-final-full-native-cuda-dim2-gh200-um-98804c68-20261009/source/include/pops/numerics/elliptic/nd/cartesian_poisson.hpp(170): warning #20013-D: calling a constexpr __host__ function("operator[]") from a __host__ __device__ function("operator()") is not allowed. The experimental flag '--expt-relaxed-constexpr' can be used to allow this.
          result = (boundary_values[ordinal] - result * (alpha / Real(2) - beta / distance)) /
                                   ^
            detected during:
              instantiation of "void pops::elliptic::nd::detail::PhysicalGhostKernel<Dim>::operator()(const pops::Index<Dim> &) const [with Dim=2]" at line 192 of /gpfs/scratch/rmdraux/PoPS-final-full-native-cuda-dim2-gh200-um-98804c68-20261009/source/include/pops/mesh/execution/for_each.hpp
              instantiation of "void pops::detail::launch_index_space(const ExecutionSpace &, const pops::Box<Dim> &, const char *, F) [with ExecutionSpace=Kokkos::DefaultExecutionSpace, Dim=2, F=pops::elliptic::nd::detail::PhysicalGhostKernel<2>]" at line 230 of /gpfs/scratch/rmdraux/PoPS-final-full-native-cuda-dim2-gh200-um-98804c68-20261009/source/include/pops/mesh/execution/for_each.hpp
              instantiation of "void pops::for_each_cell(const ExecutionSpace &, const pops::Box<Dim> &, F) [with ExecutionSpace=Kokkos::DefaultExecutionSpace, Dim=2, F=pops::elliptic::nd::detail::PhysicalGhostKernel<2>]" at line 253 of /gpfs/scratch/rmdraux/PoPS-final-full-native-cuda-dim2-gh200-um-98804c68-20261009/source/include/pops/mesh/execution/for_each.hpp
              instantiation of "void pops::for_each_cell(const pops::Box<Dim> &, F) [with Dim=2, F=pops::elliptic::nd::detail::PhysicalGhostKernel<2>]" at line 619
              instantiation of "void pops::elliptic::nd::CartesianPoissonSolver<Dim>::fill_static_halo_(__nv_bool) [with Dim=2]" at line 640
              [ 15 instantiation contexts not shown ]
              instantiation of "std::__shared_ptr<_Tp, _Lp>::__shared_ptr(std::_Sp_alloc_shared_tag<_Alloc>, _Args &&...) [with _Tp=pops::runtime::system::ExactNamedField<2>, _Lp=__gnu_cxx::_S_atomic, _Alloc=std::allocator<void>, _Args=<const char (&)[26], std::__cxx11::basic_string<char, std::char_traits<char>, std::allocator<char>>, pops::runtime::field::NamedFieldOutput<2> &, pops::Geometry<2> &, pops::mesh::BoxArray<2> &, pops::mesh::Distribution<2> &, pops::Index<2> &, const pops::BoundaryTopology<2> &, const pops::elliptic::nd::CartesianPoissonOptions<2> &, std::size_t, const pops::ExecutionLane &>]" at line 465 of /gpfs/projet/r250127/rmdraux/sol61-gpu-bootstrap-20261004/compiler13/lib/gcc/aarch64-conda-linux-gnu/13.4.0/include/c++/bits/shared_ptr.h
              instantiation of "std::shared_ptr<_Tp>::shared_ptr(std::_Sp_alloc_shared_tag<_Alloc>, _Args &&...) [with _Tp=pops::runtime::system::ExactNamedField<2>, _Alloc=std::allocator<void>, _Args=<const char (&)[26], std::__cxx11::basic_string<char, std::char_traits<char>, std::allocator<char>>, pops::runtime::field::NamedFieldOutput<2> &, pops::Geometry<2> &, pops::mesh::BoxArray<2> &, pops::mesh::Distribution<2> &, pops::Index<2> &, const pops::BoundaryTopology<2> &, const pops::elliptic::nd::CartesianPoissonOptions<2> &, std::size_t, const pops::ExecutionLane &>]" at line 1010 of /gpfs/projet/r250127/rmdraux/sol61-gpu-bootstrap-20261004/compiler13/lib/gcc/aarch64-conda-linux-gnu/13.4.0/include/c++/bits/shared_ptr.h
              instantiation of "std::shared_ptr<std::_NonArray<_Tp>> std::make_shared<_Tp,_Args...>(_Args &&...) [with _Tp=pops::runtime::system::ExactNamedField<2>, _Args=<const char (&)[26], std::string, pops::runtime::field::NamedFieldOutput<2> &, pops::Geometry<2> &, pops::mesh::BoxArray<2> &, pops::mesh::Distribution<2> &, pops::Index<2> &, const pops::BoundaryTopology<2> &, const pops::elliptic::nd::CartesianPoissonOptions<2> &, std::size_t, const pops::ExecutionLane &>]" at line 284 of /gpfs/scratch/rmdraux/PoPS-final-full-native-cuda-dim2-gh200-um-98804c68-20261009/source/src/runtime/system/system_fields.cpp
              instantiation of "std::shared_ptr<pops::runtime::system::ExactNamedField<Dim>> pops::<unnamed>::prepare_default_field<Dim,Implementation>(Implementation &, const pops::ExecutionLane &) [with Dim=2, Implementation=pops::System<2>::Impl]" at line 1690 of /gpfs/scratch/rmdraux/PoPS-final-full-native-cuda-dim2-gh200-um-98804c68-20261009/source/src/runtime/system/system_fields.cpp
              instantiation of "std::vector<pops::Real, std::allocator<pops::Real>> pops::System<Dim>::potential() [with Dim=2]" at line 1897 of /gpfs/scratch/rmdraux/PoPS-final-full-native-cuda-dim2-gh200-um-98804c68-20261009/source/src/runtime/system/system_fields.cpp

  /gpfs/scratch/rmdraux/PoPS-final-full-native-cuda-dim2-gh200-um-98804c68-20261009/source/include/pops/numerics/elliptic/nd/cartesian_poisson.hpp(138): warning #20015-D: calling a constexpr __host__ function from a __host__ __device__ function is not allowed. The experimental flag '--expt-relaxed-constexpr' can be used to allow this.
            if (boundaries[static_cast<std::size_t>(face)] == CartesianBoundaryKind::periodic)
            ^
            detected during:
              instantiation of "void pops::elliptic::nd::detail::PhysicalGhostKernel<Dim>::operator()(const pops::Index<Dim> &) const [with Dim=2]" at line 192 of /gpfs/scratch/rmdraux/PoPS-final-full-native-cuda-dim2-gh200-um-98804c68-20261009/source/include/pops/mesh/execution/for_each.hpp
              instantiation of "void pops::detail::launch_index_space(const ExecutionSpace &, const pops::Box<Dim> &, const char *, F) [with ExecutionSpace=Kokkos::DefaultExecutionSpace, Dim=2, F=pops::elliptic::nd::detail::PhysicalGhostKernel<2>]" at line 230 of /gpfs/scratch/rmdraux/PoPS-final-full-native-cuda-dim2-gh200-um-98804c68-20261009/source/include/pops/mesh/execution/for_each.hpp
              instantiation of "void pops::for_each_cell(const ExecutionSpace &, const pops::Box<Dim> &, F) [with ExecutionSpace=Kokkos::DefaultExecutionSpace, Dim=2, F=pops::elliptic::nd::detail::PhysicalGhostKernel<2>]" at line 253 of /gpfs/scratch/rmdraux/PoPS-final-full-native-cuda-dim2-gh200-um-98804c68-20261009/source/include/pops/mesh/execution/for_each.hpp
              instantiation of "void pops::for_each_cell(const pops::Box<Dim> &, F) [with Dim=2, F=pops::elliptic::nd::detail::PhysicalGhostKernel<2>]" at line 619
              instantiation of "void pops::elliptic::nd::CartesianPoissonSolver<Dim>::fill_static_halo_(__nv_bool) [with Dim=2]" at line 640
              [ 15 instantiation contexts not shown ]
              instantiation of "std::__shared_ptr<_Tp, _Lp>::__shared_ptr(std::_Sp_alloc_shared_tag<_Alloc>, _Args &&...) [with _Tp=pops::runtime::system::ExactNamedField<2>, _Lp=__gnu_cxx::_S_atomic, _Alloc=std::allocator<void>, _Args=<const char (&)[26], std::__cxx11::basic_string<char, std::char_traits<char>, std::allocator<char>>, pops::runtime::field::NamedFieldOutput<2> &, pops::Geometry<2> &, pops::mesh::BoxArray<2> &, pops::mesh::Distribution<2> &, pops::Index<2> &, const pops::BoundaryTopology<2> &, const pops::elliptic::nd::CartesianPoissonOptions<2> &, std::size_t, const pops::ExecutionLane &>]" at line 465 of /gpfs/projet/r250127/rmdraux/sol61-gpu-bootstrap-20261004/compiler13/lib/gcc/aarch64-conda-linux-gnu/13.4.0/include/c++/bits/shared_ptr.h
              instantiation of "std::shared_ptr<_Tp>::shared_ptr(std::_Sp_alloc_shared_tag<_Alloc>, _Args &&...) [with _Tp=pops::runtime::system::ExactNamedField<2>, _Alloc=std::allocator<void>, _Args=<const char (&)[26], std::__cxx11::basic_string<char, std::char_traits<char>, std::allocator<char>>, pops::runtime::field::NamedFieldOutput<2> &, pops::Geometry<2> &, pops::mesh::BoxArray<2> &, pops::mesh::Distribution<2> &, pops::Index<2> &, const pops::BoundaryTopology<2> &, const pops::elliptic::nd::CartesianPoissonOptions<2> &, std::size_t, const pops::ExecutionLane &>]" at line 1010 of /gpfs/projet/r250127/rmdraux/sol61-gpu-bootstrap-20261004/compiler13/lib/gcc/aarch64-conda-linux-gnu/13.4.0/include/c++/bits/shared_ptr.h
              instantiation of "std::shared_ptr<std::_NonArray<_Tp>> std::make_shared<_Tp,_Args...>(_Args &&...) [with _Tp=pops::runtime::system::ExactNamedField<2>, _Args=<const char (&)[26], std::string, pops::runtime::field::NamedFieldOutput<2> &, pops::Geometry<2> &, pops::mesh::BoxArray<2> &, pops::mesh::Distribution<2> &, pops::Index<2> &, const pops::BoundaryTopology<2> &, const pops::elliptic::nd::CartesianPoissonOptions<2> &, std::size_t, const pops::ExecutionLane &>]" at line 284 of /gpfs/scratch/rmdraux/PoPS-final-full-native-cuda-dim2-gh200-um-98804c68-20261009/source/src/runtime/system/system_fields.cpp
              instantiation of "std::shared_ptr<pops::runtime::system::ExactNamedField<Dim>> pops::<unnamed>::prepare_default_field<Dim,Implementation>(Implementation &, const pops::ExecutionLane &) [with Dim=2, Implementation=pops::System<2>::Impl]" at line 1690 of /gpfs/scratch/rmdraux/PoPS-final-full-native-cuda-dim2-gh200-um-98804c68-20261009/source/src/runtime/system/system_fields.cpp
              instantiation of "std::vector<pops::Real, std::allocator<pops::Real>> pops::System<Dim>::potential() [with Dim=2]" at line 1897 of /gpfs/scratch/rmdraux/PoPS-final-full-native-cuda-dim2-gh200-um-98804c68-20261009/source/src/runtime/system/system_fields.cpp

  /gpfs/scratch/rmdraux/PoPS-final-full-native-cuda-dim2-gh200-um-98804c68-20261009/source/include/pops/numerics/elliptic/nd/cartesian_poisson.hpp(144): warning #20015-D: calling a constexpr __host__ function from a __host__ __device__ function is not allowed. The experimental flag '--expt-relaxed-constexpr' can be used to allow this.
            if (boundaries[static_cast<std::size_t>(face)] == CartesianBoundaryKind::periodic)
            ^
            detected during:
              instantiation of "void pops::elliptic::nd::detail::PhysicalGhostKernel<Dim>::operator()(const pops::Index<Dim> &) const [with Dim=2]" at line 192 of /gpfs/scratch/rmdraux/PoPS-final-full-native-cuda-dim2-gh200-um-98804c68-20261009/source/include/pops/mesh/execution/for_each.hpp
              instantiation of "void pops::detail::launch_index_space(const ExecutionSpace &, const pops::Box<Dim> &, const char *, F) [with ExecutionSpace=Kokkos::DefaultExecutionSpace, Dim=2, F=pops::elliptic::nd::detail::PhysicalGhostKernel<2>]" at line 230 of /gpfs/scratch/rmdraux/PoPS-final-full-native-cuda-dim2-gh200-um-98804c68-20261009/source/include/pops/mesh/execution/for_each.hpp
              instantiation of "void pops::for_each_cell(const ExecutionSpace &, const pops::Box<Dim> &, F) [with ExecutionSpace=Kokkos::DefaultExecutionSpace, Dim=2, F=pops::elliptic::nd::detail::PhysicalGhostKernel<2>]" at line 253 of /gpfs/scratch/rmdraux/PoPS-final-full-native-cuda-dim2-gh200-um-98804c68-20261009/source/include/pops/mesh/execution/for_each.hpp
              instantiation of "void pops::for_each_cell(const pops::Box<Dim> &, F) [with Dim=2, F=pops::elliptic::nd::detail::PhysicalGhostKernel<2>]" at line 619
              instantiation of "void pops::elliptic::nd::CartesianPoissonSolver<Dim>::fill_static_halo_(__nv_bool) [with Dim=2]" at line 640
              [ 15 instantiation contexts not shown ]
              instantiation of "std::__shared_ptr<_Tp, _Lp>::__shared_ptr(std::_Sp_alloc_shared_tag<_Alloc>, _Args &&...) [with _Tp=pops::runtime::system::ExactNamedField<2>, _Lp=__gnu_cxx::_S_atomic, _Alloc=std::allocator<void>, _Args=<const char (&)[26], std::__cxx11::basic_string<char, std::char_traits<char>, std::allocator<char>>, pops::runtime::field::NamedFieldOutput<2> &, pops::Geometry<2> &, pops::mesh::BoxArray<2> &, pops::mesh::Distribution<2> &, pops::Index<2> &, const pops::BoundaryTopology<2> &, const pops::elliptic::nd::CartesianPoissonOptions<2> &, std::size_t, const pops::ExecutionLane &>]" at line 465 of /gpfs/projet/r250127/rmdraux/sol61-gpu-bootstrap-20261004/compiler13/lib/gcc/aarch64-conda-linux-gnu/13.4.0/include/c++/bits/shared_ptr.h
              instantiation of "std::shared_ptr<_Tp>::shared_ptr(std::_Sp_alloc_shared_tag<_Alloc>, _Args &&...) [with _Tp=pops::runtime::system::ExactNamedField<2>, _Alloc=std::allocator<void>, _Args=<const char (&)[26], std::__cxx11::basic_string<char, std::char_traits<char>, std::allocator<char>>, pops::runtime::field::NamedFieldOutput<2> &, pops::Geometry<2> &, pops::mesh::BoxArray<2> &, pops::mesh::Distribution<2> &, pops::Index<2> &, const pops::BoundaryTopology<2> &, const pops::elliptic::nd::CartesianPoissonOptions<2> &, std::size_t, const pops::ExecutionLane &>]" at line 1010 of /gpfs/projet/r250127/rmdraux/sol61-gpu-bootstrap-20261004/compiler13/lib/gcc/aarch64-conda-linux-gnu/13.4.0/include/c++/bits/shared_ptr.h
              instantiation of "std::shared_ptr<std::_NonArray<_Tp>> std::make_shared<_Tp,_Args...>(_Args &&...) [with _Tp=pops::runtime::system::ExactNamedField<2>, _Args=<const char (&)[26], std::string, pops::runtime::field::NamedFieldOutput<2> &, pops::Geometry<2> &, pops::mesh::BoxArray<2> &, pops::mesh::Distribution<2> &, pops::Index<2> &, const pops::BoundaryTopology<2> &, const pops::elliptic::nd::CartesianPoissonOptions<2> &, std::size_t, const pops::ExecutionLane &>]" at line 284 of /gpfs/scratch/rmdraux/PoPS-final-full-native-cuda-dim2-gh200-um-98804c68-20261009/source/src/runtime/system/system_fields.cpp
              instantiation of "std::shared_ptr<pops::runtime::system::ExactNamedField<Dim>> pops::<unnamed>::prepare_default_field<Dim,Implementation>(Implementation &, const pops::ExecutionLane &) [with Dim=2, Implementation=pops::System<2>::Impl]" at line 1690 of /gpfs/scratch/rmdraux/PoPS-final-full-native-cuda-dim2-gh200-um-98804c68-20261009/source/src/runtime/system/system_fields.cpp
              instantiation of "std::vector<pops::Real, std::allocator<pops::Real>> pops::System<Dim>::potential() [with Dim=2]" at line 1897 of /gpfs/scratch/rmdraux/PoPS-final-full-native-cuda-dim2-gh200-um-98804c68-20261009/source/src/runtime/system/system_fields.cpp

  /gpfs/scratch/rmdraux/PoPS-final-full-native-cuda-dim2-gh200-um-98804c68-20261009/source/include/pops/numerics/elliptic/nd/cartesian_poisson.hpp(163): warning #20015-D: calling a constexpr __host__ function from a __host__ __device__ function is not allowed. The experimental flag '--expt-relaxed-constexpr' can be used to allow this.
          if (boundaries[ordinal] == CartesianBoundaryKind::periodic)
          ^
            detected during:
              instantiation of "void pops::elliptic::nd::detail::PhysicalGhostKernel<Dim>::operator()(const pops::Index<Dim> &) const [with Dim=2]" at line 192 of /gpfs/scratch/rmdraux/PoPS-final-full-native-cuda-dim2-gh200-um-98804c68-20261009/source/include/pops/mesh/execution/for_each.hpp
              instantiation of "void pops::detail::launch_index_space(const ExecutionSpace &, const pops::Box<Dim> &, const char *, F) [with ExecutionSpace=Kokkos::DefaultExecutionSpace, Dim=2, F=pops::elliptic::nd::detail::PhysicalGhostKernel<2>]" at line 230 of /gpfs/scratch/rmdraux/PoPS-final-full-native-cuda-dim2-gh200-um-98804c68-20261009/source/include/pops/mesh/execution/for_each.hpp
              instantiation of "void pops::for_each_cell(const ExecutionSpace &, const pops::Box<Dim> &, F) [with ExecutionSpace=Kokkos::DefaultExecutionSpace, Dim=2, F=pops::elliptic::nd::detail::PhysicalGhostKernel<2>]" at line 253 of /gpfs/scratch/rmdraux/PoPS-final-full-native-cuda-dim2-gh200-um-98804c68-20261009/source/include/pops/mesh/execution/for_each.hpp
              instantiation of "void pops::for_each_cell(const pops::Box<Dim> &, F) [with Dim=2, F=pops::elliptic::nd::detail::PhysicalGhostKernel<2>]" at line 619
              instantiation of "void pops::elliptic::nd::CartesianPoissonSolver<Dim>::fill_static_halo_(__nv_bool) [with Dim=2]" at line 640
              [ 15 instantiation contexts not shown ]
              instantiation of "std::__shared_ptr<_Tp, _Lp>::__shared_ptr(std::_Sp_alloc_shared_tag<_Alloc>, _Args &&...) [with _Tp=pops::runtime::system::ExactNamedField<2>, _Lp=__gnu_cxx::_S_atomic, _Alloc=std::allocator<void>, _Args=<const char (&)[26], std::__cxx11::basic_string<char, std::char_traits<char>, std::allocator<char>>, pops::runtime::field::NamedFieldOutput<2> &, pops::Geometry<2> &, pops::mesh::BoxArray<2> &, pops::mesh::Distribution<2> &, pops::Index<2> &, const pops::BoundaryTopology<2> &, const pops::elliptic::nd::CartesianPoissonOptions<2> &, std::size_t, const pops::ExecutionLane &>]" at line 465 of /gpfs/projet/r250127/rmdraux/sol61-gpu-bootstrap-20261004/compiler13/lib/gcc/aarch64-conda-linux-gnu/13.4.0/include/c++/bits/shared_ptr.h
              instantiation of "std::shared_ptr<_Tp>::shared_ptr(std::_Sp_alloc_shared_tag<_Alloc>, _Args &&...) [with _Tp=pops::runtime::system::ExactNamedField<2>, _Alloc=std::allocator<void>, _Args=<const char (&)[26], std::__cxx11::basic_string<char, std::char_traits<char>, std::allocator<char>>, pops::runtime::field::NamedFieldOutput<2> &, pops::Geometry<2> &, pops::mesh::BoxArray<2> &, pops::mesh::Distribution<2> &, pops::Index<2> &, const pops::BoundaryTopology<2> &, const pops::elliptic::nd::CartesianPoissonOptions<2> &, std::size_t, const pops::ExecutionLane &>]" at line 1010 of /gpfs/projet/r250127/rmdraux/sol61-gpu-bootstrap-20261004/compiler13/lib/gcc/aarch64-conda-linux-gnu/13.4.0/include/c++/bits/shared_ptr.h
              instantiation of "std::shared_ptr<std::_NonArray<_Tp>> std::make_shared<_Tp,_Args...>(_Args &&...) [with _Tp=pops::runtime::system::ExactNamedField<2>, _Args=<const char (&)[26], std::string, pops::runtime::field::NamedFieldOutput<2> &, pops::Geometry<2> &, pops::mesh::BoxArray<2> &, pops::mesh::Distribution<2> &, pops::Index<2> &, const pops::BoundaryTopology<2> &, const pops::elliptic::nd::CartesianPoissonOptions<2> &, std::size_t, const pops::ExecutionLane &>]" at line 284 of /gpfs/scratch/rmdraux/PoPS-final-full-native-cuda-dim2-gh200-um-98804c68-20261009/source/src/runtime/system/system_fields.cpp
              instantiation of "std::shared_ptr<pops::runtime::system::ExactNamedField<Dim>> pops::<unnamed>::prepare_default_field<Dim,Implementation>(Implementation &, const pops::ExecutionLane &) [with Dim=2, Implementation=pops::System<2>::Impl]" at line 1690 of /gpfs/scratch/rmdraux/PoPS-final-full-native-cuda-dim2-gh200-um-98804c68-20261009/source/src/runtime/system/system_fields.cpp
              instantiation of "std::vector<pops::Real, std::allocator<pops::Real>> pops::System<Dim>::potential() [with Dim=2]" at line 1897 of /gpfs/scratch/rmdraux/PoPS-final-full-native-cuda-dim2-gh200-um-98804c68-20261009/source/src/runtime/system/system_fields.cpp

  /gpfs/scratch/rmdraux/PoPS-final-full-native-cuda-dim2-gh200-um-98804c68-20261009/source/include/pops/numerics/elliptic/nd/cartesian_poisson.hpp(168): warning #20015-D: calling a constexpr __host__ function from a __host__ __device__ function is not allowed. The experimental flag '--expt-relaxed-constexpr' can be used to allow this.
          const Real alpha = boundary_alpha[ordinal];
                           ^
            detected during:
              instantiation of "void pops::elliptic::nd::detail::PhysicalGhostKernel<Dim>::operator()(const pops::Index<Dim> &) const [with Dim=2]" at line 192 of /gpfs/scratch/rmdraux/PoPS-final-full-native-cuda-dim2-gh200-um-98804c68-20261009/source/include/pops/mesh/execution/for_each.hpp
              instantiation of "void pops::detail::launch_index_space(const ExecutionSpace &, const pops::Box<Dim> &, const char *, F) [with ExecutionSpace=Kokkos::DefaultExecutionSpace, Dim=2, F=pops::elliptic::nd::detail::PhysicalGhostKernel<2>]" at line 230 of /gpfs/scratch/rmdraux/PoPS-final-full-native-cuda-dim2-gh200-um-98804c68-20261009/source/include/pops/mesh/execution/for_each.hpp
              instantiation of "void pops::for_each_cell(const ExecutionSpace &, const pops::Box<Dim> &, F) [with ExecutionSpace=Kokkos::DefaultExecutionSpace, Dim=2, F=pops::elliptic::nd::detail::PhysicalGhostKernel<2>]" at line 253 of /gpfs/scratch/rmdraux/PoPS-final-full-native-cuda-dim2-gh200-um-98804c68-20261009/source/include/pops/mesh/execution/for_each.hpp
              instantiation of "void pops::for_each_cell(const pops::Box<Dim> &, F) [with Dim=2, F=pops::elliptic::nd::detail::PhysicalGhostKernel<2>]" at line 619
              instantiation of "void pops::elliptic::nd::CartesianPoissonSolver<Dim>::fill_static_halo_(__nv_bool) [with Dim=2]" at line 640
              [ 15 instantiation contexts not shown ]
              instantiation of "std::__shared_ptr<_Tp, _Lp>::__shared_ptr(std::_Sp_alloc_shared_tag<_Alloc>, _Args &&...) [with _Tp=pops::runtime::system::ExactNamedField<2>, _Lp=__gnu_cxx::_S_atomic, _Alloc=std::allocator<void>, _Args=<const char (&)[26], std::__cxx11::basic_string<char, std::char_traits<char>, std::allocator<char>>, pops::runtime::field::NamedFieldOutput<2> &, pops::Geometry<2> &, pops::mesh::BoxArray<2> &, pops::mesh::Distribution<2> &, pops::Index<2> &, const pops::BoundaryTopology<2> &, const pops::elliptic::nd::CartesianPoissonOptions<2> &, std::size_t, const pops::ExecutionLane &>]" at line 465 of /gpfs/projet/r250127/rmdraux/sol61-gpu-bootstrap-20261004/compiler13/lib/gcc/aarch64-conda-linux-gnu/13.4.0/include/c++/bits/shared_ptr.h
              instantiation of "std::shared_ptr<_Tp>::shared_ptr(std::_Sp_alloc_shared_tag<_Alloc>, _Args &&...) [with _Tp=pops::runtime::system::ExactNamedField<2>, _Alloc=std::allocator<void>, _Args=<const char (&)[26], std::__cxx11::basic_string<char, std::char_traits<char>, std::allocator<char>>, pops::runtime::field::NamedFieldOutput<2> &, pops::Geometry<2> &, pops::mesh::BoxArray<2> &, pops::mesh::Distribution<2> &, pops::Index<2> &, const pops::BoundaryTopology<2> &, const pops::elliptic::nd::CartesianPoissonOptions<2> &, std::size_t, const pops::ExecutionLane &>]" at line 1010 of /gpfs/projet/r250127/rmdraux/sol61-gpu-bootstrap-20261004/compiler13/lib/gcc/aarch64-conda-linux-gnu/13.4.0/include/c++/bits/shared_ptr.h
              instantiation of "std::shared_ptr<std::_NonArray<_Tp>> std::make_shared<_Tp,_Args...>(_Args &&...) [with _Tp=pops::runtime::system::ExactNamedField<2>, _Args=<const char (&)[26], std::string, pops::runtime::field::NamedFieldOutput<2> &, pops::Geometry<2> &, pops::mesh::BoxArray<2> &, pops::mesh::Distribution<2> &, pops::Index<2> &, const pops::BoundaryTopology<2> &, const pops::elliptic::nd::CartesianPoissonOptions<2> &, std::size_t, const pops::ExecutionLane &>]" at line 284 of /gpfs/scratch/rmdraux/PoPS-final-full-native-cuda-dim2-gh200-um-98804c68-20261009/source/src/runtime/system/system_fields.cpp
              instantiation of "std::shared_ptr<pops::runtime::system::ExactNamedField<Dim>> pops::<unnamed>::prepare_default_field<Dim,Implementation>(Implementation &, const pops::ExecutionLane &) [with Dim=2, Implementation=pops::System<2>::Impl]" at line 1690 of /gpfs/scratch/rmdraux/PoPS-final-full-native-cuda-dim2-gh200-um-98804c68-20261009/source/src/runtime/system/system_fields.cpp
              instantiation of "std::vector<pops::Real, std::allocator<pops::Real>> pops::System<Dim>::potential() [with Dim=2]" at line 1897 of /gpfs/scratch/rmdraux/PoPS-final-full-native-cuda-dim2-gh200-um-98804c68-20261009/source/src/runtime/system/system_fields.cpp

  /gpfs/scratch/rmdraux/PoPS-final-full-native-cuda-dim2-gh200-um-98804c68-20261009/source/include/pops/numerics/elliptic/nd/cartesian_poisson.hpp(169): warning #20015-D: calling a constexpr __host__ function from a __host__ __device__ function is not allowed. The experimental flag '--expt-relaxed-constexpr' can be used to allow this.
          const Real beta = boundary_beta[ordinal];
                          ^
            detected during:
              instantiation of "void pops::elliptic::nd::detail::PhysicalGhostKernel<Dim>::operator()(const pops::Index<Dim> &) const [with Dim=2]" at line 192 of /gpfs/scratch/rmdraux/PoPS-final-full-native-cuda-dim2-gh200-um-98804c68-20261009/source/include/pops/mesh/execution/for_each.hpp
              instantiation of "void pops::detail::launch_index_space(const ExecutionSpace &, const pops::Box<Dim> &, const char *, F) [with ExecutionSpace=Kokkos::DefaultExecutionSpace, Dim=2, F=pops::elliptic::nd::detail::PhysicalGhostKernel<2>]" at line 230 of /gpfs/scratch/rmdraux/PoPS-final-full-native-cuda-dim2-gh200-um-98804c68-20261009/source/include/pops/mesh/execution/for_each.hpp
              instantiation of "void pops::for_each_cell(const ExecutionSpace &, const pops::Box<Dim> &, F) [with ExecutionSpace=Kokkos::DefaultExecutionSpace, Dim=2, F=pops::elliptic::nd::detail::PhysicalGhostKernel<2>]" at line 253 of /gpfs/scratch/rmdraux/PoPS-final-full-native-cuda-dim2-gh200-um-98804c68-20261009/source/include/pops/mesh/execution/for_each.hpp
              instantiation of "void pops::for_each_cell(const pops::Box<Dim> &, F) [with Dim=2, F=pops::elliptic::nd::detail::PhysicalGhostKernel<2>]" at line 619
              instantiation of "void pops::elliptic::nd::CartesianPoissonSolver<Dim>::fill_static_halo_(__nv_bool) [with Dim=2]" at line 640
              [ 15 instantiation contexts not shown ]
              instantiation of "std::__shared_ptr<_Tp, _Lp>::__shared_ptr(std::_Sp_alloc_shared_tag<_Alloc>, _Args &&...) [with _Tp=pops::runtime::system::ExactNamedField<2>, _Lp=__gnu_cxx::_S_atomic, _Alloc=std::allocator<void>, _Args=<const char (&)[26], std::__cxx11::basic_string<char, std::char_traits<char>, std::allocator<char>>, pops::runtime::field::NamedFieldOutput<2> &, pops::Geometry<2> &, pops::mesh::BoxArray<2> &, pops::mesh::Distribution<2> &, pops::Index<2> &, const pops::BoundaryTopology<2> &, const pops::elliptic::nd::CartesianPoissonOptions<2> &, std::size_t, const pops::ExecutionLane &>]" at line 465 of /gpfs/projet/r250127/rmdraux/sol61-gpu-bootstrap-20261004/compiler13/lib/gcc/aarch64-conda-linux-gnu/13.4.0/include/c++/bits/shared_ptr.h
              instantiation of "std::shared_ptr<_Tp>::shared_ptr(std::_Sp_alloc_shared_tag<_Alloc>, _Args &&...) [with _Tp=pops::runtime::system::ExactNamedField<2>, _Alloc=std::allocator<void>, _Args=<const char (&)[26], std::__cxx11::basic_string<char, std::char_traits<char>, std::allocator<char>>, pops::runtime::field::NamedFieldOutput<2> &, pops::Geometry<2> &, pops::mesh::BoxArray<2> &, pops::mesh::Distribution<2> &, pops::Index<2> &, const pops::BoundaryTopology<2> &, const pops::elliptic::nd::CartesianPoissonOptions<2> &, std::size_t, const pops::ExecutionLane &>]" at line 1010 of /gpfs/projet/r250127/rmdraux/sol61-gpu-bootstrap-20261004/compiler13/lib/gcc/aarch64-conda-linux-gnu/13.4.0/include/c++/bits/shared_ptr.h
              instantiation of "std::shared_ptr<std::_NonArray<_Tp>> std::make_shared<_Tp,_Args...>(_Args &&...) [with _Tp=pops::runtime::system::ExactNamedField<2>, _Args=<const char (&)[26], std::string, pops::runtime::field::NamedFieldOutput<2> &, pops::Geometry<2> &, pops::mesh::BoxArray<2> &, pops::mesh::Distribution<2> &, pops::Index<2> &, const pops::BoundaryTopology<2> &, const pops::elliptic::nd::CartesianPoissonOptions<2> &, std::size_t, const pops::ExecutionLane &>]" at line 284 of /gpfs/scratch/rmdraux/PoPS-final-full-native-cuda-dim2-gh200-um-98804c68-20261009/source/src/runtime/system/system_fields.cpp
              instantiation of "std::shared_ptr<pops::runtime::system::ExactNamedField<Dim>> pops::<unnamed>::prepare_default_field<Dim,Implementation>(Implementation &, const pops::ExecutionLane &) [with Dim=2, Implementation=pops::System<2>::Impl]" at line 1690 of /gpfs/scratch/rmdraux/PoPS-final-full-native-cuda-dim2-gh200-um-98804c68-20261009/source/src/runtime/system/system_fields.cpp
              instantiation of "std::vector<pops::Real, std::allocator<pops::Real>> pops::System<Dim>::potential() [with Dim=2]" at line 1897 of /gpfs/scratch/rmdraux/PoPS-final-full-native-cuda-dim2-gh200-um-98804c68-20261009/source/src/runtime/system/system_fields.cpp

  /gpfs/scratch/rmdraux/PoPS-final-full-native-cuda-dim2-gh200-um-98804c68-20261009/source/include/pops/numerics/elliptic/nd/cartesian_poisson.hpp(170): warning #20015-D: calling a constexpr __host__ function from a __host__ __device__ function is not allowed. The experimental flag '--expt-relaxed-constexpr' can be used to allow this.
          result = (boundary_values[ordinal] - result * (alpha / Real(2) - beta / distance)) /
          ^
            detected during:
              instantiation of "void pops::elliptic::nd::detail::PhysicalGhostKernel<Dim>::operator()(const pops::Index<Dim> &) const [with Dim=2]" at line 192 of /gpfs/scratch/rmdraux/PoPS-final-full-native-cuda-dim2-gh200-um-98804c68-20261009/source/include/pops/mesh/execution/for_each.hpp
              instantiation of "void pops::detail::launch_index_space(const ExecutionSpace &, const pops::Box<Dim> &, const char *, F) [with ExecutionSpace=Kokkos::DefaultExecutionSpace, Dim=2, F=pops::elliptic::nd::detail::PhysicalGhostKernel<2>]" at line 230 of /gpfs/scratch/rmdraux/PoPS-final-full-native-cuda-dim2-gh200-um-98804c68-20261009/source/include/pops/mesh/execution/for_each.hpp
              instantiation of "void pops::for_each_cell(const ExecutionSpace &, const pops::Box<Dim> &, F) [with ExecutionSpace=Kokkos::DefaultExecutionSpace, Dim=2, F=pops::elliptic::nd::detail::PhysicalGhostKernel<2>]" at line 253 of /gpfs/scratch/rmdraux/PoPS-final-full-native-cuda-dim2-gh200-um-98804c68-20261009/source/include/pops/mesh/execution/for_each.hpp
              instantiation of "void pops::for_each_cell(const pops::Box<Dim> &, F) [with Dim=2, F=pops::elliptic::nd::detail::PhysicalGhostKernel<2>]" at line 619
              instantiation of "void pops::elliptic::nd::CartesianPoissonSolver<Dim>::fill_static_halo_(__nv_bool) [with Dim=2]" at line 640
              [ 15 instantiation contexts not shown ]
              instantiation of "std::__shared_ptr<_Tp, _Lp>::__shared_ptr(std::_Sp_alloc_shared_tag<_Alloc>, _Args &&...) [with _Tp=pops::runtime::system::ExactNamedField<2>, _Lp=__gnu_cxx::_S_atomic, _Alloc=std::allocator<void>, _Args=<const char (&)[26], std::__cxx11::basic_string<char, std::char_traits<char>, std::allocator<char>>, pops::runtime::field::NamedFieldOutput<2> &, pops::Geometry<2> &, pops::mesh::BoxArray<2> &, pops::mesh::Distribution<2> &, pops::Index<2> &, const pops::BoundaryTopology<2> &, const pops::elliptic::nd::CartesianPoissonOptions<2> &, std::size_t, const pops::ExecutionLane &>]" at line 465 of /gpfs/projet/r250127/rmdraux/sol61-gpu-bootstrap-20261004/compiler13/lib/gcc/aarch64-conda-linux-gnu/13.4.0/include/c++/bits/shared_ptr.h
              instantiation of "std::shared_ptr<_Tp>::shared_ptr(std::_Sp_alloc_shared_tag<_Alloc>, _Args &&...) [with _Tp=pops::runtime::system::ExactNamedField<2>, _Alloc=std::allocator<void>, _Args=<const char (&)[26], std::__cxx11::basic_string<char, std::char_traits<char>, std::allocator<char>>, pops::runtime::field::NamedFieldOutput<2> &, pops::Geometry<2> &, pops::mesh::BoxArray<2> &, pops::mesh::Distribution<2> &, pops::Index<2> &, const pops::BoundaryTopology<2> &, const pops::elliptic::nd::CartesianPoissonOptions<2> &, std::size_t, const pops::ExecutionLane &>]" at line 1010 of /gpfs/projet/r250127/rmdraux/sol61-gpu-bootstrap-20261004/compiler13/lib/gcc/aarch64-conda-linux-gnu/13.4.0/include/c++/bits/shared_ptr.h
              instantiation of "std::shared_ptr<std::_NonArray<_Tp>> std::make_shared<_Tp,_Args...>(_Args &&...) [with _Tp=pops::runtime::system::ExactNamedField<2>, _Args=<const char (&)[26], std::string, pops::runtime::field::NamedFieldOutput<2> &, pops::Geometry<2> &, pops::mesh::BoxArray<2> &, pops::mesh::Distribution<2> &, pops::Index<2> &, const pops::BoundaryTopology<2> &, const pops::elliptic::nd::CartesianPoissonOptions<2> &, std::size_t, const pops::ExecutionLane &>]" at line 284 of /gpfs/scratch/rmdraux/PoPS-final-full-native-cuda-dim2-gh200-um-98804c68-20261009/source/src/runtime/system/system_fields.cpp
              instantiation of "std::shared_ptr<pops::runtime::system::ExactNamedField<Dim>> pops::<unnamed>::prepare_default_field<Dim,Implementation>(Implementation &, const pops::ExecutionLane &) [with Dim=2, Implementation=pops::System<2>::Impl]" at line 1690 of /gpfs/scratch/rmdraux/PoPS-final-full-native-cuda-dim2-gh200-um-98804c68-20261009/source/src/runtime/system/system_fields.cpp
              instantiation of "std::vector<pops::Real, std::allocator<pops::Real>> pops::System<Dim>::potential() [with Dim=2]" at line 1897 of /gpfs/scratch/rmdraux/PoPS-final-full-native-cuda-dim2-gh200-um-98804c68-20261009/source/src/runtime/system/system_fields.cpp

  /gpfs/scratch/rmdraux/PoPS-final-full-native-cuda-dim2-gh200-um-98804c68-20261009/source/include/pops/mesh/boundary/physical_bc.hpp(211): warning #20013-D: calling a constexpr __host__ function("operator[]") from a __host__ __device__ function("operator()") is not allowed. The experimental flag '--expt-relaxed-constexpr' can be used to allow this.
          const BoundaryOperation<Dim>& op = plan.operations[operation];
                                                            ^
            detected during:
              instantiation of "void pops::physical_boundary_detail::ApplyPhysicalRegion<Dim>::operator()(const pops::Index<Dim> &) const [with Dim=2]" at line 192 of /gpfs/scratch/rmdraux/PoPS-final-full-native-cuda-dim2-gh200-um-98804c68-20261009/source/include/pops/mesh/execution/for_each.hpp
              instantiation of "void pops::detail::launch_index_space(const ExecutionSpace &, const pops::Box<Dim> &, const char *, F) [with ExecutionSpace=Kokkos::DefaultExecutionSpace, Dim=2, F=pops::physical_boundary_detail::ApplyPhysicalRegion<2>]" at line 230 of /gpfs/scratch/rmdraux/PoPS-final-full-native-cuda-dim2-gh200-um-98804c68-20261009/source/include/pops/mesh/execution/for_each.hpp
              instantiation of "void pops::for_each_cell(const ExecutionSpace &, const pops::Box<Dim> &, F) [with ExecutionSpace=Kokkos::DefaultExecutionSpace, Dim=2, F=pops::physical_boundary_detail::ApplyPhysicalRegion<2>]" at line 253 of /gpfs/scratch/rmdraux/PoPS-final-full-native-cuda-dim2-gh200-um-98804c68-20261009/source/include/pops/mesh/execution/for_each.hpp
              instantiation of "void pops::for_each_cell(const pops::Box<Dim> &, F) [with Dim=2, F=pops::physical_boundary_detail::ApplyPhysicalRegion<2>]" at line 334
              instantiation of "void pops::fill_physical_boundary(pops::MultiFab<Dim, MemorySpace> &, const pops::PreparedPhysicalBoundary<Dim> &, int, int) [with Dim=2, MemorySpace=Kokkos::Cuda::memory_space]" at line 414 of /gpfs/scratch/rmdraux/PoPS-final-full-native-cuda-dim2-gh200-um-98804c68-20261009/source/include/pops/runtime/system/auxiliary_ghost_fill.hpp
              instantiation of "void pops::runtime::system::PreparedAuxiliaryGhostTransport<Dim>::execute(pops::runtime::system::AuxiliaryStorageGroups<Dim> &) const [with Dim=2]" at line 1131 of /gpfs/scratch/rmdraux/PoPS-final-full-native-cuda-dim2-gh200-um-98804c68-20261009/source/src/runtime/system/system_fields.cpp
              instantiation of "void pops::System<Dim>::stage_field_publication_candidate() [with Dim=2]" at line 1853 of /gpfs/scratch/rmdraux/PoPS-final-full-native-cuda-dim2-gh200-um-98804c68-20261009/source/src/runtime/system/system_fields.cpp

  /gpfs/scratch/rmdraux/PoPS-final-full-native-cuda-dim2-gh200-um-98804c68-20261009/source/include/pops/mesh/boundary/physical_bc.hpp(216): warning #20013-D: calling a constexpr __host__ function("ordinal") from a __host__ __device__ function("operator()") is not allowed. The experimental flag '--expt-relaxed-constexpr' can be used to allow this.
              faces[static_cast<std::size_t>(Face<Dim>{axis, BoundarySide::lower}.ordinal())];
                                                                                  ^
            detected during:
              instantiation of "void pops::physical_boundary_detail::ApplyPhysicalRegion<Dim>::operator()(const pops::Index<Dim> &) const [with Dim=2]" at line 192 of /gpfs/scratch/rmdraux/PoPS-final-full-native-cuda-dim2-gh200-um-98804c68-20261009/source/include/pops/mesh/execution/for_each.hpp
              instantiation of "void pops::detail::launch_index_space(const ExecutionSpace &, const pops::Box<Dim> &, const char *, F) [with ExecutionSpace=Kokkos::DefaultExecutionSpace, Dim=2, F=pops::physical_boundary_detail::ApplyPhysicalRegion<2>]" at line 230 of /gpfs/scratch/rmdraux/PoPS-final-full-native-cuda-dim2-gh200-um-98804c68-20261009/source/include/pops/mesh/execution/for_each.hpp
              instantiation of "void pops::for_each_cell(const ExecutionSpace &, const pops::Box<Dim> &, F) [with ExecutionSpace=Kokkos::DefaultExecutionSpace, Dim=2, F=pops::physical_boundary_detail::ApplyPhysicalRegion<2>]" at line 253 of /gpfs/scratch/rmdraux/PoPS-final-full-native-cuda-dim2-gh200-um-98804c68-20261009/source/include/pops/mesh/execution/for_each.hpp
              instantiation of "void pops::for_each_cell(const pops::Box<Dim> &, F) [with Dim=2, F=pops::physical_boundary_detail::ApplyPhysicalRegion<2>]" at line 334
              instantiation of "void pops::fill_physical_boundary(pops::MultiFab<Dim, MemorySpace> &, const pops::PreparedPhysicalBoundary<Dim> &, int, int) [with Dim=2, MemorySpace=Kokkos::Cuda::memory_space]" at line 414 of /gpfs/scratch/rmdraux/PoPS-final-full-native-cuda-dim2-gh200-um-98804c68-20261009/source/include/pops/runtime/system/auxiliary_ghost_fill.hpp
              instantiation of "void pops::runtime::system::PreparedAuxiliaryGhostTransport<Dim>::execute(pops::runtime::system::AuxiliaryStorageGroups<Dim> &) const [with Dim=2]" at line 1131 of /gpfs/scratch/rmdraux/PoPS-final-full-native-cuda-dim2-gh200-um-98804c68-20261009/source/src/runtime/system/system_fields.cpp
              instantiation of "void pops::System<Dim>::stage_field_publication_candidate() [with Dim=2]" at line 1853 of /gpfs/scratch/rmdraux/PoPS-final-full-native-cuda-dim2-gh200-um-98804c68-20261009/source/src/runtime/system/system_fields.cpp

  /gpfs/scratch/rmdraux/PoPS-final-full-native-cuda-dim2-gh200-um-98804c68-20261009/source/include/pops/mesh/boundary/physical_bc.hpp(216): warning #20013-D: calling a constexpr __host__ function("operator[]") from a __host__ __device__ function("operator()") is not allowed. The experimental flag '--expt-relaxed-constexpr' can be used to allow this.
              faces[static_cast<std::size_t>(Face<Dim>{axis, BoundarySide::lower}.ordinal())];
                   ^
            detected during:
              instantiation of "void pops::physical_boundary_detail::ApplyPhysicalRegion<Dim>::operator()(const pops::Index<Dim> &) const [with Dim=2]" at line 192 of /gpfs/scratch/rmdraux/PoPS-final-full-native-cuda-dim2-gh200-um-98804c68-20261009/source/include/pops/mesh/execution/for_each.hpp
              instantiation of "void pops::detail::launch_index_space(const ExecutionSpace &, const pops::Box<Dim> &, const char *, F) [with ExecutionSpace=Kokkos::DefaultExecutionSpace, Dim=2, F=pops::physical_boundary_detail::ApplyPhysicalRegion<2>]" at line 230 of /gpfs/scratch/rmdraux/PoPS-final-full-native-cuda-dim2-gh200-um-98804c68-20261009/source/include/pops/mesh/execution/for_each.hpp
              instantiation of "void pops::for_each_cell(const ExecutionSpace &, const pops::Box<Dim> &, F) [with ExecutionSpace=Kokkos::DefaultExecutionSpace, Dim=2, F=pops::physical_boundary_detail::ApplyPhysicalRegion<2>]" at line 253 of /gpfs/scratch/rmdraux/PoPS-final-full-native-cuda-dim2-gh200-um-98804c68-20261009/source/include/pops/mesh/execution/for_each.hpp
              instantiation of "void pops::for_each_cell(const pops::Box<Dim> &, F) [with Dim=2, F=pops::physical_boundary_detail::ApplyPhysicalRegion<2>]" at line 334
              instantiation of "void pops::fill_physical_boundary(pops::MultiFab<Dim, MemorySpace> &, const pops::PreparedPhysicalBoundary<Dim> &, int, int) [with Dim=2, MemorySpace=Kokkos::Cuda::memory_space]" at line 414 of /gpfs/scratch/rmdraux/PoPS-final-full-native-cuda-dim2-gh200-um-98804c68-20261009/source/include/pops/runtime/system/auxiliary_ghost_fill.hpp
              instantiation of "void pops::runtime::system::PreparedAuxiliaryGhostTransport<Dim>::execute(pops::runtime::system::AuxiliaryStorageGroups<Dim> &) const [with Dim=2]" at line 1131 of /gpfs/scratch/rmdraux/PoPS-final-full-native-cuda-dim2-gh200-um-98804c68-20261009/source/src/runtime/system/system_fields.cpp
              instantiation of "void pops::System<Dim>::stage_field_publication_candidate() [with Dim=2]" at line 1853 of /gpfs/scratch/rmdraux/PoPS-final-full-native-cuda-dim2-gh200-um-98804c68-20261009/source/src/runtime/system/system_fields.cpp

  /gpfs/scratch/rmdraux/PoPS-final-full-native-cuda-dim2-gh200-um-98804c68-20261009/source/include/pops/mesh/boundary/physical_bc.hpp(218): warning #20013-D: calling a constexpr __host__ function("ordinal") from a __host__ __device__ function("operator()") is not allowed. The experimental flag '--expt-relaxed-constexpr' can be used to allow this.
              faces[static_cast<std::size_t>(Face<Dim>{axis, BoundarySide::upper}.ordinal())];
                                                                                  ^
            detected during:
              instantiation of "void pops::physical_boundary_detail::ApplyPhysicalRegion<Dim>::operator()(const pops::Index<Dim> &) const [with Dim=2]" at line 192 of /gpfs/scratch/rmdraux/PoPS-final-full-native-cuda-dim2-gh200-um-98804c68-20261009/source/include/pops/mesh/execution/for_each.hpp
              instantiation of "void pops::detail::launch_index_space(const ExecutionSpace &, const pops::Box<Dim> &, const char *, F) [with ExecutionSpace=Kokkos::DefaultExecutionSpace, Dim=2, F=pops::physical_boundary_detail::ApplyPhysicalRegion<2>]" at line 230 of /gpfs/scratch/rmdraux/PoPS-final-full-native-cuda-dim2-gh200-um-98804c68-20261009/source/include/pops/mesh/execution/for_each.hpp
              instantiation of "void pops::for_each_cell(const ExecutionSpace &, const pops::Box<Dim> &, F) [with ExecutionSpace=Kokkos::DefaultExecutionSpace, Dim=2, F=pops::physical_boundary_detail::ApplyPhysicalRegion<2>]" at line 253 of /gpfs/scratch/rmdraux/PoPS-final-full-native-cuda-dim2-gh200-um-98804c68-20261009/source/include/pops/mesh/execution/for_each.hpp
              instantiation of "void pops::for_each_cell(const pops::Box<Dim> &, F) [with Dim=2, F=pops::physical_boundary_detail::ApplyPhysicalRegion<2>]" at line 334
              instantiation of "void pops::fill_physical_boundary(pops::MultiFab<Dim, MemorySpace> &, const pops::PreparedPhysicalBoundary<Dim> &, int, int) [with Dim=2, MemorySpace=Kokkos::Cuda::memory_space]" at line 414 of /gpfs/scratch/rmdraux/PoPS-final-full-native-cuda-dim2-gh200-um-98804c68-20261009/source/include/pops/runtime/system/auxiliary_ghost_fill.hpp
              instantiation of "void pops::runtime::system::PreparedAuxiliaryGhostTransport<Dim>::execute(pops::runtime::system::AuxiliaryStorageGroups<Dim> &) const [with Dim=2]" at line 1131 of /gpfs/scratch/rmdraux/PoPS-final-full-native-cuda-dim2-gh200-um-98804c68-20261009/source/src/runtime/system/system_fields.cpp
              instantiation of "void pops::System<Dim>::stage_field_publication_candidate() [with Dim=2]" at line 1853 of /gpfs/scratch/rmdraux/PoPS-final-full-native-cuda-dim2-gh200-um-98804c68-20261009/source/src/runtime/system/system_fields.cpp

  /gpfs/scratch/rmdraux/PoPS-final-full-native-cuda-dim2-gh200-um-98804c68-20261009/source/include/pops/mesh/boundary/physical_bc.hpp(218): warning #20013-D: calling a constexpr __host__ function("operator[]") from a __host__ __device__ function("operator()") is not allowed. The experimental flag '--expt-relaxed-constexpr' can be used to allow this.
              faces[static_cast<std::size_t>(Face<Dim>{axis, BoundarySide::upper}.ordinal())];
                   ^
            detected during:
              instantiation of "void pops::physical_boundary_detail::ApplyPhysicalRegion<Dim>::operator()(const pops::Index<Dim> &) const [with Dim=2]" at line 192 of /gpfs/scratch/rmdraux/PoPS-final-full-native-cuda-dim2-gh200-um-98804c68-20261009/source/include/pops/mesh/execution/for_each.hpp
              instantiation of "void pops::detail::launch_index_space(const ExecutionSpace &, const pops::Box<Dim> &, const char *, F) [with ExecutionSpace=Kokkos::DefaultExecutionSpace, Dim=2, F=pops::physical_boundary_detail::ApplyPhysicalRegion<2>]" at line 230 of /gpfs/scratch/rmdraux/PoPS-final-full-native-cuda-dim2-gh200-um-98804c68-20261009/source/include/pops/mesh/execution/for_each.hpp
              instantiation of "void pops::for_each_cell(const ExecutionSpace &, const pops::Box<Dim> &, F) [with ExecutionSpace=Kokkos::DefaultExecutionSpace, Dim=2, F=pops::physical_boundary_detail::ApplyPhysicalRegion<2>]" at line 253 of /gpfs/scratch/rmdraux/PoPS-final-full-native-cuda-dim2-gh200-um-98804c68-20261009/source/include/pops/mesh/execution/for_each.hpp
              instantiation of "void pops::for_each_cell(const pops::Box<Dim> &, F) [with Dim=2, F=pops::physical_boundary_detail::ApplyPhysicalRegion<2>]" at line 334
              instantiation of "void pops::fill_physical_boundary(pops::MultiFab<Dim, MemorySpace> &, const pops::PreparedPhysicalBoundary<Dim> &, int, int) [with Dim=2, MemorySpace=Kokkos::Cuda::memory_space]" at line 414 of /gpfs/scratch/rmdraux/PoPS-final-full-native-cuda-dim2-gh200-um-98804c68-20261009/source/include/pops/runtime/system/auxiliary_ghost_fill.hpp
              instantiation of "void pops::runtime::system::PreparedAuxiliaryGhostTransport<Dim>::execute(pops::runtime::system::AuxiliaryStorageGroups<Dim> &) const [with Dim=2]" at line 1131 of /gpfs/scratch/rmdraux/PoPS-final-full-native-cuda-dim2-gh200-um-98804c68-20261009/source/src/runtime/system/system_fields.cpp
              instantiation of "void pops::System<Dim>::stage_field_publication_candidate() [with Dim=2]" at line 1853 of /gpfs/scratch/rmdraux/PoPS-final-full-native-cuda-dim2-gh200-um-98804c68-20261009/source/src/runtime/system/system_fields.cpp

  /gpfs/scratch/rmdraux/PoPS-final-full-native-cuda-dim2-gh200-um-98804c68-20261009/source/include/pops/mesh/boundary/physical_bc.hpp(211): warning #20015-D: calling a constexpr __host__ function from a __host__ __device__ function is not allowed. The experimental flag '--expt-relaxed-constexpr' can be used to allow this.
          const BoundaryOperation<Dim>& op = plan.operations[operation];
                                           ^
            detected during:
              instantiation of "void pops::physical_boundary_detail::ApplyPhysicalRegion<Dim>::operator()(const pops::Index<Dim> &) const [with Dim=2]" at line 192 of /gpfs/scratch/rmdraux/PoPS-final-full-native-cuda-dim2-gh200-um-98804c68-20261009/source/include/pops/mesh/execution/for_each.hpp
              instantiation of "void pops::detail::launch_index_space(const ExecutionSpace &, const pops::Box<Dim> &, const char *, F) [with ExecutionSpace=Kokkos::DefaultExecutionSpace, Dim=2, F=pops::physical_boundary_detail::ApplyPhysicalRegion<2>]" at line 230 of /gpfs/scratch/rmdraux/PoPS-final-full-native-cuda-dim2-gh200-um-98804c68-20261009/source/include/pops/mesh/execution/for_each.hpp
              instantiation of "void pops::for_each_cell(const ExecutionSpace &, const pops::Box<Dim> &, F) [with ExecutionSpace=Kokkos::DefaultExecutionSpace, Dim=2, F=pops::physical_boundary_detail::ApplyPhysicalRegion<2>]" at line 253 of /gpfs/scratch/rmdraux/PoPS-final-full-native-cuda-dim2-gh200-um-98804c68-20261009/source/include/pops/mesh/execution/for_each.hpp
              instantiation of "void pops::for_each_cell(const pops::Box<Dim> &, F) [with Dim=2, F=pops::physical_boundary_detail::ApplyPhysicalRegion<2>]" at line 334
              instantiation of "void pops::fill_physical_boundary(pops::MultiFab<Dim, MemorySpace> &, const pops::PreparedPhysicalBoundary<Dim> &, int, int) [with Dim=2, MemorySpace=Kokkos::Cuda::memory_space]" at line 414 of /gpfs/scratch/rmdraux/PoPS-final-full-native-cuda-dim2-gh200-um-98804c68-20261009/source/include/pops/runtime/system/auxiliary_ghost_fill.hpp
              instantiation of "void pops::runtime::system::PreparedAuxiliaryGhostTransport<Dim>::execute(pops::runtime::system::AuxiliaryStorageGroups<Dim> &) const [with Dim=2]" at line 1131 of /gpfs/scratch/rmdraux/PoPS-final-full-native-cuda-dim2-gh200-um-98804c68-20261009/source/src/runtime/system/system_fields.cpp
              instantiation of "void pops::System<Dim>::stage_field_publication_candidate() [with Dim=2]" at line 1853 of /gpfs/scratch/rmdraux/PoPS-final-full-native-cuda-dim2-gh200-um-98804c68-20261009/source/src/runtime/system/system_fields.cpp

  /gpfs/scratch/rmdraux/PoPS-final-full-native-cuda-dim2-gh200-um-98804c68-20261009/source/include/pops/mesh/boundary/physical_bc.hpp(215): warning #20015-D: calling a constexpr __host__ function from a __host__ __device__ function is not allowed. The experimental flag '--expt-relaxed-constexpr' can be used to allow this.
          const PhysicalBoundaryFace low =
                                         ^
            detected during:
              instantiation of "void pops::physical_boundary_detail::ApplyPhysicalRegion<Dim>::operator()(const pops::Index<Dim> &) const [with Dim=2]" at line 192 of /gpfs/scratch/rmdraux/PoPS-final-full-native-cuda-dim2-gh200-um-98804c68-20261009/source/include/pops/mesh/execution/for_each.hpp
              instantiation of "void pops::detail::launch_index_space(const ExecutionSpace &, const pops::Box<Dim> &, const char *, F) [with ExecutionSpace=Kokkos::DefaultExecutionSpace, Dim=2, F=pops::physical_boundary_detail::ApplyPhysicalRegion<2>]" at line 230 of /gpfs/scratch/rmdraux/PoPS-final-full-native-cuda-dim2-gh200-um-98804c68-20261009/source/include/pops/mesh/execution/for_each.hpp
              instantiation of "void pops::for_each_cell(const ExecutionSpace &, const pops::Box<Dim> &, F) [with ExecutionSpace=Kokkos::DefaultExecutionSpace, Dim=2, F=pops::physical_boundary_detail::ApplyPhysicalRegion<2>]" at line 253 of /gpfs/scratch/rmdraux/PoPS-final-full-native-cuda-dim2-gh200-um-98804c68-20261009/source/include/pops/mesh/execution/for_each.hpp
              instantiation of "void pops::for_each_cell(const pops::Box<Dim> &, F) [with Dim=2, F=pops::physical_boundary_detail::ApplyPhysicalRegion<2>]" at line 334
              instantiation of "void pops::fill_physical_boundary(pops::MultiFab<Dim, MemorySpace> &, const pops::PreparedPhysicalBoundary<Dim> &, int, int) [with Dim=2, MemorySpace=Kokkos::Cuda::memory_space]" at line 414 of /gpfs/scratch/rmdraux/PoPS-final-full-native-cuda-dim2-gh200-um-98804c68-20261009/source/include/pops/runtime/system/auxiliary_ghost_fill.hpp
              instantiation of "void pops::runtime::system::PreparedAuxiliaryGhostTransport<Dim>::execute(pops::runtime::system::AuxiliaryStorageGroups<Dim> &) const [with Dim=2]" at line 1131 of /gpfs/scratch/rmdraux/PoPS-final-full-native-cuda-dim2-gh200-um-98804c68-20261009/source/src/runtime/system/system_fields.cpp
              instantiation of "void pops::System<Dim>::stage_field_publication_candidate() [with Dim=2]" at line 1853 of /gpfs/scratch/rmdraux/PoPS-final-full-native-cuda-dim2-gh200-um-98804c68-20261009/source/src/runtime/system/system_fields.cpp

  /gpfs/scratch/rmdraux/PoPS-final-full-native-cuda-dim2-gh200-um-98804c68-20261009/source/include/pops/mesh/boundary/physical_bc.hpp(215): warning #20015-D: calling a constexpr __host__ function from a __host__ __device__ function is not allowed. The experimental flag '--expt-relaxed-constexpr' can be used to allow this.
          const PhysicalBoundaryFace low =
                                         ^
            detected during:
              instantiation of "void pops::physical_boundary_detail::ApplyPhysicalRegion<Dim>::operator()(const pops::Index<Dim> &) const [with Dim=2]" at line 192 of /gpfs/scratch/rmdraux/PoPS-final-full-native-cuda-dim2-gh200-um-98804c68-20261009/source/include/pops/mesh/execution/for_each.hpp
              instantiation of "void pops::detail::launch_index_space(const ExecutionSpace &, const pops::Box<Dim> &, const char *, F) [with ExecutionSpace=Kokkos::DefaultExecutionSpace, Dim=2, F=pops::physical_boundary_detail::ApplyPhysicalRegion<2>]" at line 230 of /gpfs/scratch/rmdraux/PoPS-final-full-native-cuda-dim2-gh200-um-98804c68-20261009/source/include/pops/mesh/execution/for_each.hpp
              instantiation of "void pops::for_each_cell(const ExecutionSpace &, const pops::Box<Dim> &, F) [with ExecutionSpace=Kokkos::DefaultExecutionSpace, Dim=2, F=pops::physical_boundary_detail::ApplyPhysicalRegion<2>]" at line 253 of /gpfs/scratch/rmdraux/PoPS-final-full-native-cuda-dim2-gh200-um-98804c68-20261009/source/include/pops/mesh/execution/for_each.hpp
              instantiation of "void pops::for_each_cell(const pops::Box<Dim> &, F) [with Dim=2, F=pops::physical_boundary_detail::ApplyPhysicalRegion<2>]" at line 334
              instantiation of "void pops::fill_physical_boundary(pops::MultiFab<Dim, MemorySpace> &, const pops::PreparedPhysicalBoundary<Dim> &, int, int) [with Dim=2, MemorySpace=Kokkos::Cuda::memory_space]" at line 414 of /gpfs/scratch/rmdraux/PoPS-final-full-native-cuda-dim2-gh200-um-98804c68-20261009/source/include/pops/runtime/system/auxiliary_ghost_fill.hpp
              instantiation of "void pops::runtime::system::PreparedAuxiliaryGhostTransport<Dim>::execute(pops::runtime::system::AuxiliaryStorageGroups<Dim> &) const [with Dim=2]" at line 1131 of /gpfs/scratch/rmdraux/PoPS-final-full-native-cuda-dim2-gh200-um-98804c68-20261009/source/src/runtime/system/system_fields.cpp
              instantiation of "void pops::System<Dim>::stage_field_publication_candidate() [with Dim=2]" at line 1853 of /gpfs/scratch/rmdraux/PoPS-final-full-native-cuda-dim2-gh200-um-98804c68-20261009/source/src/runtime/system/system_fields.cpp

  /gpfs/scratch/rmdraux/PoPS-final-full-native-cuda-dim2-gh200-um-98804c68-20261009/source/include/pops/mesh/boundary/physical_bc.hpp(215): warning #20015-D: calling a constexpr __host__ function from a __host__ __device__ function is not allowed. The experimental flag '--expt-relaxed-constexpr' can be used to allow this.
          const PhysicalBoundaryFace low =
                                         ^
            detected during:
              instantiation of "void pops::physical_boundary_detail::ApplyPhysicalRegion<Dim>::operator()(const pops::Index<Dim> &) const [with Dim=2]" at line 192 of /gpfs/scratch/rmdraux/PoPS-final-full-native-cuda-dim2-gh200-um-98804c68-20261009/source/include/pops/mesh/execution/for_each.hpp
              instantiation of "void pops::detail::launch_index_space(const ExecutionSpace &, const pops::Box<Dim> &, const char *, F) [with ExecutionSpace=Kokkos::DefaultExecutionSpace, Dim=2, F=pops::physical_boundary_detail::ApplyPhysicalRegion<2>]" at line 230 of /gpfs/scratch/rmdraux/PoPS-final-full-native-cuda-dim2-gh200-um-98804c68-20261009/source/include/pops/mesh/execution/for_each.hpp
              instantiation of "void pops::for_each_cell(const ExecutionSpace &, const pops::Box<Dim> &, F) [with ExecutionSpace=Kokkos::DefaultExecutionSpace, Dim=2, F=pops::physical_boundary_detail::ApplyPhysicalRegion<2>]" at line 253 of /gpfs/scratch/rmdraux/PoPS-final-full-native-cuda-dim2-gh200-um-98804c68-20261009/source/include/pops/mesh/execution/for_each.hpp
              instantiation of "void pops::for_each_cell(const pops::Box<Dim> &, F) [with Dim=2, F=pops::physical_boundary_detail::ApplyPhysicalRegion<2>]" at line 334
              instantiation of "void pops::fill_physical_boundary(pops::MultiFab<Dim, MemorySpace> &, const pops::PreparedPhysicalBoundary<Dim> &, int, int) [with Dim=2, MemorySpace=Kokkos::Cuda::memory_space]" at line 414 of /gpfs/scratch/rmdraux/PoPS-final-full-native-cuda-dim2-gh200-um-98804c68-20261009/source/include/pops/runtime/system/auxiliary_ghost_fill.hpp
              instantiation of "void pops::runtime::system::PreparedAuxiliaryGhostTransport<Dim>::execute(pops::runtime::system::AuxiliaryStorageGroups<Dim> &) const [with Dim=2]" at line 1131 of /gpfs/scratch/rmdraux/PoPS-final-full-native-cuda-dim2-gh200-um-98804c68-20261009/source/src/runtime/system/system_fields.cpp
              instantiation of "void pops::System<Dim>::stage_field_publication_candidate() [with Dim=2]" at line 1853 of /gpfs/scratch/rmdraux/PoPS-final-full-native-cuda-dim2-gh200-um-98804c68-20261009/source/src/runtime/system/system_fields.cpp

  /gpfs/scratch/rmdraux/PoPS-final-full-native-cuda-dim2-gh200-um-98804c68-20261009/source/include/pops/mesh/boundary/physical_bc.hpp(217): warning #20015-D: calling a constexpr __host__ function from a __host__ __device__ function is not allowed. The experimental flag '--expt-relaxed-constexpr' can be used to allow this.
          const PhysicalBoundaryFace high =
                                          ^
            detected during:
              instantiation of "void pops::physical_boundary_detail::ApplyPhysicalRegion<Dim>::operator()(const pops::Index<Dim> &) const [with Dim=2]" at line 192 of /gpfs/scratch/rmdraux/PoPS-final-full-native-cuda-dim2-gh200-um-98804c68-20261009/source/include/pops/mesh/execution/for_each.hpp
              instantiation of "void pops::detail::launch_index_space(const ExecutionSpace &, const pops::Box<Dim> &, const char *, F) [with ExecutionSpace=Kokkos::DefaultExecutionSpace, Dim=2, F=pops::physical_boundary_detail::ApplyPhysicalRegion<2>]" at line 230 of /gpfs/scratch/rmdraux/PoPS-final-full-native-cuda-dim2-gh200-um-98804c68-20261009/source/include/pops/mesh/execution/for_each.hpp
              instantiation of "void pops::for_each_cell(const ExecutionSpace &, const pops::Box<Dim> &, F) [with ExecutionSpace=Kokkos::DefaultExecutionSpace, Dim=2, F=pops::physical_boundary_detail::ApplyPhysicalRegion<2>]" at line 253 of /gpfs/scratch/rmdraux/PoPS-final-full-native-cuda-dim2-gh200-um-98804c68-20261009/source/include/pops/mesh/execution/for_each.hpp
              instantiation of "void pops::for_each_cell(const pops::Box<Dim> &, F) [with Dim=2, F=pops::physical_boundary_detail::ApplyPhysicalRegion<2>]" at line 334
              instantiation of "void pops::fill_physical_boundary(pops::MultiFab<Dim, MemorySpace> &, const pops::PreparedPhysicalBoundary<Dim> &, int, int) [with Dim=2, MemorySpace=Kokkos::Cuda::memory_space]" at line 414 of /gpfs/scratch/rmdraux/PoPS-final-full-native-cuda-dim2-gh200-um-98804c68-20261009/source/include/pops/runtime/system/auxiliary_ghost_fill.hpp
              instantiation of "void pops::runtime::system::PreparedAuxiliaryGhostTransport<Dim>::execute(pops::runtime::system::AuxiliaryStorageGroups<Dim> &) const [with Dim=2]" at line 1131 of /gpfs/scratch/rmdraux/PoPS-final-full-native-cuda-dim2-gh200-um-98804c68-20261009/source/src/runtime/system/system_fields.cpp
              instantiation of "void pops::System<Dim>::stage_field_publication_candidate() [with Dim=2]" at line 1853 of /gpfs/scratch/rmdraux/PoPS-final-full-native-cuda-dim2-gh200-um-98804c68-20261009/source/src/runtime/system/system_fields.cpp

  /gpfs/scratch/rmdraux/PoPS-final-full-native-cuda-dim2-gh200-um-98804c68-20261009/source/include/pops/mesh/boundary/physical_bc.hpp(217): warning #20015-D: calling a constexpr __host__ function from a __host__ __device__ function is not allowed. The experimental flag '--expt-relaxed-constexpr' can be used to allow this.
          const PhysicalBoundaryFace high =
                                          ^
            detected during:
              instantiation of "void pops::physical_boundary_detail::ApplyPhysicalRegion<Dim>::operator()(const pops::Index<Dim> &) const [with Dim=2]" at line 192 of /gpfs/scratch/rmdraux/PoPS-final-full-native-cuda-dim2-gh200-um-98804c68-20261009/source/include/pops/mesh/execution/for_each.hpp
              instantiation of "void pops::detail::launch_index_space(const ExecutionSpace &, const pops::Box<Dim> &, const char *, F) [with ExecutionSpace=Kokkos::DefaultExecutionSpace, Dim=2, F=pops::physical_boundary_detail::ApplyPhysicalRegion<2>]" at line 230 of /gpfs/scratch/rmdraux/PoPS-final-full-native-cuda-dim2-gh200-um-98804c68-20261009/source/include/pops/mesh/execution/for_each.hpp
              instantiation of "void pops::for_each_cell(const ExecutionSpace &, const pops::Box<Dim> &, F) [with ExecutionSpace=Kokkos::DefaultExecutionSpace, Dim=2, F=pops::physical_boundary_detail::ApplyPhysicalRegion<2>]" at line 253 of /gpfs/scratch/rmdraux/PoPS-final-full-native-cuda-dim2-gh200-um-98804c68-20261009/source/include/pops/mesh/execution/for_each.hpp
              instantiation of "void pops::for_each_cell(const pops::Box<Dim> &, F) [with Dim=2, F=pops::physical_boundary_detail::ApplyPhysicalRegion<2>]" at line 334
              instantiation of "void pops::fill_physical_boundary(pops::MultiFab<Dim, MemorySpace> &, const pops::PreparedPhysicalBoundary<Dim> &, int, int) [with Dim=2, MemorySpace=Kokkos::Cuda::memory_space]" at line 414 of /gpfs/scratch/rmdraux/PoPS-final-full-native-cuda-dim2-gh200-um-98804c68-20261009/source/include/pops/runtime/system/auxiliary_ghost_fill.hpp
              instantiation of "void pops::runtime::system::PreparedAuxiliaryGhostTransport<Dim>::execute(pops::runtime::system::AuxiliaryStorageGroups<Dim> &) const [with Dim=2]" at line 1131 of /gpfs/scratch/rmdraux/PoPS-final-full-native-cuda-dim2-gh200-um-98804c68-20261009/source/src/runtime/system/system_fields.cpp
              instantiation of "void pops::System<Dim>::stage_field_publication_candidate() [with Dim=2]" at line 1853 of /gpfs/scratch/rmdraux/PoPS-final-full-native-cuda-dim2-gh200-um-98804c68-20261009/source/src/runtime/system/system_fields.cpp

  /gpfs/scratch/rmdraux/PoPS-final-full-native-cuda-dim2-gh200-um-98804c68-20261009/source/include/pops/mesh/boundary/physical_bc.hpp(217): warning #20015-D: calling a constexpr __host__ function from a __host__ __device__ function is not allowed. The experimental flag '--expt-relaxed-constexpr' can be used to allow this.
          const PhysicalBoundaryFace high =
                                          ^
            detected during:
              instantiation of "void pops::physical_boundary_detail::ApplyPhysicalRegion<Dim>::operator()(const pops::Index<Dim> &) const [with Dim=2]" at line 192 of /gpfs/scratch/rmdraux/PoPS-final-full-native-cuda-dim2-gh200-um-98804c68-20261009/source/include/pops/mesh/execution/for_each.hpp
              instantiation of "void pops::detail::launch_index_space(const ExecutionSpace &, const pops::Box<Dim> &, const char *, F) [with ExecutionSpace=Kokkos::DefaultExecutionSpace, Dim=2, F=pops::physical_boundary_detail::ApplyPhysicalRegion<2>]" at line 230 of /gpfs/scratch/rmdraux/PoPS-final-full-native-cuda-dim2-gh200-um-98804c68-20261009/source/include/pops/mesh/execution/for_each.hpp
              instantiation of "void pops::for_each_cell(const ExecutionSpace &, const pops::Box<Dim> &, F) [with ExecutionSpace=Kokkos::DefaultExecutionSpace, Dim=2, F=pops::physical_boundary_detail::ApplyPhysicalRegion<2>]" at line 253 of /gpfs/scratch/rmdraux/PoPS-final-full-native-cuda-dim2-gh200-um-98804c68-20261009/source/include/pops/mesh/execution/for_each.hpp
              instantiation of "void pops::for_each_cell(const pops::Box<Dim> &, F) [with Dim=2, F=pops::physical_boundary_detail::ApplyPhysicalRegion<2>]" at line 334
              instantiation of "void pops::fill_physical_boundary(pops::MultiFab<Dim, MemorySpace> &, const pops::PreparedPhysicalBoundary<Dim> &, int, int) [with Dim=2, MemorySpace=Kokkos::Cuda::memory_space]" at line 414 of /gpfs/scratch/rmdraux/PoPS-final-full-native-cuda-dim2-gh200-um-98804c68-20261009/source/include/pops/runtime/system/auxiliary_ghost_fill.hpp
              instantiation of "void pops::runtime::system::PreparedAuxiliaryGhostTransport<Dim>::execute(pops::runtime::system::AuxiliaryStorageGroups<Dim> &) const [with Dim=2]" at line 1131 of /gpfs/scratch/rmdraux/PoPS-final-full-native-cuda-dim2-gh200-um-98804c68-20261009/source/src/runtime/system/system_fields.cpp
              instantiation of "void pops::System<Dim>::stage_field_publication_candidate() [with Dim=2]" at line 1853 of /gpfs/scratch/rmdraux/PoPS-final-full-native-cuda-dim2-gh200-um-98804c68-20261009/source/src/runtime/system/system_fields.cpp

  /gpfs/scratch/rmdraux/PoPS-final-full-native-cuda-dim2-gh200-um-98804c68-20261009/source/include/pops/mesh/boundary/physical_bc.hpp(211): warning #20013-D: calling a constexpr __host__ function("std::array< ::pops::BoundaryOperation<(int)2> , (unsigned long)2ul> ::operator [](unsigned long) const") from a __host__ __device__ function("pops::physical_boundary_detail::ApplyPhysicalRegion<(int)2> ::operator () const") is not allowed. The experimental flag '--expt-relaxed-constexpr' can be used to allow this.

  /gpfs/scratch/rmdraux/PoPS-final-full-native-cuda-dim2-gh200-um-98804c68-20261009/source/include/pops/mesh/boundary/physical_bc.hpp(216): warning #20013-D: calling a constexpr __host__ function("std::array< ::pops::PhysicalBoundaryFace, (unsigned long)4ul> ::operator [](unsigned long) const") from a __host__ __device__ function("pops::physical_boundary_detail::ApplyPhysicalRegion<(int)2> ::operator () const") is not allowed. The experimental flag '--expt-relaxed-constexpr' can be used to allow this.

  /gpfs/scratch/rmdraux/PoPS-final-full-native-cuda-dim2-gh200-um-98804c68-20261009/source/include/pops/mesh/boundary/physical_bc.hpp(216): warning #20013-D: calling a constexpr __host__ function("pops::Face<(int)2> ::ordinal() const") from a __host__ __device__ function("pops::physical_boundary_detail::ApplyPhysicalRegion<(int)2> ::operator () const") is not allowed. The experimental flag '--expt-relaxed-constexpr' can be used to allow this.

  /gpfs/scratch/rmdraux/PoPS-final-full-native-cuda-dim2-gh200-um-98804c68-20261009/source/include/pops/mesh/boundary/physical_bc.hpp(216): warning #20013-D: calling a constexpr __host__ function("pops::Face<(int)2> ::Face(int,  ::pops::BoundarySide)") from a __host__ __device__ function("pops::physical_boundary_detail::ApplyPhysicalRegion<(int)2> ::operator () const") is not allowed. The experimental flag '--expt-relaxed-constexpr' can be used to allow this.

  /gpfs/scratch/rmdraux/PoPS-final-full-native-cuda-dim2-gh200-um-98804c68-20261009/source/include/pops/mesh/boundary/physical_bc.hpp(218): warning #20013-D: calling a constexpr __host__ function("std::array< ::pops::PhysicalBoundaryFace, (unsigned long)4ul> ::operator [](unsigned long) const") from a __host__ __device__ function("pops::physical_boundary_detail::ApplyPhysicalRegion<(int)2> ::operator () const") is not allowed. The experimental flag '--expt-relaxed-constexpr' can be used to allow this.

  /gpfs/scratch/rmdraux/PoPS-final-full-native-cuda-dim2-gh200-um-98804c68-20261009/source/include/pops/mesh/boundary/physical_bc.hpp(218): warning #20013-D: calling a constexpr __host__ function("pops::Face<(int)2> ::ordinal() const") from a __host__ __device__ function("pops::physical_boundary_detail::ApplyPhysicalRegion<(int)2> ::operator () const") is not allowed. The experimental flag '--expt-relaxed-constexpr' can be used to allow this.

  /gpfs/scratch/rmdraux/PoPS-final-full-native-cuda-dim2-gh200-um-98804c68-20261009/source/include/pops/mesh/boundary/physical_bc.hpp(218): warning #20013-D: calling a constexpr __host__ function("pops::Face<(int)2> ::Face(int,  ::pops::BoundarySide)") from a __host__ __device__ function("pops::physical_boundary_detail::ApplyPhysicalRegion<(int)2> ::operator () const") is not allowed. The experimental flag '--expt-relaxed-constexpr' can be used to allow this.

  /gpfs/scratch/rmdraux/PoPS-final-full-native-cuda-dim2-gh200-um-98804c68-20261009/source/include/pops/numerics/elliptic/nd/cartesian_poisson.hpp(138): warning #20013-D: calling a constexpr __host__ function("std::array< ::pops::elliptic::nd::CartesianBoundaryKind, (unsigned long)4ul> ::operator [](unsigned long) const") from a __host__ __device__ function("pops::elliptic::nd::detail::PhysicalGhostKernel<(int)2> ::operator () const") is not allowed. The experimental flag '--expt-relaxed-constexpr' can be used to allow this.

  /gpfs/scratch/rmdraux/PoPS-final-full-native-cuda-dim2-gh200-um-98804c68-20261009/source/include/pops/numerics/elliptic/nd/cartesian_poisson.hpp(144): warning #20013-D: calling a constexpr __host__ function("std::array< ::pops::elliptic::nd::CartesianBoundaryKind, (unsigned long)4ul> ::operator [](unsigned long) const") from a __host__ __device__ function("pops::elliptic::nd::detail::PhysicalGhostKernel<(int)2> ::operator () const") is not allowed. The experimental flag '--expt-relaxed-constexpr' can be used to allow this.

  /gpfs/scratch/rmdraux/PoPS-final-full-native-cuda-dim2-gh200-um-98804c68-20261009/source/include/pops/numerics/elliptic/nd/cartesian_poisson.hpp(163): warning #20013-D: calling a constexpr __host__ function("std::array< ::pops::elliptic::nd::CartesianBoundaryKind, (unsigned long)4ul> ::operator [](unsigned long) const") from a __host__ __device__ function("pops::elliptic::nd::detail::PhysicalGhostKernel<(int)2> ::operator () const") is not allowed. The experimental flag '--expt-relaxed-constexpr' can be used to allow this.

  /gpfs/scratch/rmdraux/PoPS-final-full-native-cuda-dim2-gh200-um-98804c68-20261009/source/include/pops/numerics/elliptic/nd/cartesian_poisson.hpp(168): warning #20013-D: calling a constexpr __host__ function("std::array<double, (unsigned long)4ul> ::operator [](unsigned long) const") from a __host__ __device__ function("pops::elliptic::nd::detail::PhysicalGhostKernel<(int)2> ::operator () const") is not allowed. The experimental flag '--expt-relaxed-constexpr' can be used to allow this.

  /gpfs/scratch/rmdraux/PoPS-final-full-native-cuda-dim2-gh200-um-98804c68-20261009/source/include/pops/numerics/elliptic/nd/cartesian_poisson.hpp(169): warning #20013-D: calling a constexpr __host__ function("std::array<double, (unsigned long)4ul> ::operator [](unsigned long) const") from a __host__ __device__ function("pops::elliptic::nd::detail::PhysicalGhostKernel<(int)2> ::operator () const") is not allowed. The experimental flag '--expt-relaxed-constexpr' can be used to allow this.

  /gpfs/scratch/rmdraux/PoPS-final-full-native-cuda-dim2-gh200-um-98804c68-20261009/source/include/pops/numerics/elliptic/nd/cartesian_poisson.hpp(170): warning #20013-D: calling a constexpr __host__ function("std::array<double, (unsigned long)4ul> ::operator [](unsigned long) const") from a __host__ __device__ function("pops::elliptic::nd::detail::PhysicalGhostKernel<(int)2> ::operator () const") is not allowed. The experimental flag '--expt-relaxed-constexpr' can be used to allow this.

  [8/28] Building CXX object src/CMakeFiles/pops_runtime_system.dir/runtime/system/system_layout_transfer.cpp.o
  /gpfs/scratch/rmdraux/PoPS-final-full-native-cuda-dim2-gh200-um-98804c68-20261009/source/include/pops/mesh/index/extent.hpp(38): warning #20012-D: __device__ annotation is ignored on a function("Extent") that is explicitly defaulted on its first declaration
      __attribute__((device)) __attribute__((host)) constexpr Extent() = default;
                     ^

  Remark: The warnings can be suppressed with "-diag-suppress <warning-number>"

  /gpfs/scratch/rmdraux/PoPS-final-full-native-cuda-dim2-gh200-um-98804c68-20261009/source/include/pops/mesh/index/extent.hpp(38): warning #20012-D: __host__ annotation is ignored on a function("Extent") that is explicitly defaulted on its first declaration
      __attribute__((device)) __attribute__((host)) constexpr Extent() = default;
                                             ^

  /gpfs/scratch/rmdraux/PoPS-final-full-native-cuda-dim2-gh200-um-98804c68-20261009/source/include/pops/mesh/index/index.hpp(36): warning #20012-D: __device__ annotation is ignored on a function("Index") that is explicitly defaulted on its first declaration
      __attribute__((device)) __attribute__((host)) constexpr Index() = default;
                     ^

  /gpfs/scratch/rmdraux/PoPS-final-full-native-cuda-dim2-gh200-um-98804c68-20261009/source/include/pops/mesh/index/index.hpp(36): warning #20012-D: __host__ annotation is ignored on a function("Index") that is explicitly defaulted on its first declaration
      __attribute__((device)) __attribute__((host)) constexpr Index() = default;
                                             ^

  /gpfs/scratch/rmdraux/PoPS-final-full-native-cuda-dim2-gh200-um-98804c68-20261009/source/include/pops/mesh/index/box.hpp(196): warning #20012-D: __device__ annotation is ignored on a function("operator==") that is explicitly defaulted on its first declaration
      __attribute__((device)) __attribute__((host)) constexpr bool operator==(const Box&) const = default;
                     ^

  /gpfs/scratch/rmdraux/PoPS-final-full-native-cuda-dim2-gh200-um-98804c68-20261009/source/include/pops/mesh/index/box.hpp(196): warning #20012-D: __host__ annotation is ignored on a function("operator==") that is explicitly defaulted on its first declaration
      __attribute__((device)) __attribute__((host)) constexpr bool operator==(const Box&) const = default;
                                             ^

  /gpfs/scratch/rmdraux/PoPS-final-full-native-cuda-dim2-gh200-um-98804c68-20261009/source/include/pops/mesh/index/real_vector.hpp(43): warning #20012-D: __device__ annotation is ignored on a function("RealVector") that is explicitly defaulted on its first declaration
      __attribute__((device)) __attribute__((host)) constexpr RealVector() = default;
                     ^

  /gpfs/scratch/rmdraux/PoPS-final-full-native-cuda-dim2-gh200-um-98804c68-20261009/source/include/pops/mesh/index/real_vector.hpp(43): warning #20012-D: __host__ annotation is ignored on a function("RealVector") that is explicitly defaulted on its first declaration
      __attribute__((device)) __attribute__((host)) constexpr RealVector() = default;
                                             ^

  /gpfs/scratch/rmdraux/PoPS-final-full-native-cuda-dim2-gh200-um-98804c68-20261009/source/include/pops/numerics/fv/flux_interfaces.hpp(253): warning #20012-D: __device__ annotation is ignored on a function("BoundFluxProviders") that is explicitly defaulted on its first declaration
      __attribute__((device)) __attribute__((host)) BoundFluxProviders(const BoundFluxProviders&) = default;
                     ^

  /gpfs/scratch/rmdraux/PoPS-final-full-native-cuda-dim2-gh200-um-98804c68-20261009/source/include/pops/numerics/fv/flux_interfaces.hpp(253): warning #20012-D: __host__ annotation is ignored on a function("BoundFluxProviders") that is explicitly defaulted on its first declaration
      __attribute__((device)) __attribute__((host)) BoundFluxProviders(const BoundFluxProviders&) = default;
                                             ^

  /gpfs/scratch/rmdraux/PoPS-final-full-native-cuda-dim2-gh200-um-98804c68-20261009/source/include/pops/mesh/index/entity_index.hpp(27): warning #20012-D: __device__ annotation is ignored on a function("FaceIndex") that is explicitly defaulted on its first declaration
      __attribute__((device)) __attribute__((host)) constexpr FaceIndex() = default;
                     ^

  /gpfs/scratch/rmdraux/PoPS-final-full-native-cuda-dim2-gh200-um-98804c68-20261009/source/include/pops/mesh/index/entity_index.hpp(27): warning #20012-D: __host__ annotation is ignored on a function("FaceIndex") that is explicitly defaulted on its first declaration
      __attribute__((device)) __attribute__((host)) constexpr FaceIndex() = default;
                                             ^

  /gpfs/scratch/rmdraux/PoPS-final-full-native-cuda-dim2-gh200-um-98804c68-20261009/source/include/pops/mesh/index/entity_index.hpp(33): warning #20012-D: __device__ annotation is ignored on a function("operator==") that is explicitly defaulted on its first declaration
      __attribute__((device)) __attribute__((host)) constexpr bool operator==(const FaceIndex&) const = default;
                     ^

  /gpfs/scratch/rmdraux/PoPS-final-full-native-cuda-dim2-gh200-um-98804c68-20261009/source/include/pops/mesh/index/entity_index.hpp(33): warning #20012-D: __host__ annotation is ignored on a function("operator==") that is explicitly defaulted on its first declaration
      __attribute__((device)) __attribute__((host)) constexpr bool operator==(const FaceIndex&) const = default;
                                             ^

  /gpfs/scratch/rmdraux/PoPS-final-full-native-cuda-dim2-gh200-um-98804c68-20261009/source/include/pops/mesh/index/extent.hpp(38): warning #20012-D: __device__ annotation is ignored on a function("Extent") that is explicitly defaulted on its first declaration
      __attribute__((device)) __attribute__((host)) constexpr Extent() = default;
                     ^

  Remark: The warnings can be suppressed with "-diag-suppress <warning-number>"

  /gpfs/scratch/rmdraux/PoPS-final-full-native-cuda-dim2-gh200-um-98804c68-20261009/source/include/pops/mesh/index/extent.hpp(38): warning #20012-D: __host__ annotation is ignored on a function("Extent") that is explicitly defaulted on its first declaration
      __attribute__((device)) __attribute__((host)) constexpr Extent() = default;
                                             ^

  /gpfs/scratch/rmdraux/PoPS-final-full-native-cuda-dim2-gh200-um-98804c68-20261009/source/include/pops/mesh/index/index.hpp(36): warning #20012-D: __device__ annotation is ignored on a function("Index") that is explicitly defaulted on its first declaration
      __attribute__((device)) __attribute__((host)) constexpr Index() = default;
                     ^

  /gpfs/scratch/rmdraux/PoPS-final-full-native-cuda-dim2-gh200-um-98804c68-20261009/source/include/pops/mesh/index/index.hpp(36): warning #20012-D: __host__ annotation is ignored on a function("Index") that is explicitly defaulted on its first declaration
      __attribute__((device)) __attribute__((host)) constexpr Index() = default;
                                             ^

  /gpfs/scratch/rmdraux/PoPS-final-full-native-cuda-dim2-gh200-um-98804c68-20261009/source/include/pops/mesh/index/box.hpp(196): warning #20012-D: __device__ annotation is ignored on a function("operator==") that is explicitly defaulted on its first declaration
      __attribute__((device)) __attribute__((host)) constexpr bool operator==(const Box&) const = default;
                     ^

  /gpfs/scratch/rmdraux/PoPS-final-full-native-cuda-dim2-gh200-um-98804c68-20261009/source/include/pops/mesh/index/box.hpp(196): warning #20012-D: __host__ annotation is ignored on a function("operator==") that is explicitly defaulted on its first declaration
      __attribute__((device)) __attribute__((host)) constexpr bool operator==(const Box&) const = default;
                                             ^

  /gpfs/scratch/rmdraux/PoPS-final-full-native-cuda-dim2-gh200-um-98804c68-20261009/source/include/pops/mesh/index/real_vector.hpp(43): warning #20012-D: __device__ annotation is ignored on a function("RealVector") that is explicitly defaulted on its first declaration
      __attribute__((device)) __attribute__((host)) constexpr RealVector() = default;
                     ^

  /gpfs/scratch/rmdraux/PoPS-final-full-native-cuda-dim2-gh200-um-98804c68-20261009/source/include/pops/mesh/index/real_vector.hpp(43): warning #20012-D: __host__ annotation is ignored on a function("RealVector") that is explicitly defaulted on its first declaration
      __attribute__((device)) __attribute__((host)) constexpr RealVector() = default;
                                             ^

  /gpfs/scratch/rmdraux/PoPS-final-full-native-cuda-dim2-gh200-um-98804c68-20261009/source/include/pops/numerics/fv/flux_interfaces.hpp(253): warning #20012-D: __device__ annotation is ignored on a function("BoundFluxProviders") that is explicitly defaulted on its first declaration
      __attribute__((device)) __attribute__((host)) BoundFluxProviders(const BoundFluxProviders&) = default;
                     ^

  /gpfs/scratch/rmdraux/PoPS-final-full-native-cuda-dim2-gh200-um-98804c68-20261009/source/include/pops/numerics/fv/flux_interfaces.hpp(253): warning #20012-D: __host__ annotation is ignored on a function("BoundFluxProviders") that is explicitly defaulted on its first declaration
      __attribute__((device)) __attribute__((host)) BoundFluxProviders(const BoundFluxProviders&) = default;
                                             ^

  /gpfs/scratch/rmdraux/PoPS-final-full-native-cuda-dim2-gh200-um-98804c68-20261009/source/include/pops/numerics/nonlinear/prepared_local_nonlinear.hpp(247): warning #20013-D: calling a constexpr __host__ function("max") from a __host__ __device__ function("local_finite") is not allowed. The experimental flag '--expt-relaxed-constexpr' can be used to allow this.
      return value == value && value <= std::numeric_limits<Real>::max() &&
                                        ^

  /gpfs/scratch/rmdraux/PoPS-final-full-native-cuda-dim2-gh200-um-98804c68-20261009/source/include/pops/numerics/nonlinear/prepared_local_nonlinear.hpp(248): warning #20013-D: calling a constexpr __host__ function("max") from a __host__ __device__ function("local_finite") is not allowed. The experimental flag '--expt-relaxed-constexpr' can be used to allow this.
             value >= -std::numeric_limits<Real>::max();
                       ^

  /gpfs/scratch/rmdraux/PoPS-final-full-native-cuda-dim2-gh200-um-98804c68-20261009/source/include/pops/physics/admissibility/admissible_set.hpp(46): warning #20013-D: calling a constexpr __host__ function("infinity") from a __host__ __device__ function("finite") is not allowed. The experimental flag '--expt-relaxed-constexpr' can be used to allow this.
      constexpr Real infinity = std::numeric_limits<Real>::infinity();
                                ^

  /gpfs/scratch/rmdraux/PoPS-final-full-native-cuda-dim2-gh200-um-98804c68-20261009/source/include/pops/numerics/nonlinear/prepared_variable_recovery.hpp(320): warning #20013-D: calling a constexpr __host__ function("max") from a __host__ __device__ function("recovery_finite") is not allowed. The experimental flag '--expt-relaxed-constexpr' can be used to allow this.
      return value == value && value <= std::numeric_limits<Real>::max() &&
                                        ^

  /gpfs/scratch/rmdraux/PoPS-final-full-native-cuda-dim2-gh200-um-98804c68-20261009/source/include/pops/numerics/nonlinear/prepared_variable_recovery.hpp(321): warning #20013-D: calling a constexpr __host__ function("max") from a __host__ __device__ function("recovery_finite") is not allowed. The experimental flag '--expt-relaxed-constexpr' can be used to allow this.
             value >= -std::numeric_limits<Real>::max();
                       ^

  /gpfs/scratch/rmdraux/PoPS-final-full-native-cuda-dim2-gh200-um-98804c68-20261009/source/include/pops/mesh/index/entity_index.hpp(27): warning #20012-D: __device__ annotation is ignored on a function("FaceIndex") that is explicitly defaulted on its first declaration
      __attribute__((device)) __attribute__((host)) constexpr FaceIndex() = default;
                     ^

  /gpfs/scratch/rmdraux/PoPS-final-full-native-cuda-dim2-gh200-um-98804c68-20261009/source/include/pops/mesh/index/entity_index.hpp(27): warning #20012-D: __host__ annotation is ignored on a function("FaceIndex") that is explicitly defaulted on its first declaration
      __attribute__((device)) __attribute__((host)) constexpr FaceIndex() = default;
                                             ^

  /gpfs/scratch/rmdraux/PoPS-final-full-native-cuda-dim2-gh200-um-98804c68-20261009/source/include/pops/mesh/index/entity_index.hpp(33): warning #20012-D: __device__ annotation is ignored on a function("operator==") that is explicitly defaulted on its first declaration
      __attribute__((device)) __attribute__((host)) constexpr bool operator==(const FaceIndex&) const = default;
                     ^

  /gpfs/scratch/rmdraux/PoPS-final-full-native-cuda-dim2-gh200-um-98804c68-20261009/source/include/pops/mesh/index/entity_index.hpp(33): warning #20012-D: __host__ annotation is ignored on a function("operator==") that is explicitly defaulted on its first declaration
      __attribute__((device)) __attribute__((host)) constexpr bool operator==(const FaceIndex&) const = default;
                                             ^

  [9/28] Building CXX object src/CMakeFiles/pops_runtime_system.dir/runtime/system/system_io.cpp.o
  /gpfs/scratch/rmdraux/PoPS-final-full-native-cuda-dim2-gh200-um-98804c68-20261009/source/include/pops/mesh/index/extent.hpp(38): warning #20012-D: __device__ annotation is ignored on a function("Extent") that is explicitly defaulted on its first declaration
      __attribute__((device)) __attribute__((host)) constexpr Extent() = default;
                     ^

  Remark: The warnings can be suppressed with "-diag-suppress <warning-number>"

  /gpfs/scratch/rmdraux/PoPS-final-full-native-cuda-dim2-gh200-um-98804c68-20261009/source/include/pops/mesh/index/extent.hpp(38): warning #20012-D: __host__ annotation is ignored on a function("Extent") that is explicitly defaulted on its first declaration
      __attribute__((device)) __attribute__((host)) constexpr Extent() = default;
                                             ^

  /gpfs/scratch/rmdraux/PoPS-final-full-native-cuda-dim2-gh200-um-98804c68-20261009/source/include/pops/mesh/index/index.hpp(36): warning #20012-D: __device__ annotation is ignored on a function("Index") that is explicitly defaulted on its first declaration
      __attribute__((device)) __attribute__((host)) constexpr Index() = default;
                     ^

  /gpfs/scratch/rmdraux/PoPS-final-full-native-cuda-dim2-gh200-um-98804c68-20261009/source/include/pops/mesh/index/index.hpp(36): warning #20012-D: __host__ annotation is ignored on a function("Index") that is explicitly defaulted on its first declaration
      __attribute__((device)) __attribute__((host)) constexpr Index() = default;
                                             ^

  /gpfs/scratch/rmdraux/PoPS-final-full-native-cuda-dim2-gh200-um-98804c68-20261009/source/include/pops/mesh/index/box.hpp(196): warning #20012-D: __device__ annotation is ignored on a function("operator==") that is explicitly defaulted on its first declaration
      __attribute__((device)) __attribute__((host)) constexpr bool operator==(const Box&) const = default;
                     ^

  /gpfs/scratch/rmdraux/PoPS-final-full-native-cuda-dim2-gh200-um-98804c68-20261009/source/include/pops/mesh/index/box.hpp(196): warning #20012-D: __host__ annotation is ignored on a function("operator==") that is explicitly defaulted on its first declaration
      __attribute__((device)) __attribute__((host)) constexpr bool operator==(const Box&) const = default;
                                             ^

  /gpfs/scratch/rmdraux/PoPS-final-full-native-cuda-dim2-gh200-um-98804c68-20261009/source/include/pops/mesh/index/real_vector.hpp(43): warning #20012-D: __device__ annotation is ignored on a function("RealVector") that is explicitly defaulted on its first declaration
      __attribute__((device)) __attribute__((host)) constexpr RealVector() = default;
                     ^

  /gpfs/scratch/rmdraux/PoPS-final-full-native-cuda-dim2-gh200-um-98804c68-20261009/source/include/pops/mesh/index/real_vector.hpp(43): warning #20012-D: __host__ annotation is ignored on a function("RealVector") that is explicitly defaulted on its first declaration
      __attribute__((device)) __attribute__((host)) constexpr RealVector() = default;
                                             ^

  /gpfs/scratch/rmdraux/PoPS-final-full-native-cuda-dim2-gh200-um-98804c68-20261009/source/include/pops/numerics/fv/flux_interfaces.hpp(253): warning #20012-D: __device__ annotation is ignored on a function("BoundFluxProviders") that is explicitly defaulted on its first declaration
      __attribute__((device)) __attribute__((host)) BoundFluxProviders(const BoundFluxProviders&) = default;
                     ^

  /gpfs/scratch/rmdraux/PoPS-final-full-native-cuda-dim2-gh200-um-98804c68-20261009/source/include/pops/numerics/fv/flux_interfaces.hpp(253): warning #20012-D: __host__ annotation is ignored on a function("BoundFluxProviders") that is explicitly defaulted on its first declaration
      __attribute__((device)) __attribute__((host)) BoundFluxProviders(const BoundFluxProviders&) = default;
                                             ^

  /gpfs/scratch/rmdraux/PoPS-final-full-native-cuda-dim2-gh200-um-98804c68-20261009/source/include/pops/mesh/index/entity_index.hpp(27): warning #20012-D: __device__ annotation is ignored on a function("FaceIndex") that is explicitly defaulted on its first declaration
      __attribute__((device)) __attribute__((host)) constexpr FaceIndex() = default;
                     ^

  /gpfs/scratch/rmdraux/PoPS-final-full-native-cuda-dim2-gh200-um-98804c68-20261009/source/include/pops/mesh/index/entity_index.hpp(27): warning #20012-D: __host__ annotation is ignored on a function("FaceIndex") that is explicitly defaulted on its first declaration
      __attribute__((device)) __attribute__((host)) constexpr FaceIndex() = default;
                                             ^

  /gpfs/scratch/rmdraux/PoPS-final-full-native-cuda-dim2-gh200-um-98804c68-20261009/source/include/pops/mesh/index/entity_index.hpp(33): warning #20012-D: __device__ annotation is ignored on a function("operator==") that is explicitly defaulted on its first declaration
      __attribute__((device)) __attribute__((host)) constexpr bool operator==(const FaceIndex&) const = default;
                     ^

  /gpfs/scratch/rmdraux/PoPS-final-full-native-cuda-dim2-gh200-um-98804c68-20261009/source/include/pops/mesh/index/entity_index.hpp(33): warning #20012-D: __host__ annotation is ignored on a function("operator==") that is explicitly defaulted on its first declaration
      __attribute__((device)) __attribute__((host)) constexpr bool operator==(const FaceIndex&) const = default;
                                             ^

  /gpfs/scratch/rmdraux/PoPS-final-full-native-cuda-dim2-gh200-um-98804c68-20261009/source/include/pops/mesh/index/extent.hpp(38): warning #20012-D: __device__ annotation is ignored on a function("Extent") that is explicitly defaulted on its first declaration
      __attribute__((device)) __attribute__((host)) constexpr Extent() = default;
                     ^

  Remark: The warnings can be suppressed with "-diag-suppress <warning-number>"

  /gpfs/scratch/rmdraux/PoPS-final-full-native-cuda-dim2-gh200-um-98804c68-20261009/source/include/pops/mesh/index/extent.hpp(38): warning #20012-D: __host__ annotation is ignored on a function("Extent") that is explicitly defaulted on its first declaration
      __attribute__((device)) __attribute__((host)) constexpr Extent() = default;
                                             ^

  /gpfs/scratch/rmdraux/PoPS-final-full-native-cuda-dim2-gh200-um-98804c68-20261009/source/include/pops/mesh/index/index.hpp(36): warning #20012-D: __device__ annotation is ignored on a function("Index") that is explicitly defaulted on its first declaration
      __attribute__((device)) __attribute__((host)) constexpr Index() = default;
                     ^

  /gpfs/scratch/rmdraux/PoPS-final-full-native-cuda-dim2-gh200-um-98804c68-20261009/source/include/pops/mesh/index/index.hpp(36): warning #20012-D: __host__ annotation is ignored on a function("Index") that is explicitly defaulted on its first declaration
      __attribute__((device)) __attribute__((host)) constexpr Index() = default;
                                             ^

  /gpfs/scratch/rmdraux/PoPS-final-full-native-cuda-dim2-gh200-um-98804c68-20261009/source/include/pops/mesh/index/box.hpp(196): warning #20012-D: __device__ annotation is ignored on a function("operator==") that is explicitly defaulted on its first declaration
      __attribute__((device)) __attribute__((host)) constexpr bool operator==(const Box&) const = default;
                     ^

  /gpfs/scratch/rmdraux/PoPS-final-full-native-cuda-dim2-gh200-um-98804c68-20261009/source/include/pops/mesh/index/box.hpp(196): warning #20012-D: __host__ annotation is ignored on a function("operator==") that is explicitly defaulted on its first declaration
      __attribute__((device)) __attribute__((host)) constexpr bool operator==(const Box&) const = default;
                                             ^

  /gpfs/scratch/rmdraux/PoPS-final-full-native-cuda-dim2-gh200-um-98804c68-20261009/source/include/pops/mesh/index/real_vector.hpp(43): warning #20012-D: __device__ annotation is ignored on a function("RealVector") that is explicitly defaulted on its first declaration
      __attribute__((device)) __attribute__((host)) constexpr RealVector() = default;
                     ^

  /gpfs/scratch/rmdraux/PoPS-final-full-native-cuda-dim2-gh200-um-98804c68-20261009/source/include/pops/mesh/index/real_vector.hpp(43): warning #20012-D: __host__ annotation is ignored on a function("RealVector") that is explicitly defaulted on its first declaration
      __attribute__((device)) __attribute__((host)) constexpr RealVector() = default;
                                             ^

  /gpfs/scratch/rmdraux/PoPS-final-full-native-cuda-dim2-gh200-um-98804c68-20261009/source/include/pops/numerics/fv/flux_interfaces.hpp(253): warning #20012-D: __device__ annotation is ignored on a function("BoundFluxProviders") that is explicitly defaulted on its first declaration
      __attribute__((device)) __attribute__((host)) BoundFluxProviders(const BoundFluxProviders&) = default;
                     ^

  /gpfs/scratch/rmdraux/PoPS-final-full-native-cuda-dim2-gh200-um-98804c68-20261009/source/include/pops/numerics/fv/flux_interfaces.hpp(253): warning #20012-D: __host__ annotation is ignored on a function("BoundFluxProviders") that is explicitly defaulted on its first declaration
      __attribute__((device)) __attribute__((host)) BoundFluxProviders(const BoundFluxProviders&) = default;
                                             ^

  /gpfs/scratch/rmdraux/PoPS-final-full-native-cuda-dim2-gh200-um-98804c68-20261009/source/include/pops/numerics/nonlinear/prepared_local_nonlinear.hpp(247): warning #20013-D: calling a constexpr __host__ function("max") from a __host__ __device__ function("local_finite") is not allowed. The experimental flag '--expt-relaxed-constexpr' can be used to allow this.
      return value == value && value <= std::numeric_limits<Real>::max() &&
                                        ^

  /gpfs/scratch/rmdraux/PoPS-final-full-native-cuda-dim2-gh200-um-98804c68-20261009/source/include/pops/numerics/nonlinear/prepared_local_nonlinear.hpp(248): warning #20013-D: calling a constexpr __host__ function("max") from a __host__ __device__ function("local_finite") is not allowed. The experimental flag '--expt-relaxed-constexpr' can be used to allow this.
             value >= -std::numeric_limits<Real>::max();
                       ^

  /gpfs/scratch/rmdraux/PoPS-final-full-native-cuda-dim2-gh200-um-98804c68-20261009/source/include/pops/physics/admissibility/admissible_set.hpp(46): warning #20013-D: calling a constexpr __host__ function("infinity") from a __host__ __device__ function("finite") is not allowed. The experimental flag '--expt-relaxed-constexpr' can be used to allow this.
      constexpr Real infinity = std::numeric_limits<Real>::infinity();
                                ^

  /gpfs/scratch/rmdraux/PoPS-final-full-native-cuda-dim2-gh200-um-98804c68-20261009/source/include/pops/numerics/nonlinear/prepared_variable_recovery.hpp(320): warning #20013-D: calling a constexpr __host__ function("max") from a __host__ __device__ function("recovery_finite") is not allowed. The experimental flag '--expt-relaxed-constexpr' can be used to allow this.
      return value == value && value <= std::numeric_limits<Real>::max() &&
                                        ^

  /gpfs/scratch/rmdraux/PoPS-final-full-native-cuda-dim2-gh200-um-98804c68-20261009/source/include/pops/numerics/nonlinear/prepared_variable_recovery.hpp(321): warning #20013-D: calling a constexpr __host__ function("max") from a __host__ __device__ function("recovery_finite") is not allowed. The experimental flag '--expt-relaxed-constexpr' can be used to allow this.
             value >= -std::numeric_limits<Real>::max();
                       ^

  /gpfs/scratch/rmdraux/PoPS-final-full-native-cuda-dim2-gh200-um-98804c68-20261009/source/include/pops/mesh/index/entity_index.hpp(27): warning #20012-D: __device__ annotation is ignored on a function("FaceIndex") that is explicitly defaulted on its first declaration
      __attribute__((device)) __attribute__((host)) constexpr FaceIndex() = default;
                     ^

  /gpfs/scratch/rmdraux/PoPS-final-full-native-cuda-dim2-gh200-um-98804c68-20261009/source/include/pops/mesh/index/entity_index.hpp(27): warning #20012-D: __host__ annotation is ignored on a function("FaceIndex") that is explicitly defaulted on its first declaration
      __attribute__((device)) __attribute__((host)) constexpr FaceIndex() = default;
                                             ^

  /gpfs/scratch/rmdraux/PoPS-final-full-native-cuda-dim2-gh200-um-98804c68-20261009/source/include/pops/mesh/index/entity_index.hpp(33): warning #20012-D: __device__ annotation is ignored on a function("operator==") that is explicitly defaulted on its first declaration
      __attribute__((device)) __attribute__((host)) constexpr bool operator==(const FaceIndex&) const = default;
                     ^

  /gpfs/scratch/rmdraux/PoPS-final-full-native-cuda-dim2-gh200-um-98804c68-20261009/source/include/pops/mesh/index/entity_index.hpp(33): warning #20012-D: __host__ annotation is ignored on a function("operator==") that is explicitly defaulted on its first declaration
      __attribute__((device)) __attribute__((host)) constexpr bool operator==(const FaceIndex&) const = default;
                                             ^

  [10/28] Linking CXX static library src/libpops_runtime_core.a
  [11/28] Building CXX object src/CMakeFiles/pops_runtime_system.dir/runtime/system/system_install.cpp.o
  /gpfs/scratch/rmdraux/PoPS-final-full-native-cuda-dim2-gh200-um-98804c68-20261009/source/include/pops/mesh/index/extent.hpp(38): warning #20012-D: __device__ annotation is ignored on a function("Extent") that is explicitly defaulted on its first declaration
      __attribute__((device)) __attribute__((host)) constexpr Extent() = default;
                     ^

  Remark: The warnings can be suppressed with "-diag-suppress <warning-number>"

  /gpfs/scratch/rmdraux/PoPS-final-full-native-cuda-dim2-gh200-um-98804c68-20261009/source/include/pops/mesh/index/extent.hpp(38): warning #20012-D: __host__ annotation is ignored on a function("Extent") that is explicitly defaulted on its first declaration
      __attribute__((device)) __attribute__((host)) constexpr Extent() = default;
                                             ^

  /gpfs/scratch/rmdraux/PoPS-final-full-native-cuda-dim2-gh200-um-98804c68-20261009/source/include/pops/mesh/index/index.hpp(36): warning #20012-D: __device__ annotation is ignored on a function("Index") that is explicitly defaulted on its first declaration
      __attribute__((device)) __attribute__((host)) constexpr Index() = default;
                     ^

  /gpfs/scratch/rmdraux/PoPS-final-full-native-cuda-dim2-gh200-um-98804c68-20261009/source/include/pops/mesh/index/index.hpp(36): warning #20012-D: __host__ annotation is ignored on a function("Index") that is explicitly defaulted on its first declaration
      __attribute__((device)) __attribute__((host)) constexpr Index() = default;
                                             ^

  /gpfs/scratch/rmdraux/PoPS-final-full-native-cuda-dim2-gh200-um-98804c68-20261009/source/include/pops/mesh/index/box.hpp(196): warning #20012-D: __device__ annotation is ignored on a function("operator==") that is explicitly defaulted on its first declaration
      __attribute__((device)) __attribute__((host)) constexpr bool operator==(const Box&) const = default;
                     ^

  /gpfs/scratch/rmdraux/PoPS-final-full-native-cuda-dim2-gh200-um-98804c68-20261009/source/include/pops/mesh/index/box.hpp(196): warning #20012-D: __host__ annotation is ignored on a function("operator==") that is explicitly defaulted on its first declaration
      __attribute__((device)) __attribute__((host)) constexpr bool operator==(const Box&) const = default;
                                             ^

  /gpfs/scratch/rmdraux/PoPS-final-full-native-cuda-dim2-gh200-um-98804c68-20261009/source/include/pops/mesh/index/real_vector.hpp(43): warning #20012-D: __device__ annotation is ignored on a function("RealVector") that is explicitly defaulted on its first declaration
      __attribute__((device)) __attribute__((host)) constexpr RealVector() = default;
                     ^

  /gpfs/scratch/rmdraux/PoPS-final-full-native-cuda-dim2-gh200-um-98804c68-20261009/source/include/pops/mesh/index/real_vector.hpp(43): warning #20012-D: __host__ annotation is ignored on a function("RealVector") that is explicitly defaulted on its first declaration
      __attribute__((device)) __attribute__((host)) constexpr RealVector() = default;
                                             ^

  /gpfs/scratch/rmdraux/PoPS-final-full-native-cuda-dim2-gh200-um-98804c68-20261009/source/include/pops/numerics/fv/flux_interfaces.hpp(253): warning #20012-D: __device__ annotation is ignored on a function("BoundFluxProviders") that is explicitly defaulted on its first declaration
      __attribute__((device)) __attribute__((host)) BoundFluxProviders(const BoundFluxProviders&) = default;
                     ^

  /gpfs/scratch/rmdraux/PoPS-final-full-native-cuda-dim2-gh200-um-98804c68-20261009/source/include/pops/numerics/fv/flux_interfaces.hpp(253): warning #20012-D: __host__ annotation is ignored on a function("BoundFluxProviders") that is explicitly defaulted on its first declaration
      __attribute__((device)) __attribute__((host)) BoundFluxProviders(const BoundFluxProviders&) = default;
                                             ^

  /gpfs/scratch/rmdraux/PoPS-final-full-native-cuda-dim2-gh200-um-98804c68-20261009/source/include/pops/mesh/index/entity_index.hpp(27): warning #20012-D: __device__ annotation is ignored on a function("FaceIndex") that is explicitly defaulted on its first declaration
      __attribute__((device)) __attribute__((host)) constexpr FaceIndex() = default;
                     ^

  /gpfs/scratch/rmdraux/PoPS-final-full-native-cuda-dim2-gh200-um-98804c68-20261009/source/include/pops/mesh/index/entity_index.hpp(27): warning #20012-D: __host__ annotation is ignored on a function("FaceIndex") that is explicitly defaulted on its first declaration
      __attribute__((device)) __attribute__((host)) constexpr FaceIndex() = default;
                                             ^

  /gpfs/scratch/rmdraux/PoPS-final-full-native-cuda-dim2-gh200-um-98804c68-20261009/source/include/pops/mesh/index/entity_index.hpp(33): warning #20012-D: __device__ annotation is ignored on a function("operator==") that is explicitly defaulted on its first declaration
      __attribute__((device)) __attribute__((host)) constexpr bool operator==(const FaceIndex&) const = default;
                     ^

  /gpfs/scratch/rmdraux/PoPS-final-full-native-cuda-dim2-gh200-um-98804c68-20261009/source/include/pops/mesh/index/entity_index.hpp(33): warning #20012-D: __host__ annotation is ignored on a function("operator==") that is explicitly defaulted on its first declaration
      __attribute__((device)) __attribute__((host)) constexpr bool operator==(const FaceIndex&) const = default;
                                             ^

  /gpfs/scratch/rmdraux/PoPS-final-full-native-cuda-dim2-gh200-um-98804c68-20261009/source/include/pops/mesh/index/extent.hpp(38): warning #20012-D: __device__ annotation is ignored on a function("Extent") that is explicitly defaulted on its first declaration
      __attribute__((device)) __attribute__((host)) constexpr Extent() = default;
                     ^

  Remark: The warnings can be suppressed with "-diag-suppress <warning-number>"

  /gpfs/scratch/rmdraux/PoPS-final-full-native-cuda-dim2-gh200-um-98804c68-20261009/source/include/pops/mesh/index/extent.hpp(38): warning #20012-D: __host__ annotation is ignored on a function("Extent") that is explicitly defaulted on its first declaration
      __attribute__((device)) __attribute__((host)) constexpr Extent() = default;
                                             ^

  /gpfs/scratch/rmdraux/PoPS-final-full-native-cuda-dim2-gh200-um-98804c68-20261009/source/include/pops/mesh/index/index.hpp(36): warning #20012-D: __device__ annotation is ignored on a function("Index") that is explicitly defaulted on its first declaration
      __attribute__((device)) __attribute__((host)) constexpr Index() = default;
                     ^

  /gpfs/scratch/rmdraux/PoPS-final-full-native-cuda-dim2-gh200-um-98804c68-20261009/source/include/pops/mesh/index/index.hpp(36): warning #20012-D: __host__ annotation is ignored on a function("Index") that is explicitly defaulted on its first declaration
      __attribute__((device)) __attribute__((host)) constexpr Index() = default;
                                             ^

  /gpfs/scratch/rmdraux/PoPS-final-full-native-cuda-dim2-gh200-um-98804c68-20261009/source/include/pops/mesh/index/box.hpp(196): warning #20012-D: __device__ annotation is ignored on a function("operator==") that is explicitly defaulted on its first declaration
      __attribute__((device)) __attribute__((host)) constexpr bool operator==(const Box&) const = default;
                     ^

  /gpfs/scratch/rmdraux/PoPS-final-full-native-cuda-dim2-gh200-um-98804c68-20261009/source/include/pops/mesh/index/box.hpp(196): warning #20012-D: __host__ annotation is ignored on a function("operator==") that is explicitly defaulted on its first declaration
      __attribute__((device)) __attribute__((host)) constexpr bool operator==(const Box&) const = default;
                                             ^

  /gpfs/scratch/rmdraux/PoPS-final-full-native-cuda-dim2-gh200-um-98804c68-20261009/source/include/pops/mesh/index/real_vector.hpp(43): warning #20012-D: __device__ annotation is ignored on a function("RealVector") that is explicitly defaulted on its first declaration
      __attribute__((device)) __attribute__((host)) constexpr RealVector() = default;
                     ^

  /gpfs/scratch/rmdraux/PoPS-final-full-native-cuda-dim2-gh200-um-98804c68-20261009/source/include/pops/mesh/index/real_vector.hpp(43): warning #20012-D: __host__ annotation is ignored on a function("RealVector") that is explicitly defaulted on its first declaration
      __attribute__((device)) __attribute__((host)) constexpr RealVector() = default;
                                             ^

  /gpfs/scratch/rmdraux/PoPS-final-full-native-cuda-dim2-gh200-um-98804c68-20261009/source/include/pops/numerics/fv/flux_interfaces.hpp(253): warning #20012-D: __device__ annotation is ignored on a function("BoundFluxProviders") that is explicitly defaulted on its first declaration
      __attribute__((device)) __attribute__((host)) BoundFluxProviders(const BoundFluxProviders&) = default;
                     ^

  /gpfs/scratch/rmdraux/PoPS-final-full-native-cuda-dim2-gh200-um-98804c68-20261009/source/include/pops/numerics/fv/flux_interfaces.hpp(253): warning #20012-D: __host__ annotation is ignored on a function("BoundFluxProviders") that is explicitly defaulted on its first declaration
      __attribute__((device)) __attribute__((host)) BoundFluxProviders(const BoundFluxProviders&) = default;
                                             ^

  /gpfs/scratch/rmdraux/PoPS-final-full-native-cuda-dim2-gh200-um-98804c68-20261009/source/include/pops/numerics/nonlinear/prepared_local_nonlinear.hpp(247): warning #20013-D: calling a constexpr __host__ function("max") from a __host__ __device__ function("local_finite") is not allowed. The experimental flag '--expt-relaxed-constexpr' can be used to allow this.
      return value == value && value <= std::numeric_limits<Real>::max() &&
                                        ^

  /gpfs/scratch/rmdraux/PoPS-final-full-native-cuda-dim2-gh200-um-98804c68-20261009/source/include/pops/numerics/nonlinear/prepared_local_nonlinear.hpp(248): warning #20013-D: calling a constexpr __host__ function("max") from a __host__ __device__ function("local_finite") is not allowed. The experimental flag '--expt-relaxed-constexpr' can be used to allow this.
             value >= -std::numeric_limits<Real>::max();
                       ^

  /gpfs/scratch/rmdraux/PoPS-final-full-native-cuda-dim2-gh200-um-98804c68-20261009/source/include/pops/physics/admissibility/admissible_set.hpp(46): warning #20013-D: calling a constexpr __host__ function("infinity") from a __host__ __device__ function("finite") is not allowed. The experimental flag '--expt-relaxed-constexpr' can be used to allow this.
      constexpr Real infinity = std::numeric_limits<Real>::infinity();
                                ^

  /gpfs/scratch/rmdraux/PoPS-final-full-native-cuda-dim2-gh200-um-98804c68-20261009/source/include/pops/numerics/nonlinear/prepared_variable_recovery.hpp(320): warning #20013-D: calling a constexpr __host__ function("max") from a __host__ __device__ function("recovery_finite") is not allowed. The experimental flag '--expt-relaxed-constexpr' can be used to allow this.
      return value == value && value <= std::numeric_limits<Real>::max() &&
                                        ^

  /gpfs/scratch/rmdraux/PoPS-final-full-native-cuda-dim2-gh200-um-98804c68-20261009/source/include/pops/numerics/nonlinear/prepared_variable_recovery.hpp(321): warning #20013-D: calling a constexpr __host__ function("max") from a __host__ __device__ function("recovery_finite") is not allowed. The experimental flag '--expt-relaxed-constexpr' can be used to allow this.
             value >= -std::numeric_limits<Real>::max();
                       ^

  /gpfs/scratch/rmdraux/PoPS-final-full-native-cuda-dim2-gh200-um-98804c68-20261009/source/include/pops/mesh/index/entity_index.hpp(27): warning #20012-D: __device__ annotation is ignored on a function("FaceIndex") that is explicitly defaulted on its first declaration
      __attribute__((device)) __attribute__((host)) constexpr FaceIndex() = default;
                     ^

  /gpfs/scratch/rmdraux/PoPS-final-full-native-cuda-dim2-gh200-um-98804c68-20261009/source/include/pops/mesh/index/entity_index.hpp(27): warning #20012-D: __host__ annotation is ignored on a function("FaceIndex") that is explicitly defaulted on its first declaration
      __attribute__((device)) __attribute__((host)) constexpr FaceIndex() = default;
                                             ^

  /gpfs/scratch/rmdraux/PoPS-final-full-native-cuda-dim2-gh200-um-98804c68-20261009/source/include/pops/mesh/index/entity_index.hpp(33): warning #20012-D: __device__ annotation is ignored on a function("operator==") that is explicitly defaulted on its first declaration
      __attribute__((device)) __attribute__((host)) constexpr bool operator==(const FaceIndex&) const = default;
                     ^

  /gpfs/scratch/rmdraux/PoPS-final-full-native-cuda-dim2-gh200-um-98804c68-20261009/source/include/pops/mesh/index/entity_index.hpp(33): warning #20012-D: __host__ annotation is ignored on a function("operator==") that is explicitly defaulted on its first declaration
      __attribute__((device)) __attribute__((host)) constexpr bool operator==(const FaceIndex&) const = default;
                                             ^

  /gpfs/scratch/rmdraux/PoPS-final-full-native-cuda-dim2-gh200-um-98804c68-20261009/source/include/pops/numerics/fv/numerical_flux.hpp(113): warning #20013-D: calling a constexpr __host__ function("quiet_NaN") from a __host__ __device__ function("union_hll_speed_intervals") is not allowed. The experimental flag '--expt-relaxed-constexpr' can be used to allow this.
        lower = upper = std::numeric_limits<Real>::quiet_NaN();
                        ^

  /gpfs/scratch/rmdraux/PoPS-final-full-native-cuda-dim2-gh200-um-98804c68-20261009/source/include/pops/numerics/fv/path_flux.hpp(14): warning #20013-D: calling a constexpr __host__ function("max") from a __host__ __device__ function("common_covector_component") is not allowed. The experimental flag '--expt-relaxed-constexpr' can be used to allow this.
      constexpr Real half_max = std::numeric_limits<Real>::max() / Real(2);
                                ^

  /gpfs/scratch/rmdraux/PoPS-final-full-native-cuda-dim2-gh200-um-98804c68-20261009/source/include/pops/numerics/fv/path_flux.hpp(15): warning #20013-D: calling a constexpr __host__ function("min") from a __host__ __device__ function("common_covector_component") is not allowed. The experimental flag '--expt-relaxed-constexpr' can be used to allow this.
      constexpr Real twice_min = std::numeric_limits<Real>::min() * Real(2);
                                 ^

  /gpfs/scratch/rmdraux/PoPS-final-full-native-cuda-dim2-gh200-um-98804c68-20261009/source/include/pops/numerics/fv/reconstruction.hpp(64): warning #20013-D: calling a constexpr __host__ function("max") from a __host__ __device__ function("limited_slope") is not allowed. The experimental flag '--expt-relaxed-constexpr' can be used to allow this.
        constexpr Real largest = std::numeric_limits<Real>::max();
                                 ^

  /gpfs/scratch/rmdraux/PoPS-final-full-native-cuda-dim2-gh200-um-98804c68-20261009/source/include/pops/numerics/fv/reconstruction.hpp(87): warning #20013-D: calling a constexpr __host__ function("max") from a __host__ __device__ function("limited_slope") is not allowed. The experimental flag '--expt-relaxed-constexpr' can be used to allow this.
        constexpr Real largest = std::numeric_limits<Real>::max();
                                 ^

  /gpfs/scratch/rmdraux/PoPS-final-full-native-cuda-dim2-gh200-um-98804c68-20261009/source/include/pops/numerics/fv/reconstruction.hpp(115): warning #20013-D: calling a constexpr __host__ function("max") from a __host__ __device__ function("limited_slope") is not allowed. The experimental flag '--expt-relaxed-constexpr' can be used to allow this.
        constexpr Real largest = std::numeric_limits<Real>::max();
                                 ^

  /gpfs/scratch/rmdraux/PoPS-final-full-native-cuda-dim2-gh200-um-98804c68-20261009/source/include/pops/numerics/fv/reconstruction.hpp(147): warning #20013-D: calling a constexpr __host__ function("max") from a __host__ __device__ function("limited_slope") is not allowed. The experimental flag '--expt-relaxed-constexpr' can be used to allow this.
        constexpr Real largest = std::numeric_limits<Real>::max();
                                 ^

  /gpfs/scratch/rmdraux/PoPS-final-full-native-cuda-dim2-gh200-um-98804c68-20261009/source/include/pops/numerics/fv/reconstruction.hpp(253): warning #20013-D: calling a constexpr __host__ function("max") from a __host__ __device__ function("weno5z") is not allowed. The experimental flag '--expt-relaxed-constexpr' can be used to allow this.
      constexpr Real largest = std::numeric_limits<Real>::max();
                               ^

  /gpfs/scratch/rmdraux/PoPS-final-full-native-cuda-dim2-gh200-um-98804c68-20261009/source/include/pops/numerics/fv/reconstruction.hpp(255): warning #20013-D: calling a constexpr __host__ function("quiet_NaN") from a __host__ __device__ function("weno5z") is not allowed. The experimental flag '--expt-relaxed-constexpr' can be used to allow this.
        return std::numeric_limits<Real>::quiet_NaN();
               ^

  /gpfs/scratch/rmdraux/PoPS-final-full-native-cuda-dim2-gh200-um-98804c68-20261009/source/include/pops/mesh/geometry/coordinate_map.hpp(83): warning #20013-D: calling a constexpr __host__ function("infinity") from a __host__ __device__ function("finite") is not allowed. The experimental flag '--expt-relaxed-constexpr' can be used to allow this.
      return value == value && value != std::numeric_limits<Real>::infinity() &&
                                        ^

  /gpfs/scratch/rmdraux/PoPS-final-full-native-cuda-dim2-gh200-um-98804c68-20261009/source/include/pops/mesh/geometry/coordinate_map.hpp(84): warning #20013-D: calling a constexpr __host__ function("infinity") from a __host__ __device__ function("finite") is not allowed. The experimental flag '--expt-relaxed-constexpr' can be used to allow this.
             value != -std::numeric_limits<Real>::infinity();
                       ^

  /gpfs/scratch/rmdraux/PoPS-final-full-native-cuda-dim2-gh200-um-98804c68-20261009/source/include/pops/mesh/geometry/coordinate_map.hpp(96): warning #20013-D: calling a constexpr __host__ function("epsilon") from a __host__ __device__ function("inverse_tolerance") is not allowed. The experimental flag '--expt-relaxed-constexpr' can be used to allow this.
      return Real(64) * std::numeric_limits<Real>::epsilon() * (Real(1) + abs(left) + abs(right));
                        ^

  /gpfs/scratch/rmdraux/PoPS-final-full-native-cuda-dim2-gh200-um-98804c68-20261009/source/include/pops/mesh/geometry/coordinate_map.hpp(375): warning #20013-D: calling a constexpr __host__ function("epsilon") from a __host__ __device__ function("inverse_map") is not allowed. The experimental flag '--expt-relaxed-constexpr' can be used to allow this.
        const Real tolerance = Real(64) * std::numeric_limits<Real>::epsilon();
                                          ^

  /gpfs/scratch/rmdraux/PoPS-final-full-native-cuda-dim2-gh200-um-98804c68-20261009/source/include/pops/runtime/analytic/expression.hpp(344): warning #20013-D: calling a constexpr __host__ function("quiet_NaN") from a __host__ __device__ function("eval_checked") is not allowed. The experimental flag '--expt-relaxed-constexpr' can be used to allow this.
          return {std::numeric_limits<Real>::quiet_NaN(), false};
                  ^
            detected during:
              instantiation of "pops::analytic::AnalyticEvaluation pops::analytic::AnalyticProgramView::eval_checked(const pops::Index<Dim> &, const pops::Geometry<Dim> &, const pops::Real *, uint8_t) const [with Dim=2]" at line 352 of /gpfs/scratch/rmdraux/PoPS-final-full-native-cuda-dim2-gh200-um-98804c68-20261009/source/include/pops/mesh/boundary/prepared_hyperbolic_boundary.hpp
              instantiation of "pops::Real pops::hyperbolic_boundary_detail::ValidateAnalyticFace<Axis, Dim>::operator()(const pops::Index<Dim> &) const [with Axis=0, Dim=2]" at line 404 of /gpfs/scratch/rmdraux/PoPS-final-full-native-cuda-dim2-gh200-um-98804c68-20261009/source/include/pops/mesh/execution/for_each.hpp
              instantiation of "pops::Real pops::for_each_cell_reduce_max(const ExecutionSpace &, const pops::Box<Dim> &, F) [with ExecutionSpace=Kokkos::DefaultExecutionSpace, Dim=2, F=pops::hyperbolic_boundary_detail::ValidateAnalyticFace<0, 2>]" at line 419 of /gpfs/scratch/rmdraux/PoPS-final-full-native-cuda-dim2-gh200-um-98804c68-20261009/source/include/pops/mesh/execution/for_each.hpp
              instantiation of "pops::Real pops::for_each_cell_reduce_max(const pops::Box<Dim> &, F) [with Dim=2, F=pops::hyperbolic_boundary_detail::ValidateAnalyticFace<0, 2>]" at line 1339 of /gpfs/scratch/rmdraux/PoPS-final-full-native-cuda-dim2-gh200-um-98804c68-20261009/source/include/pops/mesh/boundary/prepared_hyperbolic_boundary.hpp
              instantiation of "void pops::PreparedHyperbolicBoundary<Dim>::fill_axes_<Axis,MemorySpace>(pops::MultiFab<Dim, MemorySpace> &, const pops::Box<Dim> &, const pops::Geometry<Dim> *, pops::Real) const [with Dim=2, Axis=0, MemorySpace=Kokkos::Cuda::memory_space]" at line 838 of /gpfs/scratch/rmdraux/PoPS-final-full-native-cuda-dim2-gh200-um-98804c68-20261009/source/include/pops/mesh/boundary/prepared_hyperbolic_boundary.hpp
              instantiation of "void pops::PreparedHyperbolicBoundary<Dim>::fill_physical_preflighted(pops::MultiFab<Dim, MemorySpace> &, pops::PreparedHyperbolicBoundary<Dim>::PhysicalFillPreflight<MemorySpace> &&) const [with Dim=2, MemorySpace=Kokkos::Cuda::memory_space]" at line 849 of /gpfs/scratch/rmdraux/PoPS-final-full-native-cuda-dim2-gh200-um-98804c68-20261009/source/include/pops/mesh/boundary/prepared_hyperbolic_boundary.hpp
              instantiation of "void pops::PreparedHyperbolicBoundary<Dim>::fill_physical(pops::MultiFab<Dim, MemorySpace> &, const pops::Box<Dim> &, pops::Real) const [with Dim=2, MemorySpace=Kokkos::Cuda::memory_space]" at line 413 of /gpfs/scratch/rmdraux/PoPS-final-full-native-cuda-dim2-gh200-um-98804c68-20261009/source/src/runtime/system/system_install.cpp
              instantiation of "void pops::<unnamed>::ExternalBoundaryDependencyStorage<Dim>::GhostTransport::materialize(pops::MultiFab<Dim, Kokkos::Cuda::memory_space> &, const pops::ExecutionLane &) [with Dim=2]" at line 522 of /gpfs/scratch/rmdraux/PoPS-final-full-native-cuda-dim2-gh200-um-98804c68-20261009/source/src/runtime/system/system_install.cpp
              instantiation of "void pops::<unnamed>::ExternalBoundaryDependencyStorage<Dim>::refresh(const pops::runtime::multiblock::BoundaryEvaluationPoint &, const pops::ExecutionLane &) [with Dim=2]" at line 1070 of /gpfs/scratch/rmdraux/PoPS-final-full-native-cuda-dim2-gh200-um-98804c68-20261009/source/src/runtime/system/system_install.cpp
              instantiation of "void pops::System<Dim>::stage_prepared_ghost_boundary_component(const std::string &, std::shared_ptr<pops::PreparedGhostBoundaryComponent>) [with Dim=2]" at line 2893 of /gpfs/scratch/rmdraux/PoPS-final-full-native-cuda-dim2-gh200-um-98804c68-20261009/source/src/runtime/system/system_install.cpp

  /gpfs/scratch/rmdraux/PoPS-final-full-native-cuda-dim2-gh200-um-98804c68-20261009/source/include/pops/runtime/analytic/expression.hpp(367): warning #20013-D: calling a constexpr __host__ function("quiet_NaN") from a __host__ __device__ function("eval_checked") is not allowed. The experimental flag '--expt-relaxed-constexpr' can be used to allow this.
              values[sp] = available ? coordinates[axis] : std::numeric_limits<Real>::quiet_NaN();
                                                           ^
            detected during:
              instantiation of "pops::analytic::AnalyticEvaluation pops::analytic::AnalyticProgramView::eval_checked(const pops::Index<Dim> &, const pops::Geometry<Dim> &, const pops::Real *, uint8_t) const [with Dim=2]" at line 352 of /gpfs/scratch/rmdraux/PoPS-final-full-native-cuda-dim2-gh200-um-98804c68-20261009/source/include/pops/mesh/boundary/prepared_hyperbolic_boundary.hpp
              instantiation of "pops::Real pops::hyperbolic_boundary_detail::ValidateAnalyticFace<Axis, Dim>::operator()(const pops::Index<Dim> &) const [with Axis=0, Dim=2]" at line 404 of /gpfs/scratch/rmdraux/PoPS-final-full-native-cuda-dim2-gh200-um-98804c68-20261009/source/include/pops/mesh/execution/for_each.hpp
              instantiation of "pops::Real pops::for_each_cell_reduce_max(const ExecutionSpace &, const pops::Box<Dim> &, F) [with ExecutionSpace=Kokkos::DefaultExecutionSpace, Dim=2, F=pops::hyperbolic_boundary_detail::ValidateAnalyticFace<0, 2>]" at line 419 of /gpfs/scratch/rmdraux/PoPS-final-full-native-cuda-dim2-gh200-um-98804c68-20261009/source/include/pops/mesh/execution/for_each.hpp
              instantiation of "pops::Real pops::for_each_cell_reduce_max(const pops::Box<Dim> &, F) [with Dim=2, F=pops::hyperbolic_boundary_detail::ValidateAnalyticFace<0, 2>]" at line 1339 of /gpfs/scratch/rmdraux/PoPS-final-full-native-cuda-dim2-gh200-um-98804c68-20261009/source/include/pops/mesh/boundary/prepared_hyperbolic_boundary.hpp
              instantiation of "void pops::PreparedHyperbolicBoundary<Dim>::fill_axes_<Axis,MemorySpace>(pops::MultiFab<Dim, MemorySpace> &, const pops::Box<Dim> &, const pops::Geometry<Dim> *, pops::Real) const [with Dim=2, Axis=0, MemorySpace=Kokkos::Cuda::memory_space]" at line 838 of /gpfs/scratch/rmdraux/PoPS-final-full-native-cuda-dim2-gh200-um-98804c68-20261009/source/include/pops/mesh/boundary/prepared_hyperbolic_boundary.hpp
              instantiation of "void pops::PreparedHyperbolicBoundary<Dim>::fill_physical_preflighted(pops::MultiFab<Dim, MemorySpace> &, pops::PreparedHyperbolicBoundary<Dim>::PhysicalFillPreflight<MemorySpace> &&) const [with Dim=2, MemorySpace=Kokkos::Cuda::memory_space]" at line 849 of /gpfs/scratch/rmdraux/PoPS-final-full-native-cuda-dim2-gh200-um-98804c68-20261009/source/include/pops/mesh/boundary/prepared_hyperbolic_boundary.hpp
              instantiation of "void pops::PreparedHyperbolicBoundary<Dim>::fill_physical(pops::MultiFab<Dim, MemorySpace> &, const pops::Box<Dim> &, pops::Real) const [with Dim=2, MemorySpace=Kokkos::Cuda::memory_space]" at line 413 of /gpfs/scratch/rmdraux/PoPS-final-full-native-cuda-dim2-gh200-um-98804c68-20261009/source/src/runtime/system/system_install.cpp
              instantiation of "void pops::<unnamed>::ExternalBoundaryDependencyStorage<Dim>::GhostTransport::materialize(pops::MultiFab<Dim, Kokkos::Cuda::memory_space> &, const pops::ExecutionLane &) [with Dim=2]" at line 522 of /gpfs/scratch/rmdraux/PoPS-final-full-native-cuda-dim2-gh200-um-98804c68-20261009/source/src/runtime/system/system_install.cpp
              instantiation of "void pops::<unnamed>::ExternalBoundaryDependencyStorage<Dim>::refresh(const pops::runtime::multiblock::BoundaryEvaluationPoint &, const pops::ExecutionLane &) [with Dim=2]" at line 1070 of /gpfs/scratch/rmdraux/PoPS-final-full-native-cuda-dim2-gh200-um-98804c68-20261009/source/src/runtime/system/system_install.cpp
              instantiation of "void pops::System<Dim>::stage_prepared_ghost_boundary_component(const std::string &, std::shared_ptr<pops::PreparedGhostBoundaryComponent>) [with Dim=2]" at line 2893 of /gpfs/scratch/rmdraux/PoPS-final-full-native-cuda-dim2-gh200-um-98804c68-20261009/source/src/runtime/system/system_install.cpp

  /gpfs/scratch/rmdraux/PoPS-final-full-native-cuda-dim2-gh200-um-98804c68-20261009/source/include/pops/runtime/analytic/expression.hpp(376): warning #20013-D: calling a constexpr __host__ function("quiet_NaN") from a __host__ __device__ function("eval_checked") is not allowed. The experimental flag '--expt-relaxed-constexpr' can be used to allow this.
              values[sp] = ok ? inputs[slot] : std::numeric_limits<Real>::quiet_NaN();
                                               ^
            detected during:
              instantiation of "pops::analytic::AnalyticEvaluation pops::analytic::AnalyticProgramView::eval_checked(const pops::Index<Dim> &, const pops::Geometry<Dim> &, const pops::Real *, uint8_t) const [with Dim=2]" at line 352 of /gpfs/scratch/rmdraux/PoPS-final-full-native-cuda-dim2-gh200-um-98804c68-20261009/source/include/pops/mesh/boundary/prepared_hyperbolic_boundary.hpp
              instantiation of "pops::Real pops::hyperbolic_boundary_detail::ValidateAnalyticFace<Axis, Dim>::operator()(const pops::Index<Dim> &) const [with Axis=0, Dim=2]" at line 404 of /gpfs/scratch/rmdraux/PoPS-final-full-native-cuda-dim2-gh200-um-98804c68-20261009/source/include/pops/mesh/execution/for_each.hpp
              instantiation of "pops::Real pops::for_each_cell_reduce_max(const ExecutionSpace &, const pops::Box<Dim> &, F) [with ExecutionSpace=Kokkos::DefaultExecutionSpace, Dim=2, F=pops::hyperbolic_boundary_detail::ValidateAnalyticFace<0, 2>]" at line 419 of /gpfs/scratch/rmdraux/PoPS-final-full-native-cuda-dim2-gh200-um-98804c68-20261009/source/include/pops/mesh/execution/for_each.hpp
              instantiation of "pops::Real pops::for_each_cell_reduce_max(const pops::Box<Dim> &, F) [with Dim=2, F=pops::hyperbolic_boundary_detail::ValidateAnalyticFace<0, 2>]" at line 1339 of /gpfs/scratch/rmdraux/PoPS-final-full-native-cuda-dim2-gh200-um-98804c68-20261009/source/include/pops/mesh/boundary/prepared_hyperbolic_boundary.hpp
              instantiation of "void pops::PreparedHyperbolicBoundary<Dim>::fill_axes_<Axis,MemorySpace>(pops::MultiFab<Dim, MemorySpace> &, const pops::Box<Dim> &, const pops::Geometry<Dim> *, pops::Real) const [with Dim=2, Axis=0, MemorySpace=Kokkos::Cuda::memory_space]" at line 838 of /gpfs/scratch/rmdraux/PoPS-final-full-native-cuda-dim2-gh200-um-98804c68-20261009/source/include/pops/mesh/boundary/prepared_hyperbolic_boundary.hpp
              instantiation of "void pops::PreparedHyperbolicBoundary<Dim>::fill_physical_preflighted(pops::MultiFab<Dim, MemorySpace> &, pops::PreparedHyperbolicBoundary<Dim>::PhysicalFillPreflight<MemorySpace> &&) const [with Dim=2, MemorySpace=Kokkos::Cuda::memory_space]" at line 849 of /gpfs/scratch/rmdraux/PoPS-final-full-native-cuda-dim2-gh200-um-98804c68-20261009/source/include/pops/mesh/boundary/prepared_hyperbolic_boundary.hpp
              instantiation of "void pops::PreparedHyperbolicBoundary<Dim>::fill_physical(pops::MultiFab<Dim, MemorySpace> &, const pops::Box<Dim> &, pops::Real) const [with Dim=2, MemorySpace=Kokkos::Cuda::memory_space]" at line 413 of /gpfs/scratch/rmdraux/PoPS-final-full-native-cuda-dim2-gh200-um-98804c68-20261009/source/src/runtime/system/system_install.cpp
              instantiation of "void pops::<unnamed>::ExternalBoundaryDependencyStorage<Dim>::GhostTransport::materialize(pops::MultiFab<Dim, Kokkos::Cuda::memory_space> &, const pops::ExecutionLane &) [with Dim=2]" at line 522 of /gpfs/scratch/rmdraux/PoPS-final-full-native-cuda-dim2-gh200-um-98804c68-20261009/source/src/runtime/system/system_install.cpp
              instantiation of "void pops::<unnamed>::ExternalBoundaryDependencyStorage<Dim>::refresh(const pops::runtime::multiblock::BoundaryEvaluationPoint &, const pops::ExecutionLane &) [with Dim=2]" at line 1070 of /gpfs/scratch/rmdraux/PoPS-final-full-native-cuda-dim2-gh200-um-98804c68-20261009/source/src/runtime/system/system_install.cpp
              instantiation of "void pops::System<Dim>::stage_prepared_ghost_boundary_component(const std::string &, std::shared_ptr<pops::PreparedGhostBoundaryComponent>) [with Dim=2]" at line 2893 of /gpfs/scratch/rmdraux/PoPS-final-full-native-cuda-dim2-gh200-um-98804c68-20261009/source/src/runtime/system/system_install.cpp

  /gpfs/scratch/rmdraux/PoPS-final-full-native-cuda-dim2-gh200-um-98804c68-20261009/source/include/pops/mesh/boundary/prepared_hyperbolic_boundary.hpp(386): warning #20013-D: calling a constexpr __host__ function("quiet_NaN") from a __host__ __device__ function("operator()") is not allowed. The experimental flag '--expt-relaxed-constexpr' can be used to allow this.
              evaluation.valid ? evaluation.value : std::numeric_limits<Real>::quiet_NaN();
                                                    ^
            detected during:
              instantiation of "void pops::detail::launch_index_space(const ExecutionSpace &, const pops::Box<Dim> &, const char *, F) [with ExecutionSpace=Kokkos::DefaultExecutionSpace, Dim=2, F=pops::hyperbolic_boundary_detail::FillAnalyticFace<0, 2>]" at line 230 of /gpfs/scratch/rmdraux/PoPS-final-full-native-cuda-dim2-gh200-um-98804c68-20261009/source/include/pops/mesh/execution/for_each.hpp
              instantiation of "void pops::for_each_cell(const ExecutionSpace &, const pops::Box<Dim> &, F) [with ExecutionSpace=Kokkos::DefaultExecutionSpace, Dim=2, F=pops::hyperbolic_boundary_detail::FillAnalyticFace<0, 2>]" at line 253 of /gpfs/scratch/rmdraux/PoPS-final-full-native-cuda-dim2-gh200-um-98804c68-20261009/source/include/pops/mesh/execution/for_each.hpp
              instantiation of "void pops::for_each_cell(const pops::Box<Dim> &, F) [with Dim=2, F=pops::hyperbolic_boundary_detail::FillAnalyticFace<0, 2>]" at line 1341
              instantiation of "void pops::PreparedHyperbolicBoundary<Dim>::fill_axes_<Axis,MemorySpace>(pops::MultiFab<Dim, MemorySpace> &, const pops::Box<Dim> &, const pops::Geometry<Dim> *, pops::Real) const [with Dim=2, Axis=0, MemorySpace=Kokkos::Cuda::memory_space]" at line 838
              instantiation of "void pops::PreparedHyperbolicBoundary<Dim>::fill_physical_preflighted(pops::MultiFab<Dim, MemorySpace> &, pops::PreparedHyperbolicBoundary<Dim>::PhysicalFillPreflight<MemorySpace> &&) const [with Dim=2, MemorySpace=Kokkos::Cuda::memory_space]" at line 849
              instantiation of "void pops::PreparedHyperbolicBoundary<Dim>::fill_physical(pops::MultiFab<Dim, MemorySpace> &, const pops::Box<Dim> &, pops::Real) const [with Dim=2, MemorySpace=Kokkos::Cuda::memory_space]" at line 413 of /gpfs/scratch/rmdraux/PoPS-final-full-native-cuda-dim2-gh200-um-98804c68-20261009/source/src/runtime/system/system_install.cpp
              instantiation of "void pops::<unnamed>::ExternalBoundaryDependencyStorage<Dim>::GhostTransport::materialize(pops::MultiFab<Dim, Kokkos::Cuda::memory_space> &, const pops::ExecutionLane &) [with Dim=2]" at line 522 of /gpfs/scratch/rmdraux/PoPS-final-full-native-cuda-dim2-gh200-um-98804c68-20261009/source/src/runtime/system/system_install.cpp
              instantiation of "void pops::<unnamed>::ExternalBoundaryDependencyStorage<Dim>::refresh(const pops::runtime::multiblock::BoundaryEvaluationPoint &, const pops::ExecutionLane &) [with Dim=2]" at line 1070 of /gpfs/scratch/rmdraux/PoPS-final-full-native-cuda-dim2-gh200-um-98804c68-20261009/source/src/runtime/system/system_install.cpp
              instantiation of "void pops::System<Dim>::stage_prepared_ghost_boundary_component(const std::string &, std::shared_ptr<pops::PreparedGhostBoundaryComponent>) [with Dim=2]" at line 2893 of /gpfs/scratch/rmdraux/PoPS-final-full-native-cuda-dim2-gh200-um-98804c68-20261009/source/src/runtime/system/system_install.cpp

  /gpfs/scratch/rmdraux/PoPS-final-full-native-cuda-dim2-gh200-um-98804c68-20261009/source/src/runtime/system/system_install.cpp(41): warning #20013-D: calling a constexpr __host__ function("lowest") from a __host__ __device__ function("operator()") is not allowed. The experimental flag '--expt-relaxed-constexpr' can be used to allow this.
        Real value = std::numeric_limits<Real>::lowest();
                     ^
            detected during:
              instantiation of "pops::Real pops::for_each_cell_reduce_max(const ExecutionSpace &, const pops::Box<Dim> &, F) [with ExecutionSpace=Kokkos::DefaultExecutionSpace, Dim=2, F=pops::<unnamed>::CoupledFrequencyMaximumKernel<2>]" at line 419 of /gpfs/scratch/rmdraux/PoPS-final-full-native-cuda-dim2-gh200-um-98804c68-20261009/source/include/pops/mesh/execution/for_each.hpp
              instantiation of "pops::Real pops::for_each_cell_reduce_max(const pops::Box<Dim> &, F) [with Dim=2, F=pops::<unnamed>::CoupledFrequencyMaximumKernel<2>]" at line 2775
              instantiation of "void pops::System<Dim>::add_coupled_source_prepared_(const pops::CoupledSourceProgram &, double, const std::string &, pops::CouplingOperatorView) [with Dim=2]" at line 2787
              instantiation of "void pops::System<Dim>::add_coupled_source(const pops::CoupledSourceProgram &, double, const std::string &) [with Dim=2]" at line 2943

  /gpfs/scratch/rmdraux/PoPS-final-full-native-cuda-dim2-gh200-um-98804c68-20261009/source/include/pops/mesh/storage/mf_arith.hpp(186): warning #20013-D: calling a constexpr __host__ function("max") from a __host__ __device__ function("operator()") is not allowed. The experimental flag '--expt-relaxed-constexpr' can be used to allow this.
        return magnitude <= std::numeric_limits<Real>::max() ? magnitude
                            ^
            detected during:
              instantiation of "pops::Real pops::for_each_cell_reduce_max(const ExecutionSpace &, const pops::Box<Dim> &, F) [with ExecutionSpace=Kokkos::DefaultExecutionSpace, Dim=2, F=pops::mf_arith_detail::NormInfKernel<2>]" at line 419 of /gpfs/scratch/rmdraux/PoPS-final-full-native-cuda-dim2-gh200-um-98804c68-20261009/source/include/pops/mesh/execution/for_each.hpp
              instantiation of "pops::Real pops::for_each_cell_reduce_max(const pops::Box<Dim> &, F) [with Dim=2, F=pops::mf_arith_detail::NormInfKernel<2>]" at line 529
              instantiation of "pops::Real pops::norm_inf(const pops::MultiFab<Dim, MemorySpace> &, int) [with Dim=2, MemorySpace=Kokkos::Cuda::memory_space]" at line 352 of /gpfs/scratch/rmdraux/PoPS-final-full-native-cuda-dim2-gh200-um-98804c68-20261009/source/include/pops/numerics/elliptic/poisson/poisson_fft_solver.hpp
              instantiation of "pops::SolveReport pops::PoissonFFTSolver<Dim>::solve() [with Dim=2]" at line 270 of /gpfs/scratch/rmdraux/PoPS-final-full-native-cuda-dim2-gh200-um-98804c68-20261009/source/include/pops/runtime/system/exact_field_solver_backend.hpp
              instantiation of "pops::SolveReport pops::runtime::system::PoissonFftFieldSolverBackend<Dim>::solve(const pops::runtime::system::PoissonFftFieldSolverBackend<Dim>::field_type &, const pops::ExecutionLane &) [with Dim=2]" at line 181 of /gpfs/scratch/rmdraux/PoPS-final-full-native-cuda-dim2-gh200-um-98804c68-20261009/source/include/pops/runtime/system/exact_field_solver_backend.hpp
              implicit generation of "pops::runtime::system::PoissonFftFieldSolverBackend<Dim>::~PoissonFftFieldSolverBackend() noexcept [with Dim=2]" at line 181 of /gpfs/scratch/rmdraux/PoPS-final-full-native-cuda-dim2-gh200-um-98804c68-20261009/source/include/pops/runtime/system/exact_field_solver_backend.hpp
              instantiation of class "pops::runtime::system::PoissonFftFieldSolverBackend<Dim> [with Dim=2]" at line 181 of /gpfs/scratch/rmdraux/PoPS-final-full-native-cuda-dim2-gh200-um-98804c68-20261009/source/include/pops/runtime/system/exact_field_solver_backend.hpp
              instantiation of "pops::runtime::system::PoissonFftFieldSolverBackend<Dim>::PoissonFftFieldSolverBackend(pops::runtime::system::PoissonFftFieldSolverBackend<Dim>::request_type, const pops::ExecutionLane &, std::string) [with Dim=2]" at line 210 of /gpfs/scratch/rmdraux/PoPS-final-full-native-cuda-dim2-gh200-um-98804c68-20261009/source/include/pops/runtime/system/exact_field_solver_backend.hpp
              instantiation of "std::unique_ptr<pops::runtime::system::ExactFieldSolverBackend<Dim>, std::default_delete<pops::runtime::system::ExactFieldSolverBackend<Dim>>> pops::runtime::system::PoissonFftFieldSolverBackend<Dim>::prepare_collectively(pops::runtime::system::PoissonFftFieldSolverBackend<Dim>::request_type, std::string_view, const pops::ExecutionLane &) [with Dim=2]" at line 1666 of /gpfs/scratch/rmdraux/PoPS-final-full-native-cuda-dim2-gh200-um-98804c68-20261009/source/src/runtime/system/system_install.cpp
              instantiation of "void pops::System<Dim>::register_elliptic_field(const std::string &, const std::string &, const std::vector<pops::runtime::system::AuxiliaryComponentKey, std::allocator<pops::runtime::system::AuxiliaryComponentKey>> &, int) [with Dim=2]" at line 2221 of /gpfs/scratch/rmdraux/PoPS-final-full-native-cuda-dim2-gh200-um-98804c68-20261009/source/src/runtime/system/system_install.cpp

  /gpfs/scratch/rmdraux/PoPS-final-full-native-cuda-dim2-gh200-um-98804c68-20261009/source/include/pops/mesh/storage/mf_arith.hpp(187): warning #20013-D: calling a constexpr __host__ function("infinity") from a __host__ __device__ function("operator()") is not allowed. The experimental flag '--expt-relaxed-constexpr' can be used to allow this.
                                                             : std::numeric_limits<Real>::infinity();
                                                               ^
            detected during:
              instantiation of "pops::Real pops::for_each_cell_reduce_max(const ExecutionSpace &, const pops::Box<Dim> &, F) [with ExecutionSpace=Kokkos::DefaultExecutionSpace, Dim=2, F=pops::mf_arith_detail::NormInfKernel<2>]" at line 419 of /gpfs/scratch/rmdraux/PoPS-final-full-native-cuda-dim2-gh200-um-98804c68-20261009/source/include/pops/mesh/execution/for_each.hpp
              instantiation of "pops::Real pops::for_each_cell_reduce_max(const pops::Box<Dim> &, F) [with Dim=2, F=pops::mf_arith_detail::NormInfKernel<2>]" at line 529
              instantiation of "pops::Real pops::norm_inf(const pops::MultiFab<Dim, MemorySpace> &, int) [with Dim=2, MemorySpace=Kokkos::Cuda::memory_space]" at line 352 of /gpfs/scratch/rmdraux/PoPS-final-full-native-cuda-dim2-gh200-um-98804c68-20261009/source/include/pops/numerics/elliptic/poisson/poisson_fft_solver.hpp
              instantiation of "pops::SolveReport pops::PoissonFFTSolver<Dim>::solve() [with Dim=2]" at line 270 of /gpfs/scratch/rmdraux/PoPS-final-full-native-cuda-dim2-gh200-um-98804c68-20261009/source/include/pops/runtime/system/exact_field_solver_backend.hpp
              instantiation of "pops::SolveReport pops::runtime::system::PoissonFftFieldSolverBackend<Dim>::solve(const pops::runtime::system::PoissonFftFieldSolverBackend<Dim>::field_type &, const pops::ExecutionLane &) [with Dim=2]" at line 181 of /gpfs/scratch/rmdraux/PoPS-final-full-native-cuda-dim2-gh200-um-98804c68-20261009/source/include/pops/runtime/system/exact_field_solver_backend.hpp
              implicit generation of "pops::runtime::system::PoissonFftFieldSolverBackend<Dim>::~PoissonFftFieldSolverBackend() noexcept [with Dim=2]" at line 181 of /gpfs/scratch/rmdraux/PoPS-final-full-native-cuda-dim2-gh200-um-98804c68-20261009/source/include/pops/runtime/system/exact_field_solver_backend.hpp
              instantiation of class "pops::runtime::system::PoissonFftFieldSolverBackend<Dim> [with Dim=2]" at line 181 of /gpfs/scratch/rmdraux/PoPS-final-full-native-cuda-dim2-gh200-um-98804c68-20261009/source/include/pops/runtime/system/exact_field_solver_backend.hpp
              instantiation of "pops::runtime::system::PoissonFftFieldSolverBackend<Dim>::PoissonFftFieldSolverBackend(pops::runtime::system::PoissonFftFieldSolverBackend<Dim>::request_type, const pops::ExecutionLane &, std::string) [with Dim=2]" at line 210 of /gpfs/scratch/rmdraux/PoPS-final-full-native-cuda-dim2-gh200-um-98804c68-20261009/source/include/pops/runtime/system/exact_field_solver_backend.hpp
              instantiation of "std::unique_ptr<pops::runtime::system::ExactFieldSolverBackend<Dim>, std::default_delete<pops::runtime::system::ExactFieldSolverBackend<Dim>>> pops::runtime::system::PoissonFftFieldSolverBackend<Dim>::prepare_collectively(pops::runtime::system::PoissonFftFieldSolverBackend<Dim>::request_type, std::string_view, const pops::ExecutionLane &) [with Dim=2]" at line 1666 of /gpfs/scratch/rmdraux/PoPS-final-full-native-cuda-dim2-gh200-um-98804c68-20261009/source/src/runtime/system/system_install.cpp
              instantiation of "void pops::System<Dim>::register_elliptic_field(const std::string &, const std::string &, const std::vector<pops::runtime::system::AuxiliaryComponentKey, std::allocator<pops::runtime::system::AuxiliaryComponentKey>> &, int) [with Dim=2]" at line 2221 of /gpfs/scratch/rmdraux/PoPS-final-full-native-cuda-dim2-gh200-um-98804c68-20261009/source/src/runtime/system/system_install.cpp

  /gpfs/scratch/rmdraux/PoPS-final-full-native-cuda-dim2-gh200-um-98804c68-20261009/source/include/pops/numerics/elliptic/nd/cartesian_poisson.hpp(138): warning #20013-D: calling a constexpr __host__ function("operator[]") from a __host__ __device__ function("operator()") is not allowed. The experimental flag '--expt-relaxed-constexpr' can be used to allow this.
            if (boundaries[static_cast<std::size_t>(face)] == CartesianBoundaryKind::periodic)
                          ^
            detected during:
              instantiation of "void pops::elliptic::nd::detail::PhysicalGhostKernel<Dim>::operator()(const pops::Index<Dim> &) const [with Dim=2]" at line 192 of /gpfs/scratch/rmdraux/PoPS-final-full-native-cuda-dim2-gh200-um-98804c68-20261009/source/include/pops/mesh/execution/for_each.hpp
              instantiation of "void pops::detail::launch_index_space(const ExecutionSpace &, const pops::Box<Dim> &, const char *, F) [with ExecutionSpace=Kokkos::DefaultExecutionSpace, Dim=2, F=pops::elliptic::nd::detail::PhysicalGhostKernel<2>]" at line 230 of /gpfs/scratch/rmdraux/PoPS-final-full-native-cuda-dim2-gh200-um-98804c68-20261009/source/include/pops/mesh/execution/for_each.hpp
              instantiation of "void pops::for_each_cell(const ExecutionSpace &, const pops::Box<Dim> &, F) [with ExecutionSpace=Kokkos::DefaultExecutionSpace, Dim=2, F=pops::elliptic::nd::detail::PhysicalGhostKernel<2>]" at line 253 of /gpfs/scratch/rmdraux/PoPS-final-full-native-cuda-dim2-gh200-um-98804c68-20261009/source/include/pops/mesh/execution/for_each.hpp
              instantiation of "void pops::for_each_cell(const pops::Box<Dim> &, F) [with Dim=2, F=pops::elliptic::nd::detail::PhysicalGhostKernel<2>]" at line 619
              instantiation of "void pops::elliptic::nd::CartesianPoissonSolver<Dim>::fill_static_halo_(__nv_bool) [with Dim=2]" at line 640
              [ 4 instantiation contexts not shown ]
              implicit generation of "pops::runtime::system::CartesianCgFieldSolverBackend<Dim>::~CartesianCgFieldSolverBackend() noexcept [with Dim=2]" at line 122 of /gpfs/scratch/rmdraux/PoPS-final-full-native-cuda-dim2-gh200-um-98804c68-20261009/source/include/pops/runtime/system/exact_field_solver_backend.hpp
              instantiation of class "pops::runtime::system::CartesianCgFieldSolverBackend<Dim> [with Dim=2]" at line 122 of /gpfs/scratch/rmdraux/PoPS-final-full-native-cuda-dim2-gh200-um-98804c68-20261009/source/include/pops/runtime/system/exact_field_solver_backend.hpp
              instantiation of "pops::runtime::system::CartesianCgFieldSolverBackend<Dim>::CartesianCgFieldSolverBackend(const pops::Geometry<Dim> &, const pops::mesh::BoxArray<Dim> &, const pops::mesh::Distribution<Dim> &, pops::Index<Dim>, pops::BoundaryTopology<Dim>, pops::elliptic::nd::CartesianPoissonOptions<Dim>, const pops::ExecutionLane &, std::string, pops::runtime::system::CartesianCgFieldSolverBackend<Dim>::DeferCollectivePreparation) [with Dim=2]" at line 85 of /gpfs/scratch/rmdraux/PoPS-final-full-native-cuda-dim2-gh200-um-98804c68-20261009/source/include/pops/runtime/system/exact_field_solver_backend.hpp
              instantiation of "std::unique_ptr<pops::runtime::system::ExactFieldSolverBackend<Dim>, std::default_delete<pops::runtime::system::ExactFieldSolverBackend<Dim>>> pops::runtime::system::CartesianCgFieldSolverBackend<Dim>::prepare_collectively(const pops::Geometry<Dim> &, const pops::mesh::BoxArray<Dim> &, const pops::mesh::Distribution<Dim> &, pops::Index<Dim>, pops::BoundaryTopology<Dim>, pops::elliptic::nd::CartesianPoissonOptions<Dim>, const pops::ExecutionLane &, std::string_view) [with Dim=2]" at line 1669 of /gpfs/scratch/rmdraux/PoPS-final-full-native-cuda-dim2-gh200-um-98804c68-20261009/source/src/runtime/system/system_install.cpp
              instantiation of "void pops::System<Dim>::register_elliptic_field(const std::string &, const std::string &, const std::vector<pops::runtime::system::AuxiliaryComponentKey, std::allocator<pops::runtime::system::AuxiliaryComponentKey>> &, int) [with Dim=2]" at line 2221 of /gpfs/scratch/rmdraux/PoPS-final-full-native-cuda-dim2-gh200-um-98804c68-20261009/source/src/runtime/system/system_install.cpp

  /gpfs/scratch/rmdraux/PoPS-final-full-native-cuda-dim2-gh200-um-98804c68-20261009/source/include/pops/numerics/elliptic/nd/cartesian_poisson.hpp(144): warning #20013-D: calling a constexpr __host__ function("operator[]") from a __host__ __device__ function("operator()") is not allowed. The experimental flag '--expt-relaxed-constexpr' can be used to allow this.
            if (boundaries[static_cast<std::size_t>(face)] == CartesianBoundaryKind::periodic)
                          ^
            detected during:
              instantiation of "void pops::elliptic::nd::detail::PhysicalGhostKernel<Dim>::operator()(const pops::Index<Dim> &) const [with Dim=2]" at line 192 of /gpfs/scratch/rmdraux/PoPS-final-full-native-cuda-dim2-gh200-um-98804c68-20261009/source/include/pops/mesh/execution/for_each.hpp
              instantiation of "void pops::detail::launch_index_space(const ExecutionSpace &, const pops::Box<Dim> &, const char *, F) [with ExecutionSpace=Kokkos::DefaultExecutionSpace, Dim=2, F=pops::elliptic::nd::detail::PhysicalGhostKernel<2>]" at line 230 of /gpfs/scratch/rmdraux/PoPS-final-full-native-cuda-dim2-gh200-um-98804c68-20261009/source/include/pops/mesh/execution/for_each.hpp
              instantiation of "void pops::for_each_cell(const ExecutionSpace &, const pops::Box<Dim> &, F) [with ExecutionSpace=Kokkos::DefaultExecutionSpace, Dim=2, F=pops::elliptic::nd::detail::PhysicalGhostKernel<2>]" at line 253 of /gpfs/scratch/rmdraux/PoPS-final-full-native-cuda-dim2-gh200-um-98804c68-20261009/source/include/pops/mesh/execution/for_each.hpp
              instantiation of "void pops::for_each_cell(const pops::Box<Dim> &, F) [with Dim=2, F=pops::elliptic::nd::detail::PhysicalGhostKernel<2>]" at line 619
              instantiation of "void pops::elliptic::nd::CartesianPoissonSolver<Dim>::fill_static_halo_(__nv_bool) [with Dim=2]" at line 640
              [ 4 instantiation contexts not shown ]
              implicit generation of "pops::runtime::system::CartesianCgFieldSolverBackend<Dim>::~CartesianCgFieldSolverBackend() noexcept [with Dim=2]" at line 122 of /gpfs/scratch/rmdraux/PoPS-final-full-native-cuda-dim2-gh200-um-98804c68-20261009/source/include/pops/runtime/system/exact_field_solver_backend.hpp
              instantiation of class "pops::runtime::system::CartesianCgFieldSolverBackend<Dim> [with Dim=2]" at line 122 of /gpfs/scratch/rmdraux/PoPS-final-full-native-cuda-dim2-gh200-um-98804c68-20261009/source/include/pops/runtime/system/exact_field_solver_backend.hpp
              instantiation of "pops::runtime::system::CartesianCgFieldSolverBackend<Dim>::CartesianCgFieldSolverBackend(const pops::Geometry<Dim> &, const pops::mesh::BoxArray<Dim> &, const pops::mesh::Distribution<Dim> &, pops::Index<Dim>, pops::BoundaryTopology<Dim>, pops::elliptic::nd::CartesianPoissonOptions<Dim>, const pops::ExecutionLane &, std::string, pops::runtime::system::CartesianCgFieldSolverBackend<Dim>::DeferCollectivePreparation) [with Dim=2]" at line 85 of /gpfs/scratch/rmdraux/PoPS-final-full-native-cuda-dim2-gh200-um-98804c68-20261009/source/include/pops/runtime/system/exact_field_solver_backend.hpp
              instantiation of "std::unique_ptr<pops::runtime::system::ExactFieldSolverBackend<Dim>, std::default_delete<pops::runtime::system::ExactFieldSolverBackend<Dim>>> pops::runtime::system::CartesianCgFieldSolverBackend<Dim>::prepare_collectively(const pops::Geometry<Dim> &, const pops::mesh::BoxArray<Dim> &, const pops::mesh::Distribution<Dim> &, pops::Index<Dim>, pops::BoundaryTopology<Dim>, pops::elliptic::nd::CartesianPoissonOptions<Dim>, const pops::ExecutionLane &, std::string_view) [with Dim=2]" at line 1669 of /gpfs/scratch/rmdraux/PoPS-final-full-native-cuda-dim2-gh200-um-98804c68-20261009/source/src/runtime/system/system_install.cpp
              instantiation of "void pops::System<Dim>::register_elliptic_field(const std::string &, const std::string &, const std::vector<pops::runtime::system::AuxiliaryComponentKey, std::allocator<pops::runtime::system::AuxiliaryComponentKey>> &, int) [with Dim=2]" at line 2221 of /gpfs/scratch/rmdraux/PoPS-final-full-native-cuda-dim2-gh200-um-98804c68-20261009/source/src/runtime/system/system_install.cpp

  /gpfs/scratch/rmdraux/PoPS-final-full-native-cuda-dim2-gh200-um-98804c68-20261009/source/include/pops/numerics/elliptic/nd/cartesian_poisson.hpp(163): warning #20013-D: calling a constexpr __host__ function("operator[]") from a __host__ __device__ function("operator()") is not allowed. The experimental flag '--expt-relaxed-constexpr' can be used to allow this.
          if (boundaries[ordinal] == CartesianBoundaryKind::periodic)
                        ^
            detected during:
              instantiation of "void pops::elliptic::nd::detail::PhysicalGhostKernel<Dim>::operator()(const pops::Index<Dim> &) const [with Dim=2]" at line 192 of /gpfs/scratch/rmdraux/PoPS-final-full-native-cuda-dim2-gh200-um-98804c68-20261009/source/include/pops/mesh/execution/for_each.hpp
              instantiation of "void pops::detail::launch_index_space(const ExecutionSpace &, const pops::Box<Dim> &, const char *, F) [with ExecutionSpace=Kokkos::DefaultExecutionSpace, Dim=2, F=pops::elliptic::nd::detail::PhysicalGhostKernel<2>]" at line 230 of /gpfs/scratch/rmdraux/PoPS-final-full-native-cuda-dim2-gh200-um-98804c68-20261009/source/include/pops/mesh/execution/for_each.hpp
              instantiation of "void pops::for_each_cell(const ExecutionSpace &, const pops::Box<Dim> &, F) [with ExecutionSpace=Kokkos::DefaultExecutionSpace, Dim=2, F=pops::elliptic::nd::detail::PhysicalGhostKernel<2>]" at line 253 of /gpfs/scratch/rmdraux/PoPS-final-full-native-cuda-dim2-gh200-um-98804c68-20261009/source/include/pops/mesh/execution/for_each.hpp
              instantiation of "void pops::for_each_cell(const pops::Box<Dim> &, F) [with Dim=2, F=pops::elliptic::nd::detail::PhysicalGhostKernel<2>]" at line 619
              instantiation of "void pops::elliptic::nd::CartesianPoissonSolver<Dim>::fill_static_halo_(__nv_bool) [with Dim=2]" at line 640
              [ 4 instantiation contexts not shown ]
              implicit generation of "pops::runtime::system::CartesianCgFieldSolverBackend<Dim>::~CartesianCgFieldSolverBackend() noexcept [with Dim=2]" at line 122 of /gpfs/scratch/rmdraux/PoPS-final-full-native-cuda-dim2-gh200-um-98804c68-20261009/source/include/pops/runtime/system/exact_field_solver_backend.hpp
              instantiation of class "pops::runtime::system::CartesianCgFieldSolverBackend<Dim> [with Dim=2]" at line 122 of /gpfs/scratch/rmdraux/PoPS-final-full-native-cuda-dim2-gh200-um-98804c68-20261009/source/include/pops/runtime/system/exact_field_solver_backend.hpp
              instantiation of "pops::runtime::system::CartesianCgFieldSolverBackend<Dim>::CartesianCgFieldSolverBackend(const pops::Geometry<Dim> &, const pops::mesh::BoxArray<Dim> &, const pops::mesh::Distribution<Dim> &, pops::Index<Dim>, pops::BoundaryTopology<Dim>, pops::elliptic::nd::CartesianPoissonOptions<Dim>, const pops::ExecutionLane &, std::string, pops::runtime::system::CartesianCgFieldSolverBackend<Dim>::DeferCollectivePreparation) [with Dim=2]" at line 85 of /gpfs/scratch/rmdraux/PoPS-final-full-native-cuda-dim2-gh200-um-98804c68-20261009/source/include/pops/runtime/system/exact_field_solver_backend.hpp
              instantiation of "std::unique_ptr<pops::runtime::system::ExactFieldSolverBackend<Dim>, std::default_delete<pops::runtime::system::ExactFieldSolverBackend<Dim>>> pops::runtime::system::CartesianCgFieldSolverBackend<Dim>::prepare_collectively(const pops::Geometry<Dim> &, const pops::mesh::BoxArray<Dim> &, const pops::mesh::Distribution<Dim> &, pops::Index<Dim>, pops::BoundaryTopology<Dim>, pops::elliptic::nd::CartesianPoissonOptions<Dim>, const pops::ExecutionLane &, std::string_view) [with Dim=2]" at line 1669 of /gpfs/scratch/rmdraux/PoPS-final-full-native-cuda-dim2-gh200-um-98804c68-20261009/source/src/runtime/system/system_install.cpp
              instantiation of "void pops::System<Dim>::register_elliptic_field(const std::string &, const std::string &, const std::vector<pops::runtime::system::AuxiliaryComponentKey, std::allocator<pops::runtime::system::AuxiliaryComponentKey>> &, int) [with Dim=2]" at line 2221 of /gpfs/scratch/rmdraux/PoPS-final-full-native-cuda-dim2-gh200-um-98804c68-20261009/source/src/runtime/system/system_install.cpp

  /gpfs/scratch/rmdraux/PoPS-final-full-native-cuda-dim2-gh200-um-98804c68-20261009/source/include/pops/numerics/elliptic/nd/cartesian_poisson.hpp(168): warning #20013-D: calling a constexpr __host__ function("operator[]") from a __host__ __device__ function("operator()") is not allowed. The experimental flag '--expt-relaxed-constexpr' can be used to allow this.
          const Real alpha = boundary_alpha[ordinal];
                                           ^
            detected during:
              instantiation of "void pops::elliptic::nd::detail::PhysicalGhostKernel<Dim>::operator()(const pops::Index<Dim> &) const [with Dim=2]" at line 192 of /gpfs/scratch/rmdraux/PoPS-final-full-native-cuda-dim2-gh200-um-98804c68-20261009/source/include/pops/mesh/execution/for_each.hpp
              instantiation of "void pops::detail::launch_index_space(const ExecutionSpace &, const pops::Box<Dim> &, const char *, F) [with ExecutionSpace=Kokkos::DefaultExecutionSpace, Dim=2, F=pops::elliptic::nd::detail::PhysicalGhostKernel<2>]" at line 230 of /gpfs/scratch/rmdraux/PoPS-final-full-native-cuda-dim2-gh200-um-98804c68-20261009/source/include/pops/mesh/execution/for_each.hpp
              instantiation of "void pops::for_each_cell(const ExecutionSpace &, const pops::Box<Dim> &, F) [with ExecutionSpace=Kokkos::DefaultExecutionSpace, Dim=2, F=pops::elliptic::nd::detail::PhysicalGhostKernel<2>]" at line 253 of /gpfs/scratch/rmdraux/PoPS-final-full-native-cuda-dim2-gh200-um-98804c68-20261009/source/include/pops/mesh/execution/for_each.hpp
              instantiation of "void pops::for_each_cell(const pops::Box<Dim> &, F) [with Dim=2, F=pops::elliptic::nd::detail::PhysicalGhostKernel<2>]" at line 619
              instantiation of "void pops::elliptic::nd::CartesianPoissonSolver<Dim>::fill_static_halo_(__nv_bool) [with Dim=2]" at line 640
              [ 4 instantiation contexts not shown ]
              implicit generation of "pops::runtime::system::CartesianCgFieldSolverBackend<Dim>::~CartesianCgFieldSolverBackend() noexcept [with Dim=2]" at line 122 of /gpfs/scratch/rmdraux/PoPS-final-full-native-cuda-dim2-gh200-um-98804c68-20261009/source/include/pops/runtime/system/exact_field_solver_backend.hpp
              instantiation of class "pops::runtime::system::CartesianCgFieldSolverBackend<Dim> [with Dim=2]" at line 122 of /gpfs/scratch/rmdraux/PoPS-final-full-native-cuda-dim2-gh200-um-98804c68-20261009/source/include/pops/runtime/system/exact_field_solver_backend.hpp
              instantiation of "pops::runtime::system::CartesianCgFieldSolverBackend<Dim>::CartesianCgFieldSolverBackend(const pops::Geometry<Dim> &, const pops::mesh::BoxArray<Dim> &, const pops::mesh::Distribution<Dim> &, pops::Index<Dim>, pops::BoundaryTopology<Dim>, pops::elliptic::nd::CartesianPoissonOptions<Dim>, const pops::ExecutionLane &, std::string, pops::runtime::system::CartesianCgFieldSolverBackend<Dim>::DeferCollectivePreparation) [with Dim=2]" at line 85 of /gpfs/scratch/rmdraux/PoPS-final-full-native-cuda-dim2-gh200-um-98804c68-20261009/source/include/pops/runtime/system/exact_field_solver_backend.hpp
              instantiation of "std::unique_ptr<pops::runtime::system::ExactFieldSolverBackend<Dim>, std::default_delete<pops::runtime::system::ExactFieldSolverBackend<Dim>>> pops::runtime::system::CartesianCgFieldSolverBackend<Dim>::prepare_collectively(const pops::Geometry<Dim> &, const pops::mesh::BoxArray<Dim> &, const pops::mesh::Distribution<Dim> &, pops::Index<Dim>, pops::BoundaryTopology<Dim>, pops::elliptic::nd::CartesianPoissonOptions<Dim>, const pops::ExecutionLane &, std::string_view) [with Dim=2]" at line 1669 of /gpfs/scratch/rmdraux/PoPS-final-full-native-cuda-dim2-gh200-um-98804c68-20261009/source/src/runtime/system/system_install.cpp
              instantiation of "void pops::System<Dim>::register_elliptic_field(const std::string &, const std::string &, const std::vector<pops::runtime::system::AuxiliaryComponentKey, std::allocator<pops::runtime::system::AuxiliaryComponentKey>> &, int) [with Dim=2]" at line 2221 of /gpfs/scratch/rmdraux/PoPS-final-full-native-cuda-dim2-gh200-um-98804c68-20261009/source/src/runtime/system/system_install.cpp

  /gpfs/scratch/rmdraux/PoPS-final-full-native-cuda-dim2-gh200-um-98804c68-20261009/source/include/pops/numerics/elliptic/nd/cartesian_poisson.hpp(169): warning #20013-D: calling a constexpr __host__ function("operator[]") from a __host__ __device__ function("operator()") is not allowed. The experimental flag '--expt-relaxed-constexpr' can be used to allow this.
          const Real beta = boundary_beta[ordinal];
                                         ^
            detected during:
              instantiation of "void pops::elliptic::nd::detail::PhysicalGhostKernel<Dim>::operator()(const pops::Index<Dim> &) const [with Dim=2]" at line 192 of /gpfs/scratch/rmdraux/PoPS-final-full-native-cuda-dim2-gh200-um-98804c68-20261009/source/include/pops/mesh/execution/for_each.hpp
              instantiation of "void pops::detail::launch_index_space(const ExecutionSpace &, const pops::Box<Dim> &, const char *, F) [with ExecutionSpace=Kokkos::DefaultExecutionSpace, Dim=2, F=pops::elliptic::nd::detail::PhysicalGhostKernel<2>]" at line 230 of /gpfs/scratch/rmdraux/PoPS-final-full-native-cuda-dim2-gh200-um-98804c68-20261009/source/include/pops/mesh/execution/for_each.hpp
              instantiation of "void pops::for_each_cell(const ExecutionSpace &, const pops::Box<Dim> &, F) [with ExecutionSpace=Kokkos::DefaultExecutionSpace, Dim=2, F=pops::elliptic::nd::detail::PhysicalGhostKernel<2>]" at line 253 of /gpfs/scratch/rmdraux/PoPS-final-full-native-cuda-dim2-gh200-um-98804c68-20261009/source/include/pops/mesh/execution/for_each.hpp
              instantiation of "void pops::for_each_cell(const pops::Box<Dim> &, F) [with Dim=2, F=pops::elliptic::nd::detail::PhysicalGhostKernel<2>]" at line 619
              instantiation of "void pops::elliptic::nd::CartesianPoissonSolver<Dim>::fill_static_halo_(__nv_bool) [with Dim=2]" at line 640
              [ 4 instantiation contexts not shown ]
              implicit generation of "pops::runtime::system::CartesianCgFieldSolverBackend<Dim>::~CartesianCgFieldSolverBackend() noexcept [with Dim=2]" at line 122 of /gpfs/scratch/rmdraux/PoPS-final-full-native-cuda-dim2-gh200-um-98804c68-20261009/source/include/pops/runtime/system/exact_field_solver_backend.hpp
              instantiation of class "pops::runtime::system::CartesianCgFieldSolverBackend<Dim> [with Dim=2]" at line 122 of /gpfs/scratch/rmdraux/PoPS-final-full-native-cuda-dim2-gh200-um-98804c68-20261009/source/include/pops/runtime/system/exact_field_solver_backend.hpp
              instantiation of "pops::runtime::system::CartesianCgFieldSolverBackend<Dim>::CartesianCgFieldSolverBackend(const pops::Geometry<Dim> &, const pops::mesh::BoxArray<Dim> &, const pops::mesh::Distribution<Dim> &, pops::Index<Dim>, pops::BoundaryTopology<Dim>, pops::elliptic::nd::CartesianPoissonOptions<Dim>, const pops::ExecutionLane &, std::string, pops::runtime::system::CartesianCgFieldSolverBackend<Dim>::DeferCollectivePreparation) [with Dim=2]" at line 85 of /gpfs/scratch/rmdraux/PoPS-final-full-native-cuda-dim2-gh200-um-98804c68-20261009/source/include/pops/runtime/system/exact_field_solver_backend.hpp
              instantiation of "std::unique_ptr<pops::runtime::system::ExactFieldSolverBackend<Dim>, std::default_delete<pops::runtime::system::ExactFieldSolverBackend<Dim>>> pops::runtime::system::CartesianCgFieldSolverBackend<Dim>::prepare_collectively(const pops::Geometry<Dim> &, const pops::mesh::BoxArray<Dim> &, const pops::mesh::Distribution<Dim> &, pops::Index<Dim>, pops::BoundaryTopology<Dim>, pops::elliptic::nd::CartesianPoissonOptions<Dim>, const pops::ExecutionLane &, std::string_view) [with Dim=2]" at line 1669 of /gpfs/scratch/rmdraux/PoPS-final-full-native-cuda-dim2-gh200-um-98804c68-20261009/source/src/runtime/system/system_install.cpp
              instantiation of "void pops::System<Dim>::register_elliptic_field(const std::string &, const std::string &, const std::vector<pops::runtime::system::AuxiliaryComponentKey, std::allocator<pops::runtime::system::AuxiliaryComponentKey>> &, int) [with Dim=2]" at line 2221 of /gpfs/scratch/rmdraux/PoPS-final-full-native-cuda-dim2-gh200-um-98804c68-20261009/source/src/runtime/system/system_install.cpp

  /gpfs/scratch/rmdraux/PoPS-final-full-native-cuda-dim2-gh200-um-98804c68-20261009/source/include/pops/numerics/elliptic/nd/cartesian_poisson.hpp(170): warning #20013-D: calling a constexpr __host__ function("operator[]") from a __host__ __device__ function("operator()") is not allowed. The experimental flag '--expt-relaxed-constexpr' can be used to allow this.
          result = (boundary_values[ordinal] - result * (alpha / Real(2) - beta / distance)) /
                                   ^
            detected during:
              instantiation of "void pops::elliptic::nd::detail::PhysicalGhostKernel<Dim>::operator()(const pops::Index<Dim> &) const [with Dim=2]" at line 192 of /gpfs/scratch/rmdraux/PoPS-final-full-native-cuda-dim2-gh200-um-98804c68-20261009/source/include/pops/mesh/execution/for_each.hpp
              instantiation of "void pops::detail::launch_index_space(const ExecutionSpace &, const pops::Box<Dim> &, const char *, F) [with ExecutionSpace=Kokkos::DefaultExecutionSpace, Dim=2, F=pops::elliptic::nd::detail::PhysicalGhostKernel<2>]" at line 230 of /gpfs/scratch/rmdraux/PoPS-final-full-native-cuda-dim2-gh200-um-98804c68-20261009/source/include/pops/mesh/execution/for_each.hpp
              instantiation of "void pops::for_each_cell(const ExecutionSpace &, const pops::Box<Dim> &, F) [with ExecutionSpace=Kokkos::DefaultExecutionSpace, Dim=2, F=pops::elliptic::nd::detail::PhysicalGhostKernel<2>]" at line 253 of /gpfs/scratch/rmdraux/PoPS-final-full-native-cuda-dim2-gh200-um-98804c68-20261009/source/include/pops/mesh/execution/for_each.hpp
              instantiation of "void pops::for_each_cell(const pops::Box<Dim> &, F) [with Dim=2, F=pops::elliptic::nd::detail::PhysicalGhostKernel<2>]" at line 619
              instantiation of "void pops::elliptic::nd::CartesianPoissonSolver<Dim>::fill_static_halo_(__nv_bool) [with Dim=2]" at line 640
              [ 4 instantiation contexts not shown ]
              implicit generation of "pops::runtime::system::CartesianCgFieldSolverBackend<Dim>::~CartesianCgFieldSolverBackend() noexcept [with Dim=2]" at line 122 of /gpfs/scratch/rmdraux/PoPS-final-full-native-cuda-dim2-gh200-um-98804c68-20261009/source/include/pops/runtime/system/exact_field_solver_backend.hpp
              instantiation of class "pops::runtime::system::CartesianCgFieldSolverBackend<Dim> [with Dim=2]" at line 122 of /gpfs/scratch/rmdraux/PoPS-final-full-native-cuda-dim2-gh200-um-98804c68-20261009/source/include/pops/runtime/system/exact_field_solver_backend.hpp
              instantiation of "pops::runtime::system::CartesianCgFieldSolverBackend<Dim>::CartesianCgFieldSolverBackend(const pops::Geometry<Dim> &, const pops::mesh::BoxArray<Dim> &, const pops::mesh::Distribution<Dim> &, pops::Index<Dim>, pops::BoundaryTopology<Dim>, pops::elliptic::nd::CartesianPoissonOptions<Dim>, const pops::ExecutionLane &, std::string, pops::runtime::system::CartesianCgFieldSolverBackend<Dim>::DeferCollectivePreparation) [with Dim=2]" at line 85 of /gpfs/scratch/rmdraux/PoPS-final-full-native-cuda-dim2-gh200-um-98804c68-20261009/source/include/pops/runtime/system/exact_field_solver_backend.hpp
              instantiation of "std::unique_ptr<pops::runtime::system::ExactFieldSolverBackend<Dim>, std::default_delete<pops::runtime::system::ExactFieldSolverBackend<Dim>>> pops::runtime::system::CartesianCgFieldSolverBackend<Dim>::prepare_collectively(const pops::Geometry<Dim> &, const pops::mesh::BoxArray<Dim> &, const pops::mesh::Distribution<Dim> &, pops::Index<Dim>, pops::BoundaryTopology<Dim>, pops::elliptic::nd::CartesianPoissonOptions<Dim>, const pops::ExecutionLane &, std::string_view) [with Dim=2]" at line 1669 of /gpfs/scratch/rmdraux/PoPS-final-full-native-cuda-dim2-gh200-um-98804c68-20261009/source/src/runtime/system/system_install.cpp
              instantiation of "void pops::System<Dim>::register_elliptic_field(const std::string &, const std::string &, const std::vector<pops::runtime::system::AuxiliaryComponentKey, std::allocator<pops::runtime::system::AuxiliaryComponentKey>> &, int) [with Dim=2]" at line 2221 of /gpfs/scratch/rmdraux/PoPS-final-full-native-cuda-dim2-gh200-um-98804c68-20261009/source/src/runtime/system/system_install.cpp

  /gpfs/scratch/rmdraux/PoPS-final-full-native-cuda-dim2-gh200-um-98804c68-20261009/source/include/pops/numerics/elliptic/nd/cartesian_poisson.hpp(138): warning #20015-D: calling a constexpr __host__ function from a __host__ __device__ function is not allowed. The experimental flag '--expt-relaxed-constexpr' can be used to allow this.
            if (boundaries[static_cast<std::size_t>(face)] == CartesianBoundaryKind::periodic)
            ^
            detected during:
              instantiation of "void pops::elliptic::nd::detail::PhysicalGhostKernel<Dim>::operator()(const pops::Index<Dim> &) const [with Dim=2]" at line 192 of /gpfs/scratch/rmdraux/PoPS-final-full-native-cuda-dim2-gh200-um-98804c68-20261009/source/include/pops/mesh/execution/for_each.hpp
              instantiation of "void pops::detail::launch_index_space(const ExecutionSpace &, const pops::Box<Dim> &, const char *, F) [with ExecutionSpace=Kokkos::DefaultExecutionSpace, Dim=2, F=pops::elliptic::nd::detail::PhysicalGhostKernel<2>]" at line 230 of /gpfs/scratch/rmdraux/PoPS-final-full-native-cuda-dim2-gh200-um-98804c68-20261009/source/include/pops/mesh/execution/for_each.hpp
              instantiation of "void pops::for_each_cell(const ExecutionSpace &, const pops::Box<Dim> &, F) [with ExecutionSpace=Kokkos::DefaultExecutionSpace, Dim=2, F=pops::elliptic::nd::detail::PhysicalGhostKernel<2>]" at line 253 of /gpfs/scratch/rmdraux/PoPS-final-full-native-cuda-dim2-gh200-um-98804c68-20261009/source/include/pops/mesh/execution/for_each.hpp
              instantiation of "void pops::for_each_cell(const pops::Box<Dim> &, F) [with Dim=2, F=pops::elliptic::nd::detail::PhysicalGhostKernel<2>]" at line 619
              instantiation of "void pops::elliptic::nd::CartesianPoissonSolver<Dim>::fill_static_halo_(__nv_bool) [with Dim=2]" at line 640
              [ 4 instantiation contexts not shown ]
              implicit generation of "pops::runtime::system::CartesianCgFieldSolverBackend<Dim>::~CartesianCgFieldSolverBackend() noexcept [with Dim=2]" at line 122 of /gpfs/scratch/rmdraux/PoPS-final-full-native-cuda-dim2-gh200-um-98804c68-20261009/source/include/pops/runtime/system/exact_field_solver_backend.hpp
              instantiation of class "pops::runtime::system::CartesianCgFieldSolverBackend<Dim> [with Dim=2]" at line 122 of /gpfs/scratch/rmdraux/PoPS-final-full-native-cuda-dim2-gh200-um-98804c68-20261009/source/include/pops/runtime/system/exact_field_solver_backend.hpp
              instantiation of "pops::runtime::system::CartesianCgFieldSolverBackend<Dim>::CartesianCgFieldSolverBackend(const pops::Geometry<Dim> &, const pops::mesh::BoxArray<Dim> &, const pops::mesh::Distribution<Dim> &, pops::Index<Dim>, pops::BoundaryTopology<Dim>, pops::elliptic::nd::CartesianPoissonOptions<Dim>, const pops::ExecutionLane &, std::string, pops::runtime::system::CartesianCgFieldSolverBackend<Dim>::DeferCollectivePreparation) [with Dim=2]" at line 85 of /gpfs/scratch/rmdraux/PoPS-final-full-native-cuda-dim2-gh200-um-98804c68-20261009/source/include/pops/runtime/system/exact_field_solver_backend.hpp
              instantiation of "std::unique_ptr<pops::runtime::system::ExactFieldSolverBackend<Dim>, std::default_delete<pops::runtime::system::ExactFieldSolverBackend<Dim>>> pops::runtime::system::CartesianCgFieldSolverBackend<Dim>::prepare_collectively(const pops::Geometry<Dim> &, const pops::mesh::BoxArray<Dim> &, const pops::mesh::Distribution<Dim> &, pops::Index<Dim>, pops::BoundaryTopology<Dim>, pops::elliptic::nd::CartesianPoissonOptions<Dim>, const pops::ExecutionLane &, std::string_view) [with Dim=2]" at line 1669 of /gpfs/scratch/rmdraux/PoPS-final-full-native-cuda-dim2-gh200-um-98804c68-20261009/source/src/runtime/system/system_install.cpp
              instantiation of "void pops::System<Dim>::register_elliptic_field(const std::string &, const std::string &, const std::vector<pops::runtime::system::AuxiliaryComponentKey, std::allocator<pops::runtime::system::AuxiliaryComponentKey>> &, int) [with Dim=2]" at line 2221 of /gpfs/scratch/rmdraux/PoPS-final-full-native-cuda-dim2-gh200-um-98804c68-20261009/source/src/runtime/system/system_install.cpp

  /gpfs/scratch/rmdraux/PoPS-final-full-native-cuda-dim2-gh200-um-98804c68-20261009/source/include/pops/numerics/elliptic/nd/cartesian_poisson.hpp(144): warning #20015-D: calling a constexpr __host__ function from a __host__ __device__ function is not allowed. The experimental flag '--expt-relaxed-constexpr' can be used to allow this.
            if (boundaries[static_cast<std::size_t>(face)] == CartesianBoundaryKind::periodic)
            ^
            detected during:
              instantiation of "void pops::elliptic::nd::detail::PhysicalGhostKernel<Dim>::operator()(const pops::Index<Dim> &) const [with Dim=2]" at line 192 of /gpfs/scratch/rmdraux/PoPS-final-full-native-cuda-dim2-gh200-um-98804c68-20261009/source/include/pops/mesh/execution/for_each.hpp
              instantiation of "void pops::detail::launch_index_space(const ExecutionSpace &, const pops::Box<Dim> &, const char *, F) [with ExecutionSpace=Kokkos::DefaultExecutionSpace, Dim=2, F=pops::elliptic::nd::detail::PhysicalGhostKernel<2>]" at line 230 of /gpfs/scratch/rmdraux/PoPS-final-full-native-cuda-dim2-gh200-um-98804c68-20261009/source/include/pops/mesh/execution/for_each.hpp
              instantiation of "void pops::for_each_cell(const ExecutionSpace &, const pops::Box<Dim> &, F) [with ExecutionSpace=Kokkos::DefaultExecutionSpace, Dim=2, F=pops::elliptic::nd::detail::PhysicalGhostKernel<2>]" at line 253 of /gpfs/scratch/rmdraux/PoPS-final-full-native-cuda-dim2-gh200-um-98804c68-20261009/source/include/pops/mesh/execution/for_each.hpp
              instantiation of "void pops::for_each_cell(const pops::Box<Dim> &, F) [with Dim=2, F=pops::elliptic::nd::detail::PhysicalGhostKernel<2>]" at line 619
              instantiation of "void pops::elliptic::nd::CartesianPoissonSolver<Dim>::fill_static_halo_(__nv_bool) [with Dim=2]" at line 640
              [ 4 instantiation contexts not shown ]
              implicit generation of "pops::runtime::system::CartesianCgFieldSolverBackend<Dim>::~CartesianCgFieldSolverBackend() noexcept [with Dim=2]" at line 122 of /gpfs/scratch/rmdraux/PoPS-final-full-native-cuda-dim2-gh200-um-98804c68-20261009/source/include/pops/runtime/system/exact_field_solver_backend.hpp
              instantiation of class "pops::runtime::system::CartesianCgFieldSolverBackend<Dim> [with Dim=2]" at line 122 of /gpfs/scratch/rmdraux/PoPS-final-full-native-cuda-dim2-gh200-um-98804c68-20261009/source/include/pops/runtime/system/exact_field_solver_backend.hpp
              instantiation of "pops::runtime::system::CartesianCgFieldSolverBackend<Dim>::CartesianCgFieldSolverBackend(const pops::Geometry<Dim> &, const pops::mesh::BoxArray<Dim> &, const pops::mesh::Distribution<Dim> &, pops::Index<Dim>, pops::BoundaryTopology<Dim>, pops::elliptic::nd::CartesianPoissonOptions<Dim>, const pops::ExecutionLane &, std::string, pops::runtime::system::CartesianCgFieldSolverBackend<Dim>::DeferCollectivePreparation) [with Dim=2]" at line 85 of /gpfs/scratch/rmdraux/PoPS-final-full-native-cuda-dim2-gh200-um-98804c68-20261009/source/include/pops/runtime/system/exact_field_solver_backend.hpp
              instantiation of "std::unique_ptr<pops::runtime::system::ExactFieldSolverBackend<Dim>, std::default_delete<pops::runtime::system::ExactFieldSolverBackend<Dim>>> pops::runtime::system::CartesianCgFieldSolverBackend<Dim>::prepare_collectively(const pops::Geometry<Dim> &, const pops::mesh::BoxArray<Dim> &, const pops::mesh::Distribution<Dim> &, pops::Index<Dim>, pops::BoundaryTopology<Dim>, pops::elliptic::nd::CartesianPoissonOptions<Dim>, const pops::ExecutionLane &, std::string_view) [with Dim=2]" at line 1669 of /gpfs/scratch/rmdraux/PoPS-final-full-native-cuda-dim2-gh200-um-98804c68-20261009/source/src/runtime/system/system_install.cpp
              instantiation of "void pops::System<Dim>::register_elliptic_field(const std::string &, const std::string &, const std::vector<pops::runtime::system::AuxiliaryComponentKey, std::allocator<pops::runtime::system::AuxiliaryComponentKey>> &, int) [with Dim=2]" at line 2221 of /gpfs/scratch/rmdraux/PoPS-final-full-native-cuda-dim2-gh200-um-98804c68-20261009/source/src/runtime/system/system_install.cpp

  /gpfs/scratch/rmdraux/PoPS-final-full-native-cuda-dim2-gh200-um-98804c68-20261009/source/include/pops/numerics/elliptic/nd/cartesian_poisson.hpp(163): warning #20015-D: calling a constexpr __host__ function from a __host__ __device__ function is not allowed. The experimental flag '--expt-relaxed-constexpr' can be used to allow this.
          if (boundaries[ordinal] == CartesianBoundaryKind::periodic)
          ^
            detected during:
              instantiation of "void pops::elliptic::nd::detail::PhysicalGhostKernel<Dim>::operator()(const pops::Index<Dim> &) const [with Dim=2]" at line 192 of /gpfs/scratch/rmdraux/PoPS-final-full-native-cuda-dim2-gh200-um-98804c68-20261009/source/include/pops/mesh/execution/for_each.hpp
              instantiation of "void pops::detail::launch_index_space(const ExecutionSpace &, const pops::Box<Dim> &, const char *, F) [with ExecutionSpace=Kokkos::DefaultExecutionSpace, Dim=2, F=pops::elliptic::nd::detail::PhysicalGhostKernel<2>]" at line 230 of /gpfs/scratch/rmdraux/PoPS-final-full-native-cuda-dim2-gh200-um-98804c68-20261009/source/include/pops/mesh/execution/for_each.hpp
              instantiation of "void pops::for_each_cell(const ExecutionSpace &, const pops::Box<Dim> &, F) [with ExecutionSpace=Kokkos::DefaultExecutionSpace, Dim=2, F=pops::elliptic::nd::detail::PhysicalGhostKernel<2>]" at line 253 of /gpfs/scratch/rmdraux/PoPS-final-full-native-cuda-dim2-gh200-um-98804c68-20261009/source/include/pops/mesh/execution/for_each.hpp
              instantiation of "void pops::for_each_cell(const pops::Box<Dim> &, F) [with Dim=2, F=pops::elliptic::nd::detail::PhysicalGhostKernel<2>]" at line 619
              instantiation of "void pops::elliptic::nd::CartesianPoissonSolver<Dim>::fill_static_halo_(__nv_bool) [with Dim=2]" at line 640
              [ 4 instantiation contexts not shown ]
              implicit generation of "pops::runtime::system::CartesianCgFieldSolverBackend<Dim>::~CartesianCgFieldSolverBackend() noexcept [with Dim=2]" at line 122 of /gpfs/scratch/rmdraux/PoPS-final-full-native-cuda-dim2-gh200-um-98804c68-20261009/source/include/pops/runtime/system/exact_field_solver_backend.hpp
              instantiation of class "pops::runtime::system::CartesianCgFieldSolverBackend<Dim> [with Dim=2]" at line 122 of /gpfs/scratch/rmdraux/PoPS-final-full-native-cuda-dim2-gh200-um-98804c68-20261009/source/include/pops/runtime/system/exact_field_solver_backend.hpp
              instantiation of "pops::runtime::system::CartesianCgFieldSolverBackend<Dim>::CartesianCgFieldSolverBackend(const pops::Geometry<Dim> &, const pops::mesh::BoxArray<Dim> &, const pops::mesh::Distribution<Dim> &, pops::Index<Dim>, pops::BoundaryTopology<Dim>, pops::elliptic::nd::CartesianPoissonOptions<Dim>, const pops::ExecutionLane &, std::string, pops::runtime::system::CartesianCgFieldSolverBackend<Dim>::DeferCollectivePreparation) [with Dim=2]" at line 85 of /gpfs/scratch/rmdraux/PoPS-final-full-native-cuda-dim2-gh200-um-98804c68-20261009/source/include/pops/runtime/system/exact_field_solver_backend.hpp
              instantiation of "std::unique_ptr<pops::runtime::system::ExactFieldSolverBackend<Dim>, std::default_delete<pops::runtime::system::ExactFieldSolverBackend<Dim>>> pops::runtime::system::CartesianCgFieldSolverBackend<Dim>::prepare_collectively(const pops::Geometry<Dim> &, const pops::mesh::BoxArray<Dim> &, const pops::mesh::Distribution<Dim> &, pops::Index<Dim>, pops::BoundaryTopology<Dim>, pops::elliptic::nd::CartesianPoissonOptions<Dim>, const pops::ExecutionLane &, std::string_view) [with Dim=2]" at line 1669 of /gpfs/scratch/rmdraux/PoPS-final-full-native-cuda-dim2-gh200-um-98804c68-20261009/source/src/runtime/system/system_install.cpp
              instantiation of "void pops::System<Dim>::register_elliptic_field(const std::string &, const std::string &, const std::vector<pops::runtime::system::AuxiliaryComponentKey, std::allocator<pops::runtime::system::AuxiliaryComponentKey>> &, int) [with Dim=2]" at line 2221 of /gpfs/scratch/rmdraux/PoPS-final-full-native-cuda-dim2-gh200-um-98804c68-20261009/source/src/runtime/system/system_install.cpp

  /gpfs/scratch/rmdraux/PoPS-final-full-native-cuda-dim2-gh200-um-98804c68-20261009/source/include/pops/numerics/elliptic/nd/cartesian_poisson.hpp(168): warning #20015-D: calling a constexpr __host__ function from a __host__ __device__ function is not allowed. The experimental flag '--expt-relaxed-constexpr' can be used to allow this.
          const Real alpha = boundary_alpha[ordinal];
                           ^
            detected during:
              instantiation of "void pops::elliptic::nd::detail::PhysicalGhostKernel<Dim>::operator()(const pops::Index<Dim> &) const [with Dim=2]" at line 192 of /gpfs/scratch/rmdraux/PoPS-final-full-native-cuda-dim2-gh200-um-98804c68-20261009/source/include/pops/mesh/execution/for_each.hpp
              instantiation of "void pops::detail::launch_index_space(const ExecutionSpace &, const pops::Box<Dim> &, const char *, F) [with ExecutionSpace=Kokkos::DefaultExecutionSpace, Dim=2, F=pops::elliptic::nd::detail::PhysicalGhostKernel<2>]" at line 230 of /gpfs/scratch/rmdraux/PoPS-final-full-native-cuda-dim2-gh200-um-98804c68-20261009/source/include/pops/mesh/execution/for_each.hpp
              instantiation of "void pops::for_each_cell(const ExecutionSpace &, const pops::Box<Dim> &, F) [with ExecutionSpace=Kokkos::DefaultExecutionSpace, Dim=2, F=pops::elliptic::nd::detail::PhysicalGhostKernel<2>]" at line 253 of /gpfs/scratch/rmdraux/PoPS-final-full-native-cuda-dim2-gh200-um-98804c68-20261009/source/include/pops/mesh/execution/for_each.hpp
              instantiation of "void pops::for_each_cell(const pops::Box<Dim> &, F) [with Dim=2, F=pops::elliptic::nd::detail::PhysicalGhostKernel<2>]" at line 619
              instantiation of "void pops::elliptic::nd::CartesianPoissonSolver<Dim>::fill_static_halo_(__nv_bool) [with Dim=2]" at line 640
              [ 4 instantiation contexts not shown ]
              implicit generation of "pops::runtime::system::CartesianCgFieldSolverBackend<Dim>::~CartesianCgFieldSolverBackend() noexcept [with Dim=2]" at line 122 of /gpfs/scratch/rmdraux/PoPS-final-full-native-cuda-dim2-gh200-um-98804c68-20261009/source/include/pops/runtime/system/exact_field_solver_backend.hpp
              instantiation of class "pops::runtime::system::CartesianCgFieldSolverBackend<Dim> [with Dim=2]" at line 122 of /gpfs/scratch/rmdraux/PoPS-final-full-native-cuda-dim2-gh200-um-98804c68-20261009/source/include/pops/runtime/system/exact_field_solver_backend.hpp
              instantiation of "pops::runtime::system::CartesianCgFieldSolverBackend<Dim>::CartesianCgFieldSolverBackend(const pops::Geometry<Dim> &, const pops::mesh::BoxArray<Dim> &, const pops::mesh::Distribution<Dim> &, pops::Index<Dim>, pops::BoundaryTopology<Dim>, pops::elliptic::nd::CartesianPoissonOptions<Dim>, const pops::ExecutionLane &, std::string, pops::runtime::system::CartesianCgFieldSolverBackend<Dim>::DeferCollectivePreparation) [with Dim=2]" at line 85 of /gpfs/scratch/rmdraux/PoPS-final-full-native-cuda-dim2-gh200-um-98804c68-20261009/source/include/pops/runtime/system/exact_field_solver_backend.hpp
              instantiation of "std::unique_ptr<pops::runtime::system::ExactFieldSolverBackend<Dim>, std::default_delete<pops::runtime::system::ExactFieldSolverBackend<Dim>>> pops::runtime::system::CartesianCgFieldSolverBackend<Dim>::prepare_collectively(const pops::Geometry<Dim> &, const pops::mesh::BoxArray<Dim> &, const pops::mesh::Distribution<Dim> &, pops::Index<Dim>, pops::BoundaryTopology<Dim>, pops::elliptic::nd::CartesianPoissonOptions<Dim>, const pops::ExecutionLane &, std::string_view) [with Dim=2]" at line 1669 of /gpfs/scratch/rmdraux/PoPS-final-full-native-cuda-dim2-gh200-um-98804c68-20261009/source/src/runtime/system/system_install.cpp
              instantiation of "void pops::System<Dim>::register_elliptic_field(const std::string &, const std::string &, const std::vector<pops::runtime::system::AuxiliaryComponentKey, std::allocator<pops::runtime::system::AuxiliaryComponentKey>> &, int) [with Dim=2]" at line 2221 of /gpfs/scratch/rmdraux/PoPS-final-full-native-cuda-dim2-gh200-um-98804c68-20261009/source/src/runtime/system/system_install.cpp

  /gpfs/scratch/rmdraux/PoPS-final-full-native-cuda-dim2-gh200-um-98804c68-20261009/source/include/pops/numerics/elliptic/nd/cartesian_poisson.hpp(169): warning #20015-D: calling a constexpr __host__ function from a __host__ __device__ function is not allowed. The experimental flag '--expt-relaxed-constexpr' can be used to allow this.
          const Real beta = boundary_beta[ordinal];
                          ^
            detected during:
              instantiation of "void pops::elliptic::nd::detail::PhysicalGhostKernel<Dim>::operator()(const pops::Index<Dim> &) const [with Dim=2]" at line 192 of /gpfs/scratch/rmdraux/PoPS-final-full-native-cuda-dim2-gh200-um-98804c68-20261009/source/include/pops/mesh/execution/for_each.hpp
              instantiation of "void pops::detail::launch_index_space(const ExecutionSpace &, const pops::Box<Dim> &, const char *, F) [with ExecutionSpace=Kokkos::DefaultExecutionSpace, Dim=2, F=pops::elliptic::nd::detail::PhysicalGhostKernel<2>]" at line 230 of /gpfs/scratch/rmdraux/PoPS-final-full-native-cuda-dim2-gh200-um-98804c68-20261009/source/include/pops/mesh/execution/for_each.hpp
              instantiation of "void pops::for_each_cell(const ExecutionSpace &, const pops::Box<Dim> &, F) [with ExecutionSpace=Kokkos::DefaultExecutionSpace, Dim=2, F=pops::elliptic::nd::detail::PhysicalGhostKernel<2>]" at line 253 of /gpfs/scratch/rmdraux/PoPS-final-full-native-cuda-dim2-gh200-um-98804c68-20261009/source/include/pops/mesh/execution/for_each.hpp
              instantiation of "void pops::for_each_cell(const pops::Box<Dim> &, F) [with Dim=2, F=pops::elliptic::nd::detail::PhysicalGhostKernel<2>]" at line 619
              instantiation of "void pops::elliptic::nd::CartesianPoissonSolver<Dim>::fill_static_halo_(__nv_bool) [with Dim=2]" at line 640
              [ 4 instantiation contexts not shown ]
              implicit generation of "pops::runtime::system::CartesianCgFieldSolverBackend<Dim>::~CartesianCgFieldSolverBackend() noexcept [with Dim=2]" at line 122 of /gpfs/scratch/rmdraux/PoPS-final-full-native-cuda-dim2-gh200-um-98804c68-20261009/source/include/pops/runtime/system/exact_field_solver_backend.hpp
              instantiation of class "pops::runtime::system::CartesianCgFieldSolverBackend<Dim> [with Dim=2]" at line 122 of /gpfs/scratch/rmdraux/PoPS-final-full-native-cuda-dim2-gh200-um-98804c68-20261009/source/include/pops/runtime/system/exact_field_solver_backend.hpp
              instantiation of "pops::runtime::system::CartesianCgFieldSolverBackend<Dim>::CartesianCgFieldSolverBackend(const pops::Geometry<Dim> &, const pops::mesh::BoxArray<Dim> &, const pops::mesh::Distribution<Dim> &, pops::Index<Dim>, pops::BoundaryTopology<Dim>, pops::elliptic::nd::CartesianPoissonOptions<Dim>, const pops::ExecutionLane &, std::string, pops::runtime::system::CartesianCgFieldSolverBackend<Dim>::DeferCollectivePreparation) [with Dim=2]" at line 85 of /gpfs/scratch/rmdraux/PoPS-final-full-native-cuda-dim2-gh200-um-98804c68-20261009/source/include/pops/runtime/system/exact_field_solver_backend.hpp
              instantiation of "std::unique_ptr<pops::runtime::system::ExactFieldSolverBackend<Dim>, std::default_delete<pops::runtime::system::ExactFieldSolverBackend<Dim>>> pops::runtime::system::CartesianCgFieldSolverBackend<Dim>::prepare_collectively(const pops::Geometry<Dim> &, const pops::mesh::BoxArray<Dim> &, const pops::mesh::Distribution<Dim> &, pops::Index<Dim>, pops::BoundaryTopology<Dim>, pops::elliptic::nd::CartesianPoissonOptions<Dim>, const pops::ExecutionLane &, std::string_view) [with Dim=2]" at line 1669 of /gpfs/scratch/rmdraux/PoPS-final-full-native-cuda-dim2-gh200-um-98804c68-20261009/source/src/runtime/system/system_install.cpp
              instantiation of "void pops::System<Dim>::register_elliptic_field(const std::string &, const std::string &, const std::vector<pops::runtime::system::AuxiliaryComponentKey, std::allocator<pops::runtime::system::AuxiliaryComponentKey>> &, int) [with Dim=2]" at line 2221 of /gpfs/scratch/rmdraux/PoPS-final-full-native-cuda-dim2-gh200-um-98804c68-20261009/source/src/runtime/system/system_install.cpp

  /gpfs/scratch/rmdraux/PoPS-final-full-native-cuda-dim2-gh200-um-98804c68-20261009/source/include/pops/numerics/elliptic/nd/cartesian_poisson.hpp(170): warning #20015-D: calling a constexpr __host__ function from a __host__ __device__ function is not allowed. The experimental flag '--expt-relaxed-constexpr' can be used to allow this.
          result = (boundary_values[ordinal] - result * (alpha / Real(2) - beta / distance)) /
          ^
            detected during:
              instantiation of "void pops::elliptic::nd::detail::PhysicalGhostKernel<Dim>::operator()(const pops::Index<Dim> &) const [with Dim=2]" at line 192 of /gpfs/scratch/rmdraux/PoPS-final-full-native-cuda-dim2-gh200-um-98804c68-20261009/source/include/pops/mesh/execution/for_each.hpp
              instantiation of "void pops::detail::launch_index_space(const ExecutionSpace &, const pops::Box<Dim> &, const char *, F) [with ExecutionSpace=Kokkos::DefaultExecutionSpace, Dim=2, F=pops::elliptic::nd::detail::PhysicalGhostKernel<2>]" at line 230 of /gpfs/scratch/rmdraux/PoPS-final-full-native-cuda-dim2-gh200-um-98804c68-20261009/source/include/pops/mesh/execution/for_each.hpp
              instantiation of "void pops::for_each_cell(const ExecutionSpace &, const pops::Box<Dim> &, F) [with ExecutionSpace=Kokkos::DefaultExecutionSpace, Dim=2, F=pops::elliptic::nd::detail::PhysicalGhostKernel<2>]" at line 253 of /gpfs/scratch/rmdraux/PoPS-final-full-native-cuda-dim2-gh200-um-98804c68-20261009/source/include/pops/mesh/execution/for_each.hpp
              instantiation of "void pops::for_each_cell(const pops::Box<Dim> &, F) [with Dim=2, F=pops::elliptic::nd::detail::PhysicalGhostKernel<2>]" at line 619
              instantiation of "void pops::elliptic::nd::CartesianPoissonSolver<Dim>::fill_static_halo_(__nv_bool) [with Dim=2]" at line 640
              [ 4 instantiation contexts not shown ]
              implicit generation of "pops::runtime::system::CartesianCgFieldSolverBackend<Dim>::~CartesianCgFieldSolverBackend() noexcept [with Dim=2]" at line 122 of /gpfs/scratch/rmdraux/PoPS-final-full-native-cuda-dim2-gh200-um-98804c68-20261009/source/include/pops/runtime/system/exact_field_solver_backend.hpp
              instantiation of class "pops::runtime::system::CartesianCgFieldSolverBackend<Dim> [with Dim=2]" at line 122 of /gpfs/scratch/rmdraux/PoPS-final-full-native-cuda-dim2-gh200-um-98804c68-20261009/source/include/pops/runtime/system/exact_field_solver_backend.hpp
              instantiation of "pops::runtime::system::CartesianCgFieldSolverBackend<Dim>::CartesianCgFieldSolverBackend(const pops::Geometry<Dim> &, const pops::mesh::BoxArray<Dim> &, const pops::mesh::Distribution<Dim> &, pops::Index<Dim>, pops::BoundaryTopology<Dim>, pops::elliptic::nd::CartesianPoissonOptions<Dim>, const pops::ExecutionLane &, std::string, pops::runtime::system::CartesianCgFieldSolverBackend<Dim>::DeferCollectivePreparation) [with Dim=2]" at line 85 of /gpfs/scratch/rmdraux/PoPS-final-full-native-cuda-dim2-gh200-um-98804c68-20261009/source/include/pops/runtime/system/exact_field_solver_backend.hpp
              instantiation of "std::unique_ptr<pops::runtime::system::ExactFieldSolverBackend<Dim>, std::default_delete<pops::runtime::system::ExactFieldSolverBackend<Dim>>> pops::runtime::system::CartesianCgFieldSolverBackend<Dim>::prepare_collectively(const pops::Geometry<Dim> &, const pops::mesh::BoxArray<Dim> &, const pops::mesh::Distribution<Dim> &, pops::Index<Dim>, pops::BoundaryTopology<Dim>, pops::elliptic::nd::CartesianPoissonOptions<Dim>, const pops::ExecutionLane &, std::string_view) [with Dim=2]" at line 1669 of /gpfs/scratch/rmdraux/PoPS-final-full-native-cuda-dim2-gh200-um-98804c68-20261009/source/src/runtime/system/system_install.cpp
              instantiation of "void pops::System<Dim>::register_elliptic_field(const std::string &, const std::string &, const std::vector<pops::runtime::system::AuxiliaryComponentKey, std::allocator<pops::runtime::system::AuxiliaryComponentKey>> &, int) [with Dim=2]" at line 2221 of /gpfs/scratch/rmdraux/PoPS-final-full-native-cuda-dim2-gh200-um-98804c68-20261009/source/src/runtime/system/system_install.cpp

  /gpfs/scratch/rmdraux/PoPS-final-full-native-cuda-dim2-gh200-um-98804c68-20261009/source/include/pops/numerics/elliptic/nd/cartesian_poisson.hpp(138): warning #20013-D: calling a constexpr __host__ function("std::array< ::pops::elliptic::nd::CartesianBoundaryKind, (unsigned long)4ul> ::operator [](unsigned long) const") from a __host__ __device__ function("pops::elliptic::nd::detail::PhysicalGhostKernel<(int)2> ::operator () const") is not allowed. The experimental flag '--expt-relaxed-constexpr' can be used to allow this.

  /gpfs/scratch/rmdraux/PoPS-final-full-native-cuda-dim2-gh200-um-98804c68-20261009/source/include/pops/numerics/elliptic/nd/cartesian_poisson.hpp(144): warning #20013-D: calling a constexpr __host__ function("std::array< ::pops::elliptic::nd::CartesianBoundaryKind, (unsigned long)4ul> ::operator [](unsigned long) const") from a __host__ __device__ function("pops::elliptic::nd::detail::PhysicalGhostKernel<(int)2> ::operator () const") is not allowed. The experimental flag '--expt-relaxed-constexpr' can be used to allow this.

  /gpfs/scratch/rmdraux/PoPS-final-full-native-cuda-dim2-gh200-um-98804c68-20261009/source/include/pops/numerics/elliptic/nd/cartesian_poisson.hpp(163): warning #20013-D: calling a constexpr __host__ function("std::array< ::pops::elliptic::nd::CartesianBoundaryKind, (unsigned long)4ul> ::operator [](unsigned long) const") from a __host__ __device__ function("pops::elliptic::nd::detail::PhysicalGhostKernel<(int)2> ::operator () const") is not allowed. The experimental flag '--expt-relaxed-constexpr' can be used to allow this.

  /gpfs/scratch/rmdraux/PoPS-final-full-native-cuda-dim2-gh200-um-98804c68-20261009/source/include/pops/numerics/elliptic/nd/cartesian_poisson.hpp(168): warning #20013-D: calling a constexpr __host__ function("std::array<double, (unsigned long)4ul> ::operator [](unsigned long) const") from a __host__ __device__ function("pops::elliptic::nd::detail::PhysicalGhostKernel<(int)2> ::operator () const") is not allowed. The experimental flag '--expt-relaxed-constexpr' can be used to allow this.

  /gpfs/scratch/rmdraux/PoPS-final-full-native-cuda-dim2-gh200-um-98804c68-20261009/source/include/pops/numerics/elliptic/nd/cartesian_poisson.hpp(169): warning #20013-D: calling a constexpr __host__ function("std::array<double, (unsigned long)4ul> ::operator [](unsigned long) const") from a __host__ __device__ function("pops::elliptic::nd::detail::PhysicalGhostKernel<(int)2> ::operator () const") is not allowed. The experimental flag '--expt-relaxed-constexpr' can be used to allow this.

  /gpfs/scratch/rmdraux/PoPS-final-full-native-cuda-dim2-gh200-um-98804c68-20261009/source/include/pops/numerics/elliptic/nd/cartesian_poisson.hpp(170): warning #20013-D: calling a constexpr __host__ function("std::array<double, (unsigned long)4ul> ::operator [](unsigned long) const") from a __host__ __device__ function("pops::elliptic::nd::detail::PhysicalGhostKernel<(int)2> ::operator () const") is not allowed. The experimental flag '--expt-relaxed-constexpr' can be used to allow this.

  [12/28] Building CXX object src/CMakeFiles/pops_runtime_system.dir/runtime/system/system_profiling.cpp.o
  /gpfs/scratch/rmdraux/PoPS-final-full-native-cuda-dim2-gh200-um-98804c68-20261009/source/include/pops/mesh/index/extent.hpp(38): warning #20012-D: __device__ annotation is ignored on a function("Extent") that is explicitly defaulted on its first declaration
      __attribute__((device)) __attribute__((host)) constexpr Extent() = default;
                     ^

  Remark: The warnings can be suppressed with "-diag-suppress <warning-number>"

  /gpfs/scratch/rmdraux/PoPS-final-full-native-cuda-dim2-gh200-um-98804c68-20261009/source/include/pops/mesh/index/extent.hpp(38): warning #20012-D: __host__ annotation is ignored on a function("Extent") that is explicitly defaulted on its first declaration
      __attribute__((device)) __attribute__((host)) constexpr Extent() = default;
                                             ^

  /gpfs/scratch/rmdraux/PoPS-final-full-native-cuda-dim2-gh200-um-98804c68-20261009/source/include/pops/mesh/index/index.hpp(36): warning #20012-D: __device__ annotation is ignored on a function("Index") that is explicitly defaulted on its first declaration
      __attribute__((device)) __attribute__((host)) constexpr Index() = default;
                     ^

  /gpfs/scratch/rmdraux/PoPS-final-full-native-cuda-dim2-gh200-um-98804c68-20261009/source/include/pops/mesh/index/index.hpp(36): warning #20012-D: __host__ annotation is ignored on a function("Index") that is explicitly defaulted on its first declaration
      __attribute__((device)) __attribute__((host)) constexpr Index() = default;
                                             ^

  /gpfs/scratch/rmdraux/PoPS-final-full-native-cuda-dim2-gh200-um-98804c68-20261009/source/include/pops/mesh/index/box.hpp(196): warning #20012-D: __device__ annotation is ignored on a function("operator==") that is explicitly defaulted on its first declaration
      __attribute__((device)) __attribute__((host)) constexpr bool operator==(const Box&) const = default;
                     ^

  /gpfs/scratch/rmdraux/PoPS-final-full-native-cuda-dim2-gh200-um-98804c68-20261009/source/include/pops/mesh/index/box.hpp(196): warning #20012-D: __host__ annotation is ignored on a function("operator==") that is explicitly defaulted on its first declaration
      __attribute__((device)) __attribute__((host)) constexpr bool operator==(const Box&) const = default;
                                             ^

  /gpfs/scratch/rmdraux/PoPS-final-full-native-cuda-dim2-gh200-um-98804c68-20261009/source/include/pops/mesh/index/real_vector.hpp(43): warning #20012-D: __device__ annotation is ignored on a function("RealVector") that is explicitly defaulted on its first declaration
      __attribute__((device)) __attribute__((host)) constexpr RealVector() = default;
                     ^

  /gpfs/scratch/rmdraux/PoPS-final-full-native-cuda-dim2-gh200-um-98804c68-20261009/source/include/pops/mesh/index/real_vector.hpp(43): warning #20012-D: __host__ annotation is ignored on a function("RealVector") that is explicitly defaulted on its first declaration
      __attribute__((device)) __attribute__((host)) constexpr RealVector() = default;
                                             ^

  /gpfs/scratch/rmdraux/PoPS-final-full-native-cuda-dim2-gh200-um-98804c68-20261009/source/include/pops/numerics/fv/flux_interfaces.hpp(253): warning #20012-D: __device__ annotation is ignored on a function("BoundFluxProviders") that is explicitly defaulted on its first declaration
      __attribute__((device)) __attribute__((host)) BoundFluxProviders(const BoundFluxProviders&) = default;
                     ^

  /gpfs/scratch/rmdraux/PoPS-final-full-native-cuda-dim2-gh200-um-98804c68-20261009/source/include/pops/numerics/fv/flux_interfaces.hpp(253): warning #20012-D: __host__ annotation is ignored on a function("BoundFluxProviders") that is explicitly defaulted on its first declaration
      __attribute__((device)) __attribute__((host)) BoundFluxProviders(const BoundFluxProviders&) = default;
                                             ^

  /gpfs/scratch/rmdraux/PoPS-final-full-native-cuda-dim2-gh200-um-98804c68-20261009/source/include/pops/mesh/index/entity_index.hpp(27): warning #20012-D: __device__ annotation is ignored on a function("FaceIndex") that is explicitly defaulted on its first declaration
      __attribute__((device)) __attribute__((host)) constexpr FaceIndex() = default;
                     ^

  /gpfs/scratch/rmdraux/PoPS-final-full-native-cuda-dim2-gh200-um-98804c68-20261009/source/include/pops/mesh/index/entity_index.hpp(27): warning #20012-D: __host__ annotation is ignored on a function("FaceIndex") that is explicitly defaulted on its first declaration
      __attribute__((device)) __attribute__((host)) constexpr FaceIndex() = default;
                                             ^

  /gpfs/scratch/rmdraux/PoPS-final-full-native-cuda-dim2-gh200-um-98804c68-20261009/source/include/pops/mesh/index/entity_index.hpp(33): warning #20012-D: __device__ annotation is ignored on a function("operator==") that is explicitly defaulted on its first declaration
      __attribute__((device)) __attribute__((host)) constexpr bool operator==(const FaceIndex&) const = default;
                     ^

  /gpfs/scratch/rmdraux/PoPS-final-full-native-cuda-dim2-gh200-um-98804c68-20261009/source/include/pops/mesh/index/entity_index.hpp(33): warning #20012-D: __host__ annotation is ignored on a function("operator==") that is explicitly defaulted on its first declaration
      __attribute__((device)) __attribute__((host)) constexpr bool operator==(const FaceIndex&) const = default;
                                             ^

  /gpfs/scratch/rmdraux/PoPS-final-full-native-cuda-dim2-gh200-um-98804c68-20261009/source/include/pops/mesh/index/extent.hpp(38): warning #20012-D: __device__ annotation is ignored on a function("Extent") that is explicitly defaulted on its first declaration
      __attribute__((device)) __attribute__((host)) constexpr Extent() = default;
                     ^

  Remark: The warnings can be suppressed with "-diag-suppress <warning-number>"

  /gpfs/scratch/rmdraux/PoPS-final-full-native-cuda-dim2-gh200-um-98804c68-20261009/source/include/pops/mesh/index/extent.hpp(38): warning #20012-D: __host__ annotation is ignored on a function("Extent") that is explicitly defaulted on its first declaration
      __attribute__((device)) __attribute__((host)) constexpr Extent() = default;
                                             ^

  /gpfs/scratch/rmdraux/PoPS-final-full-native-cuda-dim2-gh200-um-98804c68-20261009/source/include/pops/mesh/index/index.hpp(36): warning #20012-D: __device__ annotation is ignored on a function("Index") that is explicitly defaulted on its first declaration
      __attribute__((device)) __attribute__((host)) constexpr Index() = default;
                     ^

  /gpfs/scratch/rmdraux/PoPS-final-full-native-cuda-dim2-gh200-um-98804c68-20261009/source/include/pops/mesh/index/index.hpp(36): warning #20012-D: __host__ annotation is ignored on a function("Index") that is explicitly defaulted on its first declaration
      __attribute__((device)) __attribute__((host)) constexpr Index() = default;
                                             ^

  /gpfs/scratch/rmdraux/PoPS-final-full-native-cuda-dim2-gh200-um-98804c68-20261009/source/include/pops/mesh/index/box.hpp(196): warning #20012-D: __device__ annotation is ignored on a function("operator==") that is explicitly defaulted on its first declaration
      __attribute__((device)) __attribute__((host)) constexpr bool operator==(const Box&) const = default;
                     ^

  /gpfs/scratch/rmdraux/PoPS-final-full-native-cuda-dim2-gh200-um-98804c68-20261009/source/include/pops/mesh/index/box.hpp(196): warning #20012-D: __host__ annotation is ignored on a function("operator==") that is explicitly defaulted on its first declaration
      __attribute__((device)) __attribute__((host)) constexpr bool operator==(const Box&) const = default;
                                             ^

  /gpfs/scratch/rmdraux/PoPS-final-full-native-cuda-dim2-gh200-um-98804c68-20261009/source/include/pops/mesh/index/real_vector.hpp(43): warning #20012-D: __device__ annotation is ignored on a function("RealVector") that is explicitly defaulted on its first declaration
      __attribute__((device)) __attribute__((host)) constexpr RealVector() = default;
                     ^

  /gpfs/scratch/rmdraux/PoPS-final-full-native-cuda-dim2-gh200-um-98804c68-20261009/source/include/pops/mesh/index/real_vector.hpp(43): warning #20012-D: __host__ annotation is ignored on a function("RealVector") that is explicitly defaulted on its first declaration
      __attribute__((device)) __attribute__((host)) constexpr RealVector() = default;
                                             ^

  /gpfs/scratch/rmdraux/PoPS-final-full-native-cuda-dim2-gh200-um-98804c68-20261009/source/include/pops/numerics/fv/flux_interfaces.hpp(253): warning #20012-D: __device__ annotation is ignored on a function("BoundFluxProviders") that is explicitly defaulted on its first declaration
      __attribute__((device)) __attribute__((host)) BoundFluxProviders(const BoundFluxProviders&) = default;
                     ^

  /gpfs/scratch/rmdraux/PoPS-final-full-native-cuda-dim2-gh200-um-98804c68-20261009/source/include/pops/numerics/fv/flux_interfaces.hpp(253): warning #20012-D: __host__ annotation is ignored on a function("BoundFluxProviders") that is explicitly defaulted on its first declaration
      __attribute__((device)) __attribute__((host)) BoundFluxProviders(const BoundFluxProviders&) = default;
                                             ^

  /gpfs/scratch/rmdraux/PoPS-final-full-native-cuda-dim2-gh200-um-98804c68-20261009/source/include/pops/numerics/nonlinear/prepared_local_nonlinear.hpp(247): warning #20013-D: calling a constexpr __host__ function("max") from a __host__ __device__ function("local_finite") is not allowed. The experimental flag '--expt-relaxed-constexpr' can be used to allow this.
      return value == value && value <= std::numeric_limits<Real>::max() &&
                                        ^

  /gpfs/scratch/rmdraux/PoPS-final-full-native-cuda-dim2-gh200-um-98804c68-20261009/source/include/pops/numerics/nonlinear/prepared_local_nonlinear.hpp(248): warning #20013-D: calling a constexpr __host__ function("max") from a __host__ __device__ function("local_finite") is not allowed. The experimental flag '--expt-relaxed-constexpr' can be used to allow this.
             value >= -std::numeric_limits<Real>::max();
                       ^

  /gpfs/scratch/rmdraux/PoPS-final-full-native-cuda-dim2-gh200-um-98804c68-20261009/source/include/pops/physics/admissibility/admissible_set.hpp(46): warning #20013-D: calling a constexpr __host__ function("infinity") from a __host__ __device__ function("finite") is not allowed. The experimental flag '--expt-relaxed-constexpr' can be used to allow this.
      constexpr Real infinity = std::numeric_limits<Real>::infinity();
                                ^

  /gpfs/scratch/rmdraux/PoPS-final-full-native-cuda-dim2-gh200-um-98804c68-20261009/source/include/pops/numerics/nonlinear/prepared_variable_recovery.hpp(320): warning #20013-D: calling a constexpr __host__ function("max") from a __host__ __device__ function("recovery_finite") is not allowed. The experimental flag '--expt-relaxed-constexpr' can be used to allow this.
      return value == value && value <= std::numeric_limits<Real>::max() &&
                                        ^

  /gpfs/scratch/rmdraux/PoPS-final-full-native-cuda-dim2-gh200-um-98804c68-20261009/source/include/pops/numerics/nonlinear/prepared_variable_recovery.hpp(321): warning #20013-D: calling a constexpr __host__ function("max") from a __host__ __device__ function("recovery_finite") is not allowed. The experimental flag '--expt-relaxed-constexpr' can be used to allow this.
             value >= -std::numeric_limits<Real>::max();
                       ^

  /gpfs/scratch/rmdraux/PoPS-final-full-native-cuda-dim2-gh200-um-98804c68-20261009/source/include/pops/mesh/index/entity_index.hpp(27): warning #20012-D: __device__ annotation is ignored on a function("FaceIndex") that is explicitly defaulted on its first declaration
      __attribute__((device)) __attribute__((host)) constexpr FaceIndex() = default;
                     ^

  /gpfs/scratch/rmdraux/PoPS-final-full-native-cuda-dim2-gh200-um-98804c68-20261009/source/include/pops/mesh/index/entity_index.hpp(27): warning #20012-D: __host__ annotation is ignored on a function("FaceIndex") that is explicitly defaulted on its first declaration
      __attribute__((device)) __attribute__((host)) constexpr FaceIndex() = default;
                                             ^

  /gpfs/scratch/rmdraux/PoPS-final-full-native-cuda-dim2-gh200-um-98804c68-20261009/source/include/pops/mesh/index/entity_index.hpp(33): warning #20012-D: __device__ annotation is ignored on a function("operator==") that is explicitly defaulted on its first declaration
      __attribute__((device)) __attribute__((host)) constexpr bool operator==(const FaceIndex&) const = default;
                     ^

  /gpfs/scratch/rmdraux/PoPS-final-full-native-cuda-dim2-gh200-um-98804c68-20261009/source/include/pops/mesh/index/entity_index.hpp(33): warning #20012-D: __host__ annotation is ignored on a function("operator==") that is explicitly defaulted on its first declaration
      __attribute__((device)) __attribute__((host)) constexpr bool operator==(const FaceIndex&) const = default;
                                             ^

  [13/28] Building CXX object src/CMakeFiles/pops_runtime_system.dir/runtime/system/system_program.cpp.o
  /gpfs/scratch/rmdraux/PoPS-final-full-native-cuda-dim2-gh200-um-98804c68-20261009/source/include/pops/mesh/index/extent.hpp(38): warning #20012-D: __device__ annotation is ignored on a function("Extent") that is explicitly defaulted on its first declaration
      __attribute__((device)) __attribute__((host)) constexpr Extent() = default;
                     ^

  Remark: The warnings can be suppressed with "-diag-suppress <warning-number>"

  /gpfs/scratch/rmdraux/PoPS-final-full-native-cuda-dim2-gh200-um-98804c68-20261009/source/include/pops/mesh/index/extent.hpp(38): warning #20012-D: __host__ annotation is ignored on a function("Extent") that is explicitly defaulted on its first declaration
      __attribute__((device)) __attribute__((host)) constexpr Extent() = default;
                                             ^

  /gpfs/scratch/rmdraux/PoPS-final-full-native-cuda-dim2-gh200-um-98804c68-20261009/source/include/pops/mesh/index/index.hpp(36): warning #20012-D: __device__ annotation is ignored on a function("Index") that is explicitly defaulted on its first declaration
      __attribute__((device)) __attribute__((host)) constexpr Index() = default;
                     ^

  /gpfs/scratch/rmdraux/PoPS-final-full-native-cuda-dim2-gh200-um-98804c68-20261009/source/include/pops/mesh/index/index.hpp(36): warning #20012-D: __host__ annotation is ignored on a function("Index") that is explicitly defaulted on its first declaration
      __attribute__((device)) __attribute__((host)) constexpr Index() = default;
                                             ^

  /gpfs/scratch/rmdraux/PoPS-final-full-native-cuda-dim2-gh200-um-98804c68-20261009/source/include/pops/mesh/index/box.hpp(196): warning #20012-D: __device__ annotation is ignored on a function("operator==") that is explicitly defaulted on its first declaration
      __attribute__((device)) __attribute__((host)) constexpr bool operator==(const Box&) const = default;
                     ^

  /gpfs/scratch/rmdraux/PoPS-final-full-native-cuda-dim2-gh200-um-98804c68-20261009/source/include/pops/mesh/index/box.hpp(196): warning #20012-D: __host__ annotation is ignored on a function("operator==") that is explicitly defaulted on its first declaration
      __attribute__((device)) __attribute__((host)) constexpr bool operator==(const Box&) const = default;
                                             ^

  /gpfs/scratch/rmdraux/PoPS-final-full-native-cuda-dim2-gh200-um-98804c68-20261009/source/include/pops/mesh/index/real_vector.hpp(43): warning #20012-D: __device__ annotation is ignored on a function("RealVector") that is explicitly defaulted on its first declaration
      __attribute__((device)) __attribute__((host)) constexpr RealVector() = default;
                     ^

  /gpfs/scratch/rmdraux/PoPS-final-full-native-cuda-dim2-gh200-um-98804c68-20261009/source/include/pops/mesh/index/real_vector.hpp(43): warning #20012-D: __host__ annotation is ignored on a function("RealVector") that is explicitly defaulted on its first declaration
      __attribute__((device)) __attribute__((host)) constexpr RealVector() = default;
                                             ^

  /gpfs/scratch/rmdraux/PoPS-final-full-native-cuda-dim2-gh200-um-98804c68-20261009/source/include/pops/numerics/fv/flux_interfaces.hpp(253): warning #20012-D: __device__ annotation is ignored on a function("BoundFluxProviders") that is explicitly defaulted on its first declaration
      __attribute__((device)) __attribute__((host)) BoundFluxProviders(const BoundFluxProviders&) = default;
                     ^

  /gpfs/scratch/rmdraux/PoPS-final-full-native-cuda-dim2-gh200-um-98804c68-20261009/source/include/pops/numerics/fv/flux_interfaces.hpp(253): warning #20012-D: __host__ annotation is ignored on a function("BoundFluxProviders") that is explicitly defaulted on its first declaration
      __attribute__((device)) __attribute__((host)) BoundFluxProviders(const BoundFluxProviders&) = default;
                                             ^

  /gpfs/scratch/rmdraux/PoPS-final-full-native-cuda-dim2-gh200-um-98804c68-20261009/source/include/pops/mesh/index/entity_index.hpp(27): warning #20012-D: __device__ annotation is ignored on a function("FaceIndex") that is explicitly defaulted on its first declaration
      __attribute__((device)) __attribute__((host)) constexpr FaceIndex() = default;
                     ^

  /gpfs/scratch/rmdraux/PoPS-final-full-native-cuda-dim2-gh200-um-98804c68-20261009/source/include/pops/mesh/index/entity_index.hpp(27): warning #20012-D: __host__ annotation is ignored on a function("FaceIndex") that is explicitly defaulted on its first declaration
      __attribute__((device)) __attribute__((host)) constexpr FaceIndex() = default;
                                             ^

  /gpfs/scratch/rmdraux/PoPS-final-full-native-cuda-dim2-gh200-um-98804c68-20261009/source/include/pops/mesh/index/entity_index.hpp(33): warning #20012-D: __device__ annotation is ignored on a function("operator==") that is explicitly defaulted on its first declaration
      __attribute__((device)) __attribute__((host)) constexpr bool operator==(const FaceIndex&) const = default;
                     ^

  /gpfs/scratch/rmdraux/PoPS-final-full-native-cuda-dim2-gh200-um-98804c68-20261009/source/include/pops/mesh/index/entity_index.hpp(33): warning #20012-D: __host__ annotation is ignored on a function("operator==") that is explicitly defaulted on its first declaration
      __attribute__((device)) __attribute__((host)) constexpr bool operator==(const FaceIndex&) const = default;
                                             ^

  /gpfs/scratch/rmdraux/PoPS-final-full-native-cuda-dim2-gh200-um-98804c68-20261009/source/include/pops/mesh/index/extent.hpp(38): warning #20012-D: __device__ annotation is ignored on a function("Extent") that is explicitly defaulted on its first declaration
      __attribute__((device)) __attribute__((host)) constexpr Extent() = default;
                     ^

  Remark: The warnings can be suppressed with "-diag-suppress <warning-number>"

  /gpfs/scratch/rmdraux/PoPS-final-full-native-cuda-dim2-gh200-um-98804c68-20261009/source/include/pops/mesh/index/extent.hpp(38): warning #20012-D: __host__ annotation is ignored on a function("Extent") that is explicitly defaulted on its first declaration
      __attribute__((device)) __attribute__((host)) constexpr Extent() = default;
                                             ^

  /gpfs/scratch/rmdraux/PoPS-final-full-native-cuda-dim2-gh200-um-98804c68-20261009/source/include/pops/mesh/index/index.hpp(36): warning #20012-D: __device__ annotation is ignored on a function("Index") that is explicitly defaulted on its first declaration
      __attribute__((device)) __attribute__((host)) constexpr Index() = default;
                     ^

  /gpfs/scratch/rmdraux/PoPS-final-full-native-cuda-dim2-gh200-um-98804c68-20261009/source/include/pops/mesh/index/index.hpp(36): warning #20012-D: __host__ annotation is ignored on a function("Index") that is explicitly defaulted on its first declaration
      __attribute__((device)) __attribute__((host)) constexpr Index() = default;
                                             ^

  /gpfs/scratch/rmdraux/PoPS-final-full-native-cuda-dim2-gh200-um-98804c68-20261009/source/include/pops/mesh/index/box.hpp(196): warning #20012-D: __device__ annotation is ignored on a function("operator==") that is explicitly defaulted on its first declaration
      __attribute__((device)) __attribute__((host)) constexpr bool operator==(const Box&) const = default;
                     ^

  /gpfs/scratch/rmdraux/PoPS-final-full-native-cuda-dim2-gh200-um-98804c68-20261009/source/include/pops/mesh/index/box.hpp(196): warning #20012-D: __host__ annotation is ignored on a function("operator==") that is explicitly defaulted on its first declaration
      __attribute__((device)) __attribute__((host)) constexpr bool operator==(const Box&) const = default;
                                             ^

  /gpfs/scratch/rmdraux/PoPS-final-full-native-cuda-dim2-gh200-um-98804c68-20261009/source/include/pops/mesh/index/real_vector.hpp(43): warning #20012-D: __device__ annotation is ignored on a function("RealVector") that is explicitly defaulted on its first declaration
      __attribute__((device)) __attribute__((host)) constexpr RealVector() = default;
                     ^

  /gpfs/scratch/rmdraux/PoPS-final-full-native-cuda-dim2-gh200-um-98804c68-20261009/source/include/pops/mesh/index/real_vector.hpp(43): warning #20012-D: __host__ annotation is ignored on a function("RealVector") that is explicitly defaulted on its first declaration
      __attribute__((device)) __attribute__((host)) constexpr RealVector() = default;
                                             ^

  /gpfs/scratch/rmdraux/PoPS-final-full-native-cuda-dim2-gh200-um-98804c68-20261009/source/include/pops/numerics/fv/flux_interfaces.hpp(253): warning #20012-D: __device__ annotation is ignored on a function("BoundFluxProviders") that is explicitly defaulted on its first declaration
      __attribute__((device)) __attribute__((host)) BoundFluxProviders(const BoundFluxProviders&) = default;
                     ^

  /gpfs/scratch/rmdraux/PoPS-final-full-native-cuda-dim2-gh200-um-98804c68-20261009/source/include/pops/numerics/fv/flux_interfaces.hpp(253): warning #20012-D: __host__ annotation is ignored on a function("BoundFluxProviders") that is explicitly defaulted on its first declaration
      __attribute__((device)) __attribute__((host)) BoundFluxProviders(const BoundFluxProviders&) = default;
                                             ^

  /gpfs/scratch/rmdraux/PoPS-final-full-native-cuda-dim2-gh200-um-98804c68-20261009/source/include/pops/numerics/nonlinear/prepared_local_nonlinear.hpp(247): warning #20013-D: calling a constexpr __host__ function("max") from a __host__ __device__ function("local_finite") is not allowed. The experimental flag '--expt-relaxed-constexpr' can be used to allow this.
      return value == value && value <= std::numeric_limits<Real>::max() &&
                                        ^

  /gpfs/scratch/rmdraux/PoPS-final-full-native-cuda-dim2-gh200-um-98804c68-20261009/source/include/pops/numerics/nonlinear/prepared_local_nonlinear.hpp(248): warning #20013-D: calling a constexpr __host__ function("max") from a __host__ __device__ function("local_finite") is not allowed. The experimental flag '--expt-relaxed-constexpr' can be used to allow this.
             value >= -std::numeric_limits<Real>::max();
                       ^

  /gpfs/scratch/rmdraux/PoPS-final-full-native-cuda-dim2-gh200-um-98804c68-20261009/source/include/pops/physics/admissibility/admissible_set.hpp(46): warning #20013-D: calling a constexpr __host__ function("infinity") from a __host__ __device__ function("finite") is not allowed. The experimental flag '--expt-relaxed-constexpr' can be used to allow this.
      constexpr Real infinity = std::numeric_limits<Real>::infinity();
                                ^

  /gpfs/scratch/rmdraux/PoPS-final-full-native-cuda-dim2-gh200-um-98804c68-20261009/source/include/pops/numerics/nonlinear/prepared_variable_recovery.hpp(320): warning #20013-D: calling a constexpr __host__ function("max") from a __host__ __device__ function("recovery_finite") is not allowed. The experimental flag '--expt-relaxed-constexpr' can be used to allow this.
      return value == value && value <= std::numeric_limits<Real>::max() &&
                                        ^

  /gpfs/scratch/rmdraux/PoPS-final-full-native-cuda-dim2-gh200-um-98804c68-20261009/source/include/pops/numerics/nonlinear/prepared_variable_recovery.hpp(321): warning #20013-D: calling a constexpr __host__ function("max") from a __host__ __device__ function("recovery_finite") is not allowed. The experimental flag '--expt-relaxed-constexpr' can be used to allow this.
             value >= -std::numeric_limits<Real>::max();
                       ^

  /gpfs/scratch/rmdraux/PoPS-final-full-native-cuda-dim2-gh200-um-98804c68-20261009/source/include/pops/mesh/index/entity_index.hpp(27): warning #20012-D: __device__ annotation is ignored on a function("FaceIndex") that is explicitly defaulted on its first declaration
      __attribute__((device)) __attribute__((host)) constexpr FaceIndex() = default;
                     ^

  /gpfs/scratch/rmdraux/PoPS-final-full-native-cuda-dim2-gh200-um-98804c68-20261009/source/include/pops/mesh/index/entity_index.hpp(27): warning #20012-D: __host__ annotation is ignored on a function("FaceIndex") that is explicitly defaulted on its first declaration
      __attribute__((device)) __attribute__((host)) constexpr FaceIndex() = default;
                                             ^

  /gpfs/scratch/rmdraux/PoPS-final-full-native-cuda-dim2-gh200-um-98804c68-20261009/source/include/pops/mesh/index/entity_index.hpp(33): warning #20012-D: __device__ annotation is ignored on a function("operator==") that is explicitly defaulted on its first declaration
      __attribute__((device)) __attribute__((host)) constexpr bool operator==(const FaceIndex&) const = default;
                     ^

  /gpfs/scratch/rmdraux/PoPS-final-full-native-cuda-dim2-gh200-um-98804c68-20261009/source/include/pops/mesh/index/entity_index.hpp(33): warning #20012-D: __host__ annotation is ignored on a function("operator==") that is explicitly defaulted on its first declaration
      __attribute__((device)) __attribute__((host)) constexpr bool operator==(const FaceIndex&) const = default;
                                             ^

  /gpfs/scratch/rmdraux/PoPS-final-full-native-cuda-dim2-gh200-um-98804c68-20261009/source/include/pops/mesh/geometry/coordinate_map.hpp(83): warning #20013-D: calling a constexpr __host__ function("infinity") from a __host__ __device__ function("finite") is not allowed. The experimental flag '--expt-relaxed-constexpr' can be used to allow this.
      return value == value && value != std::numeric_limits<Real>::infinity() &&
                                        ^

  /gpfs/scratch/rmdraux/PoPS-final-full-native-cuda-dim2-gh200-um-98804c68-20261009/source/include/pops/mesh/geometry/coordinate_map.hpp(84): warning #20013-D: calling a constexpr __host__ function("infinity") from a __host__ __device__ function("finite") is not allowed. The experimental flag '--expt-relaxed-constexpr' can be used to allow this.
             value != -std::numeric_limits<Real>::infinity();
                       ^

  /gpfs/scratch/rmdraux/PoPS-final-full-native-cuda-dim2-gh200-um-98804c68-20261009/source/include/pops/mesh/geometry/coordinate_map.hpp(96): warning #20013-D: calling a constexpr __host__ function("epsilon") from a __host__ __device__ function("inverse_tolerance") is not allowed. The experimental flag '--expt-relaxed-constexpr' can be used to allow this.
      return Real(64) * std::numeric_limits<Real>::epsilon() * (Real(1) + abs(left) + abs(right));
                        ^

  /gpfs/scratch/rmdraux/PoPS-final-full-native-cuda-dim2-gh200-um-98804c68-20261009/source/include/pops/mesh/geometry/coordinate_map.hpp(375): warning #20013-D: calling a constexpr __host__ function("epsilon") from a __host__ __device__ function("inverse_map") is not allowed. The experimental flag '--expt-relaxed-constexpr' can be used to allow this.
        const Real tolerance = Real(64) * std::numeric_limits<Real>::epsilon();
                                          ^

  /gpfs/scratch/rmdraux/PoPS-final-full-native-cuda-dim2-gh200-um-98804c68-20261009/source/include/pops/numerics/fv/numerical_flux.hpp(113): warning #20013-D: calling a constexpr __host__ function("quiet_NaN") from a __host__ __device__ function("union_hll_speed_intervals") is not allowed. The experimental flag '--expt-relaxed-constexpr' can be used to allow this.
        lower = upper = std::numeric_limits<Real>::quiet_NaN();
                        ^

  /gpfs/scratch/rmdraux/PoPS-final-full-native-cuda-dim2-gh200-um-98804c68-20261009/source/include/pops/numerics/fv/path_flux.hpp(14): warning #20013-D: calling a constexpr __host__ function("max") from a __host__ __device__ function("common_covector_component") is not allowed. The experimental flag '--expt-relaxed-constexpr' can be used to allow this.
      constexpr Real half_max = std::numeric_limits<Real>::max() / Real(2);
                                ^

  /gpfs/scratch/rmdraux/PoPS-final-full-native-cuda-dim2-gh200-um-98804c68-20261009/source/include/pops/numerics/fv/path_flux.hpp(15): warning #20013-D: calling a constexpr __host__ function("min") from a __host__ __device__ function("common_covector_component") is not allowed. The experimental flag '--expt-relaxed-constexpr' can be used to allow this.
      constexpr Real twice_min = std::numeric_limits<Real>::min() * Real(2);
                                 ^

  /gpfs/scratch/rmdraux/PoPS-final-full-native-cuda-dim2-gh200-um-98804c68-20261009/source/include/pops/numerics/fv/reconstruction.hpp(64): warning #20013-D: calling a constexpr __host__ function("max") from a __host__ __device__ function("limited_slope") is not allowed. The experimental flag '--expt-relaxed-constexpr' can be used to allow this.
        constexpr Real largest = std::numeric_limits<Real>::max();
                                 ^

  /gpfs/scratch/rmdraux/PoPS-final-full-native-cuda-dim2-gh200-um-98804c68-20261009/source/include/pops/numerics/fv/reconstruction.hpp(87): warning #20013-D: calling a constexpr __host__ function("max") from a __host__ __device__ function("limited_slope") is not allowed. The experimental flag '--expt-relaxed-constexpr' can be used to allow this.
        constexpr Real largest = std::numeric_limits<Real>::max();
                                 ^

  /gpfs/scratch/rmdraux/PoPS-final-full-native-cuda-dim2-gh200-um-98804c68-20261009/source/include/pops/numerics/fv/reconstruction.hpp(115): warning #20013-D: calling a constexpr __host__ function("max") from a __host__ __device__ function("limited_slope") is not allowed. The experimental flag '--expt-relaxed-constexpr' can be used to allow this.
        constexpr Real largest = std::numeric_limits<Real>::max();
                                 ^

  /gpfs/scratch/rmdraux/PoPS-final-full-native-cuda-dim2-gh200-um-98804c68-20261009/source/include/pops/numerics/fv/reconstruction.hpp(147): warning #20013-D: calling a constexpr __host__ function("max") from a __host__ __device__ function("limited_slope") is not allowed. The experimental flag '--expt-relaxed-constexpr' can be used to allow this.
        constexpr Real largest = std::numeric_limits<Real>::max();
                                 ^

  /gpfs/scratch/rmdraux/PoPS-final-full-native-cuda-dim2-gh200-um-98804c68-20261009/source/include/pops/numerics/fv/reconstruction.hpp(253): warning #20013-D: calling a constexpr __host__ function("max") from a __host__ __device__ function("weno5z") is not allowed. The experimental flag '--expt-relaxed-constexpr' can be used to allow this.
      constexpr Real largest = std::numeric_limits<Real>::max();
                               ^

  /gpfs/scratch/rmdraux/PoPS-final-full-native-cuda-dim2-gh200-um-98804c68-20261009/source/include/pops/numerics/fv/reconstruction.hpp(255): warning #20013-D: calling a constexpr __host__ function("quiet_NaN") from a __host__ __device__ function("weno5z") is not allowed. The experimental flag '--expt-relaxed-constexpr' can be used to allow this.
        return std::numeric_limits<Real>::quiet_NaN();
               ^

  /gpfs/scratch/rmdraux/PoPS-final-full-native-cuda-dim2-gh200-um-98804c68-20261009/source/include/pops/mesh/storage/mf_arith.hpp(186): warning #20013-D: calling a constexpr __host__ function("max") from a __host__ __device__ function("operator()") is not allowed. The experimental flag '--expt-relaxed-constexpr' can be used to allow this.
        return magnitude <= std::numeric_limits<Real>::max() ? magnitude
                            ^
            detected during:
              instantiation of "pops::Real pops::for_each_cell_reduce_max(const ExecutionSpace &, const pops::Box<Dim> &, F) [with ExecutionSpace=Kokkos::DefaultExecutionSpace, Dim=2, F=pops::mf_arith_detail::NormInfKernel<2>]" at line 419 of /gpfs/scratch/rmdraux/PoPS-final-full-native-cuda-dim2-gh200-um-98804c68-20261009/source/include/pops/mesh/execution/for_each.hpp
              instantiation of "pops::Real pops::for_each_cell_reduce_max(const pops::Box<Dim> &, F) [with Dim=2, F=pops::mf_arith_detail::NormInfKernel<2>]" at line 529
              instantiation of "pops::Real pops::norm_inf(const pops::MultiFab<Dim, MemorySpace> &, int) [with Dim=2, MemorySpace=Kokkos::Cuda::memory_space]" at line 84 of /gpfs/scratch/rmdraux/PoPS-final-full-native-cuda-dim2-gh200-um-98804c68-20261009/source/src/runtime/system/system_program.cpp
              instantiation of "pops::Real pops::<unnamed>::prepared_boundary_local_norm_inf(const pops::MultiFab<Dim, Kokkos::Cuda::memory_space> &) [with Dim=2]" at line 3077 of /gpfs/projet/r250127/rmdraux/sol61-gpu-bootstrap-20261004/compiler13/lib/gcc/aarch64-conda-linux-gnu/13.4.0/include/c++/type_traits
              instantiation of type "std::invoke_result_t<lambda [](auto &)->auto, pops::runtime::program::PreparedScalarBoundarySession<2>::BoundaryScratch &>" at line 278 of /gpfs/scratch/rmdraux/PoPS-final-full-native-cuda-dim2-gh200-um-98804c68-20261009/source/include/pops/runtime/program/prepared_scalar_boundary_session.hpp
              instantiation of "void pops::runtime::program::PreparedScalarBoundarySession<Dim>::with_boundary_scratch(const pops::runtime::program::PreparedScalarBoundarySession<Dim>::field_type &, Operation &&) const [with Dim=2, Operation=lambda [](auto &)->auto]" at line 221 of /gpfs/scratch/rmdraux/PoPS-final-full-native-cuda-dim2-gh200-um-98804c68-20261009/source/src/runtime/system/system_program.cpp
              instantiation of "void pops::<unnamed>::invoke_prepared_boundary_transaction(pops::MultiFab<Dim, Kokkos::Cuda::memory_space> &, pops::MultiFab<Dim, Kokkos::Cuda::memory_space> &, const pops::ExecutionLane &, const char *, const pops::runtime::program::PreparedScalarBoundarySession<Dim> &, Invoke &&) [with Dim=2, Invoke=lambda [](pops::MultiFab<2, Kokkos::Cuda::memory_space> &, auto &)->auto]" at line 961 of /gpfs/scratch/rmdraux/PoPS-final-full-native-cuda-dim2-gh200-um-98804c68-20261009/source/src/runtime/system/system_program.cpp
              instantiation of "void pops::System<Dim>::block_path_rhs_into_at(const pops::runtime::multiblock::BoundaryEvaluationPoint &, int, pops::MultiFab<Dim, Kokkos::Cuda::memory_space> &, pops::MultiFab<Dim, Kokkos::Cuda::memory_space> &, pops::Real, const pops::System<Dim> *, int, const pops::runtime::multiblock::BoundaryEvaluationPoint &, const pops::ExecutionLane &, const pops::runtime::program::PreparedScalarBoundarySession<Dim> &, pops::Real *) [with Dim=2]" at line 902 of /gpfs/scratch/rmdraux/PoPS-final-full-native-cuda-dim2-gh200-um-98804c68-20261009/source/src/runtime/system/system_program.cpp

  /gpfs/scratch/rmdraux/PoPS-final-full-native-cuda-dim2-gh200-um-98804c68-20261009/source/include/pops/mesh/storage/mf_arith.hpp(187): warning #20013-D: calling a constexpr __host__ function("infinity") from a __host__ __device__ function("operator()") is not allowed. The experimental flag '--expt-relaxed-constexpr' can be used to allow this.
                                                             : std::numeric_limits<Real>::infinity();
                                                               ^
            detected during:
              instantiation of "pops::Real pops::for_each_cell_reduce_max(const ExecutionSpace &, const pops::Box<Dim> &, F) [with ExecutionSpace=Kokkos::DefaultExecutionSpace, Dim=2, F=pops::mf_arith_detail::NormInfKernel<2>]" at line 419 of /gpfs/scratch/rmdraux/PoPS-final-full-native-cuda-dim2-gh200-um-98804c68-20261009/source/include/pops/mesh/execution/for_each.hpp
              instantiation of "pops::Real pops::for_each_cell_reduce_max(const pops::Box<Dim> &, F) [with Dim=2, F=pops::mf_arith_detail::NormInfKernel<2>]" at line 529
              instantiation of "pops::Real pops::norm_inf(const pops::MultiFab<Dim, MemorySpace> &, int) [with Dim=2, MemorySpace=Kokkos::Cuda::memory_space]" at line 84 of /gpfs/scratch/rmdraux/PoPS-final-full-native-cuda-dim2-gh200-um-98804c68-20261009/source/src/runtime/system/system_program.cpp
              instantiation of "pops::Real pops::<unnamed>::prepared_boundary_local_norm_inf(const pops::MultiFab<Dim, Kokkos::Cuda::memory_space> &) [with Dim=2]" at line 3077 of /gpfs/projet/r250127/rmdraux/sol61-gpu-bootstrap-20261004/compiler13/lib/gcc/aarch64-conda-linux-gnu/13.4.0/include/c++/type_traits
              instantiation of type "std::invoke_result_t<lambda [](auto &)->auto, pops::runtime::program::PreparedScalarBoundarySession<2>::BoundaryScratch &>" at line 278 of /gpfs/scratch/rmdraux/PoPS-final-full-native-cuda-dim2-gh200-um-98804c68-20261009/source/include/pops/runtime/program/prepared_scalar_boundary_session.hpp
              instantiation of "void pops::runtime::program::PreparedScalarBoundarySession<Dim>::with_boundary_scratch(const pops::runtime::program::PreparedScalarBoundarySession<Dim>::field_type &, Operation &&) const [with Dim=2, Operation=lambda [](auto &)->auto]" at line 221 of /gpfs/scratch/rmdraux/PoPS-final-full-native-cuda-dim2-gh200-um-98804c68-20261009/source/src/runtime/system/system_program.cpp
              instantiation of "void pops::<unnamed>::invoke_prepared_boundary_transaction(pops::MultiFab<Dim, Kokkos::Cuda::memory_space> &, pops::MultiFab<Dim, Kokkos::Cuda::memory_space> &, const pops::ExecutionLane &, const char *, const pops::runtime::program::PreparedScalarBoundarySession<Dim> &, Invoke &&) [with Dim=2, Invoke=lambda [](pops::MultiFab<2, Kokkos::Cuda::memory_space> &, auto &)->auto]" at line 961 of /gpfs/scratch/rmdraux/PoPS-final-full-native-cuda-dim2-gh200-um-98804c68-20261009/source/src/runtime/system/system_program.cpp
              instantiation of "void pops::System<Dim>::block_path_rhs_into_at(const pops::runtime::multiblock::BoundaryEvaluationPoint &, int, pops::MultiFab<Dim, Kokkos::Cuda::memory_space> &, pops::MultiFab<Dim, Kokkos::Cuda::memory_space> &, pops::Real, const pops::System<Dim> *, int, const pops::runtime::multiblock::BoundaryEvaluationPoint &, const pops::ExecutionLane &, const pops::runtime::program::PreparedScalarBoundarySession<Dim> &, pops::Real *) [with Dim=2]" at line 902 of /gpfs/scratch/rmdraux/PoPS-final-full-native-cuda-dim2-gh200-um-98804c68-20261009/source/src/runtime/system/system_program.cpp

  [14/28] Linking CXX static library src/libpops_runtime_system_abi.a
  [15/28] Building CXX object src/CMakeFiles/pops_runtime_amr.dir/runtime/amr/amr_layout_transfer.cpp.o
  /gpfs/scratch/rmdraux/PoPS-final-full-native-cuda-dim2-gh200-um-98804c68-20261009/source/include/pops/mesh/index/extent.hpp(38): warning #20012-D: __device__ annotation is ignored on a function("Extent") that is explicitly defaulted on its first declaration
      __attribute__((device)) __attribute__((host)) constexpr Extent() = default;
                     ^

  Remark: The warnings can be suppressed with "-diag-suppress <warning-number>"

  /gpfs/scratch/rmdraux/PoPS-final-full-native-cuda-dim2-gh200-um-98804c68-20261009/source/include/pops/mesh/index/extent.hpp(38): warning #20012-D: __host__ annotation is ignored on a function("Extent") that is explicitly defaulted on its first declaration
      __attribute__((device)) __attribute__((host)) constexpr Extent() = default;
                                             ^

  /gpfs/scratch/rmdraux/PoPS-final-full-native-cuda-dim2-gh200-um-98804c68-20261009/source/include/pops/mesh/index/index.hpp(36): warning #20012-D: __device__ annotation is ignored on a function("Index") that is explicitly defaulted on its first declaration
      __attribute__((device)) __attribute__((host)) constexpr Index() = default;
                     ^

  /gpfs/scratch/rmdraux/PoPS-final-full-native-cuda-dim2-gh200-um-98804c68-20261009/source/include/pops/mesh/index/index.hpp(36): warning #20012-D: __host__ annotation is ignored on a function("Index") that is explicitly defaulted on its first declaration
      __attribute__((device)) __attribute__((host)) constexpr Index() = default;
                                             ^

  /gpfs/scratch/rmdraux/PoPS-final-full-native-cuda-dim2-gh200-um-98804c68-20261009/source/include/pops/mesh/index/box.hpp(196): warning #20012-D: __device__ annotation is ignored on a function("operator==") that is explicitly defaulted on its first declaration
      __attribute__((device)) __attribute__((host)) constexpr bool operator==(const Box&) const = default;
                     ^

  /gpfs/scratch/rmdraux/PoPS-final-full-native-cuda-dim2-gh200-um-98804c68-20261009/source/include/pops/mesh/index/box.hpp(196): warning #20012-D: __host__ annotation is ignored on a function("operator==") that is explicitly defaulted on its first declaration
      __attribute__((device)) __attribute__((host)) constexpr bool operator==(const Box&) const = default;
                                             ^

  /gpfs/scratch/rmdraux/PoPS-final-full-native-cuda-dim2-gh200-um-98804c68-20261009/source/include/pops/mesh/index/real_vector.hpp(43): warning #20012-D: __device__ annotation is ignored on a function("RealVector") that is explicitly defaulted on its first declaration
      __attribute__((device)) __attribute__((host)) constexpr RealVector() = default;
                     ^

  /gpfs/scratch/rmdraux/PoPS-final-full-native-cuda-dim2-gh200-um-98804c68-20261009/source/include/pops/mesh/index/real_vector.hpp(43): warning #20012-D: __host__ annotation is ignored on a function("RealVector") that is explicitly defaulted on its first declaration
      __attribute__((device)) __attribute__((host)) constexpr RealVector() = default;
                                             ^

  /gpfs/scratch/rmdraux/PoPS-final-full-native-cuda-dim2-gh200-um-98804c68-20261009/source/include/pops/numerics/fv/flux_interfaces.hpp(253): warning #20012-D: __device__ annotation is ignored on a function("BoundFluxProviders") that is explicitly defaulted on its first declaration
      __attribute__((device)) __attribute__((host)) BoundFluxProviders(const BoundFluxProviders&) = default;
                     ^

  /gpfs/scratch/rmdraux/PoPS-final-full-native-cuda-dim2-gh200-um-98804c68-20261009/source/include/pops/numerics/fv/flux_interfaces.hpp(253): warning #20012-D: __host__ annotation is ignored on a function("BoundFluxProviders") that is explicitly defaulted on its first declaration
      __attribute__((device)) __attribute__((host)) BoundFluxProviders(const BoundFluxProviders&) = default;
                                             ^

  /gpfs/scratch/rmdraux/PoPS-final-full-native-cuda-dim2-gh200-um-98804c68-20261009/source/include/pops/mesh/index/entity_index.hpp(27): warning #20012-D: __device__ annotation is ignored on a function("FaceIndex") that is explicitly defaulted on its first declaration
      __attribute__((device)) __attribute__((host)) constexpr FaceIndex() = default;
                     ^

  /gpfs/scratch/rmdraux/PoPS-final-full-native-cuda-dim2-gh200-um-98804c68-20261009/source/include/pops/mesh/index/entity_index.hpp(27): warning #20012-D: __host__ annotation is ignored on a function("FaceIndex") that is explicitly defaulted on its first declaration
      __attribute__((device)) __attribute__((host)) constexpr FaceIndex() = default;
                                             ^

  /gpfs/scratch/rmdraux/PoPS-final-full-native-cuda-dim2-gh200-um-98804c68-20261009/source/include/pops/mesh/index/entity_index.hpp(33): warning #20012-D: __device__ annotation is ignored on a function("operator==") that is explicitly defaulted on its first declaration
      __attribute__((device)) __attribute__((host)) constexpr bool operator==(const FaceIndex&) const = default;
                     ^

  /gpfs/scratch/rmdraux/PoPS-final-full-native-cuda-dim2-gh200-um-98804c68-20261009/source/include/pops/mesh/index/entity_index.hpp(33): warning #20012-D: __host__ annotation is ignored on a function("operator==") that is explicitly defaulted on its first declaration
      __attribute__((device)) __attribute__((host)) constexpr bool operator==(const FaceIndex&) const = default;
                                             ^

  /gpfs/scratch/rmdraux/PoPS-final-full-native-cuda-dim2-gh200-um-98804c68-20261009/source/include/pops/mesh/index/extent.hpp(38): warning #20012-D: __device__ annotation is ignored on a function("Extent") that is explicitly defaulted on its first declaration
      __attribute__((device)) __attribute__((host)) constexpr Extent() = default;
                     ^

  Remark: The warnings can be suppressed with "-diag-suppress <warning-number>"

  /gpfs/scratch/rmdraux/PoPS-final-full-native-cuda-dim2-gh200-um-98804c68-20261009/source/include/pops/mesh/index/extent.hpp(38): warning #20012-D: __host__ annotation is ignored on a function("Extent") that is explicitly defaulted on its first declaration
      __attribute__((device)) __attribute__((host)) constexpr Extent() = default;
                                             ^

  /gpfs/scratch/rmdraux/PoPS-final-full-native-cuda-dim2-gh200-um-98804c68-20261009/source/include/pops/mesh/index/index.hpp(36): warning #20012-D: __device__ annotation is ignored on a function("Index") that is explicitly defaulted on its first declaration
      __attribute__((device)) __attribute__((host)) constexpr Index() = default;
                     ^

  /gpfs/scratch/rmdraux/PoPS-final-full-native-cuda-dim2-gh200-um-98804c68-20261009/source/include/pops/mesh/index/index.hpp(36): warning #20012-D: __host__ annotation is ignored on a function("Index") that is explicitly defaulted on its first declaration
      __attribute__((device)) __attribute__((host)) constexpr Index() = default;
                                             ^

  /gpfs/scratch/rmdraux/PoPS-final-full-native-cuda-dim2-gh200-um-98804c68-20261009/source/include/pops/mesh/index/box.hpp(196): warning #20012-D: __device__ annotation is ignored on a function("operator==") that is explicitly defaulted on its first declaration
      __attribute__((device)) __attribute__((host)) constexpr bool operator==(const Box&) const = default;
                     ^

  /gpfs/scratch/rmdraux/PoPS-final-full-native-cuda-dim2-gh200-um-98804c68-20261009/source/include/pops/mesh/index/box.hpp(196): warning #20012-D: __host__ annotation is ignored on a function("operator==") that is explicitly defaulted on its first declaration
      __attribute__((device)) __attribute__((host)) constexpr bool operator==(const Box&) const = default;
                                             ^

  /gpfs/scratch/rmdraux/PoPS-final-full-native-cuda-dim2-gh200-um-98804c68-20261009/source/include/pops/mesh/index/real_vector.hpp(43): warning #20012-D: __device__ annotation is ignored on a function("RealVector") that is explicitly defaulted on its first declaration
      __attribute__((device)) __attribute__((host)) constexpr RealVector() = default;
                     ^

  /gpfs/scratch/rmdraux/PoPS-final-full-native-cuda-dim2-gh200-um-98804c68-20261009/source/include/pops/mesh/index/real_vector.hpp(43): warning #20012-D: __host__ annotation is ignored on a function("RealVector") that is explicitly defaulted on its first declaration
      __attribute__((device)) __attribute__((host)) constexpr RealVector() = default;
                                             ^

  /gpfs/scratch/rmdraux/PoPS-final-full-native-cuda-dim2-gh200-um-98804c68-20261009/source/include/pops/numerics/fv/flux_interfaces.hpp(253): warning #20012-D: __device__ annotation is ignored on a function("BoundFluxProviders") that is explicitly defaulted on its first declaration
      __attribute__((device)) __attribute__((host)) BoundFluxProviders(const BoundFluxProviders&) = default;
                     ^

  /gpfs/scratch/rmdraux/PoPS-final-full-native-cuda-dim2-gh200-um-98804c68-20261009/source/include/pops/numerics/fv/flux_interfaces.hpp(253): warning #20012-D: __host__ annotation is ignored on a function("BoundFluxProviders") that is explicitly defaulted on its first declaration
      __attribute__((device)) __attribute__((host)) BoundFluxProviders(const BoundFluxProviders&) = default;
                                             ^

  /gpfs/scratch/rmdraux/PoPS-final-full-native-cuda-dim2-gh200-um-98804c68-20261009/source/include/pops/numerics/nonlinear/prepared_local_nonlinear.hpp(247): warning #20013-D: calling a constexpr __host__ function("max") from a __host__ __device__ function("local_finite") is not allowed. The experimental flag '--expt-relaxed-constexpr' can be used to allow this.
      return value == value && value <= std::numeric_limits<Real>::max() &&
                                        ^

  /gpfs/scratch/rmdraux/PoPS-final-full-native-cuda-dim2-gh200-um-98804c68-20261009/source/include/pops/numerics/nonlinear/prepared_local_nonlinear.hpp(248): warning #20013-D: calling a constexpr __host__ function("max") from a __host__ __device__ function("local_finite") is not allowed. The experimental flag '--expt-relaxed-constexpr' can be used to allow this.
             value >= -std::numeric_limits<Real>::max();
                       ^

  /gpfs/scratch/rmdraux/PoPS-final-full-native-cuda-dim2-gh200-um-98804c68-20261009/source/include/pops/physics/admissibility/admissible_set.hpp(46): warning #20013-D: calling a constexpr __host__ function("infinity") from a __host__ __device__ function("finite") is not allowed. The experimental flag '--expt-relaxed-constexpr' can be used to allow this.
      constexpr Real infinity = std::numeric_limits<Real>::infinity();
                                ^

  /gpfs/scratch/rmdraux/PoPS-final-full-native-cuda-dim2-gh200-um-98804c68-20261009/source/include/pops/numerics/nonlinear/prepared_variable_recovery.hpp(320): warning #20013-D: calling a constexpr __host__ function("max") from a __host__ __device__ function("recovery_finite") is not allowed. The experimental flag '--expt-relaxed-constexpr' can be used to allow this.
      return value == value && value <= std::numeric_limits<Real>::max() &&
                                        ^

  /gpfs/scratch/rmdraux/PoPS-final-full-native-cuda-dim2-gh200-um-98804c68-20261009/source/include/pops/numerics/nonlinear/prepared_variable_recovery.hpp(321): warning #20013-D: calling a constexpr __host__ function("max") from a __host__ __device__ function("recovery_finite") is not allowed. The experimental flag '--expt-relaxed-constexpr' can be used to allow this.
             value >= -std::numeric_limits<Real>::max();
                       ^

  /gpfs/scratch/rmdraux/PoPS-final-full-native-cuda-dim2-gh200-um-98804c68-20261009/source/include/pops/mesh/index/entity_index.hpp(27): warning #20012-D: __device__ annotation is ignored on a function("FaceIndex") that is explicitly defaulted on its first declaration
      __attribute__((device)) __attribute__((host)) constexpr FaceIndex() = default;
                     ^

  /gpfs/scratch/rmdraux/PoPS-final-full-native-cuda-dim2-gh200-um-98804c68-20261009/source/include/pops/mesh/index/entity_index.hpp(27): warning #20012-D: __host__ annotation is ignored on a function("FaceIndex") that is explicitly defaulted on its first declaration
      __attribute__((device)) __attribute__((host)) constexpr FaceIndex() = default;
                                             ^

  /gpfs/scratch/rmdraux/PoPS-final-full-native-cuda-dim2-gh200-um-98804c68-20261009/source/include/pops/mesh/index/entity_index.hpp(33): warning #20012-D: __device__ annotation is ignored on a function("operator==") that is explicitly defaulted on its first declaration
      __attribute__((device)) __attribute__((host)) constexpr bool operator==(const FaceIndex&) const = default;
                     ^

  /gpfs/scratch/rmdraux/PoPS-final-full-native-cuda-dim2-gh200-um-98804c68-20261009/source/include/pops/mesh/index/entity_index.hpp(33): warning #20012-D: __host__ annotation is ignored on a function("operator==") that is explicitly defaulted on its first declaration
      __attribute__((device)) __attribute__((host)) constexpr bool operator==(const FaceIndex&) const = default;
                                             ^

  [16/28] Building CXX object src/CMakeFiles/pops_runtime_amr.dir/runtime/amr/amr_field_solver_builtin.cpp.o
  FAILED: [code=1] src/CMakeFiles/pops_runtime_amr.dir/runtime/amr/amr_field_solver_builtin.cpp.o
  /gpfs/scratch/rmdraux/PoPS-final-full-native-cuda-dim2-gh200-um-98804c68-20261009/strict_nvcc_wrapper.sh -DKOKKOS_DEPENDENCE -DNDEBUG -DPOPS_CXX_COMPILER=\"/gpfs/scratch/rmdraux/PoPS-final-full-native-cuda-dim2-gh200-um-98804c68-20261009/strict_nvcc_wrapper.sh\" -DPOPS_CXX_STD=20 -DPOPS_EXPORT_BUILDING_MODULE -DPOPS_HAS_FFTW -DPOPS_HAS_HDF5 -DPOPS_HAS_KOKKOS -DPOPS_HAS_MPI -DPOPS_HAS_PARALLEL_HDF5 -DPOPS_HEADER_SIG=\"de2b5ef24a9fae48ab143d4200aab2885c9400dcd43712fa74928f5f2c4e954a\" -DPOPS_MPI_ABI=\"e5470b6bd6171e0d0cc7991de36f6f9c26c61fb75841906b56aa106034f1b138\" -DPOPS_NATIVE_DIM=2 -DPOPS_RUNTIME_SHARED_EXCEPTION_ABI -DPOPS_VERSION=\"1.1.0\" -D_FORTIFY_SOURCE=2 -D_pops_EXPORTS -I/gpfs/scratch/rmdraux/PoPS-final-full-native-cuda-dim2-gh200-um-98804c68-20261009/source/include -isystem /gpfs/scratch/rmdraux/PoPS-final-full-native-cuda-dim2-gh200-um-98804c68-20261009/envs/pops_final_cuda_dim2/include -isystem /gpfs/scratch/rmdraux/PoPS-final-full-native-cuda-dim2-gh200-um-98804c68-20261009/kokkos-unified-install/include --fmad=false -fopenmp -fno-fast-math -ffp-contract=off -O3 -DNDEBUG -std=c++20 -fPIC -fvisibility=hidden -fvisibility-inlines-hidden -extended-lambda -Wext-lambda-captures-this -arch=sm_90 -fopenmp -MD -MT src/CMakeFiles/pops_runtime_amr.dir/runtime/amr/amr_field_solver_builtin.cpp.o -MF src/CMakeFiles/pops_runtime_amr.dir/runtime/amr/amr_field_solver_builtin.cpp.o.d -o src/CMakeFiles/pops_runtime_amr.dir/runtime/amr/amr_field_solver_builtin.cpp.o -c /gpfs/scratch/rmdraux/PoPS-final-full-native-cuda-dim2-gh200-um-98804c68-20261009/source/src/runtime/amr/amr_field_solver_builtin.cpp
  /gpfs/scratch/rmdraux/PoPS-final-full-native-cuda-dim2-gh200-um-98804c68-20261009/source/include/pops/mesh/index/extent.hpp(38): warning #20012-D: __device__ annotation is ignored on a function("Extent") that is explicitly defaulted on its first declaration
      __attribute__((device)) __attribute__((host)) constexpr Extent() = default;
                     ^

  Remark: The warnings can be suppressed with "-diag-suppress <warning-number>"

  /gpfs/scratch/rmdraux/PoPS-final-full-native-cuda-dim2-gh200-um-98804c68-20261009/source/include/pops/mesh/index/extent.hpp(38): warning #20012-D: __host__ annotation is ignored on a function("Extent") that is explicitly defaulted on its first declaration
      __attribute__((device)) __attribute__((host)) constexpr Extent() = default;
                                             ^

  /gpfs/scratch/rmdraux/PoPS-final-full-native-cuda-dim2-gh200-um-98804c68-20261009/source/include/pops/mesh/index/index.hpp(36): warning #20012-D: __device__ annotation is ignored on a function("Index") that is explicitly defaulted on its first declaration
      __attribute__((device)) __attribute__((host)) constexpr Index() = default;
                     ^

  /gpfs/scratch/rmdraux/PoPS-final-full-native-cuda-dim2-gh200-um-98804c68-20261009/source/include/pops/mesh/index/index.hpp(36): warning #20012-D: __host__ annotation is ignored on a function("Index") that is explicitly defaulted on its first declaration
      __attribute__((device)) __attribute__((host)) constexpr Index() = default;
                                             ^

  /gpfs/scratch/rmdraux/PoPS-final-full-native-cuda-dim2-gh200-um-98804c68-20261009/source/include/pops/mesh/index/box.hpp(196): warning #20012-D: __device__ annotation is ignored on a function("operator==") that is explicitly defaulted on its first declaration
      __attribute__((device)) __attribute__((host)) constexpr bool operator==(const Box&) const = default;
                     ^

  /gpfs/scratch/rmdraux/PoPS-final-full-native-cuda-dim2-gh200-um-98804c68-20261009/source/include/pops/mesh/index/box.hpp(196): warning #20012-D: __host__ annotation is ignored on a function("operator==") that is explicitly defaulted on its first declaration
      __attribute__((device)) __attribute__((host)) constexpr bool operator==(const Box&) const = default;
                                             ^

  /gpfs/scratch/rmdraux/PoPS-final-full-native-cuda-dim2-gh200-um-98804c68-20261009/source/include/pops/mesh/index/entity_index.hpp(27): warning #20012-D: __device__ annotation is ignored on a function("FaceIndex") that is explicitly defaulted on its first declaration
      __attribute__((device)) __attribute__((host)) constexpr FaceIndex() = default;
                     ^

  /gpfs/scratch/rmdraux/PoPS-final-full-native-cuda-dim2-gh200-um-98804c68-20261009/source/include/pops/mesh/index/entity_index.hpp(27): warning #20012-D: __host__ annotation is ignored on a function("FaceIndex") that is explicitly defaulted on its first declaration
      __attribute__((device)) __attribute__((host)) constexpr FaceIndex() = default;
                                             ^

  /gpfs/scratch/rmdraux/PoPS-final-full-native-cuda-dim2-gh200-um-98804c68-20261009/source/include/pops/mesh/index/entity_index.hpp(33): warning #20012-D: __device__ annotation is ignored on a function("operator==") that is explicitly defaulted on its first declaration
      __attribute__((device)) __attribute__((host)) constexpr bool operator==(const FaceIndex&) const = default;
                     ^

  /gpfs/scratch/rmdraux/PoPS-final-full-native-cuda-dim2-gh200-um-98804c68-20261009/source/include/pops/mesh/index/entity_index.hpp(33): warning #20012-D: __host__ annotation is ignored on a function("operator==") that is explicitly defaulted on its first declaration
      __attribute__((device)) __attribute__((host)) constexpr bool operator==(const FaceIndex&) const = default;
                                             ^

  /gpfs/scratch/rmdraux/PoPS-final-full-native-cuda-dim2-gh200-um-98804c68-20261009/source/include/pops/mesh/index/real_vector.hpp(43): warning #20012-D: __device__ annotation is ignored on a function("RealVector") that is explicitly defaulted on its first declaration
      __attribute__((device)) __attribute__((host)) constexpr RealVector() = default;
                     ^

  /gpfs/scratch/rmdraux/PoPS-final-full-native-cuda-dim2-gh200-um-98804c68-20261009/source/include/pops/mesh/index/real_vector.hpp(43): warning #20012-D: __host__ annotation is ignored on a function("RealVector") that is explicitly defaulted on its first declaration
      __attribute__((device)) __attribute__((host)) constexpr RealVector() = default;
                                             ^

  /gpfs/scratch/rmdraux/PoPS-final-full-native-cuda-dim2-gh200-um-98804c68-20261009/source/include/pops/mesh/index/extent.hpp(38): warning #20012-D: __device__ annotation is ignored on a function("Extent") that is explicitly defaulted on its first declaration
      __attribute__((device)) __attribute__((host)) constexpr Extent() = default;
                     ^

  Remark: The warnings can be suppressed with "-diag-suppress <warning-number>"

  /gpfs/scratch/rmdraux/PoPS-final-full-native-cuda-dim2-gh200-um-98804c68-20261009/source/include/pops/mesh/index/extent.hpp(38): warning #20012-D: __host__ annotation is ignored on a function("Extent") that is explicitly defaulted on its first declaration
      __attribute__((device)) __attribute__((host)) constexpr Extent() = default;
                                             ^

  /gpfs/scratch/rmdraux/PoPS-final-full-native-cuda-dim2-gh200-um-98804c68-20261009/source/include/pops/mesh/index/index.hpp(36): warning #20012-D: __device__ annotation is ignored on a function("Index") that is explicitly defaulted on its first declaration
      __attribute__((device)) __attribute__((host)) constexpr Index() = default;
                     ^

  /gpfs/scratch/rmdraux/PoPS-final-full-native-cuda-dim2-gh200-um-98804c68-20261009/source/include/pops/mesh/index/index.hpp(36): warning #20012-D: __host__ annotation is ignored on a function("Index") that is explicitly defaulted on its first declaration
      __attribute__((device)) __attribute__((host)) constexpr Index() = default;
                                             ^

  /gpfs/scratch/rmdraux/PoPS-final-full-native-cuda-dim2-gh200-um-98804c68-20261009/source/include/pops/mesh/index/box.hpp(196): warning #20012-D: __device__ annotation is ignored on a function("operator==") that is explicitly defaulted on its first declaration
      __attribute__((device)) __attribute__((host)) constexpr bool operator==(const Box&) const = default;
                     ^

  /gpfs/scratch/rmdraux/PoPS-final-full-native-cuda-dim2-gh200-um-98804c68-20261009/source/include/pops/mesh/index/box.hpp(196): warning #20012-D: __host__ annotation is ignored on a function("operator==") that is explicitly defaulted on its first declaration
      __attribute__((device)) __attribute__((host)) constexpr bool operator==(const Box&) const = default;
                                             ^

  /gpfs/scratch/rmdraux/PoPS-final-full-native-cuda-dim2-gh200-um-98804c68-20261009/source/include/pops/mesh/index/entity_index.hpp(27): warning #20012-D: __device__ annotation is ignored on a function("FaceIndex") that is explicitly defaulted on its first declaration
      __attribute__((device)) __attribute__((host)) constexpr FaceIndex() = default;
                     ^

  /gpfs/scratch/rmdraux/PoPS-final-full-native-cuda-dim2-gh200-um-98804c68-20261009/source/include/pops/mesh/index/entity_index.hpp(27): warning #20012-D: __host__ annotation is ignored on a function("FaceIndex") that is explicitly defaulted on its first declaration
      __attribute__((device)) __attribute__((host)) constexpr FaceIndex() = default;
                                             ^

  /gpfs/scratch/rmdraux/PoPS-final-full-native-cuda-dim2-gh200-um-98804c68-20261009/source/include/pops/mesh/index/entity_index.hpp(33): warning #20012-D: __device__ annotation is ignored on a function("operator==") that is explicitly defaulted on its first declaration
      __attribute__((device)) __attribute__((host)) constexpr bool operator==(const FaceIndex&) const = default;
                     ^

  /gpfs/scratch/rmdraux/PoPS-final-full-native-cuda-dim2-gh200-um-98804c68-20261009/source/include/pops/mesh/index/entity_index.hpp(33): warning #20012-D: __host__ annotation is ignored on a function("operator==") that is explicitly defaulted on its first declaration
      __attribute__((device)) __attribute__((host)) constexpr bool operator==(const FaceIndex&) const = default;
                                             ^

  /gpfs/scratch/rmdraux/PoPS-final-full-native-cuda-dim2-gh200-um-98804c68-20261009/source/include/pops/mesh/index/real_vector.hpp(43): warning #20012-D: __device__ annotation is ignored on a function("RealVector") that is explicitly defaulted on its first declaration
      __attribute__((device)) __attribute__((host)) constexpr RealVector() = default;
                     ^

  /gpfs/scratch/rmdraux/PoPS-final-full-native-cuda-dim2-gh200-um-98804c68-20261009/source/include/pops/mesh/index/real_vector.hpp(43): warning #20012-D: __host__ annotation is ignored on a function("RealVector") that is explicitly defaulted on its first declaration
      __attribute__((device)) __attribute__((host)) constexpr RealVector() = default;
                                             ^

  /gpfs/scratch/rmdraux/PoPS-final-full-native-cuda-dim2-gh200-um-98804c68-20261009/source/include/pops/mesh/boundary/physical_bc.hpp(211): warning #20013-D: calling a constexpr __host__ function("operator[]") from a __host__ __device__ function("operator()") is not allowed. The experimental flag '--expt-relaxed-constexpr' can be used to allow this.
          const BoundaryOperation<Dim>& op = plan.operations[operation];
                                                            ^
            detected during:
              instantiation of "void pops::physical_boundary_detail::ApplyPhysicalRegion<Dim>::operator()(const pops::Index<Dim> &) const [with Dim=2]" at line 192 of /gpfs/scratch/rmdraux/PoPS-final-full-native-cuda-dim2-gh200-um-98804c68-20261009/source/include/pops/mesh/execution/for_each.hpp
              instantiation of "void pops::detail::launch_index_space(const ExecutionSpace &, const pops::Box<Dim> &, const char *, F) [with ExecutionSpace=Kokkos::DefaultExecutionSpace, Dim=2, F=pops::physical_boundary_detail::ApplyPhysicalRegion<2>]" at line 230 of /gpfs/scratch/rmdraux/PoPS-final-full-native-cuda-dim2-gh200-um-98804c68-20261009/source/include/pops/mesh/execution/for_each.hpp
              instantiation of "void pops::for_each_cell(const ExecutionSpace &, const pops::Box<Dim> &, F) [with ExecutionSpace=Kokkos::DefaultExecutionSpace, Dim=2, F=pops::physical_boundary_detail::ApplyPhysicalRegion<2>]" at line 253 of /gpfs/scratch/rmdraux/PoPS-final-full-native-cuda-dim2-gh200-um-98804c68-20261009/source/include/pops/mesh/execution/for_each.hpp
              instantiation of "void pops::for_each_cell(const pops::Box<Dim> &, F) [with Dim=2, F=pops::physical_boundary_detail::ApplyPhysicalRegion<2>]" at line 334
              instantiation of "void pops::fill_physical_boundary(pops::MultiFab<Dim, MemorySpace> &, const pops::PreparedPhysicalBoundary<Dim> &, int, int) [with Dim=2, MemorySpace=Kokkos::Cuda::memory_space]" at line 343
              [ 20 instantiation contexts not shown ]
              instantiation of "std::__shared_count<_Lp>::__shared_count(_Tp *&, std::_Sp_alloc_shared_tag<_Alloc>, _Args &&...) [with _Lp=__gnu_cxx::_S_atomic, _Tp=pops::runtime::amr::<unnamed>::BuiltinExactAmrFieldSolverProvider<2, Kokkos::Cuda::memory_space>, _Alloc=std::allocator<void>, _Args=<>]" at line 1713 of /gpfs/projet/r250127/rmdraux/sol61-gpu-bootstrap-20261004/compiler13/lib/gcc/aarch64-conda-linux-gnu/13.4.0/include/c++/bits/shared_ptr_base.h
              instantiation of "std::__shared_ptr<_Tp, _Lp>::__shared_ptr(std::_Sp_alloc_shared_tag<_Alloc>, _Args &&...) [with _Tp=pops::runtime::amr::<unnamed>::BuiltinExactAmrFieldSolverProvider<2, Kokkos::Cuda::memory_space>, _Lp=__gnu_cxx::_S_atomic, _Alloc=std::allocator<void>, _Args=<>]" at line 465 of /gpfs/projet/r250127/rmdraux/sol61-gpu-bootstrap-20261004/compiler13/lib/gcc/aarch64-conda-linux-gnu/13.4.0/include/c++/bits/shared_ptr.h
              instantiation of "std::shared_ptr<_Tp>::shared_ptr(std::_Sp_alloc_shared_tag<_Alloc>, _Args &&...) [with _Tp=pops::runtime::amr::<unnamed>::BuiltinExactAmrFieldSolverProvider<2, Kokkos::Cuda::memory_space>, _Alloc=std::allocator<void>, _Args=<>]" at line 1010 of /gpfs/projet/r250127/rmdraux/sol61-gpu-bootstrap-20261004/compiler13/lib/gcc/aarch64-conda-linux-gnu/13.4.0/include/c++/bits/shared_ptr.h
              instantiation of "std::shared_ptr<std::_NonArray<_Tp>> std::make_shared<_Tp,_Args...>(_Args &&...) [with _Tp=pops::runtime::amr::<unnamed>::BuiltinExactAmrFieldSolverProvider<2, Kokkos::Cuda::memory_space>, _Args=<>]" at line 353 of /gpfs/scratch/rmdraux/PoPS-final-full-native-cuda-dim2-gh200-um-98804c68-20261009/source/src/runtime/amr/amr_field_solver_builtin.cpp
              instantiation of "std::shared_ptr<const pops::runtime::amr::ExactAmrFieldSolverProvider<Dim, MemorySpace>> pops::runtime::amr::make_builtin_exact_amr_field_solver_provider<Dim,MemorySpace>() [with Dim=2, MemorySpace=Kokkos::Cuda::memory_space]" at line 356 of /gpfs/scratch/rmdraux/PoPS-final-full-native-cuda-dim2-gh200-um-98804c68-20261009/source/src/runtime/amr/amr_field_solver_builtin.cpp

  /gpfs/scratch/rmdraux/PoPS-final-full-native-cuda-dim2-gh200-um-98804c68-20261009/source/include/pops/mesh/boundary/physical_bc.hpp(216): warning #20013-D: calling a constexpr __host__ function("ordinal") from a __host__ __device__ function("operator()") is not allowed. The experimental flag '--expt-relaxed-constexpr' can be used to allow this.
              faces[static_cast<std::size_t>(Face<Dim>{axis, BoundarySide::lower}.ordinal())];
                                                                                  ^
            detected during:
              instantiation of "void pops::physical_boundary_detail::ApplyPhysicalRegion<Dim>::operator()(const pops::Index<Dim> &) const [with Dim=2]" at line 192 of /gpfs/scratch/rmdraux/PoPS-final-full-native-cuda-dim2-gh200-um-98804c68-20261009/source/include/pops/mesh/execution/for_each.hpp
              instantiation of "void pops::detail::launch_index_space(const ExecutionSpace &, const pops::Box<Dim> &, const char *, F) [with ExecutionSpace=Kokkos::DefaultExecutionSpace, Dim=2, F=pops::physical_boundary_detail::ApplyPhysicalRegion<2>]" at line 230 of /gpfs/scratch/rmdraux/PoPS-final-full-native-cuda-dim2-gh200-um-98804c68-20261009/source/include/pops/mesh/execution/for_each.hpp
              instantiation of "void pops::for_each_cell(const ExecutionSpace &, const pops::Box<Dim> &, F) [with ExecutionSpace=Kokkos::DefaultExecutionSpace, Dim=2, F=pops::physical_boundary_detail::ApplyPhysicalRegion<2>]" at line 253 of /gpfs/scratch/rmdraux/PoPS-final-full-native-cuda-dim2-gh200-um-98804c68-20261009/source/include/pops/mesh/execution/for_each.hpp
              instantiation of "void pops::for_each_cell(const pops::Box<Dim> &, F) [with Dim=2, F=pops::physical_boundary_detail::ApplyPhysicalRegion<2>]" at line 334
              instantiation of "void pops::fill_physical_boundary(pops::MultiFab<Dim, MemorySpace> &, const pops::PreparedPhysicalBoundary<Dim> &, int, int) [with Dim=2, MemorySpace=Kokkos::Cuda::memory_space]" at line 343
              [ 20 instantiation contexts not shown ]
              instantiation of "std::__shared_count<_Lp>::__shared_count(_Tp *&, std::_Sp_alloc_shared_tag<_Alloc>, _Args &&...) [with _Lp=__gnu_cxx::_S_atomic, _Tp=pops::runtime::amr::<unnamed>::BuiltinExactAmrFieldSolverProvider<2, Kokkos::Cuda::memory_space>, _Alloc=std::allocator<void>, _Args=<>]" at line 1713 of /gpfs/projet/r250127/rmdraux/sol61-gpu-bootstrap-20261004/compiler13/lib/gcc/aarch64-conda-linux-gnu/13.4.0/include/c++/bits/shared_ptr_base.h
              instantiation of "std::__shared_ptr<_Tp, _Lp>::__shared_ptr(std::_Sp_alloc_shared_tag<_Alloc>, _Args &&...) [with _Tp=pops::runtime::amr::<unnamed>::BuiltinExactAmrFieldSolverProvider<2, Kokkos::Cuda::memory_space>, _Lp=__gnu_cxx::_S_atomic, _Alloc=std::allocator<void>, _Args=<>]" at line 465 of /gpfs/projet/r250127/rmdraux/sol61-gpu-bootstrap-20261004/compiler13/lib/gcc/aarch64-conda-linux-gnu/13.4.0/include/c++/bits/shared_ptr.h
              instantiation of "std::shared_ptr<_Tp>::shared_ptr(std::_Sp_alloc_shared_tag<_Alloc>, _Args &&...) [with _Tp=pops::runtime::amr::<unnamed>::BuiltinExactAmrFieldSolverProvider<2, Kokkos::Cuda::memory_space>, _Alloc=std::allocator<void>, _Args=<>]" at line 1010 of /gpfs/projet/r250127/rmdraux/sol61-gpu-bootstrap-20261004/compiler13/lib/gcc/aarch64-conda-linux-gnu/13.4.0/include/c++/bits/shared_ptr.h
              instantiation of "std::shared_ptr<std::_NonArray<_Tp>> std::make_shared<_Tp,_Args...>(_Args &&...) [with _Tp=pops::runtime::amr::<unnamed>::BuiltinExactAmrFieldSolverProvider<2, Kokkos::Cuda::memory_space>, _Args=<>]" at line 353 of /gpfs/scratch/rmdraux/PoPS-final-full-native-cuda-dim2-gh200-um-98804c68-20261009/source/src/runtime/amr/amr_field_solver_builtin.cpp
              instantiation of "std::shared_ptr<const pops::runtime::amr::ExactAmrFieldSolverProvider<Dim, MemorySpace>> pops::runtime::amr::make_builtin_exact_amr_field_solver_provider<Dim,MemorySpace>() [with Dim=2, MemorySpace=Kokkos::Cuda::memory_space]" at line 356 of /gpfs/scratch/rmdraux/PoPS-final-full-native-cuda-dim2-gh200-um-98804c68-20261009/source/src/runtime/amr/amr_field_solver_builtin.cpp

  /gpfs/scratch/rmdraux/PoPS-final-full-native-cuda-dim2-gh200-um-98804c68-20261009/source/include/pops/mesh/boundary/physical_bc.hpp(216): warning #20013-D: calling a constexpr __host__ function("operator[]") from a __host__ __device__ function("operator()") is not allowed. The experimental flag '--expt-relaxed-constexpr' can be used to allow this.
              faces[static_cast<std::size_t>(Face<Dim>{axis, BoundarySide::lower}.ordinal())];
                   ^
            detected during:
              instantiation of "void pops::physical_boundary_detail::ApplyPhysicalRegion<Dim>::operator()(const pops::Index<Dim> &) const [with Dim=2]" at line 192 of /gpfs/scratch/rmdraux/PoPS-final-full-native-cuda-dim2-gh200-um-98804c68-20261009/source/include/pops/mesh/execution/for_each.hpp
              instantiation of "void pops::detail::launch_index_space(const ExecutionSpace &, const pops::Box<Dim> &, const char *, F) [with ExecutionSpace=Kokkos::DefaultExecutionSpace, Dim=2, F=pops::physical_boundary_detail::ApplyPhysicalRegion<2>]" at line 230 of /gpfs/scratch/rmdraux/PoPS-final-full-native-cuda-dim2-gh200-um-98804c68-20261009/source/include/pops/mesh/execution/for_each.hpp
              instantiation of "void pops::for_each_cell(const ExecutionSpace &, const pops::Box<Dim> &, F) [with ExecutionSpace=Kokkos::DefaultExecutionSpace, Dim=2, F=pops::physical_boundary_detail::ApplyPhysicalRegion<2>]" at line 253 of /gpfs/scratch/rmdraux/PoPS-final-full-native-cuda-dim2-gh200-um-98804c68-20261009/source/include/pops/mesh/execution/for_each.hpp
              instantiation of "void pops::for_each_cell(const pops::Box<Dim> &, F) [with Dim=2, F=pops::physical_boundary_detail::ApplyPhysicalRegion<2>]" at line 334
              instantiation of "void pops::fill_physical_boundary(pops::MultiFab<Dim, MemorySpace> &, const pops::PreparedPhysicalBoundary<Dim> &, int, int) [with Dim=2, MemorySpace=Kokkos::Cuda::memory_space]" at line 343
              [ 20 instantiation contexts not shown ]
              instantiation of "std::__shared_count<_Lp>::__shared_count(_Tp *&, std::_Sp_alloc_shared_tag<_Alloc>, _Args &&...) [with _Lp=__gnu_cxx::_S_atomic, _Tp=pops::runtime::amr::<unnamed>::BuiltinExactAmrFieldSolverProvider<2, Kokkos::Cuda::memory_space>, _Alloc=std::allocator<void>, _Args=<>]" at line 1713 of /gpfs/projet/r250127/rmdraux/sol61-gpu-bootstrap-20261004/compiler13/lib/gcc/aarch64-conda-linux-gnu/13.4.0/include/c++/bits/shared_ptr_base.h
              instantiation of "std::__shared_ptr<_Tp, _Lp>::__shared_ptr(std::_Sp_alloc_shared_tag<_Alloc>, _Args &&...) [with _Tp=pops::runtime::amr::<unnamed>::BuiltinExactAmrFieldSolverProvider<2, Kokkos::Cuda::memory_space>, _Lp=__gnu_cxx::_S_atomic, _Alloc=std::allocator<void>, _Args=<>]" at line 465 of /gpfs/projet/r250127/rmdraux/sol61-gpu-bootstrap-20261004/compiler13/lib/gcc/aarch64-conda-linux-gnu/13.4.0/include/c++/bits/shared_ptr.h
              instantiation of "std::shared_ptr<_Tp>::shared_ptr(std::_Sp_alloc_shared_tag<_Alloc>, _Args &&...) [with _Tp=pops::runtime::amr::<unnamed>::BuiltinExactAmrFieldSolverProvider<2, Kokkos::Cuda::memory_space>, _Alloc=std::allocator<void>, _Args=<>]" at line 1010 of /gpfs/projet/r250127/rmdraux/sol61-gpu-bootstrap-20261004/compiler13/lib/gcc/aarch64-conda-linux-gnu/13.4.0/include/c++/bits/shared_ptr.h
              instantiation of "std::shared_ptr<std::_NonArray<_Tp>> std::make_shared<_Tp,_Args...>(_Args &&...) [with _Tp=pops::runtime::amr::<unnamed>::BuiltinExactAmrFieldSolverProvider<2, Kokkos::Cuda::memory_space>, _Args=<>]" at line 353 of /gpfs/scratch/rmdraux/PoPS-final-full-native-cuda-dim2-gh200-um-98804c68-20261009/source/src/runtime/amr/amr_field_solver_builtin.cpp
              instantiation of "std::shared_ptr<const pops::runtime::amr::ExactAmrFieldSolverProvider<Dim, MemorySpace>> pops::runtime::amr::make_builtin_exact_amr_field_solver_provider<Dim,MemorySpace>() [with Dim=2, MemorySpace=Kokkos::Cuda::memory_space]" at line 356 of /gpfs/scratch/rmdraux/PoPS-final-full-native-cuda-dim2-gh200-um-98804c68-20261009/source/src/runtime/amr/amr_field_solver_builtin.cpp

  /gpfs/scratch/rmdraux/PoPS-final-full-native-cuda-dim2-gh200-um-98804c68-20261009/source/include/pops/mesh/boundary/physical_bc.hpp(218): warning #20013-D: calling a constexpr __host__ function("ordinal") from a __host__ __device__ function("operator()") is not allowed. The experimental flag '--expt-relaxed-constexpr' can be used to allow this.
              faces[static_cast<std::size_t>(Face<Dim>{axis, BoundarySide::upper}.ordinal())];
                                                                                  ^
            detected during:
              instantiation of "void pops::physical_boundary_detail::ApplyPhysicalRegion<Dim>::operator()(const pops::Index<Dim> &) const [with Dim=2]" at line 192 of /gpfs/scratch/rmdraux/PoPS-final-full-native-cuda-dim2-gh200-um-98804c68-20261009/source/include/pops/mesh/execution/for_each.hpp
              instantiation of "void pops::detail::launch_index_space(const ExecutionSpace &, const pops::Box<Dim> &, const char *, F) [with ExecutionSpace=Kokkos::DefaultExecutionSpace, Dim=2, F=pops::physical_boundary_detail::ApplyPhysicalRegion<2>]" at line 230 of /gpfs/scratch/rmdraux/PoPS-final-full-native-cuda-dim2-gh200-um-98804c68-20261009/source/include/pops/mesh/execution/for_each.hpp
              instantiation of "void pops::for_each_cell(const ExecutionSpace &, const pops::Box<Dim> &, F) [with ExecutionSpace=Kokkos::DefaultExecutionSpace, Dim=2, F=pops::physical_boundary_detail::ApplyPhysicalRegion<2>]" at line 253 of /gpfs/scratch/rmdraux/PoPS-final-full-native-cuda-dim2-gh200-um-98804c68-20261009/source/include/pops/mesh/execution/for_each.hpp
              instantiation of "void pops::for_each_cell(const pops::Box<Dim> &, F) [with Dim=2, F=pops::physical_boundary_detail::ApplyPhysicalRegion<2>]" at line 334
              instantiation of "void pops::fill_physical_boundary(pops::MultiFab<Dim, MemorySpace> &, const pops::PreparedPhysicalBoundary<Dim> &, int, int) [with Dim=2, MemorySpace=Kokkos::Cuda::memory_space]" at line 343
              [ 20 instantiation contexts not shown ]
              instantiation of "std::__shared_count<_Lp>::__shared_count(_Tp *&, std::_Sp_alloc_shared_tag<_Alloc>, _Args &&...) [with _Lp=__gnu_cxx::_S_atomic, _Tp=pops::runtime::amr::<unnamed>::BuiltinExactAmrFieldSolverProvider<2, Kokkos::Cuda::memory_space>, _Alloc=std::allocator<void>, _Args=<>]" at line 1713 of /gpfs/projet/r250127/rmdraux/sol61-gpu-bootstrap-20261004/compiler13/lib/gcc/aarch64-conda-linux-gnu/13.4.0/include/c++/bits/shared_ptr_base.h
              instantiation of "std::__shared_ptr<_Tp, _Lp>::__shared_ptr(std::_Sp_alloc_shared_tag<_Alloc>, _Args &&...) [with _Tp=pops::runtime::amr::<unnamed>::BuiltinExactAmrFieldSolverProvider<2, Kokkos::Cuda::memory_space>, _Lp=__gnu_cxx::_S_atomic, _Alloc=std::allocator<void>, _Args=<>]" at line 465 of /gpfs/projet/r250127/rmdraux/sol61-gpu-bootstrap-20261004/compiler13/lib/gcc/aarch64-conda-linux-gnu/13.4.0/include/c++/bits/shared_ptr.h
              instantiation of "std::shared_ptr<_Tp>::shared_ptr(std::_Sp_alloc_shared_tag<_Alloc>, _Args &&...) [with _Tp=pops::runtime::amr::<unnamed>::BuiltinExactAmrFieldSolverProvider<2, Kokkos::Cuda::memory_space>, _Alloc=std::allocator<void>, _Args=<>]" at line 1010 of /gpfs/projet/r250127/rmdraux/sol61-gpu-bootstrap-20261004/compiler13/lib/gcc/aarch64-conda-linux-gnu/13.4.0/include/c++/bits/shared_ptr.h
              instantiation of "std::shared_ptr<std::_NonArray<_Tp>> std::make_shared<_Tp,_Args...>(_Args &&...) [with _Tp=pops::runtime::amr::<unnamed>::BuiltinExactAmrFieldSolverProvider<2, Kokkos::Cuda::memory_space>, _Args=<>]" at line 353 of /gpfs/scratch/rmdraux/PoPS-final-full-native-cuda-dim2-gh200-um-98804c68-20261009/source/src/runtime/amr/amr_field_solver_builtin.cpp
              instantiation of "std::shared_ptr<const pops::runtime::amr::ExactAmrFieldSolverProvider<Dim, MemorySpace>> pops::runtime::amr::make_builtin_exact_amr_field_solver_provider<Dim,MemorySpace>() [with Dim=2, MemorySpace=Kokkos::Cuda::memory_space]" at line 356 of /gpfs/scratch/rmdraux/PoPS-final-full-native-cuda-dim2-gh200-um-98804c68-20261009/source/src/runtime/amr/amr_field_solver_builtin.cpp

  /gpfs/scratch/rmdraux/PoPS-final-full-native-cuda-dim2-gh200-um-98804c68-20261009/source/include/pops/mesh/boundary/physical_bc.hpp(218): warning #20013-D: calling a constexpr __host__ function("operator[]") from a __host__ __device__ function("operator()") is not allowed. The experimental flag '--expt-relaxed-constexpr' can be used to allow this.
              faces[static_cast<std::size_t>(Face<Dim>{axis, BoundarySide::upper}.ordinal())];
                   ^
            detected during:
              instantiation of "void pops::physical_boundary_detail::ApplyPhysicalRegion<Dim>::operator()(const pops::Index<Dim> &) const [with Dim=2]" at line 192 of /gpfs/scratch/rmdraux/PoPS-final-full-native-cuda-dim2-gh200-um-98804c68-20261009/source/include/pops/mesh/execution/for_each.hpp
              instantiation of "void pops::detail::launch_index_space(const ExecutionSpace &, const pops::Box<Dim> &, const char *, F) [with ExecutionSpace=Kokkos::DefaultExecutionSpace, Dim=2, F=pops::physical_boundary_detail::ApplyPhysicalRegion<2>]" at line 230 of /gpfs/scratch/rmdraux/PoPS-final-full-native-cuda-dim2-gh200-um-98804c68-20261009/source/include/pops/mesh/execution/for_each.hpp
              instantiation of "void pops::for_each_cell(const ExecutionSpace &, const pops::Box<Dim> &, F) [with ExecutionSpace=Kokkos::DefaultExecutionSpace, Dim=2, F=pops::physical_boundary_detail::ApplyPhysicalRegion<2>]" at line 253 of /gpfs/scratch/rmdraux/PoPS-final-full-native-cuda-dim2-gh200-um-98804c68-20261009/source/include/pops/mesh/execution/for_each.hpp
              instantiation of "void pops::for_each_cell(const pops::Box<Dim> &, F) [with Dim=2, F=pops::physical_boundary_detail::ApplyPhysicalRegion<2>]" at line 334
              instantiation of "void pops::fill_physical_boundary(pops::MultiFab<Dim, MemorySpace> &, const pops::PreparedPhysicalBoundary<Dim> &, int, int) [with Dim=2, MemorySpace=Kokkos::Cuda::memory_space]" at line 343
              [ 20 instantiation contexts not shown ]
              instantiation of "std::__shared_count<_Lp>::__shared_count(_Tp *&, std::_Sp_alloc_shared_tag<_Alloc>, _Args &&...) [with _Lp=__gnu_cxx::_S_atomic, _Tp=pops::runtime::amr::<unnamed>::BuiltinExactAmrFieldSolverProvider<2, Kokkos::Cuda::memory_space>, _Alloc=std::allocator<void>, _Args=<>]" at line 1713 of /gpfs/projet/r250127/rmdraux/sol61-gpu-bootstrap-20261004/compiler13/lib/gcc/aarch64-conda-linux-gnu/13.4.0/include/c++/bits/shared_ptr_base.h
              instantiation of "std::__shared_ptr<_Tp, _Lp>::__shared_ptr(std::_Sp_alloc_shared_tag<_Alloc>, _Args &&...) [with _Tp=pops::runtime::amr::<unnamed>::BuiltinExactAmrFieldSolverProvider<2, Kokkos::Cuda::memory_space>, _Lp=__gnu_cxx::_S_atomic, _Alloc=std::allocator<void>, _Args=<>]" at line 465 of /gpfs/projet/r250127/rmdraux/sol61-gpu-bootstrap-20261004/compiler13/lib/gcc/aarch64-conda-linux-gnu/13.4.0/include/c++/bits/shared_ptr.h
              instantiation of "std::shared_ptr<_Tp>::shared_ptr(std::_Sp_alloc_shared_tag<_Alloc>, _Args &&...) [with _Tp=pops::runtime::amr::<unnamed>::BuiltinExactAmrFieldSolverProvider<2, Kokkos::Cuda::memory_space>, _Alloc=std::allocator<void>, _Args=<>]" at line 1010 of /gpfs/projet/r250127/rmdraux/sol61-gpu-bootstrap-20261004/compiler13/lib/gcc/aarch64-conda-linux-gnu/13.4.0/include/c++/bits/shared_ptr.h
              instantiation of "std::shared_ptr<std::_NonArray<_Tp>> std::make_shared<_Tp,_Args...>(_Args &&...) [with _Tp=pops::runtime::amr::<unnamed>::BuiltinExactAmrFieldSolverProvider<2, Kokkos::Cuda::memory_space>, _Args=<>]" at line 353 of /gpfs/scratch/rmdraux/PoPS-final-full-native-cuda-dim2-gh200-um-98804c68-20261009/source/src/runtime/amr/amr_field_solver_builtin.cpp
              instantiation of "std::shared_ptr<const pops::runtime::amr::ExactAmrFieldSolverProvider<Dim, MemorySpace>> pops::runtime::amr::make_builtin_exact_amr_field_solver_provider<Dim,MemorySpace>() [with Dim=2, MemorySpace=Kokkos::Cuda::memory_space]" at line 356 of /gpfs/scratch/rmdraux/PoPS-final-full-native-cuda-dim2-gh200-um-98804c68-20261009/source/src/runtime/amr/amr_field_solver_builtin.cpp

  /gpfs/scratch/rmdraux/PoPS-final-full-native-cuda-dim2-gh200-um-98804c68-20261009/source/include/pops/mesh/boundary/physical_bc.hpp(211): warning #20015-D: calling a constexpr __host__ function from a __host__ __device__ function is not allowed. The experimental flag '--expt-relaxed-constexpr' can be used to allow this.
          const BoundaryOperation<Dim>& op = plan.operations[operation];
                                           ^
            detected during:
              instantiation of "void pops::physical_boundary_detail::ApplyPhysicalRegion<Dim>::operator()(const pops::Index<Dim> &) const [with Dim=2]" at line 192 of /gpfs/scratch/rmdraux/PoPS-final-full-native-cuda-dim2-gh200-um-98804c68-20261009/source/include/pops/mesh/execution/for_each.hpp
              instantiation of "void pops::detail::launch_index_space(const ExecutionSpace &, const pops::Box<Dim> &, const char *, F) [with ExecutionSpace=Kokkos::DefaultExecutionSpace, Dim=2, F=pops::physical_boundary_detail::ApplyPhysicalRegion<2>]" at line 230 of /gpfs/scratch/rmdraux/PoPS-final-full-native-cuda-dim2-gh200-um-98804c68-20261009/source/include/pops/mesh/execution/for_each.hpp
              instantiation of "void pops::for_each_cell(const ExecutionSpace &, const pops::Box<Dim> &, F) [with ExecutionSpace=Kokkos::DefaultExecutionSpace, Dim=2, F=pops::physical_boundary_detail::ApplyPhysicalRegion<2>]" at line 253 of /gpfs/scratch/rmdraux/PoPS-final-full-native-cuda-dim2-gh200-um-98804c68-20261009/source/include/pops/mesh/execution/for_each.hpp
              instantiation of "void pops::for_each_cell(const pops::Box<Dim> &, F) [with Dim=2, F=pops::physical_boundary_detail::ApplyPhysicalRegion<2>]" at line 334
              instantiation of "void pops::fill_physical_boundary(pops::MultiFab<Dim, MemorySpace> &, const pops::PreparedPhysicalBoundary<Dim> &, int, int) [with Dim=2, MemorySpace=Kokkos::Cuda::memory_space]" at line 343
              [ 20 instantiation contexts not shown ]
              instantiation of "std::__shared_count<_Lp>::__shared_count(_Tp *&, std::_Sp_alloc_shared_tag<_Alloc>, _Args &&...) [with _Lp=__gnu_cxx::_S_atomic, _Tp=pops::runtime::amr::<unnamed>::BuiltinExactAmrFieldSolverProvider<2, Kokkos::Cuda::memory_space>, _Alloc=std::allocator<void>, _Args=<>]" at line 1713 of /gpfs/projet/r250127/rmdraux/sol61-gpu-bootstrap-20261004/compiler13/lib/gcc/aarch64-conda-linux-gnu/13.4.0/include/c++/bits/shared_ptr_base.h
              instantiation of "std::__shared_ptr<_Tp, _Lp>::__shared_ptr(std::_Sp_alloc_shared_tag<_Alloc>, _Args &&...) [with _Tp=pops::runtime::amr::<unnamed>::BuiltinExactAmrFieldSolverProvider<2, Kokkos::Cuda::memory_space>, _Lp=__gnu_cxx::_S_atomic, _Alloc=std::allocator<void>, _Args=<>]" at line 465 of /gpfs/projet/r250127/rmdraux/sol61-gpu-bootstrap-20261004/compiler13/lib/gcc/aarch64-conda-linux-gnu/13.4.0/include/c++/bits/shared_ptr.h
              instantiation of "std::shared_ptr<_Tp>::shared_ptr(std::_Sp_alloc_shared_tag<_Alloc>, _Args &&...) [with _Tp=pops::runtime::amr::<unnamed>::BuiltinExactAmrFieldSolverProvider<2, Kokkos::Cuda::memory_space>, _Alloc=std::allocator<void>, _Args=<>]" at line 1010 of /gpfs/projet/r250127/rmdraux/sol61-gpu-bootstrap-20261004/compiler13/lib/gcc/aarch64-conda-linux-gnu/13.4.0/include/c++/bits/shared_ptr.h
              instantiation of "std::shared_ptr<std::_NonArray<_Tp>> std::make_shared<_Tp,_Args...>(_Args &&...) [with _Tp=pops::runtime::amr::<unnamed>::BuiltinExactAmrFieldSolverProvider<2, Kokkos::Cuda::memory_space>, _Args=<>]" at line 353 of /gpfs/scratch/rmdraux/PoPS-final-full-native-cuda-dim2-gh200-um-98804c68-20261009/source/src/runtime/amr/amr_field_solver_builtin.cpp
              instantiation of "std::shared_ptr<const pops::runtime::amr::ExactAmrFieldSolverProvider<Dim, MemorySpace>> pops::runtime::amr::make_builtin_exact_amr_field_solver_provider<Dim,MemorySpace>() [with Dim=2, MemorySpace=Kokkos::Cuda::memory_space]" at line 356 of /gpfs/scratch/rmdraux/PoPS-final-full-native-cuda-dim2-gh200-um-98804c68-20261009/source/src/runtime/amr/amr_field_solver_builtin.cpp

  /gpfs/scratch/rmdraux/PoPS-final-full-native-cuda-dim2-gh200-um-98804c68-20261009/source/include/pops/mesh/boundary/physical_bc.hpp(215): warning #20015-D: calling a constexpr __host__ function from a __host__ __device__ function is not allowed. The experimental flag '--expt-relaxed-constexpr' can be used to allow this.
          const PhysicalBoundaryFace low =
                                         ^
            detected during:
              instantiation of "void pops::physical_boundary_detail::ApplyPhysicalRegion<Dim>::operator()(const pops::Index<Dim> &) const [with Dim=2]" at line 192 of /gpfs/scratch/rmdraux/PoPS-final-full-native-cuda-dim2-gh200-um-98804c68-20261009/source/include/pops/mesh/execution/for_each.hpp
              instantiation of "void pops::detail::launch_index_space(const ExecutionSpace &, const pops::Box<Dim> &, const char *, F) [with ExecutionSpace=Kokkos::DefaultExecutionSpace, Dim=2, F=pops::physical_boundary_detail::ApplyPhysicalRegion<2>]" at line 230 of /gpfs/scratch/rmdraux/PoPS-final-full-native-cuda-dim2-gh200-um-98804c68-20261009/source/include/pops/mesh/execution/for_each.hpp
              instantiation of "void pops::for_each_cell(const ExecutionSpace &, const pops::Box<Dim> &, F) [with ExecutionSpace=Kokkos::DefaultExecutionSpace, Dim=2, F=pops::physical_boundary_detail::ApplyPhysicalRegion<2>]" at line 253 of /gpfs/scratch/rmdraux/PoPS-final-full-native-cuda-dim2-gh200-um-98804c68-20261009/source/include/pops/mesh/execution/for_each.hpp
              instantiation of "void pops::for_each_cell(const pops::Box<Dim> &, F) [with Dim=2, F=pops::physical_boundary_detail::ApplyPhysicalRegion<2>]" at line 334
              instantiation of "void pops::fill_physical_boundary(pops::MultiFab<Dim, MemorySpace> &, const pops::PreparedPhysicalBoundary<Dim> &, int, int) [with Dim=2, MemorySpace=Kokkos::Cuda::memory_space]" at line 343
              [ 20 instantiation contexts not shown ]
              instantiation of "std::__shared_count<_Lp>::__shared_count(_Tp *&, std::_Sp_alloc_shared_tag<_Alloc>, _Args &&...) [with _Lp=__gnu_cxx::_S_atomic, _Tp=pops::runtime::amr::<unnamed>::BuiltinExactAmrFieldSolverProvider<2, Kokkos::Cuda::memory_space>, _Alloc=std::allocator<void>, _Args=<>]" at line 1713 of /gpfs/projet/r250127/rmdraux/sol61-gpu-bootstrap-20261004/compiler13/lib/gcc/aarch64-conda-linux-gnu/13.4.0/include/c++/bits/shared_ptr_base.h
              instantiation of "std::__shared_ptr<_Tp, _Lp>::__shared_ptr(std::_Sp_alloc_shared_tag<_Alloc>, _Args &&...) [with _Tp=pops::runtime::amr::<unnamed>::BuiltinExactAmrFieldSolverProvider<2, Kokkos::Cuda::memory_space>, _Lp=__gnu_cxx::_S_atomic, _Alloc=std::allocator<void>, _Args=<>]" at line 465 of /gpfs/projet/r250127/rmdraux/sol61-gpu-bootstrap-20261004/compiler13/lib/gcc/aarch64-conda-linux-gnu/13.4.0/include/c++/bits/shared_ptr.h
              instantiation of "std::shared_ptr<_Tp>::shared_ptr(std::_Sp_alloc_shared_tag<_Alloc>, _Args &&...) [with _Tp=pops::runtime::amr::<unnamed>::BuiltinExactAmrFieldSolverProvider<2, Kokkos::Cuda::memory_space>, _Alloc=std::allocator<void>, _Args=<>]" at line 1010 of /gpfs/projet/r250127/rmdraux/sol61-gpu-bootstrap-20261004/compiler13/lib/gcc/aarch64-conda-linux-gnu/13.4.0/include/c++/bits/shared_ptr.h
              instantiation of "std::shared_ptr<std::_NonArray<_Tp>> std::make_shared<_Tp,_Args...>(_Args &&...) [with _Tp=pops::runtime::amr::<unnamed>::BuiltinExactAmrFieldSolverProvider<2, Kokkos::Cuda::memory_space>, _Args=<>]" at line 353 of /gpfs/scratch/rmdraux/PoPS-final-full-native-cuda-dim2-gh200-um-98804c68-20261009/source/src/runtime/amr/amr_field_solver_builtin.cpp
              instantiation of "std::shared_ptr<const pops::runtime::amr::ExactAmrFieldSolverProvider<Dim, MemorySpace>> pops::runtime::amr::make_builtin_exact_amr_field_solver_provider<Dim,MemorySpace>() [with Dim=2, MemorySpace=Kokkos::Cuda::memory_space]" at line 356 of /gpfs/scratch/rmdraux/PoPS-final-full-native-cuda-dim2-gh200-um-98804c68-20261009/source/src/runtime/amr/amr_field_solver_builtin.cpp

  /gpfs/scratch/rmdraux/PoPS-final-full-native-cuda-dim2-gh200-um-98804c68-20261009/source/include/pops/mesh/boundary/physical_bc.hpp(215): warning #20015-D: calling a constexpr __host__ function from a __host__ __device__ function is not allowed. The experimental flag '--expt-relaxed-constexpr' can be used to allow this.
          const PhysicalBoundaryFace low =
                                         ^
            detected during:
              instantiation of "void pops::physical_boundary_detail::ApplyPhysicalRegion<Dim>::operator()(const pops::Index<Dim> &) const [with Dim=2]" at line 192 of /gpfs/scratch/rmdraux/PoPS-final-full-native-cuda-dim2-gh200-um-98804c68-20261009/source/include/pops/mesh/execution/for_each.hpp
              instantiation of "void pops::detail::launch_index_space(const ExecutionSpace &, const pops::Box<Dim> &, const char *, F) [with ExecutionSpace=Kokkos::DefaultExecutionSpace, Dim=2, F=pops::physical_boundary_detail::ApplyPhysicalRegion<2>]" at line 230 of /gpfs/scratch/rmdraux/PoPS-final-full-native-cuda-dim2-gh200-um-98804c68-20261009/source/include/pops/mesh/execution/for_each.hpp
              instantiation of "void pops::for_each_cell(const ExecutionSpace &, const pops::Box<Dim> &, F) [with ExecutionSpace=Kokkos::DefaultExecutionSpace, Dim=2, F=pops::physical_boundary_detail::ApplyPhysicalRegion<2>]" at line 253 of /gpfs/scratch/rmdraux/PoPS-final-full-native-cuda-dim2-gh200-um-98804c68-20261009/source/include/pops/mesh/execution/for_each.hpp
              instantiation of "void pops::for_each_cell(const pops::Box<Dim> &, F) [with Dim=2, F=pops::physical_boundary_detail::ApplyPhysicalRegion<2>]" at line 334
              instantiation of "void pops::fill_physical_boundary(pops::MultiFab<Dim, MemorySpace> &, const pops::PreparedPhysicalBoundary<Dim> &, int, int) [with Dim=2, MemorySpace=Kokkos::Cuda::memory_space]" at line 343
              [ 20 instantiation contexts not shown ]
              instantiation of "std::__shared_count<_Lp>::__shared_count(_Tp *&, std::_Sp_alloc_shared_tag<_Alloc>, _Args &&...) [with _Lp=__gnu_cxx::_S_atomic, _Tp=pops::runtime::amr::<unnamed>::BuiltinExactAmrFieldSolverProvider<2, Kokkos::Cuda::memory_space>, _Alloc=std::allocator<void>, _Args=<>]" at line 1713 of /gpfs/projet/r250127/rmdraux/sol61-gpu-bootstrap-20261004/compiler13/lib/gcc/aarch64-conda-linux-gnu/13.4.0/include/c++/bits/shared_ptr_base.h
              instantiation of "std::__shared_ptr<_Tp, _Lp>::__shared_ptr(std::_Sp_alloc_shared_tag<_Alloc>, _Args &&...) [with _Tp=pops::runtime::amr::<unnamed>::BuiltinExactAmrFieldSolverProvider<2, Kokkos::Cuda::memory_space>, _Lp=__gnu_cxx::_S_atomic, _Alloc=std::allocator<void>, _Args=<>]" at line 465 of /gpfs/projet/r250127/rmdraux/sol61-gpu-bootstrap-20261004/compiler13/lib/gcc/aarch64-conda-linux-gnu/13.4.0/include/c++/bits/shared_ptr.h
              instantiation of "std::shared_ptr<_Tp>::shared_ptr(std::_Sp_alloc_shared_tag<_Alloc>, _Args &&...) [with _Tp=pops::runtime::amr::<unnamed>::BuiltinExactAmrFieldSolverProvider<2, Kokkos::Cuda::memory_space>, _Alloc=std::allocator<void>, _Args=<>]" at line 1010 of /gpfs/projet/r250127/rmdraux/sol61-gpu-bootstrap-20261004/compiler13/lib/gcc/aarch64-conda-linux-gnu/13.4.0/include/c++/bits/shared_ptr.h
              instantiation of "std::shared_ptr<std::_NonArray<_Tp>> std::make_shared<_Tp,_Args...>(_Args &&...) [with _Tp=pops::runtime::amr::<unnamed>::BuiltinExactAmrFieldSolverProvider<2, Kokkos::Cuda::memory_space>, _Args=<>]" at line 353 of /gpfs/scratch/rmdraux/PoPS-final-full-native-cuda-dim2-gh200-um-98804c68-20261009/source/src/runtime/amr/amr_field_solver_builtin.cpp
              instantiation of "std::shared_ptr<const pops::runtime::amr::ExactAmrFieldSolverProvider<Dim, MemorySpace>> pops::runtime::amr::make_builtin_exact_amr_field_solver_provider<Dim,MemorySpace>() [with Dim=2, MemorySpace=Kokkos::Cuda::memory_space]" at line 356 of /gpfs/scratch/rmdraux/PoPS-final-full-native-cuda-dim2-gh200-um-98804c68-20261009/source/src/runtime/amr/amr_field_solver_builtin.cpp

  /gpfs/scratch/rmdraux/PoPS-final-full-native-cuda-dim2-gh200-um-98804c68-20261009/source/include/pops/mesh/boundary/physical_bc.hpp(215): warning #20015-D: calling a constexpr __host__ function from a __host__ __device__ function is not allowed. The experimental flag '--expt-relaxed-constexpr' can be used to allow this.
          const PhysicalBoundaryFace low =
                                         ^
            detected during:
              instantiation of "void pops::physical_boundary_detail::ApplyPhysicalRegion<Dim>::operator()(const pops::Index<Dim> &) const [with Dim=2]" at line 192 of /gpfs/scratch/rmdraux/PoPS-final-full-native-cuda-dim2-gh200-um-98804c68-20261009/source/include/pops/mesh/execution/for_each.hpp
              instantiation of "void pops::detail::launch_index_space(const ExecutionSpace &, const pops::Box<Dim> &, const char *, F) [with ExecutionSpace=Kokkos::DefaultExecutionSpace, Dim=2, F=pops::physical_boundary_detail::ApplyPhysicalRegion<2>]" at line 230 of /gpfs/scratch/rmdraux/PoPS-final-full-native-cuda-dim2-gh200-um-98804c68-20261009/source/include/pops/mesh/execution/for_each.hpp
              instantiation of "void pops::for_each_cell(const ExecutionSpace &, const pops::Box<Dim> &, F) [with ExecutionSpace=Kokkos::DefaultExecutionSpace, Dim=2, F=pops::physical_boundary_detail::ApplyPhysicalRegion<2>]" at line 253 of /gpfs/scratch/rmdraux/PoPS-final-full-native-cuda-dim2-gh200-um-98804c68-20261009/source/include/pops/mesh/execution/for_each.hpp
              instantiation of "void pops::for_each_cell(const pops::Box<Dim> &, F) [with Dim=2, F=pops::physical_boundary_detail::ApplyPhysicalRegion<2>]" at line 334
              instantiation of "void pops::fill_physical_boundary(pops::MultiFab<Dim, MemorySpace> &, const pops::PreparedPhysicalBoundary<Dim> &, int, int) [with Dim=2, MemorySpace=Kokkos::Cuda::memory_space]" at line 343
              [ 20 instantiation contexts not shown ]
              instantiation of "std::__shared_count<_Lp>::__shared_count(_Tp *&, std::_Sp_alloc_shared_tag<_Alloc>, _Args &&...) [with _Lp=__gnu_cxx::_S_atomic, _Tp=pops::runtime::amr::<unnamed>::BuiltinExactAmrFieldSolverProvider<2, Kokkos::Cuda::memory_space>, _Alloc=std::allocator<void>, _Args=<>]" at line 1713 of /gpfs/projet/r250127/rmdraux/sol61-gpu-bootstrap-20261004/compiler13/lib/gcc/aarch64-conda-linux-gnu/13.4.0/include/c++/bits/shared_ptr_base.h
              instantiation of "std::__shared_ptr<_Tp, _Lp>::__shared_ptr(std::_Sp_alloc_shared_tag<_Alloc>, _Args &&...) [with _Tp=pops::runtime::amr::<unnamed>::BuiltinExactAmrFieldSolverProvider<2, Kokkos::Cuda::memory_space>, _Lp=__gnu_cxx::_S_atomic, _Alloc=std::allocator<void>, _Args=<>]" at line 465 of /gpfs/projet/r250127/rmdraux/sol61-gpu-bootstrap-20261004/compiler13/lib/gcc/aarch64-conda-linux-gnu/13.4.0/include/c++/bits/shared_ptr.h
              instantiation of "std::shared_ptr<_Tp>::shared_ptr(std::_Sp_alloc_shared_tag<_Alloc>, _Args &&...) [with _Tp=pops::runtime::amr::<unnamed>::BuiltinExactAmrFieldSolverProvider<2, Kokkos::Cuda::memory_space>, _Alloc=std::allocator<void>, _Args=<>]" at line 1010 of /gpfs/projet/r250127/rmdraux/sol61-gpu-bootstrap-20261004/compiler13/lib/gcc/aarch64-conda-linux-gnu/13.4.0/include/c++/bits/shared_ptr.h
              instantiation of "std::shared_ptr<std::_NonArray<_Tp>> std::make_shared<_Tp,_Args...>(_Args &&...) [with _Tp=pops::runtime::amr::<unnamed>::BuiltinExactAmrFieldSolverProvider<2, Kokkos::Cuda::memory_space>, _Args=<>]" at line 353 of /gpfs/scratch/rmdraux/PoPS-final-full-native-cuda-dim2-gh200-um-98804c68-20261009/source/src/runtime/amr/amr_field_solver_builtin.cpp
              instantiation of "std::shared_ptr<const pops::runtime::amr::ExactAmrFieldSolverProvider<Dim, MemorySpace>> pops::runtime::amr::make_builtin_exact_amr_field_solver_provider<Dim,MemorySpace>() [with Dim=2, MemorySpace=Kokkos::Cuda::memory_space]" at line 356 of /gpfs/scratch/rmdraux/PoPS-final-full-native-cuda-dim2-gh200-um-98804c68-20261009/source/src/runtime/amr/amr_field_solver_builtin.cpp

  /gpfs/scratch/rmdraux/PoPS-final-full-native-cuda-dim2-gh200-um-98804c68-20261009/source/include/pops/mesh/boundary/physical_bc.hpp(217): warning #20015-D: calling a constexpr __host__ function from a __host__ __device__ function is not allowed. The experimental flag '--expt-relaxed-constexpr' can be used to allow this.
          const PhysicalBoundaryFace high =
                                          ^
            detected during:
              instantiation of "void pops::physical_boundary_detail::ApplyPhysicalRegion<Dim>::operator()(const pops::Index<Dim> &) const [with Dim=2]" at line 192 of /gpfs/scratch/rmdraux/PoPS-final-full-native-cuda-dim2-gh200-um-98804c68-20261009/source/include/pops/mesh/execution/for_each.hpp
              instantiation of "void pops::detail::launch_index_space(const ExecutionSpace &, const pops::Box<Dim> &, const char *, F) [with ExecutionSpace=Kokkos::DefaultExecutionSpace, Dim=2, F=pops::physical_boundary_detail::ApplyPhysicalRegion<2>]" at line 230 of /gpfs/scratch/rmdraux/PoPS-final-full-native-cuda-dim2-gh200-um-98804c68-20261009/source/include/pops/mesh/execution/for_each.hpp
              instantiation of "void pops::for_each_cell(const ExecutionSpace &, const pops::Box<Dim> &, F) [with ExecutionSpace=Kokkos::DefaultExecutionSpace, Dim=2, F=pops::physical_boundary_detail::ApplyPhysicalRegion<2>]" at line 253 of /gpfs/scratch/rmdraux/PoPS-final-full-native-cuda-dim2-gh200-um-98804c68-20261009/source/include/pops/mesh/execution/for_each.hpp
              instantiation of "void pops::for_each_cell(const pops::Box<Dim> &, F) [with Dim=2, F=pops::physical_boundary_detail::ApplyPhysicalRegion<2>]" at line 334
              instantiation of "void pops::fill_physical_boundary(pops::MultiFab<Dim, MemorySpace> &, const pops::PreparedPhysicalBoundary<Dim> &, int, int) [with Dim=2, MemorySpace=Kokkos::Cuda::memory_space]" at line 343
              [ 20 instantiation contexts not shown ]
              instantiation of "std::__shared_count<_Lp>::__shared_count(_Tp *&, std::_Sp_alloc_shared_tag<_Alloc>, _Args &&...) [with _Lp=__gnu_cxx::_S_atomic, _Tp=pops::runtime::amr::<unnamed>::BuiltinExactAmrFieldSolverProvider<2, Kokkos::Cuda::memory_space>, _Alloc=std::allocator<void>, _Args=<>]" at line 1713 of /gpfs/projet/r250127/rmdraux/sol61-gpu-bootstrap-20261004/compiler13/lib/gcc/aarch64-conda-linux-gnu/13.4.0/include/c++/bits/shared_ptr_base.h
              instantiation of "std::__shared_ptr<_Tp, _Lp>::__shared_ptr(std::_Sp_alloc_shared_tag<_Alloc>, _Args &&...) [with _Tp=pops::runtime::amr::<unnamed>::BuiltinExactAmrFieldSolverProvider<2, Kokkos::Cuda::memory_space>, _Lp=__gnu_cxx::_S_atomic, _Alloc=std::allocator<void>, _Args=<>]" at line 465 of /gpfs/projet/r250127/rmdraux/sol61-gpu-bootstrap-20261004/compiler13/lib/gcc/aarch64-conda-linux-gnu/13.4.0/include/c++/bits/shared_ptr.h
              instantiation of "std::shared_ptr<_Tp>::shared_ptr(std::_Sp_alloc_shared_tag<_Alloc>, _Args &&...) [with _Tp=pops::runtime::amr::<unnamed>::BuiltinExactAmrFieldSolverProvider<2, Kokkos::Cuda::memory_space>, _Alloc=std::allocator<void>, _Args=<>]" at line 1010 of /gpfs/projet/r250127/rmdraux/sol61-gpu-bootstrap-20261004/compiler13/lib/gcc/aarch64-conda-linux-gnu/13.4.0/include/c++/bits/shared_ptr.h
              instantiation of "std::shared_ptr<std::_NonArray<_Tp>> std::make_shared<_Tp,_Args...>(_Args &&...) [with _Tp=pops::runtime::amr::<unnamed>::BuiltinExactAmrFieldSolverProvider<2, Kokkos::Cuda::memory_space>, _Args=<>]" at line 353 of /gpfs/scratch/rmdraux/PoPS-final-full-native-cuda-dim2-gh200-um-98804c68-20261009/source/src/runtime/amr/amr_field_solver_builtin.cpp
              instantiation of "std::shared_ptr<const pops::runtime::amr::ExactAmrFieldSolverProvider<Dim, MemorySpace>> pops::runtime::amr::make_builtin_exact_amr_field_solver_provider<Dim,MemorySpace>() [with Dim=2, MemorySpace=Kokkos::Cuda::memory_space]" at line 356 of /gpfs/scratch/rmdraux/PoPS-final-full-native-cuda-dim2-gh200-um-98804c68-20261009/source/src/runtime/amr/amr_field_solver_builtin.cpp

  /gpfs/scratch/rmdraux/PoPS-final-full-native-cuda-dim2-gh200-um-98804c68-20261009/source/include/pops/mesh/boundary/physical_bc.hpp(217): warning #20015-D: calling a constexpr __host__ function from a __host__ __device__ function is not allowed. The experimental flag '--expt-relaxed-constexpr' can be used to allow this.
          const PhysicalBoundaryFace high =
                                          ^
            detected during:
              instantiation of "void pops::physical_boundary_detail::ApplyPhysicalRegion<Dim>::operator()(const pops::Index<Dim> &) const [with Dim=2]" at line 192 of /gpfs/scratch/rmdraux/PoPS-final-full-native-cuda-dim2-gh200-um-98804c68-20261009/source/include/pops/mesh/execution/for_each.hpp
              instantiation of "void pops::detail::launch_index_space(const ExecutionSpace &, const pops::Box<Dim> &, const char *, F) [with ExecutionSpace=Kokkos::DefaultExecutionSpace, Dim=2, F=pops::physical_boundary_detail::ApplyPhysicalRegion<2>]" at line 230 of /gpfs/scratch/rmdraux/PoPS-final-full-native-cuda-dim2-gh200-um-98804c68-20261009/source/include/pops/mesh/execution/for_each.hpp
              instantiation of "void pops::for_each_cell(const ExecutionSpace &, const pops::Box<Dim> &, F) [with ExecutionSpace=Kokkos::DefaultExecutionSpace, Dim=2, F=pops::physical_boundary_detail::ApplyPhysicalRegion<2>]" at line 253 of /gpfs/scratch/rmdraux/PoPS-final-full-native-cuda-dim2-gh200-um-98804c68-20261009/source/include/pops/mesh/execution/for_each.hpp
              instantiation of "void pops::for_each_cell(const pops::Box<Dim> &, F) [with Dim=2, F=pops::physical_boundary_detail::ApplyPhysicalRegion<2>]" at line 334
              instantiation of "void pops::fill_physical_boundary(pops::MultiFab<Dim, MemorySpace> &, const pops::PreparedPhysicalBoundary<Dim> &, int, int) [with Dim=2, MemorySpace=Kokkos::Cuda::memory_space]" at line 343
              [ 20 instantiation contexts not shown ]
              instantiation of "std::__shared_count<_Lp>::__shared_count(_Tp *&, std::_Sp_alloc_shared_tag<_Alloc>, _Args &&...) [with _Lp=__gnu_cxx::_S_atomic, _Tp=pops::runtime::amr::<unnamed>::BuiltinExactAmrFieldSolverProvider<2, Kokkos::Cuda::memory_space>, _Alloc=std::allocator<void>, _Args=<>]" at line 1713 of /gpfs/projet/r250127/rmdraux/sol61-gpu-bootstrap-20261004/compiler13/lib/gcc/aarch64-conda-linux-gnu/13.4.0/include/c++/bits/shared_ptr_base.h
              instantiation of "std::__shared_ptr<_Tp, _Lp>::__shared_ptr(std::_Sp_alloc_shared_tag<_Alloc>, _Args &&...) [with _Tp=pops::runtime::amr::<unnamed>::BuiltinExactAmrFieldSolverProvider<2, Kokkos::Cuda::memory_space>, _Lp=__gnu_cxx::_S_atomic, _Alloc=std::allocator<void>, _Args=<>]" at line 465 of /gpfs/projet/r250127/rmdraux/sol61-gpu-bootstrap-20261004/compiler13/lib/gcc/aarch64-conda-linux-gnu/13.4.0/include/c++/bits/shared_ptr.h
              instantiation of "std::shared_ptr<_Tp>::shared_ptr(std::_Sp_alloc_shared_tag<_Alloc>, _Args &&...) [with _Tp=pops::runtime::amr::<unnamed>::BuiltinExactAmrFieldSolverProvider<2, Kokkos::Cuda::memory_space>, _Alloc=std::allocator<void>, _Args=<>]" at line 1010 of /gpfs/projet/r250127/rmdraux/sol61-gpu-bootstrap-20261004/compiler13/lib/gcc/aarch64-conda-linux-gnu/13.4.0/include/c++/bits/shared_ptr.h
              instantiation of "std::shared_ptr<std::_NonArray<_Tp>> std::make_shared<_Tp,_Args...>(_Args &&...) [with _Tp=pops::runtime::amr::<unnamed>::BuiltinExactAmrFieldSolverProvider<2, Kokkos::Cuda::memory_space>, _Args=<>]" at line 353 of /gpfs/scratch/rmdraux/PoPS-final-full-native-cuda-dim2-gh200-um-98804c68-20261009/source/src/runtime/amr/amr_field_solver_builtin.cpp
              instantiation of "std::shared_ptr<const pops::runtime::amr::ExactAmrFieldSolverProvider<Dim, MemorySpace>> pops::runtime::amr::make_builtin_exact_amr_field_solver_provider<Dim,MemorySpace>() [with Dim=2, MemorySpace=Kokkos::Cuda::memory_space]" at line 356 of /gpfs/scratch/rmdraux/PoPS-final-full-native-cuda-dim2-gh200-um-98804c68-20261009/source/src/runtime/amr/amr_field_solver_builtin.cpp

  /gpfs/scratch/rmdraux/PoPS-final-full-native-cuda-dim2-gh200-um-98804c68-20261009/source/include/pops/mesh/boundary/physical_bc.hpp(217): warning #20015-D: calling a constexpr __host__ function from a __host__ __device__ function is not allowed. The experimental flag '--expt-relaxed-constexpr' can be used to allow this.
          const PhysicalBoundaryFace high =
                                          ^
            detected during:
              instantiation of "void pops::physical_boundary_detail::ApplyPhysicalRegion<Dim>::operator()(const pops::Index<Dim> &) const [with Dim=2]" at line 192 of /gpfs/scratch/rmdraux/PoPS-final-full-native-cuda-dim2-gh200-um-98804c68-20261009/source/include/pops/mesh/execution/for_each.hpp
              instantiation of "void pops::detail::launch_index_space(const ExecutionSpace &, const pops::Box<Dim> &, const char *, F) [with ExecutionSpace=Kokkos::DefaultExecutionSpace, Dim=2, F=pops::physical_boundary_detail::ApplyPhysicalRegion<2>]" at line 230 of /gpfs/scratch/rmdraux/PoPS-final-full-native-cuda-dim2-gh200-um-98804c68-20261009/source/include/pops/mesh/execution/for_each.hpp
              instantiation of "void pops::for_each_cell(const ExecutionSpace &, const pops::Box<Dim> &, F) [with ExecutionSpace=Kokkos::DefaultExecutionSpace, Dim=2, F=pops::physical_boundary_detail::ApplyPhysicalRegion<2>]" at line 253 of /gpfs/scratch/rmdraux/PoPS-final-full-native-cuda-dim2-gh200-um-98804c68-20261009/source/include/pops/mesh/execution/for_each.hpp
              instantiation of "void pops::for_each_cell(const pops::Box<Dim> &, F) [with Dim=2, F=pops::physical_boundary_detail::ApplyPhysicalRegion<2>]" at line 334
              instantiation of "void pops::fill_physical_boundary(pops::MultiFab<Dim, MemorySpace> &, const pops::PreparedPhysicalBoundary<Dim> &, int, int) [with Dim=2, MemorySpace=Kokkos::Cuda::memory_space]" at line 343
              [ 20 instantiation contexts not shown ]
              instantiation of "std::__shared_count<_Lp>::__shared_count(_Tp *&, std::_Sp_alloc_shared_tag<_Alloc>, _Args &&...) [with _Lp=__gnu_cxx::_S_atomic, _Tp=pops::runtime::amr::<unnamed>::BuiltinExactAmrFieldSolverProvider<2, Kokkos::Cuda::memory_space>, _Alloc=std::allocator<void>, _Args=<>]" at line 1713 of /gpfs/projet/r250127/rmdraux/sol61-gpu-bootstrap-20261004/compiler13/lib/gcc/aarch64-conda-linux-gnu/13.4.0/include/c++/bits/shared_ptr_base.h
              instantiation of "std::__shared_ptr<_Tp, _Lp>::__shared_ptr(std::_Sp_alloc_shared_tag<_Alloc>, _Args &&...) [with _Tp=pops::runtime::amr::<unnamed>::BuiltinExactAmrFieldSolverProvider<2, Kokkos::Cuda::memory_space>, _Lp=__gnu_cxx::_S_atomic, _Alloc=std::allocator<void>, _Args=<>]" at line 465 of /gpfs/projet/r250127/rmdraux/sol61-gpu-bootstrap-20261004/compiler13/lib/gcc/aarch64-conda-linux-gnu/13.4.0/include/c++/bits/shared_ptr.h
              instantiation of "std::shared_ptr<_Tp>::shared_ptr(std::_Sp_alloc_shared_tag<_Alloc>, _Args &&...) [with _Tp=pops::runtime::amr::<unnamed>::BuiltinExactAmrFieldSolverProvider<2, Kokkos::Cuda::memory_space>, _Alloc=std::allocator<void>, _Args=<>]" at line 1010 of /gpfs/projet/r250127/rmdraux/sol61-gpu-bootstrap-20261004/compiler13/lib/gcc/aarch64-conda-linux-gnu/13.4.0/include/c++/bits/shared_ptr.h
              instantiation of "std::shared_ptr<std::_NonArray<_Tp>> std::make_shared<_Tp,_Args...>(_Args &&...) [with _Tp=pops::runtime::amr::<unnamed>::BuiltinExactAmrFieldSolverProvider<2, Kokkos::Cuda::memory_space>, _Args=<>]" at line 353 of /gpfs/scratch/rmdraux/PoPS-final-full-native-cuda-dim2-gh200-um-98804c68-20261009/source/src/runtime/amr/amr_field_solver_builtin.cpp
              instantiation of "std::shared_ptr<const pops::runtime::amr::ExactAmrFieldSolverProvider<Dim, MemorySpace>> pops::runtime::amr::make_builtin_exact_amr_field_solver_provider<Dim,MemorySpace>() [with Dim=2, MemorySpace=Kokkos::Cuda::memory_space]" at line 356 of /gpfs/scratch/rmdraux/PoPS-final-full-native-cuda-dim2-gh200-um-98804c68-20261009/source/src/runtime/amr/amr_field_solver_builtin.cpp

  /gpfs/scratch/rmdraux/PoPS-final-full-native-cuda-dim2-gh200-um-98804c68-20261009/source/include/pops/mesh/storage/mf_arith.hpp(186): warning #20013-D: calling a constexpr __host__ function("max") from a __host__ __device__ function("operator()") is not allowed. The experimental flag '--expt-relaxed-constexpr' can be used to allow this.
        return magnitude <= std::numeric_limits<Real>::max() ? magnitude
                            ^
            detected during:
              instantiation of "pops::Real pops::for_each_cell_reduce_max(const ExecutionSpace &, const pops::Box<Dim> &, F) [with ExecutionSpace=Kokkos::DefaultExecutionSpace, Dim=2, F=pops::mf_arith_detail::NormInfKernel<2>]" at line 419 of /gpfs/scratch/rmdraux/PoPS-final-full-native-cuda-dim2-gh200-um-98804c68-20261009/source/include/pops/mesh/execution/for_each.hpp
              instantiation of "pops::Real pops::for_each_cell_reduce_max(const pops::Box<Dim> &, F) [with Dim=2, F=pops::mf_arith_detail::NormInfKernel<2>]" at line 529
              instantiation of "pops::Real pops::norm_inf(const pops::MultiFab<Dim, MemorySpace> &, int) [with Dim=2, MemorySpace=Kokkos::Cuda::memory_space]" at line 2060 of /gpfs/scratch/rmdraux/PoPS-final-full-native-cuda-dim2-gh200-um-98804c68-20261009/source/include/pops/numerics/elliptic/amr/composite_fac_poisson.hpp
              instantiation of "pops::Real pops::elliptic::amr::CompositeFacPoisson<Dim, MemorySpace>::composite_residual_norm_() const [with Dim=2, MemorySpace=Kokkos::Cuda::memory_space]" at line 1889 of /gpfs/scratch/rmdraux/PoPS-final-full-native-cuda-dim2-gh200-um-98804c68-20261009/source/include/pops/numerics/elliptic/amr/composite_fac_poisson.hpp
              instantiation of "pops::Real pops::elliptic::amr::CompositeFacPoisson<Dim, MemorySpace>::composite_forcing_norm_() [with Dim=2, MemorySpace=Kokkos::Cuda::memory_space]" at line 956 of /gpfs/scratch/rmdraux/PoPS-final-full-native-cuda-dim2-gh200-um-98804c68-20261009/source/include/pops/numerics/elliptic/amr/composite_fac_poisson.hpp
              [ 15 instantiation contexts not shown ]
              instantiation of "std::__shared_count<_Lp>::__shared_count(_Tp *&, std::_Sp_alloc_shared_tag<_Alloc>, _Args &&...) [with _Lp=__gnu_cxx::_S_atomic, _Tp=pops::runtime::amr::<unnamed>::BuiltinExactAmrFieldSolverProvider<2, Kokkos::Cuda::memory_space>, _Alloc=std::allocator<void>, _Args=<>]" at line 1713 of /gpfs/projet/r250127/rmdraux/sol61-gpu-bootstrap-20261004/compiler13/lib/gcc/aarch64-conda-linux-gnu/13.4.0/include/c++/bits/shared_ptr_base.h
              instantiation of "std::__shared_ptr<_Tp, _Lp>::__shared_ptr(std::_Sp_alloc_shared_tag<_Alloc>, _Args &&...) [with _Tp=pops::runtime::amr::<unnamed>::BuiltinExactAmrFieldSolverProvider<2, Kokkos::Cuda::memory_space>, _Lp=__gnu_cxx::_S_atomic, _Alloc=std::allocator<void>, _Args=<>]" at line 465 of /gpfs/projet/r250127/rmdraux/sol61-gpu-bootstrap-20261004/compiler13/lib/gcc/aarch64-conda-linux-gnu/13.4.0/include/c++/bits/shared_ptr.h
              instantiation of "std::shared_ptr<_Tp>::shared_ptr(std::_Sp_alloc_shared_tag<_Alloc>, _Args &&...) [with _Tp=pops::runtime::amr::<unnamed>::BuiltinExactAmrFieldSolverProvider<2, Kokkos::Cuda::memory_space>, _Alloc=std::allocator<void>, _Args=<>]" at line 1010 of /gpfs/projet/r250127/rmdraux/sol61-gpu-bootstrap-20261004/compiler13/lib/gcc/aarch64-conda-linux-gnu/13.4.0/include/c++/bits/shared_ptr.h
              instantiation of "std::shared_ptr<std::_NonArray<_Tp>> std::make_shared<_Tp,_Args...>(_Args &&...) [with _Tp=pops::runtime::amr::<unnamed>::BuiltinExactAmrFieldSolverProvider<2, Kokkos::Cuda::memory_space>, _Args=<>]" at line 353 of /gpfs/scratch/rmdraux/PoPS-final-full-native-cuda-dim2-gh200-um-98804c68-20261009/source/src/runtime/amr/amr_field_solver_builtin.cpp
              instantiation of "std::shared_ptr<const pops::runtime::amr::ExactAmrFieldSolverProvider<Dim, MemorySpace>> pops::runtime::amr::make_builtin_exact_amr_field_solver_provider<Dim,MemorySpace>() [with Dim=2, MemorySpace=Kokkos::Cuda::memory_space]" at line 356 of /gpfs/scratch/rmdraux/PoPS-final-full-native-cuda-dim2-gh200-um-98804c68-20261009/source/src/runtime/amr/amr_field_solver_builtin.cpp

  /gpfs/scratch/rmdraux/PoPS-final-full-native-cuda-dim2-gh200-um-98804c68-20261009/source/include/pops/mesh/storage/mf_arith.hpp(187): warning #20013-D: calling a constexpr __host__ function("infinity") from a __host__ __device__ function("operator()") is not allowed. The experimental flag '--expt-relaxed-constexpr' can be used to allow this.
                                                             : std::numeric_limits<Real>::infinity();
                                                               ^
            detected during:
              instantiation of "pops::Real pops::for_each_cell_reduce_max(const ExecutionSpace &, const pops::Box<Dim> &, F) [with ExecutionSpace=Kokkos::DefaultExecutionSpace, Dim=2, F=pops::mf_arith_detail::NormInfKernel<2>]" at line 419 of /gpfs/scratch/rmdraux/PoPS-final-full-native-cuda-dim2-gh200-um-98804c68-20261009/source/include/pops/mesh/execution/for_each.hpp
              instantiation of "pops::Real pops::for_each_cell_reduce_max(const pops::Box<Dim> &, F) [with Dim=2, F=pops::mf_arith_detail::NormInfKernel<2>]" at line 529
              instantiation of "pops::Real pops::norm_inf(const pops::MultiFab<Dim, MemorySpace> &, int) [with Dim=2, MemorySpace=Kokkos::Cuda::memory_space]" at line 2060 of /gpfs/scratch/rmdraux/PoPS-final-full-native-cuda-dim2-gh200-um-98804c68-20261009/source/include/pops/numerics/elliptic/amr/composite_fac_poisson.hpp
              instantiation of "pops::Real pops::elliptic::amr::CompositeFacPoisson<Dim, MemorySpace>::composite_residual_norm_() const [with Dim=2, MemorySpace=Kokkos::Cuda::memory_space]" at line 1889 of /gpfs/scratch/rmdraux/PoPS-final-full-native-cuda-dim2-gh200-um-98804c68-20261009/source/include/pops/numerics/elliptic/amr/composite_fac_poisson.hpp
              instantiation of "pops::Real pops::elliptic::amr::CompositeFacPoisson<Dim, MemorySpace>::composite_forcing_norm_() [with Dim=2, MemorySpace=Kokkos::Cuda::memory_space]" at line 956 of /gpfs/scratch/rmdraux/PoPS-final-full-native-cuda-dim2-gh200-um-98804c68-20261009/source/include/pops/numerics/elliptic/amr/composite_fac_poisson.hpp
              [ 15 instantiation contexts not shown ]
              instantiation of "std::__shared_count<_Lp>::__shared_count(_Tp *&, std::_Sp_alloc_shared_tag<_Alloc>, _Args &&...) [with _Lp=__gnu_cxx::_S_atomic, _Tp=pops::runtime::amr::<unnamed>::BuiltinExactAmrFieldSolverProvider<2, Kokkos::Cuda::memory_space>, _Alloc=std::allocator<void>, _Args=<>]" at line 1713 of /gpfs/projet/r250127/rmdraux/sol61-gpu-bootstrap-20261004/compiler13/lib/gcc/aarch64-conda-linux-gnu/13.4.0/include/c++/bits/shared_ptr_base.h
              instantiation of "std::__shared_ptr<_Tp, _Lp>::__shared_ptr(std::_Sp_alloc_shared_tag<_Alloc>, _Args &&...) [with _Tp=pops::runtime::amr::<unnamed>::BuiltinExactAmrFieldSolverProvider<2, Kokkos::Cuda::memory_space>, _Lp=__gnu_cxx::_S_atomic, _Alloc=std::allocator<void>, _Args=<>]" at line 465 of /gpfs/projet/r250127/rmdraux/sol61-gpu-bootstrap-20261004/compiler13/lib/gcc/aarch64-conda-linux-gnu/13.4.0/include/c++/bits/shared_ptr.h
              instantiation of "std::shared_ptr<_Tp>::shared_ptr(std::_Sp_alloc_shared_tag<_Alloc>, _Args &&...) [with _Tp=pops::runtime::amr::<unnamed>::BuiltinExactAmrFieldSolverProvider<2, Kokkos::Cuda::memory_space>, _Alloc=std::allocator<void>, _Args=<>]" at line 1010 of /gpfs/projet/r250127/rmdraux/sol61-gpu-bootstrap-20261004/compiler13/lib/gcc/aarch64-conda-linux-gnu/13.4.0/include/c++/bits/shared_ptr.h
              instantiation of "std::shared_ptr<std::_NonArray<_Tp>> std::make_shared<_Tp,_Args...>(_Args &&...) [with _Tp=pops::runtime::amr::<unnamed>::BuiltinExactAmrFieldSolverProvider<2, Kokkos::Cuda::memory_space>, _Args=<>]" at line 353 of /gpfs/scratch/rmdraux/PoPS-final-full-native-cuda-dim2-gh200-um-98804c68-20261009/source/src/runtime/amr/amr_field_solver_builtin.cpp
              instantiation of "std::shared_ptr<const pops::runtime::amr::ExactAmrFieldSolverProvider<Dim, MemorySpace>> pops::runtime::amr::make_builtin_exact_amr_field_solver_provider<Dim,MemorySpace>() [with Dim=2, MemorySpace=Kokkos::Cuda::memory_space]" at line 356 of /gpfs/scratch/rmdraux/PoPS-final-full-native-cuda-dim2-gh200-um-98804c68-20261009/source/src/runtime/amr/amr_field_solver_builtin.cpp

  /gpfs/scratch/rmdraux/PoPS-final-full-native-cuda-dim2-gh200-um-98804c68-20261009/source/include/pops/amr/transfer/transfer_provider.hpp(541): warning #20013-D: calling a constexpr __host__ function("operator[]") from a __host__ __device__ function("interpolate_cell") is not allowed. The experimental flag '--expt-relaxed-constexpr' can be used to allow this.
            if (physical_boundary_.lower[axis] && parent[axis] == physical_boundary_.domain.lo[axis])
                                        ^
            detected during:
              instantiation of "void pops::amr::transfer::PreparedTransfer<Dim>::interpolate_cell(const pops::Index<Dim> &) const [with Dim=2]" at line 469
              instantiation of "void pops::amr::transfer::PreparedTransfer<Dim>::operator()(const pops::Index<Dim> &) const [with Dim=2]" at line 192 of /gpfs/scratch/rmdraux/PoPS-final-full-native-cuda-dim2-gh200-um-98804c68-20261009/source/include/pops/mesh/execution/for_each.hpp
              instantiation of "void pops::detail::launch_index_space(const ExecutionSpace &, const pops::Box<Dim> &, const char *, F) [with ExecutionSpace=Kokkos::DefaultExecutionSpace, Dim=2, F=pops::amr::transfer::PreparedTransfer<2>]" at line 230 of /gpfs/scratch/rmdraux/PoPS-final-full-native-cuda-dim2-gh200-um-98804c68-20261009/source/include/pops/mesh/execution/for_each.hpp
              instantiation of "void pops::for_each_cell(const ExecutionSpace &, const pops::Box<Dim> &, F) [with ExecutionSpace=Kokkos::DefaultExecutionSpace, Dim=2, F=pops::amr::transfer::PreparedTransfer<2>]" at line 253 of /gpfs/scratch/rmdraux/PoPS-final-full-native-cuda-dim2-gh200-um-98804c68-20261009/source/include/pops/mesh/execution/for_each.hpp
              instantiation of "void pops::for_each_cell(const pops::Box<Dim> &, F) [with Dim=2, F=pops::amr::transfer::PreparedTransfer<2>]" at line 342 of /gpfs/scratch/rmdraux/PoPS-final-full-native-cuda-dim2-gh200-um-98804c68-20261009/source/include/pops/numerics/elliptic/mg/composite_fac_nlevel.hpp
              [ 17 instantiation contexts not shown ]
              instantiation of "std::__shared_count<_Lp>::__shared_count(_Tp *&, std::_Sp_alloc_shared_tag<_Alloc>, _Args &&...) [with _Lp=__gnu_cxx::_S_atomic, _Tp=pops::runtime::amr::<unnamed>::BuiltinExactAmrFieldSolverProvider<2, Kokkos::Cuda::memory_space>, _Alloc=std::allocator<void>, _Args=<>]" at line 1713 of /gpfs/projet/r250127/rmdraux/sol61-gpu-bootstrap-20261004/compiler13/lib/gcc/aarch64-conda-linux-gnu/13.4.0/include/c++/bits/shared_ptr_base.h
              instantiation of "std::__shared_ptr<_Tp, _Lp>::__shared_ptr(std::_Sp_alloc_shared_tag<_Alloc>, _Args &&...) [with _Tp=pops::runtime::amr::<unnamed>::BuiltinExactAmrFieldSolverProvider<2, Kokkos::Cuda::memory_space>, _Lp=__gnu_cxx::_S_atomic, _Alloc=std::allocator<void>, _Args=<>]" at line 465 of /gpfs/projet/r250127/rmdraux/sol61-gpu-bootstrap-20261004/compiler13/lib/gcc/aarch64-conda-linux-gnu/13.4.0/include/c++/bits/shared_ptr.h
              instantiation of "std::shared_ptr<_Tp>::shared_ptr(std::_Sp_alloc_shared_tag<_Alloc>, _Args &&...) [with _Tp=pops::runtime::amr::<unnamed>::BuiltinExactAmrFieldSolverProvider<2, Kokkos::Cuda::memory_space>, _Alloc=std::allocator<void>, _Args=<>]" at line 1010 of /gpfs/projet/r250127/rmdraux/sol61-gpu-bootstrap-20261004/compiler13/lib/gcc/aarch64-conda-linux-gnu/13.4.0/include/c++/bits/shared_ptr.h
              instantiation of "std::shared_ptr<std::_NonArray<_Tp>> std::make_shared<_Tp,_Args...>(_Args &&...) [with _Tp=pops::runtime::amr::<unnamed>::BuiltinExactAmrFieldSolverProvider<2, Kokkos::Cuda::memory_space>, _Args=<>]" at line 353 of /gpfs/scratch/rmdraux/PoPS-final-full-native-cuda-dim2-gh200-um-98804c68-20261009/source/src/runtime/amr/amr_field_solver_builtin.cpp
              instantiation of "std::shared_ptr<const pops::runtime::amr::ExactAmrFieldSolverProvider<Dim, MemorySpace>> pops::runtime::amr::make_builtin_exact_amr_field_solver_provider<Dim,MemorySpace>() [with Dim=2, MemorySpace=Kokkos::Cuda::memory_space]" at line 356 of /gpfs/scratch/rmdraux/PoPS-final-full-native-cuda-dim2-gh200-um-98804c68-20261009/source/src/runtime/amr/amr_field_solver_builtin.cpp

  /gpfs/scratch/rmdraux/PoPS-final-full-native-cuda-dim2-gh200-um-98804c68-20261009/source/include/pops/amr/transfer/transfer_provider.hpp(543): warning #20013-D: calling a constexpr __host__ function("operator[]") from a __host__ __device__ function("interpolate_cell") is not allowed. The experimental flag '--expt-relaxed-constexpr' can be used to allow this.
            else if (physical_boundary_.upper[axis] &&
                                             ^
            detected during:
              instantiation of "void pops::amr::transfer::PreparedTransfer<Dim>::interpolate_cell(const pops::Index<Dim> &) const [with Dim=2]" at line 469
              instantiation of "void pops::amr::transfer::PreparedTransfer<Dim>::operator()(const pops::Index<Dim> &) const [with Dim=2]" at line 192 of /gpfs/scratch/rmdraux/PoPS-final-full-native-cuda-dim2-gh200-um-98804c68-20261009/source/include/pops/mesh/execution/for_each.hpp
              instantiation of "void pops::detail::launch_index_space(const ExecutionSpace &, const pops::Box<Dim> &, const char *, F) [with ExecutionSpace=Kokkos::DefaultExecutionSpace, Dim=2, F=pops::amr::transfer::PreparedTransfer<2>]" at line 230 of /gpfs/scratch/rmdraux/PoPS-final-full-native-cuda-dim2-gh200-um-98804c68-20261009/source/include/pops/mesh/execution/for_each.hpp
              instantiation of "void pops::for_each_cell(const ExecutionSpace &, const pops::Box<Dim> &, F) [with ExecutionSpace=Kokkos::DefaultExecutionSpace, Dim=2, F=pops::amr::transfer::PreparedTransfer<2>]" at line 253 of /gpfs/scratch/rmdraux/PoPS-final-full-native-cuda-dim2-gh200-um-98804c68-20261009/source/include/pops/mesh/execution/for_each.hpp
              instantiation of "void pops::for_each_cell(const pops::Box<Dim> &, F) [with Dim=2, F=pops::amr::transfer::PreparedTransfer<2>]" at line 342 of /gpfs/scratch/rmdraux/PoPS-final-full-native-cuda-dim2-gh200-um-98804c68-20261009/source/include/pops/numerics/elliptic/mg/composite_fac_nlevel.hpp
              [ 17 instantiation contexts not shown ]
              instantiation of "std::__shared_count<_Lp>::__shared_count(_Tp *&, std::_Sp_alloc_shared_tag<_Alloc>, _Args &&...) [with _Lp=__gnu_cxx::_S_atomic, _Tp=pops::runtime::amr::<unnamed>::BuiltinExactAmrFieldSolverProvider<2, Kokkos::Cuda::memory_space>, _Alloc=std::allocator<void>, _Args=<>]" at line 1713 of /gpfs/projet/r250127/rmdraux/sol61-gpu-bootstrap-20261004/compiler13/lib/gcc/aarch64-conda-linux-gnu/13.4.0/include/c++/bits/shared_ptr_base.h
              instantiation of "std::__shared_ptr<_Tp, _Lp>::__shared_ptr(std::_Sp_alloc_shared_tag<_Alloc>, _Args &&...) [with _Tp=pops::runtime::amr::<unnamed>::BuiltinExactAmrFieldSolverProvider<2, Kokkos::Cuda::memory_space>, _Lp=__gnu_cxx::_S_atomic, _Alloc=std::allocator<void>, _Args=<>]" at line 465 of /gpfs/projet/r250127/rmdraux/sol61-gpu-bootstrap-20261004/compiler13/lib/gcc/aarch64-conda-linux-gnu/13.4.0/include/c++/bits/shared_ptr.h
              instantiation of "std::shared_ptr<_Tp>::shared_ptr(std::_Sp_alloc_shared_tag<_Alloc>, _Args &&...) [with _Tp=pops::runtime::amr::<unnamed>::BuiltinExactAmrFieldSolverProvider<2, Kokkos::Cuda::memory_space>, _Alloc=std::allocator<void>, _Args=<>]" at line 1010 of /gpfs/projet/r250127/rmdraux/sol61-gpu-bootstrap-20261004/compiler13/lib/gcc/aarch64-conda-linux-gnu/13.4.0/include/c++/bits/shared_ptr.h
              instantiation of "std::shared_ptr<std::_NonArray<_Tp>> std::make_shared<_Tp,_Args...>(_Args &&...) [with _Tp=pops::runtime::amr::<unnamed>::BuiltinExactAmrFieldSolverProvider<2, Kokkos::Cuda::memory_space>, _Args=<>]" at line 353 of /gpfs/scratch/rmdraux/PoPS-final-full-native-cuda-dim2-gh200-um-98804c68-20261009/source/src/runtime/amr/amr_field_solver_builtin.cpp
              instantiation of "std::shared_ptr<const pops::runtime::amr::ExactAmrFieldSolverProvider<Dim, MemorySpace>> pops::runtime::amr::make_builtin_exact_amr_field_solver_provider<Dim,MemorySpace>() [with Dim=2, MemorySpace=Kokkos::Cuda::memory_space]" at line 356 of /gpfs/scratch/rmdraux/PoPS-final-full-native-cuda-dim2-gh200-um-98804c68-20261009/source/src/runtime/amr/amr_field_solver_builtin.cpp

  /gpfs/scratch/rmdraux/PoPS-final-full-native-cuda-dim2-gh200-um-98804c68-20261009/source/include/pops/amr/transfer/transfer_provider.hpp(541): warning #20015-D: calling a constexpr __host__ function from a __host__ __device__ function is not allowed. The experimental flag '--expt-relaxed-constexpr' can be used to allow this.
            if (physical_boundary_.lower[axis] && parent[axis] == physical_boundary_.domain.lo[axis])
            ^
            detected during:
              instantiation of "void pops::amr::transfer::PreparedTransfer<Dim>::interpolate_cell(const pops::Index<Dim> &) const [with Dim=2]" at line 469
              instantiation of "void pops::amr::transfer::PreparedTransfer<Dim>::operator()(const pops::Index<Dim> &) const [with Dim=2]" at line 192 of /gpfs/scratch/rmdraux/PoPS-final-full-native-cuda-dim2-gh200-um-98804c68-20261009/source/include/pops/mesh/execution/for_each.hpp
              instantiation of "void pops::detail::launch_index_space(const ExecutionSpace &, const pops::Box<Dim> &, const char *, F) [with ExecutionSpace=Kokkos::DefaultExecutionSpace, Dim=2, F=pops::amr::transfer::PreparedTransfer<2>]" at line 230 of /gpfs/scratch/rmdraux/PoPS-final-full-native-cuda-dim2-gh200-um-98804c68-20261009/source/include/pops/mesh/execution/for_each.hpp
              instantiation of "void pops::for_each_cell(const ExecutionSpace &, const pops::Box<Dim> &, F) [with ExecutionSpace=Kokkos::DefaultExecutionSpace, Dim=2, F=pops::amr::transfer::PreparedTransfer<2>]" at line 253 of /gpfs/scratch/rmdraux/PoPS-final-full-native-cuda-dim2-gh200-um-98804c68-20261009/source/include/pops/mesh/execution/for_each.hpp
              instantiation of "void pops::for_each_cell(const pops::Box<Dim> &, F) [with Dim=2, F=pops::amr::transfer::PreparedTransfer<2>]" at line 342 of /gpfs/scratch/rmdraux/PoPS-final-full-native-cuda-dim2-gh200-um-98804c68-20261009/source/include/pops/numerics/elliptic/mg/composite_fac_nlevel.hpp
              [ 17 instantiation contexts not shown ]
              instantiation of "std::__shared_count<_Lp>::__shared_count(_Tp *&, std::_Sp_alloc_shared_tag<_Alloc>, _Args &&...) [with _Lp=__gnu_cxx::_S_atomic, _Tp=pops::runtime::amr::<unnamed>::BuiltinExactAmrFieldSolverProvider<2, Kokkos::Cuda::memory_space>, _Alloc=std::allocator<void>, _Args=<>]" at line 1713 of /gpfs/projet/r250127/rmdraux/sol61-gpu-bootstrap-20261004/compiler13/lib/gcc/aarch64-conda-linux-gnu/13.4.0/include/c++/bits/shared_ptr_base.h
              instantiation of "std::__shared_ptr<_Tp, _Lp>::__shared_ptr(std::_Sp_alloc_shared_tag<_Alloc>, _Args &&...) [with _Tp=pops::runtime::amr::<unnamed>::BuiltinExactAmrFieldSolverProvider<2, Kokkos::Cuda::memory_space>, _Lp=__gnu_cxx::_S_atomic, _Alloc=std::allocator<void>, _Args=<>]" at line 465 of /gpfs/projet/r250127/rmdraux/sol61-gpu-bootstrap-20261004/compiler13/lib/gcc/aarch64-conda-linux-gnu/13.4.0/include/c++/bits/shared_ptr.h
              instantiation of "std::shared_ptr<_Tp>::shared_ptr(std::_Sp_alloc_shared_tag<_Alloc>, _Args &&...) [with _Tp=pops::runtime::amr::<unnamed>::BuiltinExactAmrFieldSolverProvider<2, Kokkos::Cuda::memory_space>, _Alloc=std::allocator<void>, _Args=<>]" at line 1010 of /gpfs/projet/r250127/rmdraux/sol61-gpu-bootstrap-20261004/compiler13/lib/gcc/aarch64-conda-linux-gnu/13.4.0/include/c++/bits/shared_ptr.h
              instantiation of "std::shared_ptr<std::_NonArray<_Tp>> std::make_shared<_Tp,_Args...>(_Args &&...) [with _Tp=pops::runtime::amr::<unnamed>::BuiltinExactAmrFieldSolverProvider<2, Kokkos::Cuda::memory_space>, _Args=<>]" at line 353 of /gpfs/scratch/rmdraux/PoPS-final-full-native-cuda-dim2-gh200-um-98804c68-20261009/source/src/runtime/amr/amr_field_solver_builtin.cpp
              instantiation of "std::shared_ptr<const pops::runtime::amr::ExactAmrFieldSolverProvider<Dim, MemorySpace>> pops::runtime::amr::make_builtin_exact_amr_field_solver_provider<Dim,MemorySpace>() [with Dim=2, MemorySpace=Kokkos::Cuda::memory_space]" at line 356 of /gpfs/scratch/rmdraux/PoPS-final-full-native-cuda-dim2-gh200-um-98804c68-20261009/source/src/runtime/amr/amr_field_solver_builtin.cpp

  /gpfs/scratch/rmdraux/PoPS-final-full-native-cuda-dim2-gh200-um-98804c68-20261009/source/include/pops/amr/transfer/transfer_provider.hpp(543): warning #20015-D: calling a constexpr __host__ function from a __host__ __device__ function is not allowed. The experimental flag '--expt-relaxed-constexpr' can be used to allow this.
            else if (physical_boundary_.upper[axis] &&
                 ^
            detected during:
              instantiation of "void pops::amr::transfer::PreparedTransfer<Dim>::interpolate_cell(const pops::Index<Dim> &) const [with Dim=2]" at line 469
              instantiation of "void pops::amr::transfer::PreparedTransfer<Dim>::operator()(const pops::Index<Dim> &) const [with Dim=2]" at line 192 of /gpfs/scratch/rmdraux/PoPS-final-full-native-cuda-dim2-gh200-um-98804c68-20261009/source/include/pops/mesh/execution/for_each.hpp
              instantiation of "void pops::detail::launch_index_space(const ExecutionSpace &, const pops::Box<Dim> &, const char *, F) [with ExecutionSpace=Kokkos::DefaultExecutionSpace, Dim=2, F=pops::amr::transfer::PreparedTransfer<2>]" at line 230 of /gpfs/scratch/rmdraux/PoPS-final-full-native-cuda-dim2-gh200-um-98804c68-20261009/source/include/pops/mesh/execution/for_each.hpp
              instantiation of "void pops::for_each_cell(const ExecutionSpace &, const pops::Box<Dim> &, F) [with ExecutionSpace=Kokkos::DefaultExecutionSpace, Dim=2, F=pops::amr::transfer::PreparedTransfer<2>]" at line 253 of /gpfs/scratch/rmdraux/PoPS-final-full-native-cuda-dim2-gh200-um-98804c68-20261009/source/include/pops/mesh/execution/for_each.hpp
              instantiation of "void pops::for_each_cell(const pops::Box<Dim> &, F) [with Dim=2, F=pops::amr::transfer::PreparedTransfer<2>]" at line 342 of /gpfs/scratch/rmdraux/PoPS-final-full-native-cuda-dim2-gh200-um-98804c68-20261009/source/include/pops/numerics/elliptic/mg/composite_fac_nlevel.hpp
              [ 17 instantiation contexts not shown ]
              instantiation of "std::__shared_count<_Lp>::__shared_count(_Tp *&, std::_Sp_alloc_shared_tag<_Alloc>, _Args &&...) [with _Lp=__gnu_cxx::_S_atomic, _Tp=pops::runtime::amr::<unnamed>::BuiltinExactAmrFieldSolverProvider<2, Kokkos::Cuda::memory_space>, _Alloc=std::allocator<void>, _Args=<>]" at line 1713 of /gpfs/projet/r250127/rmdraux/sol61-gpu-bootstrap-20261004/compiler13/lib/gcc/aarch64-conda-linux-gnu/13.4.0/include/c++/bits/shared_ptr_base.h
              instantiation of "std::__shared_ptr<_Tp, _Lp>::__shared_ptr(std::_Sp_alloc_shared_tag<_Alloc>, _Args &&...) [with _Tp=pops::runtime::amr::<unnamed>::BuiltinExactAmrFieldSolverProvider<2, Kokkos::Cuda::memory_space>, _Lp=__gnu_cxx::_S_atomic, _Alloc=std::allocator<void>, _Args=<>]" at line 465 of /gpfs/projet/r250127/rmdraux/sol61-gpu-bootstrap-20261004/compiler13/lib/gcc/aarch64-conda-linux-gnu/13.4.0/include/c++/bits/shared_ptr.h
              instantiation of "std::shared_ptr<_Tp>::shared_ptr(std::_Sp_alloc_shared_tag<_Alloc>, _Args &&...) [with _Tp=pops::runtime::amr::<unnamed>::BuiltinExactAmrFieldSolverProvider<2, Kokkos::Cuda::memory_space>, _Alloc=std::allocator<void>, _Args=<>]" at line 1010 of /gpfs/projet/r250127/rmdraux/sol61-gpu-bootstrap-20261004/compiler13/lib/gcc/aarch64-conda-linux-gnu/13.4.0/include/c++/bits/shared_ptr.h
              instantiation of "std::shared_ptr<std::_NonArray<_Tp>> std::make_shared<_Tp,_Args...>(_Args &&...) [with _Tp=pops::runtime::amr::<unnamed>::BuiltinExactAmrFieldSolverProvider<2, Kokkos::Cuda::memory_space>, _Args=<>]" at line 353 of /gpfs/scratch/rmdraux/PoPS-final-full-native-cuda-dim2-gh200-um-98804c68-20261009/source/src/runtime/amr/amr_field_solver_builtin.cpp
              instantiation of "std::shared_ptr<const pops::runtime::amr::ExactAmrFieldSolverProvider<Dim, MemorySpace>> pops::runtime::amr::make_builtin_exact_amr_field_solver_provider<Dim,MemorySpace>() [with Dim=2, MemorySpace=Kokkos::Cuda::memory_space]" at line 356 of /gpfs/scratch/rmdraux/PoPS-final-full-native-cuda-dim2-gh200-um-98804c68-20261009/source/src/runtime/amr/amr_field_solver_builtin.cpp

  /gpfs/scratch/rmdraux/PoPS-final-full-native-cuda-dim2-gh200-um-98804c68-20261009/source/include/pops/amr/transfer/transfer_provider.hpp(541): warning #20013-D: calling a constexpr __host__ function("std::array<bool, (unsigned long)2ul> ::operator [](unsigned long) const") from a __host__ __device__ function("pops::amr::transfer::PreparedTransfer<(int)2> ::interpolate_cell const") is not allowed. The experimental flag '--expt-relaxed-constexpr' can be used to allow this.

  /gpfs/scratch/rmdraux/PoPS-final-full-native-cuda-dim2-gh200-um-98804c68-20261009/source/include/pops/amr/transfer/transfer_provider.hpp(543): warning #20013-D: calling a constexpr __host__ function("std::array<bool, (unsigned long)2ul> ::operator [](unsigned long) const") from a __host__ __device__ function("pops::amr::transfer::PreparedTransfer<(int)2> ::interpolate_cell const") is not allowed. The experimental flag '--expt-relaxed-constexpr' can be used to allow this.

  /gpfs/scratch/rmdraux/PoPS-final-full-native-cuda-dim2-gh200-um-98804c68-20261009/source/include/pops/mesh/boundary/physical_bc.hpp(211): warning #20013-D: calling a constexpr __host__ function("std::array< ::pops::BoundaryOperation<(int)2> , (unsigned long)2ul> ::operator [](unsigned long) const") from a __host__ __device__ function("pops::physical_boundary_detail::ApplyPhysicalRegion<(int)2> ::operator () const") is not allowed. The experimental flag '--expt-relaxed-constexpr' can be used to allow this.

  /gpfs/scratch/rmdraux/PoPS-final-full-native-cuda-dim2-gh200-um-98804c68-20261009/source/include/pops/mesh/boundary/physical_bc.hpp(216): warning #20013-D: calling a constexpr __host__ function("std::array< ::pops::PhysicalBoundaryFace, (unsigned long)4ul> ::operator [](unsigned long) const") from a __host__ __device__ function("pops::physical_boundary_detail::ApplyPhysicalRegion<(int)2> ::operator () const") is not allowed. The experimental flag '--expt-relaxed-constexpr' can be used to allow this.

  /gpfs/scratch/rmdraux/PoPS-final-full-native-cuda-dim2-gh200-um-98804c68-20261009/source/include/pops/mesh/boundary/physical_bc.hpp(216): warning #20013-D: calling a constexpr __host__ function("pops::Face<(int)2> ::ordinal() const") from a __host__ __device__ function("pops::physical_boundary_detail::ApplyPhysicalRegion<(int)2> ::operator () const") is not allowed. The experimental flag '--expt-relaxed-constexpr' can be used to allow this.

  /gpfs/scratch/rmdraux/PoPS-final-full-native-cuda-dim2-gh200-um-98804c68-20261009/source/include/pops/mesh/boundary/physical_bc.hpp(216): warning #20013-D: calling a constexpr __host__ function("pops::Face<(int)2> ::Face(int,  ::pops::BoundarySide)") from a __host__ __device__ function("pops::physical_boundary_detail::ApplyPhysicalRegion<(int)2> ::operator () const") is not allowed. The experimental flag '--expt-relaxed-constexpr' can be used to allow this.

  /gpfs/scratch/rmdraux/PoPS-final-full-native-cuda-dim2-gh200-um-98804c68-20261009/source/include/pops/mesh/boundary/physical_bc.hpp(218): warning #20013-D: calling a constexpr __host__ function("std::array< ::pops::PhysicalBoundaryFace, (unsigned long)4ul> ::operator [](unsigned long) const") from a __host__ __device__ function("pops::physical_boundary_detail::ApplyPhysicalRegion<(int)2> ::operator () const") is not allowed. The experimental flag '--expt-relaxed-constexpr' can be used to allow this.

  /gpfs/scratch/rmdraux/PoPS-final-full-native-cuda-dim2-gh200-um-98804c68-20261009/source/include/pops/mesh/boundary/physical_bc.hpp(218): warning #20013-D: calling a constexpr __host__ function("pops::Face<(int)2> ::ordinal() const") from a __host__ __device__ function("pops::physical_boundary_detail::ApplyPhysicalRegion<(int)2> ::operator () const") is not allowed. The experimental flag '--expt-relaxed-constexpr' can be used to allow this.

  /gpfs/scratch/rmdraux/PoPS-final-full-native-cuda-dim2-gh200-um-98804c68-20261009/source/include/pops/mesh/boundary/physical_bc.hpp(218): warning #20013-D: calling a constexpr __host__ function("pops::Face<(int)2> ::Face(int,  ::pops::BoundarySide)") from a __host__ __device__ function("pops::physical_boundary_detail::ApplyPhysicalRegion<(int)2> ::operator () const") is not allowed. The experimental flag '--expt-relaxed-constexpr' can be used to allow this.

  In file included from tmpxft_0008fcc6_00000000-6_amr_field_solver_builtin.cudafe1.stub.c:1:
  /gpfs/scratch/rmdraux/PoPS-final-full-native-cuda-dim2-gh200-um-98804c68-20261009/tmp/tmpxft_0008fcc6_00000000-6_amr_field_solver_builtin.cudafe1.stub.c:31:23: error: 'struct pops::elliptic::amr::partitioned_transfer::RegionTransport<2, Kokkos::CudaSpace>::PackKernel' is private within this context
     31 | typedef Kokkos::Impl::ParallelFor< ::pops::elliptic::amr::partitioned_transfer::RegionTransport<(int)2,  ::Kokkos::CudaSpace> ::PackKernel,  ::Kokkos::RangePolicy< ::Kokkos::Cuda,  ::Kokkos::IndexType<long>  > ,  ::Kokkos::Cuda>  _ZN6Kokkos4Impl11ParallelForIN4pops8elliptic3amr20partitioned_transfer15RegionTransportILi2ENS_9CudaSpaceEE10PackKernelENS_11RangePolicyIJNS_4CudaENS_9IndexTypeIlEEEEESB_EE;
        |                       ^~~~~~~~~~~~~~~~~~~~~~~~~~~~~~~~~~~~~~~~~~~~~~~~~~~~~~~~~~~~~~~~~~~~~~~~~~~~~~~~~~~~~~~~~~~~~~~~~~~~~~~~~~~~~~~~~~~~~~~~~~~~~~~~~~~~~~~~~~~~~~~~~~~~~~~~~~~~~~~~~~~~~~~~~~~~~~~~~~~~~~~~~~~~~~~~~~~~~~~~~~~~~~
  /gpfs/scratch/rmdraux/PoPS-final-full-native-cuda-dim2-gh200-um-98804c68-20261009/source/include/pops/numerics/elliptic/amr/partitioned_region_transfer.hpp:396:8: note: declared private here
    396 |   struct PackKernel {
        |        ^~~~~~~~~~
  /gpfs/scratch/rmdraux/PoPS-final-full-native-cuda-dim2-gh200-um-98804c68-20261009/tmp/tmpxft_0008fcc6_00000000-6_amr_field_solver_builtin.cudafe1.stub.c:40:23: error: 'struct pops::elliptic::amr::partitioned_transfer::RegionTransport<2, Kokkos::CudaSpace>::UnpackKernel' is private within this context
     40 | typedef Kokkos::Impl::ParallelFor< ::pops::elliptic::amr::partitioned_transfer::RegionTransport<(int)2,  ::Kokkos::CudaSpace> ::UnpackKernel,  ::Kokkos::RangePolicy< ::Kokkos::Cuda,  ::Kokkos::IndexType<long>  > ,  ::Kokkos::Cuda>  _ZN6Kokkos4Impl11ParallelForIN4pops8elliptic3amr20partitioned_transfer15RegionTransportILi2ENS_9CudaSpaceEE12UnpackKernelENS_11RangePolicyIJNS_4CudaENS_9IndexTypeIlEEEEESB_EE;
        |                       ^~~~~~~~~~~~~~~~~~~~~~~~~~~~~~~~~~~~~~~~~~~~~~~~~~~~~~~~~~~~~~~~~~~~~~~~~~~~~~~~~~~~~~~~~~~~~~~~~~~~~~~~~~~~~~~~~~~~~~~~~~~~~~~~~~~~~~~~~~~~~~~~~~~~~~~~~~~~~~~~~~~~~~~~~~~~~~~~~~~~~~~~~~~~~~~~~~~~~~~~~~~~~~~~
  /gpfs/scratch/rmdraux/PoPS-final-full-native-cuda-dim2-gh200-um-98804c68-20261009/source/include/pops/numerics/elliptic/amr/partitioned_region_transfer.hpp:414:8: note: declared private here
    414 |   struct UnpackKernel {
        |        ^~~~~~~~~~~~
  In file included from /gpfs/scratch/rmdraux/PoPS-final-full-native-cuda-dim2-gh200-um-98804c68-20261009/tmp/tmpxft_0008fcc6_00000000-6_amr_field_solver_builtin.cudafe1.stub.c:8:
  /gpfs/scratch/rmdraux/PoPS-final-full-native-cuda-dim2-gh200-um-98804c68-20261009/tmp/tmpxft_0008fcc6_00000000-6_amr_field_solver_builtin.cudafe1.stub.c: In function 'void __device_stub__ZN6Kokkos4Impl33cuda_parallel_launch_local_memoryINS0_11ParallelForIN4pops8elliptic3amr20partitioned_transfer15RegionTransportILi2ENS_9CudaSpaceEE10PackKernelENS_11RangePolicyIJNS_4CudaENS_9IndexTypeIlEEEEESC_EEEEvT_(const _ZN6Kokkos4Impl11ParallelForIN4pops8elliptic3amr20partitioned_transfer15RegionTransportILi2ENS_9CudaSpaceEE10PackKernelENS_11RangePolicyIJNS_4CudaENS_9IndexTypeIlEEEEESB_EE&)':
  /gpfs/scratch/rmdraux/PoPS-final-full-native-cuda-dim2-gh200-um-98804c68-20261009/tmp/tmpxft_0008fcc6_00000000-6_amr_field_solver_builtin.cudafe1.stub.c:292:485: error: 'struct pops::elliptic::amr::partitioned_transfer::RegionTransport<2, Kokkos::CudaSpace>::PackKernel' is private within this context
    292 | static void __device_stub__ZN6Kokkos4Impl33cuda_parallel_launch_local_memoryINS0_11ParallelForIN4pops8elliptic3amr20partitioned_transfer15RegionTransportILi2ENS_9CudaSpaceEE10PackKernelENS_11RangePolicyIJNS_4CudaENS_9IndexTypeIlEEEEESC_EEEEvT_(const  _ZN6Kokkos4Impl11ParallelForIN4pops8elliptic3amr20partitioned_transfer15RegionTransportILi2ENS_9CudaSpaceEE10PackKernelENS_11RangePolicyIJNS_4CudaENS_9IndexTypeIlEEEEESB_EE&__par0){__cudaLaunchPrologue(1);__cudaSetupArg(__par0, 0UL);__cudaLaunch(((char *)((void ( *)(const  _ZN6Kokkos4Impl11ParallelForIN4pops8elliptic3amr20partitioned_transfer15RegionTransportILi2ENS_9CudaSpaceEE10PackKernelENS_11RangePolicyIJNS_4CudaENS_9IndexTypeIlEEEEESB_EE))Kokkos::Impl::cuda_parallel_launch_local_memory< ::Kokkos::Impl::ParallelFor< ::pops::elliptic::amr::partitioned_transfer::RegionTransport<(int)2,  ::Kokkos::CudaSpace> ::PackKernel,  ::Kokkos::RangePolicy< ::Kokkos::Cuda,  ::Kokkos::IndexType<long>  > ,  ::Kokkos::Cuda> > )));}namespace Kokkos{
        |                                                                                                                                                                                                                                                                                                                                                                                                                                                                                                     ^~~~~~~~~~~~
  /gpfs/scratch/rmdraux/PoPS-final-full-native-cuda-dim2-gh200-um-98804c68-20261009/source/include/pops/numerics/elliptic/amr/partitioned_region_transfer.hpp:396:8: note: declared private here
    396 |   struct PackKernel {
        |        ^~~~~~~~~~
  /gpfs/scratch/rmdraux/PoPS-final-full-native-cuda-dim2-gh200-um-98804c68-20261009/tmp/tmpxft_0008fcc6_00000000-6_amr_field_solver_builtin.cudafe1.stub.c:292:485: error: 'struct pops::elliptic::amr::partitioned_transfer::RegionTransport<2, Kokkos::CudaSpace>::PackKernel' is private within this context
    292 | static void __device_stub__ZN6Kokkos4Impl33cuda_parallel_launch_local_memoryINS0_11ParallelForIN4pops8elliptic3amr20partitioned_transfer15RegionTransportILi2ENS_9CudaSpaceEE10PackKernelENS_11RangePolicyIJNS_4CudaENS_9IndexTypeIlEEEEESC_EEEEvT_(const  _ZN6Kokkos4Impl11ParallelForIN4pops8elliptic3amr20partitioned_transfer15RegionTransportILi2ENS_9CudaSpaceEE10PackKernelENS_11RangePolicyIJNS_4CudaENS_9IndexTypeIlEEEEESB_EE&__par0){__cudaLaunchPrologue(1);__cudaSetupArg(__par0, 0UL);__cudaLaunch(((char *)((void ( *)(const  _ZN6Kokkos4Impl11ParallelForIN4pops8elliptic3amr20partitioned_transfer15RegionTransportILi2ENS_9CudaSpaceEE10PackKernelENS_11RangePolicyIJNS_4CudaENS_9IndexTypeIlEEEEESB_EE))Kokkos::Impl::cuda_parallel_launch_local_memory< ::Kokkos::Impl::ParallelFor< ::pops::elliptic::amr::partitioned_transfer::RegionTransport<(int)2,  ::Kokkos::CudaSpace> ::PackKernel,  ::Kokkos::RangePolicy< ::Kokkos::Cuda,  ::Kokkos::IndexType<long>  > ,  ::Kokkos::Cuda> > )));}namespace Kokkos{
        |                                                                                                                                                                                                                                                                                                                                                                                                                                                                                                     ^~~~~~~~~~~~
  /gpfs/scratch/rmdraux/PoPS-final-full-native-cuda-dim2-gh200-um-98804c68-20261009/source/include/pops/numerics/elliptic/amr/partitioned_region_transfer.hpp:396:8: note: declared private here
    396 |   struct PackKernel {
        |        ^~~~~~~~~~
  /gpfs/scratch/rmdraux/PoPS-final-full-native-cuda-dim2-gh200-um-98804c68-20261009/tmp/tmpxft_0008fcc6_00000000-6_amr_field_solver_builtin.cudafe1.stub.c:292:485: error: 'struct pops::elliptic::amr::partitioned_transfer::RegionTransport<2, Kokkos::CudaSpace>::PackKernel' is private within this context
    292 | static void __device_stub__ZN6Kokkos4Impl33cuda_parallel_launch_local_memoryINS0_11ParallelForIN4pops8elliptic3amr20partitioned_transfer15RegionTransportILi2ENS_9CudaSpaceEE10PackKernelENS_11RangePolicyIJNS_4CudaENS_9IndexTypeIlEEEEESC_EEEEvT_(const  _ZN6Kokkos4Impl11ParallelForIN4pops8elliptic3amr20partitioned_transfer15RegionTransportILi2ENS_9CudaSpaceEE10PackKernelENS_11RangePolicyIJNS_4CudaENS_9IndexTypeIlEEEEESB_EE&__par0){__cudaLaunchPrologue(1);__cudaSetupArg(__par0, 0UL);__cudaLaunch(((char *)((void ( *)(const  _ZN6Kokkos4Impl11ParallelForIN4pops8elliptic3amr20partitioned_transfer15RegionTransportILi2ENS_9CudaSpaceEE10PackKernelENS_11RangePolicyIJNS_4CudaENS_9IndexTypeIlEEEEESB_EE))Kokkos::Impl::cuda_parallel_launch_local_memory< ::Kokkos::Impl::ParallelFor< ::pops::elliptic::amr::partitioned_transfer::RegionTransport<(int)2,  ::Kokkos::CudaSpace> ::PackKernel,  ::Kokkos::RangePolicy< ::Kokkos::Cuda,  ::Kokkos::IndexType<long>  > ,  ::Kokkos::Cuda> > )));}namespace Kokkos{
        |                                                                                                                                                                                                                                                                                                                                                                                                                                                                                                     ^~~~~~~~~~~~
  /gpfs/scratch/rmdraux/PoPS-final-full-native-cuda-dim2-gh200-um-98804c68-20261009/source/include/pops/numerics/elliptic/amr/partitioned_region_transfer.hpp:396:8: note: declared private here
    396 |   struct PackKernel {
        |        ^~~~~~~~~~
  /gpfs/scratch/rmdraux/PoPS-final-full-native-cuda-dim2-gh200-um-98804c68-20261009/tmp/tmpxft_0008fcc6_00000000-6_amr_field_solver_builtin.cudafe1.stub.c: In function 'void Kokkos::Impl::__wrapper__device_stub_cuda_parallel_launch_local_memory(const DriverType&) [with DriverType = ParallelFor<pops::elliptic::amr::partitioned_transfer::RegionTransport<2, Kokkos::CudaSpace>::PackKernel, Kokkos::RangePolicy<Kokkos::Cuda, Kokkos::IndexType<long int> >, Kokkos::Cuda>]':
  /gpfs/scratch/rmdraux/PoPS-final-full-native-cuda-dim2-gh200-um-98804c68-20261009/tmp/tmpxft_0008fcc6_00000000-6_amr_field_solver_builtin.cudafe1.stub.c:295:41: error: 'struct pops::elliptic::amr::partitioned_transfer::RegionTransport<2, Kokkos::CudaSpace>::PackKernel' is private within this context
    295 | template<> __specialization_static void __wrapper__device_stub_cuda_parallel_launch_local_memory< ::Kokkos::Impl::ParallelFor< ::pops::elliptic::amr::partitioned_transfer::RegionTransport<(int)2,  ::Kokkos::CudaSpace> ::PackKernel,  ::Kokkos::RangePolicy< ::Kokkos::Cuda,  ::Kokkos::IndexType<long>  > ,  ::Kokkos::Cuda> >( const  _ZN6Kokkos4Impl11ParallelForIN4pops8elliptic3amr20partitioned_transfer15RegionTransportILi2ENS_9CudaSpaceEE10PackKernelENS_11RangePolicyIJNS_4CudaENS_9IndexTypeIlEEEEESB_EE &__cuda_0){__device_stub__ZN6Kokkos4Impl33cuda_parallel_launch_local_memoryINS0_11ParallelForIN4pops8elliptic3amr20partitioned_transfer15RegionTransportILi2ENS_9CudaSpaceEE10PackKernelENS_11RangePolicyIJNS_4CudaENS_9IndexTypeIlEEEEESC_EEEEvT_( ( _ZN6Kokkos4Impl11ParallelForIN4pops8elliptic3amr20partitioned_transfer15RegionTransportILi2ENS_9CudaSpaceEE10PackKernelENS_11RangePolicyIJNS_4CudaENS_9IndexTypeIlEEEEESB_EE &)__cuda_0);}}}
        |                                         ^~~~~~~~~~~~~~~~~~~~~~~~~~~~~~~~~~~~~~~~~~~~~~~~~~~~~~~~~~~~~~~~~~~~~~~~~~~~~~~~~~~~~~~~~~~~~~~~~~~~~~~~~~~~~~~~~~~~~~~~~~~~~~~~~~~~~~~~~~~~~~~~~~~~~~~~~~~~~~~~~~~~~~~~~~~~~~~~~~~~~~~~~~~~~~~~~~~~~~~~~~~~~~~~~~~~~~~~~~~~~~~~~~~~~~~~~~~~~~~~~~~~~~~~~~~~~~~~~~~~~~~~~~~~~~~~~~~~~~~~~~
  /gpfs/scratch/rmdraux/PoPS-final-full-native-cuda-dim2-gh200-um-98804c68-20261009/source/include/pops/numerics/elliptic/amr/partitioned_region_transfer.hpp:396:8: note: declared private here
    396 |   struct PackKernel {
        |        ^~~~~~~~~~
  /gpfs/scratch/rmdraux/PoPS-final-full-native-cuda-dim2-gh200-um-98804c68-20261009/tmp/tmpxft_0008fcc6_00000000-6_amr_field_solver_builtin.cudafe1.stub.c: In function 'void __device_stub__ZN6Kokkos4Impl33cuda_parallel_launch_local_memoryINS0_11ParallelForIN4pops8elliptic3amr20partitioned_transfer15RegionTransportILi2ENS_9CudaSpaceEE12UnpackKernelENS_11RangePolicyIJNS_4CudaENS_9IndexTypeIlEEEEESC_EEEEvT_(const _ZN6Kokkos4Impl11ParallelForIN4pops8elliptic3amr20partitioned_transfer15RegionTransportILi2ENS_9CudaSpaceEE12UnpackKernelENS_11RangePolicyIJNS_4CudaENS_9IndexTypeIlEEEEESB_EE&)':
  /gpfs/scratch/rmdraux/PoPS-final-full-native-cuda-dim2-gh200-um-98804c68-20261009/tmp/tmpxft_0008fcc6_00000000-6_amr_field_solver_builtin.cudafe1.stub.c:328:489: error: 'struct pops::elliptic::amr::partitioned_transfer::RegionTransport<2, Kokkos::CudaSpace>::UnpackKernel' is private within this context
    328 | static void __device_stub__ZN6Kokkos4Impl33cuda_parallel_launch_local_memoryINS0_11ParallelForIN4pops8elliptic3amr20partitioned_transfer15RegionTransportILi2ENS_9CudaSpaceEE12UnpackKernelENS_11RangePolicyIJNS_4CudaENS_9IndexTypeIlEEEEESC_EEEEvT_(const  _ZN6Kokkos4Impl11ParallelForIN4pops8elliptic3amr20partitioned_transfer15RegionTransportILi2ENS_9CudaSpaceEE12UnpackKernelENS_11RangePolicyIJNS_4CudaENS_9IndexTypeIlEEEEESB_EE&__par0){__cudaLaunchPrologue(1);__cudaSetupArg(__par0, 0UL);__cudaLaunch(((char *)((void ( *)(const  _ZN6Kokkos4Impl11ParallelForIN4pops8elliptic3amr20partitioned_transfer15RegionTransportILi2ENS_9CudaSpaceEE12UnpackKernelENS_11RangePolicyIJNS_4CudaENS_9IndexTypeIlEEEEESB_EE))Kokkos::Impl::cuda_parallel_launch_local_memory< ::Kokkos::Impl::ParallelFor< ::pops::elliptic::amr::partitioned_transfer::RegionTransport<(int)2,  ::Kokkos::CudaSpace> ::UnpackKernel,  ::Kokkos::RangePolicy< ::Kokkos::Cuda,  ::Kokkos::IndexType<long>  > ,  ::Kokkos::Cuda> > )));}namespace Kokkos{
        |                                                                                                                                                                                                                                                                                                                                                                                                                                                                                                         ^~~~~~~~~~~~
  /gpfs/scratch/rmdraux/PoPS-final-full-native-cuda-dim2-gh200-um-98804c68-20261009/source/include/pops/numerics/elliptic/amr/partitioned_region_transfer.hpp:414:8: note: declared private here
    414 |   struct UnpackKernel {
        |        ^~~~~~~~~~~~
  /gpfs/scratch/rmdraux/PoPS-final-full-native-cuda-dim2-gh200-um-98804c68-20261009/tmp/tmpxft_0008fcc6_00000000-6_amr_field_solver_builtin.cudafe1.stub.c:328:489: error: 'struct pops::elliptic::amr::partitioned_transfer::RegionTransport<2, Kokkos::CudaSpace>::UnpackKernel' is private within this context
    328 | static void __device_stub__ZN6Kokkos4Impl33cuda_parallel_launch_local_memoryINS0_11ParallelForIN4pops8elliptic3amr20partitioned_transfer15RegionTransportILi2ENS_9CudaSpaceEE12UnpackKernelENS_11RangePolicyIJNS_4CudaENS_9IndexTypeIlEEEEESC_EEEEvT_(const  _ZN6Kokkos4Impl11ParallelForIN4pops8elliptic3amr20partitioned_transfer15RegionTransportILi2ENS_9CudaSpaceEE12UnpackKernelENS_11RangePolicyIJNS_4CudaENS_9IndexTypeIlEEEEESB_EE&__par0){__cudaLaunchPrologue(1);__cudaSetupArg(__par0, 0UL);__cudaLaunch(((char *)((void ( *)(const  _ZN6Kokkos4Impl11ParallelForIN4pops8elliptic3amr20partitioned_transfer15RegionTransportILi2ENS_9CudaSpaceEE12UnpackKernelENS_11RangePolicyIJNS_4CudaENS_9IndexTypeIlEEEEESB_EE))Kokkos::Impl::cuda_parallel_launch_local_memory< ::Kokkos::Impl::ParallelFor< ::pops::elliptic::amr::partitioned_transfer::RegionTransport<(int)2,  ::Kokkos::CudaSpace> ::UnpackKernel,  ::Kokkos::RangePolicy< ::Kokkos::Cuda,  ::Kokkos::IndexType<long>  > ,  ::Kokkos::Cuda> > )));}namespace Kokkos{
        |                                                                                                                                                                                                                                                                                                                                                                                                                                                                                                         ^~~~~~~~~~~~
  /gpfs/scratch/rmdraux/PoPS-final-full-native-cuda-dim2-gh200-um-98804c68-20261009/source/include/pops/numerics/elliptic/amr/partitioned_region_transfer.hpp:414:8: note: declared private here
    414 |   struct UnpackKernel {
        |        ^~~~~~~~~~~~
  /gpfs/scratch/rmdraux/PoPS-final-full-native-cuda-dim2-gh200-um-98804c68-20261009/tmp/tmpxft_0008fcc6_00000000-6_amr_field_solver_builtin.cudafe1.stub.c:328:489: error: 'struct pops::elliptic::amr::partitioned_transfer::RegionTransport<2, Kokkos::CudaSpace>::UnpackKernel' is private within this context
    328 | static void __device_stub__ZN6Kokkos4Impl33cuda_parallel_launch_local_memoryINS0_11ParallelForIN4pops8elliptic3amr20partitioned_transfer15RegionTransportILi2ENS_9CudaSpaceEE12UnpackKernelENS_11RangePolicyIJNS_4CudaENS_9IndexTypeIlEEEEESC_EEEEvT_(const  _ZN6Kokkos4Impl11ParallelForIN4pops8elliptic3amr20partitioned_transfer15RegionTransportILi2ENS_9CudaSpaceEE12UnpackKernelENS_11RangePolicyIJNS_4CudaENS_9IndexTypeIlEEEEESB_EE&__par0){__cudaLaunchPrologue(1);__cudaSetupArg(__par0, 0UL);__cudaLaunch(((char *)((void ( *)(const  _ZN6Kokkos4Impl11ParallelForIN4pops8elliptic3amr20partitioned_transfer15RegionTransportILi2ENS_9CudaSpaceEE12UnpackKernelENS_11RangePolicyIJNS_4CudaENS_9IndexTypeIlEEEEESB_EE))Kokkos::Impl::cuda_parallel_launch_local_memory< ::Kokkos::Impl::ParallelFor< ::pops::elliptic::amr::partitioned_transfer::RegionTransport<(int)2,  ::Kokkos::CudaSpace> ::UnpackKernel,  ::Kokkos::RangePolicy< ::Kokkos::Cuda,  ::Kokkos::IndexType<long>  > ,  ::Kokkos::Cuda> > )));}namespace Kokkos{
        |                                                                                                                                                                                                                                                                                                                                                                                                                                                                                                         ^~~~~~~~~~~~
  /gpfs/scratch/rmdraux/PoPS-final-full-native-cuda-dim2-gh200-um-98804c68-20261009/source/include/pops/numerics/elliptic/amr/partitioned_region_transfer.hpp:414:8: note: declared private here
    414 |   struct UnpackKernel {
        |        ^~~~~~~~~~~~
  /gpfs/scratch/rmdraux/PoPS-final-full-native-cuda-dim2-gh200-um-98804c68-20261009/tmp/tmpxft_0008fcc6_00000000-6_amr_field_solver_builtin.cudafe1.stub.c: In function 'void Kokkos::Impl::__wrapper__device_stub_cuda_parallel_launch_local_memory(const DriverType&) [with DriverType = ParallelFor<pops::elliptic::amr::partitioned_transfer::RegionTransport<2, Kokkos::CudaSpace>::UnpackKernel, Kokkos::RangePolicy<Kokkos::Cuda, Kokkos::IndexType<long int> >, Kokkos::Cuda>]':
  /gpfs/scratch/rmdraux/PoPS-final-full-native-cuda-dim2-gh200-um-98804c68-20261009/tmp/tmpxft_0008fcc6_00000000-6_amr_field_solver_builtin.cudafe1.stub.c:331:41: error: 'struct pops::elliptic::amr::partitioned_transfer::RegionTransport<2, Kokkos::CudaSpace>::UnpackKernel' is private within this context
    331 | template<> __specialization_static void __wrapper__device_stub_cuda_parallel_launch_local_memory< ::Kokkos::Impl::ParallelFor< ::pops::elliptic::amr::partitioned_transfer::RegionTransport<(int)2,  ::Kokkos::CudaSpace> ::UnpackKernel,  ::Kokkos::RangePolicy< ::Kokkos::Cuda,  ::Kokkos::IndexType<long>  > ,  ::Kokkos::Cuda> >( const  _ZN6Kokkos4Impl11ParallelForIN4pops8elliptic3amr20partitioned_transfer15RegionTransportILi2ENS_9CudaSpaceEE12UnpackKernelENS_11RangePolicyIJNS_4CudaENS_9IndexTypeIlEEEEESB_EE &__cuda_0){__device_stub__ZN6Kokkos4Impl33cuda_parallel_launch_local_memoryINS0_11ParallelForIN4pops8elliptic3amr20partitioned_transfer15RegionTransportILi2ENS_9CudaSpaceEE12UnpackKernelENS_11RangePolicyIJNS_4CudaENS_9IndexTypeIlEEEEESC_EEEEvT_( ( _ZN6Kokkos4Impl11ParallelForIN4pops8elliptic3amr20partitioned_transfer15RegionTransportILi2ENS_9CudaSpaceEE12UnpackKernelENS_11RangePolicyIJNS_4CudaENS_9IndexTypeIlEEEEESB_EE &)__cuda_0);}}}
        |                                         ^~~~~~~~~~~~~~~~~~~~~~~~~~~~~~~~~~~~~~~~~~~~~~~~~~~~~~~~~~~~~~~~~~~~~~~~~~~~~~~~~~~~~~~~~~~~~~~~~~~~~~~~~~~~~~~~~~~~~~~~~~~~~~~~~~~~~~~~~~~~~~~~~~~~~~~~~~~~~~~~~~~~~~~~~~~~~~~~~~~~~~~~~~~~~~~~~~~~~~~~~~~~~~~~~~~~~~~~~~~~~~~~~~~~~~~~~~~~~~~~~~~~~~~~~~~~~~~~~~~~~~~~~~~~~~~~~~~~~~~~~~~~
  /gpfs/scratch/rmdraux/PoPS-final-full-native-cuda-dim2-gh200-um-98804c68-20261009/source/include/pops/numerics/elliptic/amr/partitioned_region_transfer.hpp:414:8: note: declared private here
    414 |   struct UnpackKernel {
        |        ^~~~~~~~~~~~
  /gpfs/scratch/rmdraux/PoPS-final-full-native-cuda-dim2-gh200-um-98804c68-20261009/tmp/tmpxft_0008fcc6_00000000-6_amr_field_solver_builtin.cudafe1.stub.c: In function 'void __nv_cudaEntityRegisterCallback(void**)':
  /gpfs/scratch/rmdraux/PoPS-final-full-native-cuda-dim2-gh200-um-98804c68-20261009/tmp/tmpxft_0008fcc6_00000000-6_amr_field_solver_builtin.cudafe1.stub.c:600: error: 'struct pops::elliptic::amr::partitioned_transfer::RegionTransport<2, Kokkos::CudaSpace>::UnpackKernel' is private within this context
    600 | static void __nv_cudaEntityRegisterCallback(void **__T1093){__nv_dummy_param_ref(__T1093);__nv_save_fatbinhandle_for_managed_rt(__T1093);__cudaRegisterEntry(__T1093, ((void ( *)(const  _ZN6Kokkos4Impl11ParallelForIZN4pops6detail18launch_index_spaceINS_4CudaELi2ENS2_8elliptic2mg10fac_detail25LinearInterpolationKernelILi2EEEEEvRKT_RKNS2_3BoxIXT0_EEEPKcT1_EUllE_NS_11RangePolicyIJS5_NS_9IndexTypeIlEEEEES5_EE))Kokkos::Impl::cuda_parallel_launch_local_memory< ::Kokkos::Impl::ParallelFor< ::__nv_hdl_wrapper_t<false,false,false,__nv_dl_tag<void (*)(const  ::Kokkos::Cuda &, const  ::pops::Box<(int)2>  &, const char *,  ::pops::elliptic::mg::fac_detail::LinearInterpolationKernel<(int)2> ),(& :: pops::detail::launch_index_space< ::Kokkos::Cuda, (int)2,  ::pops::elliptic::mg::fac_detail::LinearInterpolationKernel<(int)2> > ), 1> ,void (long), ::pops::elliptic::mg::fac_detail::LinearInterpolationKernel<(int)2> ,const  ::pops::Index<(int)2> ,const  ::pops::Extent<(int)2> >,  ::Kokkos::RangePolicy< ::Kokkos::Cuda,  ::Kokkos::IndexType<long>  > ,  ::Kokkos::Cuda> > ), _ZN6Kokkos4Impl33cuda_parallel_launch_local_memoryINS0_11ParallelForIZN4pops6detail18launch_index_spaceINS_4CudaELi2ENS3_8elliptic2mg10fac_detail25LinearInterpolationKernelILi2EEEEEvRKT_RKNS3_3BoxIXT0_EEEPKcT1_EUllE_NS_11RangePolicyIJS6_NS_9IndexTypeIlEEEEES6_EEEEvSC_, (-1));__cudaRegisterEntry(__T1093, ((void ( *)(const  _ZN6Kokkos4Impl11ParallelForIZN4pops6detail18launch_index_spaceINS_4CudaELi2ENS2_8elliptic2mg10fac_detail15MaskedAddKernelILi2EEEEEvRKT_RKNS2_3BoxIXT0_EEEPKcT1_EUllE_NS_11RangePolicyIJS5_NS_9IndexTypeIlEEEEES5_EE))Kokkos::Impl::cuda_parallel_launch_local_memory< ::Kokkos::Impl::ParallelFor< ::__nv_hdl_wrapper_t<false,false,false,__nv_dl_tag<void (*)(const  ::Kokkos::Cuda &, const  ::pops::Box<(int)2>  &, const char *,  ::pops::elliptic::mg::fac_detail::MaskedAddKernel<(int)2> ),(& :: pops::detail::launch_index_space< ::Kokkos::Cuda, (int)2,  ::pops::elliptic::mg::fac_detail::MaskedAddKernel<(int)2> > ), 1> ,void (long), ::pops::elliptic::mg::fac_detail::MaskedAddKernel<(int)2> ,const  ::pops::Index<(int)2> ,const  ::pops::Extent<(int)2> >,  ::Kokkos::RangePolicy< ::Kokkos::Cuda,  ::Kokkos::IndexType<long>  > ,  ::Kokkos::Cuda> > ), _ZN6Kokkos4Impl33cuda_parallel_launch_local_memoryINS0_11ParallelForIZN4pops6detail18launch_index_spaceINS_4CudaELi2ENS3_8elliptic2mg10fac_detail15MaskedAddKernelILi2EEEEEvRKT_RKNS3_3BoxIXT0_EEEPKcT1_EUllE_NS_11RangePolicyIJS6_NS_9IndexTypeIlEEEEES6_EEEEvSC_, (-1));__cudaRegisterEntry(__T1093, ((void ( *)(const  _ZN6Kokkos4Impl11ParallelForIZN4pops6detail18launch_index_spaceINS_4CudaELi2ENS2_8elliptic2mg10fac_detail18MaskedJacobiKernelILi2EEEEEvRKT_RKNS2_3BoxIXT0_EEEPKcT1_EUllE_NS_11RangePolicyIJS5_NS_9IndexTypeIlEEEEES5_EE))Kokkos::Impl::cuda_parallel_launch_local_memory< ::Kokkos::Impl::ParallelFor< ::__nv_hdl_wrapper_t<false,false,false,__nv_dl_tag<void (*)(const  ::Kokkos::Cuda &, const  ::pops::Box<(int)2>  &, const char *,  ::pops::elliptic::mg::fac_detail::MaskedJacobiKernel<(int)2> ),(& :: pops::detail::launch_index_space< ::Kokkos::Cuda, (int)2,  ::pops::elliptic::mg::fac_detail::MaskedJacobiKernel<(int)2> > ), 1> ,void (long), ::pops::elliptic::mg::fac_detail::MaskedJacobiKernel<(int)2> ,const  ::pops::Index<(int)2> ,const  ::pops::Extent<(int)2> >,  ::Kokkos::RangePolicy< ::Kokkos::Cuda,  ::Kokkos::IndexType<long>  > ,  ::Kokkos::Cuda> > ), _ZN6Kokkos4Impl33cuda_parallel_launch_local_memoryINS0_11ParallelForIZN4pops6detail18launch_index_spaceINS_4CudaELi2ENS3_8elliptic2mg10fac_detail18MaskedJacobiKernelILi2EEEEEvRKT_RKNS3_3BoxIXT0_EEEPKcT1_EUllE_NS_11RangePolicyIJS6_NS_9IndexTypeIlEEEEES6_EEEEvSC_, (-1));__cudaRegisterEntry(__T1093, ((void ( *)(const  _ZN6Kokkos4Impl11ParallelForIZN4pops6detail18launch_index_spaceINS_4CudaELi2ENS2_8elliptic2mg10fac_detail9AddKernelILi2EEEEEvRKT_RKNS2_3BoxIXT0_EEEPKcT1_EUllE_NS_11RangePolicyIJS5_NS_9IndexTypeIlEEEEES5_EE))Kokkos::Impl::cuda_parallel_launch_local_memory< ::Kokkos::Impl::ParallelFor< ::__nv_hdl_wrapper_t<false,false,false,__nv_dl_tag<void (*)(const  ::Kokkos::Cuda &, const  ::pops::Box<(int)2>  &, const char *,  ::pops::elliptic::mg::fac_detail::AddKernel<(int)2> ),(& :: pops::detail::launch_index_space< ::Kokkos::Cuda, (int)2,  ::pops::elliptic::mg::fac_detail::AddKernel<(int)2> > ), 1> ,void (long), ::pops::elliptic::mg::fac_detail::AddKernel<(int)2> ,const  ::pops::Index<(int)2> ,const  ::pops::Extent<(int)2> >,  ::Kokkos::RangePolicy< ::Kokkos::Cuda,  ::Kokkos::IndexType<long>  > ,  ::Kokkos::Cuda> > ), _ZN6Kokkos4Impl33cuda_parallel_launch_local_memoryINS0_11ParallelForIZN4pops6detail18launch_index_spaceINS_4CudaELi2ENS3_8elliptic2mg10fac_detail9AddKernelILi2EEEEEvRKT_RKNS3_3BoxIXT0_EEEPKcT1_EUllE_NS_11RangePolicyIJS6_NS_9IndexTypeIlEEEEES6_EEEEvSC_, (-1));__cudaRegisterEntry(__T1093, ((void ( *)(const  _ZN6Kokkos4Impl11ParallelForIZN4pops6detail18launch_index_spaceINS_4CudaELi2ENS2_8elliptic2mg10fac_detail18MaskResidualKernelILi2EEEEEvRKT_RKNS2_3BoxIXT0_EEEPKcT1_EUllE_NS_11RangePolicyIJS5_NS_9IndexTypeIlEEEEES5_EE))Kokkos::Impl::cuda_parallel_launch_local_memory< ::Kokkos::Impl::ParallelFor< ::__nv_hdl_wrapper_t<false,false,false,__nv_dl_tag<void (*)(const  ::Kokkos::Cuda &, const  ::pops::Box<(int)2>  &, const char *,  ::pops::elliptic::mg::fac_detail::MaskResidualKernel<(int)2> ),(& :: pops::detail::launch_index_space< ::Kokkos::Cuda, (int)2,  ::pops::elliptic::mg::fac_detail::MaskResidualKernel<(int)2> > ), 1> ,void (long), ::pops::elliptic::mg::fac_detail::MaskResidualKernel<(int)2> ,const  ::pops::Index<(int)2> ,const  ::pops::Extent<(int)2> >,  ::Kokkos::RangePolicy< ::Kokkos::Cuda,  ::Kokkos::IndexType<long>  > ,  ::Kokkos::Cuda> > ), _ZN6Kokkos4Impl33cuda_parallel_launch_local_memoryINS0_11ParallelForIZN4pops6detail18launch_index_spaceINS_4CudaELi2ENS3_8elliptic2mg10fac_detail18MaskResidualKernelILi2EEEEEvRKT_RKNS3_3BoxIXT0_EEEPKcT1_EUllE_NS_11RangePolicyIJS6_NS_9IndexTypeIlEEEEES6_EEEEvSC_, (-1));__cudaRegisterEntry(__T1093, ((void ( *)(const  _ZN6Kokkos4Impl11ParallelForIZN4pops6detail18launch_index_spaceINS_4CudaELi2ENS2_8elliptic2mg10fac_detail17WrapStagingKernelILi2EEEEEvRKT_RKNS2_3BoxIXT0_EEEPKcT1_EUllE_NS_11RangePolicyIJS5_NS_9IndexTypeIlEEEEES5_EE))Kokkos::Impl::cuda_parallel_launch_local_memory< ::Kokkos::Impl::ParallelFor< ::__nv_hdl_wrapper_t<false,false,false,__nv_dl_tag<void (*)(const  ::Kokkos::Cuda &, const  ::pops::Box<(int)2>  &, const char *,  ::pops::elliptic::mg::fac_detail::WrapStagingKernel<(int)2> ),(& :: pops::detail::launch_index_space< ::Kokkos::Cuda, (int)2,  ::pops::elliptic::mg::fac_detail::WrapStagingKernel<(int)2> > ), 1> ,void (long), ::pops::elliptic::mg::fac_detail::WrapStagingKernel<(int)2> ,const  ::pops::Index<(int)2> ,const  ::pops::Extent<(int)2> >,  ::Kokkos::RangePolicy< ::Kokkos::Cuda,  ::Kokkos::IndexType<long>  > ,  ::Kokkos::Cuda> > ), _ZN6Kokkos4Impl33cuda_parallel_launch_local_memoryINS0_11ParallelForIZN4pops6detail18launch_index_spaceINS_4CudaELi2ENS3_8elliptic2mg10fac_detail17WrapStagingKernelILi2EEEEEvRKT_RKNS3_3BoxIXT0_EEEPKcT1_EUllE_NS_11RangePolicyIJS6_NS_9IndexTypeIlEEEEES6_EEEEvSC_, (-1));__cudaRegisterEntry(__T1093, ((void ( *)(const  _ZN6Kokkos4Impl11ParallelForIZN4pops6detail18launch_index_spaceINS_4CudaELi2ENS2_8elliptic2mg10fac_detail17RestrictionKernelILi2EEEEEvRKT_RKNS2_3BoxIXT0_EEEPKcT1_EUllE_NS_11RangePolicyIJS5_NS_9IndexTypeIlEEEEES5_EE))Kokkos::Impl::cuda_parallel_launch_local_memory< ::Kokkos::Impl::ParallelFor< ::__nv_hdl_wrapper_t<false,false,false,__nv_dl_tag<void (*)(const  ::Kokkos::Cuda &, const  ::pops::Box<(int)2>  &, const char *,  ::pops::elliptic::mg::fac_detail::RestrictionKernel<(int)2> ),(& :: pops::detail::launch_index_space< ::Kokkos::Cuda, (int)2,  ::pops::elliptic::mg::fac_detail::RestrictionKernel<(int)2> > ), 1> ,void (long), ::pops::elliptic::mg::fac_detail::RestrictionKernel<(int)2> ,const  ::pops::Index<(int)2> ,const  ::pops::Extent<(int)2> >,  ::Kokkos::RangePolicy< ::Kokkos::Cuda,  ::Kokkos::IndexType<long>  > ,  ::Kokkos::Cuda> > ), _ZN6Kokkos4Impl33cuda_parallel_launch_local_memoryINS0_11ParallelForIZN4pops6detail18launch_index_spaceINS_4CudaELi2ENS3_8elliptic2mg10fac_detail17RestrictionKernelILi2EEEEEvRKT_RKNS3_3BoxIXT0_EEEPKcT1_EUllE_NS_11RangePolicyIJS6_NS_9IndexTypeIlEEEEES6_EEEEvSC_, (-1));__cudaRegisterEntry(__T1093, ((void ( *)(const  _ZN6Kokkos4Impl11ParallelForIZN4pops6detail18launch_index_spaceINS_4CudaELi2ENS2_3amr8transfer16PreparedTransferILi2EEEEEvRKT_RKNS2_3BoxIXT0_EEEPKcT1_EUllE_NS_11RangePolicyIJS5_NS_9IndexTypeIlEEEEES5_EE))Kokkos::Impl::cuda_parallel_launch_local_memory< ::Kokkos::Impl::ParallelFor< ::__nv_hdl_wrapper_t<false,false,false,__nv_dl_tag<void (*)(const  ::Kokkos::Cuda &, const  ::pops::Box<(int)2>  &, const char *,  ::pops::amr::transfer::PreparedTransfer<(int)2> ),(& :: pops::detail::launch_index_space< ::Kokkos::Cuda, (int)2,  ::pops::amr::transfer::PreparedTransfer<(int)2> > ), 1> ,void (long), ::pops::amr::transfer::PreparedTransfer<(int)2> ,const  ::pops::Index<(int)2> ,const  ::pops::Extent<(int)2> >,  ::Kokkos::RangePolicy< ::Kokkos::Cuda,  ::Kokkos::IndexType<long>  > ,  ::Kokkos::Cuda> > ), _ZN6Kokkos4Impl33cuda_parallel_launch_local_memoryINS0_11ParallelForIZN4pops6detail18launch_index_spaceINS_4CudaELi2ENS3_3amr8transfer16PreparedTransferILi2EEEEEvRKT_RKNS3_3BoxIXT0_EEEPKcT1_EUllE_NS_11RangePolicyIJS6_NS_9IndexTypeIlEEEEES6_EEEEvSB_, (-1));__cudaRegisterEntry(__T1093, ((void ( *)(const  _ZN6Kokkos4Impl11ParallelForIZN4pops6detail18launch_index_spaceINS_4CudaELi2ENS2_8elliptic3amr10fac_detail25LinearInterpolationKernelILi2EEEEEvRKT_RKNS2_3BoxIXT0_EEEPKcT1_EUllE_NS_11RangePolicyIJS5_NS_9IndexTypeIlEEEEES5_EE))Kokkos::Impl::cuda_parallel_launch_local_memory< ::Kokkos::Impl::ParallelFor< ::__nv_hdl_wrapper_t<false,false,false,__nv_dl_tag<void (*)(const  ::Kokkos::Cuda &, const  ::pops::Box<(int)2>  &, const char *,  ::pops::elliptic::amr::fac_detail::LinearInterpolationKernel<(int)2> ),(& :: pops::detail::launch_index_space< ::Kokkos::Cuda, (int)2,  ::pops::elliptic::amr::fac_detail::LinearInterpolationKernel<(int)2> > ), 1> ,void (long), ::pops::elliptic::amr::fac_detail::LinearInterpolationKernel<(int)2> ,const  ::pops::Index<(int)2> ,const  ::pops::Extent<(int)2> >,  ::Kokkos::RangePolicy< ::Kokkos::Cuda,  ::Kokkos::IndexType<long>  > ,  ::Kokkos::Cuda> > ), _ZN6Kokkos4Impl33cuda_parallel_launch_local_memoryINS0_11ParallelForIZN4pops6detail18launch_index_spaceINS_4CudaELi2ENS3_8elliptic3amr10fac_detail25LinearInterpolationKernelILi2EEEEEvRKT_RKNS3_3BoxIXT0_EEEPKcT1_EUllE_NS_11RangePolicyIJS6_NS_9IndexTypeIlEEEEES6_EEEEvSC_, (-1));__cudaRegisterEntry(__T1093, ((void ( *)(const  _ZN6Kokkos4Impl11ParallelForIZN4pops6detail18launch_index_spaceINS_4CudaELi2ENS2_8elliptic3amr10fac_detail15ActiveAddKernelILi2EEEEEvRKT_RKNS2_3BoxIXT0_EEEPKcT1_EUllE_NS_11RangePolicyIJS5_NS_9IndexTypeIlEEEEES5_EE))Kokkos::Impl::cuda_parallel_launch_local_memory< ::Kokkos::Impl::ParallelFor< ::__nv_hdl_wrapper_t<false,false,false,__nv_dl_tag<void (*)(const  ::Kokkos::Cuda &, const  ::pops::Box<(int)2>  &, const char *,  ::pops::elliptic::amr::fac_detail::ActiveAddKernel<(int)2> ),(& :: pops::detail::launch_index_space< ::Kokkos::Cuda, (int)2,  ::pops::elliptic::amr::fac_detail::ActiveAddKernel<(int)2> > ), 1> ,void (long), ::pops::elliptic::amr::fac_detail::ActiveAddKernel<(int)2> ,const  ::pops::Index<(int)2> ,const  ::pops::Extent<(int)2> >,  ::Kokkos::RangePolicy< ::Kokkos::Cuda,  ::Kokkos::IndexType<long>  > ,  ::Kokkos::Cuda> > ), _ZN6Kokkos4Impl33cuda_parallel_launch_local_memoryINS0_11ParallelForIZN4pops6detail18launch_index_spaceINS_4CudaELi2ENS3_8elliptic3amr10fac_detail15ActiveAddKernelILi2EEEEEvRKT_RKNS3_3BoxIXT0_EEEPKcT1_EUllE_NS_11RangePolicyIJS6_NS_9IndexTypeIlEEEEES6_EEEEvSC_, (-1));__cudaRegisterEntry(__T1093, ((void ( *)(const  _ZN6Kokkos4Impl11ParallelForIZN4pops6detail18launch_index_spaceINS_4CudaELi2ENS2_8elliptic2mg6detail23ProlongCorrectionKernelILi2EEEEEvRKT_RKNS2_3BoxIXT0_EEEPKcT1_EUllE_NS_11RangePolicyIJS5_NS_9IndexTypeIlEEEEES5_EE))Kokkos::Impl::cuda_parallel_launch_local_memory< ::Kokkos::Impl::ParallelFor< ::__nv_hdl_wrapper_t<false,false,false,__nv_dl_tag<void (*)(const  ::Kokkos::Cuda &, const  ::pops::Box<(int)2>  &, const char *,  ::pops::elliptic::mg::detail::ProlongCorrectionKernel<(int)2> ),(& :: pops::detail::launch_index_space< ::Kokkos::Cuda, (int)2,  ::pops::elliptic::mg::detail::ProlongCorrectionKernel<(int)2> > ), 1> ,void (long), ::pops::elliptic::mg::detail::ProlongCorrectionKernel<(int)2> ,const  ::pops::Index<(int)2> ,const  ::pops::Extent<(int)2> >,  ::Kokkos::RangePolicy< ::Kokkos::Cuda,  ::Kokkos::IndexType<long>  > ,  ::Kokkos::Cuda> > ), _ZN6Kokkos4Impl33cuda_parallel_launch_local_memoryINS0_11ParallelForIZN4pops6detail18launch_index_spaceINS_4CudaELi2ENS3_8elliptic2mg6detail23ProlongCorrectionKernelILi2EEEEEvRKT_RKNS3_3BoxIXT0_EEEPKcT1_EUllE_NS_11RangePolicyIJS6_NS_9IndexTypeIlEEEEES6_EEEEvSC_, (-1));__cudaRegisterEntry(__T1093, ((void ( *)(const  _ZN6Kokkos4Impl11ParallelForIZN4pops6detail18launch_index_spaceINS_4CudaELi2ENS2_17refinement_detail10CopyKernelILi2EEEEEvRKT_RKNS2_3BoxIXT0_EEEPKcT1_EUllE_NS_11RangePolicyIJS5_NS_9IndexTypeIlEEEEES5_EE))Kokkos::Impl::cuda_parallel_launch_local_memory< ::Kokkos::Impl::ParallelFor< ::__nv_hdl_wrapper_t<false,false,false,__nv_dl_tag<void (*)(const  ::Kokkos::Cuda &, const  ::pops::Box<(int)2>  &, const char *,  ::pops::refinement_detail::CopyKernel<(int)2> ),(& :: pops::detail::launch_index_space< ::Kokkos::Cuda, (int)2,  ::pops::refinement_detail::CopyKernel<(int)2> > ), 1> ,void (long), ::pops::refinement_detail::CopyKernel<(int)2> ,const  ::pops::Index<(int)2> ,const  ::pops::Extent<(int)2> >,  ::Kokkos::RangePolicy< ::Kokkos::Cuda,  ::Kokkos::IndexType<long>  > ,  ::Kokkos::Cuda> > ), _ZN6Kokkos4Impl33cuda_parallel_launch_local_memoryINS0_11ParallelForIZN4pops6detail18launch_index_spaceINS_4CudaELi2ENS3_17refinement_detail10CopyKernelILi2EEEEEvRKT_RKNS3_3BoxIXT0_EEEPKcT1_EUllE_NS_11RangePolicyIJS6_NS_9IndexTypeIlEEEEES6_EEEEvSA_, (-1));__cudaRegisterEntry(__T1093, ((void ( *)(const  _ZN6Kokkos4Impl11ParallelForIZN4pops6detail18launch_index_spaceINS_4CudaELi2ENS2_17refinement_detail17AverageDownKernelILi2EEEEEvRKT_RKNS2_3BoxIXT0_EEEPKcT1_EUllE_NS_11RangePolicyIJS5_NS_9IndexTypeIlEEEEES5_EE))Kokkos::Impl::cuda_parallel_launch_local_memory< ::Kokkos::Impl::ParallelFor< ::__nv_hdl_wrapper_t<false,false,false,__nv_dl_tag<void (*)(const  ::Kokkos::Cuda &, const  ::pops::Box<(int)2>  &, const char *,  ::pops::refinement_detail::AverageDownKernel<(int)2> ),(& :: pops::detail::launch_index_space< ::Kokkos::Cuda, (int)2,  ::pops::refinement_detail::AverageDownKernel<(int)2> > ), 1> ,void (long), ::pops::refinement_detail::AverageDownKernel<(int)2> ,const  ::pops::Index<(int)2> ,const  ::pops::Extent<(int)2> >,  ::Kokkos::RangePolicy< ::Kokkos::Cuda,  ::Kokkos::IndexType<long>  > ,  ::Kokkos::Cuda> > ), _ZN6Kokkos4Impl33cuda_parallel_launch_local_memoryINS0_11ParallelForIZN4pops6detail18launch_index_spaceINS_4CudaELi2ENS3_17refinement_detail17AverageDownKernelILi2EEEEEvRKT_RKNS3_3BoxIXT0_EEEPKcT1_EUllE_NS_11RangePolicyIJS6_NS_9IndexTypeIlEEEEES6_EEEEvSA_, (-1));__cudaRegisterEntry(__T1093, ((void ( *)(const  _ZN6Kokkos4Impl11ParallelForIZN4pops6detail18launch_index_spaceINS_4CudaELi2ENS2_8elliptic2mg6detail18DampedJacobiKernelILi2EEEEEvRKT_RKNS2_3BoxIXT0_EEEPKcT1_EUllE_NS_11RangePolicyIJS5_NS_9IndexTypeIlEEEEES5_EE))Kokkos::Impl::cuda_parallel_launch_local_memory< ::Kokkos::Impl::ParallelFor< ::__nv_hdl_wrapper_t<false,false,false,__nv_dl_tag<void (*)(const  ::Kokkos::Cuda &, const  ::pops::Box<(int)2>  &, const char *,  ::pops::elliptic::mg::detail::DampedJacobiKernel<(int)2> ),(& :: pops::detail::launch_index_space< ::Kokkos::Cuda, (int)2,  ::pops::elliptic::mg::detail::DampedJacobiKernel<(int)2> > ), 1> ,void (long), ::pops::elliptic::mg::detail::DampedJacobiKernel<(int)2> ,const  ::pops::Index<(int)2> ,const  ::pops::Extent<(int)2> >,  ::Kokkos::RangePolicy< ::Kokkos::Cuda,  ::Kokkos::IndexType<long>  > ,  ::Kokkos::Cuda> > ), _ZN6Kokkos4Impl33cuda_parallel_launch_local_memoryINS0_11ParallelForIZN4pops6detail18launch_index_spaceINS_4CudaELi2ENS3_8elliptic2mg6detail18DampedJacobiKernelILi2EEEEEvRKT_RKNS3_3BoxIXT0_EEEPKcT1_EUllE_NS_11RangePolicyIJS6_NS_9IndexTypeIlEEEEES6_EEEEvSC_, (-1));__cudaRegisterEntry(__T1093, ((void ( *)(const  _ZN6Kokkos4Impl11ParallelForIZN4pops6detail18launch_index_spaceINS_4CudaELi2ENS2_8elliptic2mg6detail15AddScalarKernelILi2EEEEEvRKT_RKNS2_3BoxIXT0_EEEPKcT1_EUllE_NS_11RangePolicyIJS5_NS_9IndexTypeIlEEEEES5_EE))Kokkos::Impl::cuda_parallel_launch_local_memory< ::Kokkos::Impl::ParallelFor< ::__nv_hdl_wrapper_t<false,false,false,__nv_dl_tag<void (*)(const  ::Kokkos::Cuda &, const  ::pops::Box<(int)2>  &, const char *,  ::pops::elliptic::mg::detail::AddScalarKernel<(int)2> ),(& :: pops::detail::launch_index_space< ::Kokkos::Cuda, (int)2,  ::pops::elliptic::mg::detail::AddScalarKernel<(int)2> > ), 1> ,void (long), ::pops::elliptic::mg::detail::AddScalarKernel<(int)2> ,const  ::pops::Index<(int)2> ,const  ::pops::Extent<(int)2> >,  ::Kokkos::RangePolicy< ::Kokkos::Cuda,  ::Kokkos::IndexType<long>  > ,  ::Kokkos::Cuda> > ), _ZN6Kokkos4Impl33cuda_parallel_launch_local_memoryINS0_11ParallelForIZN4pops6detail18launch_index_spaceINS_4CudaELi2ENS3_8elliptic2mg6detail15AddScalarKernelILi2EEEEEvRKT_RKNS3_3BoxIXT0_EEEPKcT1_EUllE_NS_11RangePolicyIJS6_NS_9IndexTypeIlEEEEES6_EEEEvSC_, (-1));__cudaRegisterEntry(__T1093, ((void ( *)(const  _ZN6Kokkos4Impl11ParallelForIZN4pops6detail18launch_index_spaceINS_4CudaELi2ENS2_8elliptic19fft_multifab_detail16UnpackSlabKernelILi2EEEEEvRKT_RKNS2_3BoxIXT0_EEEPKcT1_EUllE_NS_11RangePolicyIJS5_NS_9IndexTypeIlEEEEES5_EE))Kokkos::Impl::cuda_parallel_launch_local_memory< ::Kokkos::Impl::ParallelFor< ::__nv_hdl_wrapper_t<false,false,false,__nv_dl_tag<void (*)(const  ::Kokkos::Cuda &, const  ::pops::Box<(int)2>  &, const char *,  ::pops::elliptic::fft_multifab_detail::UnpackSlabKernel<(int)2> ),(& :: pops::detail::launch_index_space< ::Kokkos::Cuda, (int)2,  ::pops::elliptic::fft_multifab_detail::UnpackSlabKernel<(int)2> > ), 1> ,void (long), ::pops::elliptic::fft_multifab_detail::UnpackSlabKernel<(int)2> ,const  ::pops::Index<(int)2> ,const  ::pops::Extent<(int)2> >,  ::Kokkos::RangePolicy< ::Kokkos::Cuda,  ::Kokkos::IndexType<long>  > ,  ::Kokkos::Cuda> > ), _ZN6Kokkos4Impl33cuda_parallel_launch_local_memoryINS0_11ParallelForIZN4pops6detail18launch_index_spaceINS_4CudaELi2ENS3_8elliptic19fft_multifab_detail16UnpackSlabKernelILi2EEEEEvRKT_RKNS3_3BoxIXT0_EEEPKcT1_EUllE_NS_11RangePolicyIJS6_NS_9IndexTypeIlEEEEES6_EEEEvSB_, (-1));__cudaRegisterEntry(__T1093, ((void ( *)(const  _ZN6Kokkos4Impl11ParallelForIZN4pops6detail23PoissonFFTDeviceKernelsILi2ENS_9CudaSpaceEE14inverse_symbolERKNS_4ViewIPNS_7complexIdEEJS5_EEERKSt5arrayIiLm2EERKSE_IdLm2EEmiibmEUlmE_NS_11RangePolicyIJEEENS_4CudaEEE))Kokkos::Impl::cuda_parallel_launch_local_memory< ::Kokkos::Impl::ParallelFor< ::__nv_hdl_wrapper_t<false,false,false,__nv_dl_tag<void (*)(const  ::Kokkos::View< ::Kokkos::complex<double>  *,  ::Kokkos::CudaSpace >  &, const     ::std::array<int, (unsigned long)2ul>  &, const  ::std::array<double, (unsigned long)2ul> &, unsigned long, int, int, bool, unsigned long),(& :: pops::detail::PoissonFFTDeviceKernels<(int)2,  ::Kokkos::CudaSpace> ::inverse_symbol), 1> ,void (unsigned long),unsigned long, ::Kokkos::Array<int, (unsigned long)2ul> , ::Kokkos::Array<double, (unsigned long)2ul> ,int,int,bool,const  ::Kokkos::View< ::Kokkos::complex<double>  *,  ::Kokkos::CudaSpace > >,  ::Kokkos::RangePolicy< > ,  ::Kokkos::Cuda> > ), _ZN6Kokkos4Impl33cuda_parallel_launch_local_memoryINS0_11ParallelForIZN4pops6detail23PoissonFFTDeviceKernelsILi2ENS_9CudaSpaceEE14inverse_symbolERKNS_4ViewIPNS_7complexIdEEJS6_EEERKSt5arrayIiLm2EERKSF_IdLm2EEmiibmEUlmE_NS_11RangePolicyIJEEENS_4CudaEEEEEvT_, (-1));__cudaRegisterEntry(__T1093, ((void ( *)(const  _ZN6Kokkos4Impl11ParallelForIZN4pops6detail23PoissonFFTDeviceKernelsILi2ENS_9CudaSpaceEE17inverse_normalizeERKNS_4ViewIPNS_7complexIdEEJS5_EEEimEUlmE_NS_11RangePolicyIJEEENS_4CudaEEE))Kokkos::Impl::cuda_parallel_launch_local_memory< ::Kokkos::Impl::ParallelFor< ::__nv_hdl_wrapper_t<false,false,false,__nv_dl_tag<void (*)(const  ::Kokkos::View< ::Kokkos::complex<double>  *,  ::Kokkos::CudaSpace >  &, int, unsigned long),(& :: pops::detail::PoissonFFTDeviceKernels<(int)2,  ::Kokkos::CudaSpace> ::inverse_normalize), 1> ,void (unsigned long),const  ::Kokkos::View< ::Kokkos::complex<double>  *,  ::Kokkos::CudaSpace > ,int>,  ::Kokkos::RangePolicy< > ,  ::Kokkos::Cuda> > ), _ZN6Kokkos4Impl33cuda_parallel_launch_local_memoryINS0_11ParallelForIZN4pops6detail23PoissonFFTDeviceKernelsILi2ENS_9CudaSpaceEE17inverse_normalizeERKNS_4ViewIPNS_7complexIdEEJS6_EEEimEUlmE_NS_11RangePolicyIJEEENS_4CudaEEEEEvT_, (-1));__cudaRegisterEntry(__T1093, ((void ( *)(const  _ZN6Kokkos4Impl11ParallelForIZN4pops6detail23PoissonFFTDeviceKernelsILi2ENS_9CudaSpaceEE15peer_accumulateERKNS_4ViewIPNS_7complexIdEEJS5_EEESD_mEUlmE_NS_11RangePolicyIJEEENS_4CudaEEE))Kokkos::Impl::cuda_parallel_launch_local_memory< ::Kokkos::Impl::ParallelFor< ::__nv_hdl_wrapper_t<false,false,false,__nv_dl_tag<void (*)(const  ::Kokkos::View< ::Kokkos::complex<double>  *,  ::Kokkos::CudaSpace >  &, const  ::Kokkos::View< ::Kokkos::complex<double>  *,  ::Kokkos::CudaSpace >  &, unsigned long),(& :: pops::detail::PoissonFFTDeviceKernels<(int)2,  ::Kokkos::CudaSpace> ::peer_accumulate), 1> ,void (unsigned long),const  ::Kokkos::View< ::Kokkos::complex<double>  *,  ::Kokkos::CudaSpace > ,const  ::Kokkos::View< ::Kokkos::complex<double>  *,  ::Kokkos::CudaSpace > >,  ::Kokkos::RangePolicy< > ,  ::Kokkos::Cuda> > ), _ZN6Kokkos4Impl33cuda_parallel_launch_local_memoryINS0_11ParallelForIZN4pops6detail23PoissonFFTDeviceKernelsILi2ENS_9CudaSpaceEE15peer_accumulateERKNS_4ViewIPNS_7complexIdEEJS6_EEESE_mEUlmE_NS_11RangePolicyIJEEENS_4CudaEEEEEvT_, (-1));__cudaRegisterEntry(__T1093, ((void ( *)(const  _ZN6Kokkos4Impl11ParallelForIZN4pops6detail23PoissonFFTDeviceKernelsILi2ENS_9CudaSpaceEE8peer_dftERKNS_4ViewIPNS_7complexIdEEJS5_EEESD_miiiidmEUlmE_NS_11RangePolicyIJEEENS_4CudaEEE))Kokkos::Impl::cuda_parallel_launch_local_memory< ::Kokkos::Impl::ParallelFor< ::__nv_hdl_wrapper_t<false,false,false,__nv_dl_tag<void (*)(const  ::Kokkos::View< ::Kokkos::complex<double>  *,  ::Kokkos::CudaSpace >  &, const  ::Kokkos::View< ::Kokkos::complex<double>  *,  ::Kokkos::CudaSpace >  &, unsigned long, int, int, int, int, double, unsigned long),(& :: pops::detail::PoissonFFTDeviceKernels<(int)2,  ::Kokkos::CudaSpace> ::peer_dft), 1> ,void (unsigned long),unsigned long,int,int,int,double,int,const  ::Kokkos::View< ::Kokkos::complex<double>  *,  ::Kokkos::CudaSpace > ,const  ::Kokkos::View< ::Kokkos::complex<double>  *,  ::Kokkos::CudaSpace > >,  ::Kokkos::RangePolicy< > ,  ::Kokkos::Cuda> > ), _ZN6Kokkos4Impl33cuda_parallel_launch_local_memoryINS0_11ParallelForIZN4pops6detail23PoissonFFTDeviceKernelsILi2ENS_9CudaSpaceEE8peer_dftERKNS_4ViewIPNS_7complexIdEEJS6_EEESE_miiiidmEUlmE_NS_11RangePolicyIJEEENS_4CudaEEEEEvT_, (-1));__cudaRegisterEntry(__T1093, ((void ( *)(const  _ZN6Kokkos4Impl11ParallelForIZN4pops6detail23PoissonFFTDeviceKernelsILi2ENS_9CudaSpaceEE22last_inverse_normalizeERKNS_4ViewIPNS_7complexIdEEJS5_EEEimEUlmE_NS_11RangePolicyIJEEENS_4CudaEEE))Kokkos::Impl::cuda_parallel_launch_local_memory< ::Kokkos::Impl::ParallelFor< ::__nv_hdl_wrapper_t<false,false,false,__nv_dl_tag<void (*)(const  ::Kokkos::View< ::Kokkos::complex<double>  *,  ::Kokkos::CudaSpace >  &, int, unsigned long),(& :: pops::detail::PoissonFFTDeviceKernels<(int)2,  ::Kokkos::CudaSpace> ::last_inverse_normalize), 1> ,void (unsigned long),const  ::Kokkos::View< ::Kokkos::complex<double>  *,  ::Kokkos::CudaSpace > ,int>,  ::Kokkos::RangePolicy< > ,  ::Kokkos::Cuda> > ), _ZN6Kokkos4Impl33cuda_parallel_launch_local_memoryINS0_11ParallelForIZN4pops6detail23PoissonFFTDeviceKernelsILi2ENS_9CudaSpaceEE22last_inverse_normalizeERKNS_4ViewIPNS_7complexIdEEJS6_EEEimEUlmE_NS_11RangePolicyIJEEENS_4CudaEEEEEvT_, (-1));__cudaRegisterEntry(__T1093, ((void ( *)(const  _ZN6Kokkos4Impl11ParallelForIZN4pops6detail23PoissonFFTDeviceKernelsILi2ENS_9CudaSpaceEE16last_local_radixERKNS_4ViewIPNS_7complexIdEEJS5_EEESD_miidbmEUlmE_NS_11RangePolicyIJEEENS_4CudaEEE))Kokkos::Impl::cuda_parallel_launch_local_memory< ::Kokkos::Impl::ParallelFor< ::__nv_hdl_wrapper_t<false,false,false,__nv_dl_tag<void (*)(const  ::Kokkos::View< ::Kokkos::complex<double>  *,  ::Kokkos::CudaSpace >  &, const  ::Kokkos::View< ::Kokkos::complex<double>  *,  ::Kokkos::CudaSpace >  &, unsigned long, int, int, double, bool, unsigned long),(& :: pops::detail::PoissonFFTDeviceKernels<(int)2,  ::Kokkos::CudaSpace> ::last_local_radix), 1> ,void (unsigned long),unsigned long,int,int,double,const  ::Kokkos::View< ::Kokkos::complex<double>  *,  ::Kokkos::CudaSpace > ,bool,const  ::Kokkos::View< ::Kokkos::complex<double>  *,  ::Kokkos::CudaSpace > >,  ::Kokkos::RangePolicy< > ,  ::Kokkos::Cuda> > ), _ZN6Kokkos4Impl33cuda_parallel_launch_local_memoryINS0_11ParallelForIZN4pops6detail23PoissonFFTDeviceKernelsILi2ENS_9CudaSpaceEE16last_local_radixERKNS_4ViewIPNS_7complexIdEEJS6_EEESE_miidbmEUlmE_NS_11RangePolicyIJEEENS_4CudaEEEEEvT_, (-1));__cudaRegisterEntry(__T1093, ((void ( *)(const  _ZN6Kokkos4Impl11ParallelForIZN4pops6detail23PoissonFFTDeviceKernelsILi2ENS_9CudaSpaceEE22last_distributed_radixERKNS_4ViewIPNS_7complexIdEEJS5_EEESD_miiiiidbmEUlmE_NS_11RangePolicyIJEEENS_4CudaEEE))Kokkos::Impl::cuda_parallel_launch_local_memory< ::Kokkos::Impl::ParallelFor< ::__nv_hdl_wrapper_t<false,false,false,__nv_dl_tag<void (*)(const  ::Kokkos::View< ::Kokkos::complex<double>  *,  ::Kokkos::CudaSpace >  &, const  ::Kokkos::View< ::Kokkos::complex<double>  *,  ::Kokkos::CudaSpace >  &, unsigned long, int, int, int, int, int, double, bool, unsigned long),(& :: pops::detail::PoissonFFTDeviceKernels<(int)2,  ::Kokkos::CudaSpace> ::last_distributed_radix), 1> ,void (unsigned long),unsigned long,int,int,int,int,double,int,bool,const  ::Kokkos::View< ::Kokkos::complex<double>  *,  ::Kokkos::CudaSpace > ,const  ::Kokkos::View< ::Kokkos::complex<double>  *,  ::Kokkos::CudaSpace > >,  ::Kokkos::RangePolicy< > ,  ::Kokkos::Cuda> > ), _ZN6Kokkos4Impl33cuda_parallel_launch_local_memoryINS0_11ParallelForIZN4pops6detail23PoissonFFTDeviceKernelsILi2ENS_9CudaSpaceEE22last_distributed_radixERKNS_4ViewIPNS_7complexIdEEJS6_EEESE_miiiiidbmEUlmE_NS_11RangePolicyIJEEENS_4CudaEEEEEvT_, (-1));__cudaRegisterEntry(__T1093, ((void ( *)(const  _ZN6Kokkos4Impl11ParallelForINS0_8ViewCopyINS_4ViewIPNS_7complexIdEEJNS_10LayoutLeftENS_6DeviceINS_4CudaENS_14AnonymousSpaceEEENS_12MemoryTraitsILj0EEEEEENS3_IPKS5_JS7_NS8_INS_6OpenMPESA_EESD_EEES7_S9_Li1EiEENS_11RangePolicyIJS9_NS_9IndexTypeIiEEEEES9_EE))Kokkos::Impl::cuda_parallel_launch_local_memory< ::Kokkos::Impl::ParallelFor< ::Kokkos::Impl::ViewCopy< ::Kokkos::View< ::Kokkos::complex<double>  *,  ::Kokkos::LayoutLeft,  ::Kokkos::Device< ::Kokkos::Cuda,  ::Kokkos::AnonymousSpace> ,  ::Kokkos::MemoryTraits<(unsigned int)0u>  > ,  ::Kokkos::View<const  ::Kokkos::complex<double>  *,  ::Kokkos::LayoutLeft,  ::Kokkos::Device< ::Kokkos::OpenMP,  ::Kokkos::AnonymousSpace> ,  ::Kokkos::MemoryTraits<(unsigned int)0u>  > ,  ::Kokkos::LayoutLeft,  ::Kokkos::Cuda, (int)1, int> ,  ::Kokkos::RangePolicy< ::Kokkos::Cuda,  ::Kokkos::IndexType<int>  > ,  ::Kokkos::Cuda> > ), _ZN6Kokkos4Impl33cuda_parallel_launch_local_memoryINS0_11ParallelForINS0_8ViewCopyINS_4ViewIPNS_7complexIdEEJNS_10LayoutLeftENS_6DeviceINS_4CudaENS_14AnonymousSpaceEEENS_12MemoryTraitsILj0EEEEEENS4_IPKS6_JS8_NS9_INS_6OpenMPESB_EESE_EEES8_SA_Li1EiEENS_11RangePolicyIJSA_NS_9IndexTypeIiEEEEESA_EEEEvT_, (-1));__cudaRegisterEntry(__T1093, ((void ( *)(const  _ZN6Kokkos4Impl11ParallelForINS0_8ViewCopyINS_4ViewIPNS_7complexIdEEJNS_10LayoutLeftENS_6DeviceINS_4CudaENS_14AnonymousSpaceEEENS_12MemoryTraitsILj0EEEEEENS3_IPKS5_JS7_NS8_INS_6OpenMPESA_EESD_EEENS_11LayoutRightES9_Li1EiEENS_11RangePolicyIJS9_NS_9IndexTypeIiEEEEES9_EE))Kokkos::Impl::cuda_parallel_launch_local_memory< ::Kokkos::Impl::ParallelFor< ::Kokkos::Impl::ViewCopy< ::Kokkos::View< ::Kokkos::complex<double>  *,  ::Kokkos::LayoutLeft,  ::Kokkos::Device< ::Kokkos::Cuda,  ::Kokkos::AnonymousSpace> ,  ::Kokkos::MemoryTraits<(unsigned int)0u>  > ,  ::Kokkos::View<const  ::Kokkos::complex<double>  *,  ::Kokkos::LayoutLeft,  ::Kokkos::Device< ::Kokkos::OpenMP,  ::Kokkos::AnonymousSpace> ,  ::Kokkos::MemoryTraits<(unsigned int)0u>  > ,  ::Kokkos::LayoutRight,  ::Kokkos::Cuda, (int)1, int> ,  ::Kokkos::RangePolicy< ::Kokkos::Cuda,  ::Kokkos::IndexType<int>  > ,  ::Kokkos::Cuda> > ), _ZN6Kokkos4Impl33cuda_parallel_launch_local_memoryINS0_11ParallelForINS0_8ViewCopyINS_4ViewIPNS_7complexIdEEJNS_10LayoutLeftENS_6DeviceINS_4CudaENS_14AnonymousSpaceEEENS_12MemoryTraitsILj0EEEEEENS4_IPKS6_JS8_NS9_INS_6OpenMPESB_EESE_EEENS_11LayoutRightESA_Li1EiEENS_11RangePolicyIJSA_NS_9IndexTypeIiEEEEESA_EEEEvT_, (-1));__cudaRegisterEntry(__T1093, ((void ( *)(const  _ZN6Kokkos4Impl11ParallelForINS0_8ViewCopyINS_4ViewIPNS_7complexIdEEJNS_10LayoutLeftENS_6DeviceINS_4CudaENS_14AnonymousSpaceEEENS_12MemoryTraitsILj0EEEEEENS3_IPKS5_JS7_NS8_INS_6OpenMPESA_EESD_EEES7_S9_Li1ElEENS_11RangePolicyIJS9_NS_9IndexTypeIlEEEEES9_EE))Kokkos::Impl::cuda_parallel_launch_local_memory< ::Kokkos::Impl::ParallelFor< ::Kokkos::Impl::ViewCopy< ::Kokkos::View< ::Kokkos::complex<double>  *,  ::Kokkos::LayoutLeft,  ::Kokkos::Device< ::Kokkos::Cuda,  ::Kokkos::AnonymousSpace> ,  ::Kokkos::MemoryTraits<(unsigned int)0u>  > ,  ::Kokkos::View<const  ::Kokkos::complex<double>  *,  ::Kokkos::LayoutLeft,  ::Kokkos::Device< ::Kokkos::OpenMP,  ::Kokkos::AnonymousSpace> ,  ::Kokkos::MemoryTraits<(unsigned int)0u>  > ,  ::Kokkos::LayoutLeft,  ::Kokkos::Cuda, (int)1, long> ,  ::Kokkos::RangePolicy< ::Kokkos::Cuda,  ::Kokkos::IndexType<long>  > ,  ::Kokkos::Cuda> > ), _ZN6Kokkos4Impl33cuda_parallel_launch_local_memoryINS0_11ParallelForINS0_8ViewCopyINS_4ViewIPNS_7complexIdEEJNS_10LayoutLeftENS_6DeviceINS_4CudaENS_14AnonymousSpaceEEENS_12MemoryTraitsILj0EEEEEENS4_IPKS6_JS8_NS9_INS_6OpenMPESB_EESE_EEES8_SA_Li1ElEENS_11RangePolicyIJSA_NS_9IndexTypeIlEEEEESA_EEEEvT_, (-1));__cudaRegisterEntry(__T1093, ((void ( *)(const  _ZN6Kokkos4Impl11ParallelForINS0_8ViewCopyINS_4ViewIPNS_7complexIdEEJNS_10LayoutLeftENS_6DeviceINS_4CudaENS_14AnonymousSpaceEEENS_12MemoryTraitsILj0EEEEEENS3_IPKS5_JS7_NS8_INS_6OpenMPESA_EESD_EEENS_11LayoutRightES9_Li1ElEENS_11RangePolicyIJS9_NS_9IndexTypeIlEEEEES9_EE))Kokkos::Impl::cuda_parallel_launch_local_memory< ::Kokkos::Impl::ParallelFor< ::Kokkos::Impl::ViewCopy< ::Kokkos::View< ::Kokkos::complex<double>  *,  ::Kokkos::LayoutLeft,  ::Kokkos::Device< ::Kokkos::Cuda,  ::Kokkos::AnonymousSpace> ,  ::Kokkos::MemoryTraits<(unsigned int)0u>  > ,  ::Kokkos::View<const  ::Kokkos::complex<double>  *,  ::Kokkos::LayoutLeft,  ::Kokkos::Device< ::Kokkos::OpenMP,  ::Kokkos::AnonymousSpace> ,  ::Kokkos::MemoryTraits<(unsigned int)0u>  > ,  ::Kokkos::LayoutRight,  ::Kokkos::Cuda, (int)1, long> ,  ::Kokkos::RangePolicy< ::Kokkos::Cuda,  ::Kokkos::IndexType<long>  > ,  ::Kokkos::Cuda> > ), _ZN6Kokkos4Impl33cuda_parallel_launch_local_memoryINS0_11ParallelForINS0_8ViewCopyINS_4ViewIPNS_7complexIdEEJNS_10LayoutLeftENS_6DeviceINS_4CudaENS_14AnonymousSpaceEEENS_12MemoryTraitsILj0EEEEEENS4_IPKS6_JS8_NS9_INS_6OpenMPESB_EESE_EEENS_11LayoutRightESA_Li1ElEENS_11RangePolicyIJSA_NS_9IndexTypeIlEEEEESA_EEEEvT_, (-1));__cudaRegisterEntry(__T1093, ((void ( *)(const  _ZN6Kokkos4Impl11ParallelForIZN4pops6detail23PoissonFFTDeviceKernelsILi2ENS_9CudaSpaceEE9local_dftERKNS_4ViewIPNS_7complexIdEEJS5_EEESD_mibdmEUlmE_NS_11RangePolicyIJEEENS_4CudaEEE))Kokkos::Impl::cuda_parallel_launch_local_memory< ::Kokkos::Impl::ParallelFor< ::__nv_hdl_wrapper_t<false,false,false,__nv_dl_tag<void (*)(const  ::Kokkos::View< ::Kokkos::complex<double>  *,  ::Kokkos::CudaSpace >  &, const  ::Kokkos::View< ::Kokkos::complex<double>  *,  ::Kokkos::CudaSpace >  &, unsigned long, int, bool, double, unsigned long),(& :: pops::detail::PoissonFFTDeviceKernels<(int)2,  ::Kokkos::CudaSpace> ::local_dft), 1> ,void (unsigned long),unsigned long,int,double,const  ::Kokkos::View< ::Kokkos::complex<double>  *,  ::Kokkos::CudaSpace > ,const  ::Kokkos::View< ::Kokkos::complex<double>  *,  ::Kokkos::CudaSpace > ,bool>,  ::Kokkos::RangePolicy< > ,  ::Kokkos::Cuda> > ), _ZN6Kokkos4Impl33cuda_parallel_launch_local_memoryINS0_11ParallelForIZN4pops6detail23PoissonFFTDeviceKernelsILi2ENS_9CudaSpaceEE9local_dftERKNS_4ViewIPNS_7complexIdEEJS6_EEESE_mibdmEUlmE_NS_11RangePolicyIJEEENS_4CudaEEEEEvT_, (-1));__cudaRegisterEntry(__T1093, ((void ( *)(const  _ZN6Kokkos4Impl11ParallelForIZN4pops6detail23PoissonFFTDeviceKernelsILi2ENS_9CudaSpaceEE21local_radix_normalizeERKNS_4ViewIPNS_7complexIdEEJS5_EEEimEUlmE_NS_11RangePolicyIJEEENS_4CudaEEE))Kokkos::Impl::cuda_parallel_launch_local_memory< ::Kokkos::Impl::ParallelFor< ::__nv_hdl_wrapper_t<false,false,false,__nv_dl_tag<void (*)(const  ::Kokkos::View< ::Kokkos::complex<double>  *,  ::Kokkos::CudaSpace >  &, int, unsigned long),(& :: pops::detail::PoissonFFTDeviceKernels<(int)2,  ::Kokkos::CudaSpace> ::local_radix_normalize), 1> ,void (unsigned long),const  ::Kokkos::View< ::Kokkos::complex<double>  *,  ::Kokkos::CudaSpace > ,int>,  ::Kokkos::RangePolicy< > ,  ::Kokkos::Cuda> > ), _ZN6Kokkos4Impl33cuda_parallel_launch_local_memoryINS0_11ParallelForIZN4pops6detail23PoissonFFTDeviceKernelsILi2ENS_9CudaSpaceEE21local_radix_normalizeERKNS_4ViewIPNS_7complexIdEEJS6_EEEimEUlmE_NS_11RangePolicyIJEEENS_4CudaEEEEEvT_, (-1));__cudaRegisterEntry(__T1093, ((void ( *)(const  _ZN6Kokkos4Impl11ParallelForIZN4pops6detail23PoissonFFTDeviceKernelsILi2ENS_9CudaSpaceEE17local_radix_stageERKNS_4ViewIPNS_7complexIdEEJS5_EEESD_miiidmEUlmE_NS_11RangePolicyIJEEENS_4CudaEEE))Kokkos::Impl::cuda_parallel_launch_local_memory< ::Kokkos::Impl::ParallelFor< ::__nv_hdl_wrapper_t<false,false,false,__nv_dl_tag<void (*)(const  ::Kokkos::View< ::Kokkos::complex<double>  *,  ::Kokkos::CudaSpace >  &, const  ::Kokkos::View< ::Kokkos::complex<double>  *,  ::Kokkos::CudaSpace >  &, unsigned long, int, int, int, double, unsigned long),(& :: pops::detail::PoissonFFTDeviceKernels<(int)2,  ::Kokkos::CudaSpace> ::local_radix_stage), 1> ,void (unsigned long),unsigned long,int,int,int,double,const  ::Kokkos::View< ::Kokkos::complex<double>  *,  ::Kokkos::CudaSpace > ,const  ::Kokkos::View< ::Kokkos::complex<double>  *,  ::Kokkos::CudaSpace > >,  ::Kokkos::RangePolicy< > ,  ::Kokkos::Cuda> > ), _ZN6Kokkos4Impl33cuda_parallel_launch_local_memoryINS0_11ParallelForIZN4pops6detail23PoissonFFTDeviceKernelsILi2ENS_9CudaSpaceEE17local_radix_stageERKNS_4ViewIPNS_7complexIdEEJS6_EEESE_miiidmEUlmE_NS_11RangePolicyIJEEENS_4CudaEEEEEvT_, (-1));__cudaRegisterEntry(__T1093, ((void ( *)(const  _ZN6Kokkos4Impl11ParallelForIZN4pops6detail23PoissonFFTDeviceKernelsILi2ENS_9CudaSpaceEE11bit_reverseERKNS_4ViewIPNS_7complexIdEEJS5_EEESD_mimEUlmE_NS_11RangePolicyIJEEENS_4CudaEEE))Kokkos::Impl::cuda_parallel_launch_local_memory< ::Kokkos::Impl::ParallelFor< ::__nv_hdl_wrapper_t<false,false,false,__nv_dl_tag<void (*)(const  ::Kokkos::View< ::Kokkos::complex<double>  *,  ::Kokkos::CudaSpace >  &, const  ::Kokkos::View< ::Kokkos::complex<double>  *,  ::Kokkos::CudaSpace >  &, unsigned long, int, unsigned long),(& :: pops::detail::PoissonFFTDeviceKernels<(int)2,  ::Kokkos::CudaSpace> ::bit_reverse), 1> ,void (unsigned long),unsigned long,int,const  ::Kokkos::View< ::Kokkos::complex<double>  *,  ::Kokkos::CudaSpace > ,const  ::Kokkos::View< ::Kokkos::complex<double>  *,  ::Kokkos::CudaSpace > >,  ::Kokkos::RangePolicy< > ,  ::Kokkos::Cuda> > ), _ZN6Kokkos4Impl33cuda_parallel_launch_local_memoryINS0_11ParallelForIZN4pops6detail23PoissonFFTDeviceKernelsILi2ENS_9CudaSpaceEE11bit_reverseERKNS_4ViewIPNS_7complexIdEEJS6_EEESE_mimEUlmE_NS_11RangePolicyIJEEENS_4CudaEEEEEvT_, (-1));__cudaRegisterEntry(__T1093, ((void ( *)(const  _ZN6Kokkos4Impl11ParallelForINS0_8ViewCopyINS_4ViewIPNS_7complexIdEEJNS_10LayoutLeftENS_6DeviceINS_6OpenMPENS_14AnonymousSpaceEEENS_12MemoryTraitsILj0EEEEEENS3_IPKS5_JS7_NS8_INS_4CudaESA_EESD_EEES7_SH_Li1EiEENS_11RangePolicyIJSH_NS_9IndexTypeIiEEEEESH_EE))Kokkos::Impl::cuda_parallel_launch_local_memory< ::Kokkos::Impl::ParallelFor< ::Kokkos::Impl::ViewCopy< ::Kokkos::View< ::Kokkos::complex<double>  *,  ::Kokkos::LayoutLeft,  ::Kokkos::Device< ::Kokkos::OpenMP,  ::Kokkos::AnonymousSpace> ,  ::Kokkos::MemoryTraits<(unsigned int)0u>  > ,  ::Kokkos::View<const  ::Kokkos::complex<double>  *,  ::Kokkos::LayoutLeft,  ::Kokkos::Device< ::Kokkos::Cuda,  ::Kokkos::AnonymousSpace> ,  ::Kokkos::MemoryTraits<(unsigned int)0u>  > ,  ::Kokkos::LayoutLeft,  ::Kokkos::Cuda, (int)1, int> ,  ::Kokkos::RangePolicy< ::Kokkos::Cuda,  ::Kokkos::IndexType<int>  > ,  ::Kokkos::Cuda> > ), _ZN6Kokkos4Impl33cuda_parallel_launch_local_memoryINS0_11ParallelForINS0_8ViewCopyINS_4ViewIPNS_7complexIdEEJNS_10LayoutLeftENS_6DeviceINS_6OpenMPENS_14AnonymousSpaceEEENS_12MemoryTraitsILj0EEEEEENS4_IPKS6_JS8_NS9_INS_4CudaESB_EESE_EEES8_SI_Li1EiEENS_11RangePolicyIJSI_NS_9IndexTypeIiEEEEESI_EEEEvT_, (-1));__cudaRegisterEntry(__T1093, ((void ( *)(const  _ZN6Kokkos4Impl11ParallelForINS0_8ViewCopyINS_4ViewIPNS_7complexIdEEJNS_10LayoutLeftENS_6DeviceINS_6OpenMPENS_14AnonymousSpaceEEENS_12MemoryTraitsILj0EEEEEENS3_IPKS5_JS7_NS8_INS_4CudaESA_EESD_EEENS_11LayoutRightESH_Li1EiEENS_11RangePolicyIJSH_NS_9IndexTypeIiEEEEESH_EE))Kokkos::Impl::cuda_parallel_launch_local_memory< ::Kokkos::Impl::ParallelFor< ::Kokkos::Impl::ViewCopy< ::Kokkos::View< ::Kokkos::complex<double>  *,  ::Kokkos::LayoutLeft,  ::Kokkos::Device< ::Kokkos::OpenMP,  ::Kokkos::AnonymousSpace> ,  ::Kokkos::MemoryTraits<(unsigned int)0u>  > ,  ::Kokkos::View<const  ::Kokkos::complex<double>  *,  ::Kokkos::LayoutLeft,  ::Kokkos::Device< ::Kokkos::Cuda,  ::Kokkos::AnonymousSpace> ,  ::Kokkos::MemoryTraits<(unsigned int)0u>  > ,  ::Kokkos::LayoutRight,  ::Kokkos::Cuda, (int)1, int> ,  ::Kokkos::RangePolicy< ::Kokkos::Cuda,  ::Kokkos::IndexType<int>  > ,  ::Kokkos::Cuda> > ), _ZN6Kokkos4Impl33cuda_parallel_launch_local_memoryINS0_11ParallelForINS0_8ViewCopyINS_4ViewIPNS_7complexIdEEJNS_10LayoutLeftENS_6DeviceINS_6OpenMPENS_14AnonymousSpaceEEENS_12MemoryTraitsILj0EEEEEENS4_IPKS6_JS8_NS9_INS_4CudaESB_EESE_EEENS_11LayoutRightESI_Li1EiEENS_11RangePolicyIJSI_NS_9IndexTypeIiEEEEESI_EEEEvT_, (-1));__cudaRegisterEntry(__T1093, ((void ( *)(const  _ZN6Kokkos4Impl11ParallelForINS0_8ViewCopyINS_4ViewIPNS_7complexIdEEJNS_10LayoutLeftENS_6DeviceINS_6OpenMPENS_14AnonymousSpaceEEENS_12MemoryTraitsILj0EEEEEENS3_IPKS5_JS7_NS8_INS_4CudaESA_EESD_EEES7_SH_Li1ElEENS_11RangePolicyIJSH_NS_9IndexTypeIlEEEEESH_EE))Kokkos::Impl::cuda_parallel_launch_local_memory< ::Kokkos::Impl::ParallelFor< ::Kokkos::Impl::ViewCopy< ::Kokkos::View< ::Kokkos::complex<double>  *,  ::Kokkos::LayoutLeft,  ::Kokkos::Device< ::Kokkos::OpenMP,  ::Kokkos::AnonymousSpace> ,  ::Kokkos::MemoryTraits<(unsigned int)0u>  > ,  ::Kokkos::View<const  ::Kokkos::complex<double>  *,  ::Kokkos::LayoutLeft,  ::Kokkos::Device< ::Kokkos::Cuda,  ::Kokkos::AnonymousSpace> ,  ::Kokkos::MemoryTraits<(unsigned int)0u>  > ,  ::Kokkos::LayoutLeft,  ::Kokkos::Cuda, (int)1, long> ,  ::Kokkos::RangePolicy< ::Kokkos::Cuda,  ::Kokkos::IndexType<long>  > ,  ::Kokkos::Cuda> > ), _ZN6Kokkos4Impl33cuda_parallel_launch_local_memoryINS0_11ParallelForINS0_8ViewCopyINS_4ViewIPNS_7complexIdEEJNS_10LayoutLeftENS_6DeviceINS_6OpenMPENS_14AnonymousSpaceEEENS_12MemoryTraitsILj0EEEEEENS4_IPKS6_JS8_NS9_INS_4CudaESB_EESE_EEES8_SI_Li1ElEENS_11RangePolicyIJSI_NS_9IndexTypeIlEEEEESI_EEEEvT_, (-1));__cudaRegisterEntry(__T1093, ((void ( *)(const  _ZN6Kokkos4Impl11ParallelForINS0_8ViewCopyINS_4ViewIPNS_7complexIdEEJNS_10LayoutLeftENS_6DeviceINS_6OpenMPENS_14AnonymousSpaceEEENS_12MemoryTraitsILj0EEEEEENS3_IPKS5_JS7_NS8_INS_4CudaESA_EESD_EEENS_11LayoutRightESH_Li1ElEENS_11RangePolicyIJSH_NS_9IndexTypeIlEEEEESH_EE))Kokkos::Impl::cuda_parallel_launch_local_memory< ::Kokkos::Impl::ParallelFor< ::Kokkos::Impl::ViewCopy< ::Kokkos::View< ::Kokkos::complex<double>  *,  ::Kokkos::LayoutLeft,  ::Kokkos::Device< ::Kokkos::OpenMP,  ::Kokkos::AnonymousSpace> ,  ::Kokkos::MemoryTraits<(unsigned int)0u>  > ,  ::Kokkos::View<const  ::Kokkos::complex<double>  *,  ::Kokkos::LayoutLeft,  ::Kokkos::Device< ::Kokkos::Cuda,  ::Kokkos::AnonymousSpace> ,  ::Kokkos::MemoryTraits<(unsigned int)0u>  > ,  ::Kokkos::LayoutRight,  ::Kokkos::Cuda, (int)1, long> ,  ::Kokkos::RangePolicy< ::Kokkos::Cuda,  ::Kokkos::IndexType<long>  > ,  ::Kokkos::Cuda> > ), _ZN6Kokkos4Impl33cuda_parallel_launch_local_memoryINS0_11ParallelForINS0_8ViewCopyINS_4ViewIPNS_7complexIdEEJNS_10LayoutLeftENS_6DeviceINS_6OpenMPENS_14AnonymousSpaceEEENS_12MemoryTraitsILj0EEEEEENS4_IPKS6_JS8_NS9_INS_4CudaESB_EESE_EEENS_11LayoutRightESI_Li1ElEENS_11RangePolicyIJSI_NS_9IndexTypeIlEEEEESI_EEEEvT_, (-1));__cudaRegisterEntry(__T1093, ((void ( *)(const  _ZN6Kokkos4Impl11ParallelForINS0_8ViewCopyINS_4ViewIPNS_7complexIdEEJNS_10LayoutLeftENS_6DeviceINS_4CudaENS_14AnonymousSpaceEEENS_12MemoryTraitsILj0EEEEEENS3_IPKS5_JS7_SB_SD_EEES7_S9_Li1EiEENS_11RangePolicyIJS9_NS_9IndexTypeIiEEEEES9_EE))Kokkos::Impl::cuda_parallel_launch_local_memory< ::Kokkos::Impl::ParallelFor< ::Kokkos::Impl::ViewCopy< ::Kokkos::View< ::Kokkos::complex<double>  *,  ::Kokkos::LayoutLeft,  ::Kokkos::Device< ::Kokkos::Cuda,  ::Kokkos::AnonymousSpace> ,  ::Kokkos::MemoryTraits<(unsigned int)0u>  > ,  ::Kokkos::View<const  ::Kokkos::complex<double>  *,  ::Kokkos::LayoutLeft,  ::Kokkos::Device< ::Kokkos::Cuda,  ::Kokkos::AnonymousSpace> ,  ::Kokkos::MemoryTraits<(unsigned int)0u>  > ,  ::Kokkos::LayoutLeft,  ::Kokkos::Cuda, (int)1, int> ,  ::Kokkos::RangePolicy< ::Kokkos::Cuda,  ::Kokkos::IndexType<int>  > ,  ::Kokkos::Cuda> > ), _ZN6Kokkos4Impl33cuda_parallel_launch_local_memoryINS0_11ParallelForINS0_8ViewCopyINS_4ViewIPNS_7complexIdEEJNS_10LayoutLeftENS_6DeviceINS_4CudaENS_14AnonymousSpaceEEENS_12MemoryTraitsILj0EEEEEENS4_IPKS6_JS8_SC_SE_EEES8_SA_Li1EiEENS_11RangePolicyIJSA_NS_9IndexTypeIiEEEEESA_EEEEvT_, (-1));__cudaRegisterEntry(__T1093, ((void ( *)(const  _ZN6Kokkos4Impl11ParallelForINS0_8ViewCopyINS_4ViewIPNS_7complexIdEEJNS_10LayoutLeftENS_6DeviceINS_4CudaENS_14AnonymousSpaceEEENS_12MemoryTraitsILj0EEEEEENS3_IPKS5_JS7_SB_SD_EEENS_11LayoutRightES9_Li1EiEENS_11RangePolicyIJS9_NS_9IndexTypeIiEEEEES9_EE))Kokkos::Impl::cuda_parallel_launch_local_memory< ::Kokkos::Impl::ParallelFor< ::Kokkos::Impl::ViewCopy< ::Kokkos::View< ::Kokkos::complex<double>  *,  ::Kokkos::LayoutLeft,  ::Kokkos::Device< ::Kokkos::Cuda,  ::Kokkos::AnonymousSpace> ,  ::Kokkos::MemoryTraits<(unsigned int)0u>  > ,  ::Kokkos::View<const  ::Kokkos::complex<double>  *,  ::Kokkos::LayoutLeft,  ::Kokkos::Device< ::Kokkos::Cuda,  ::Kokkos::AnonymousSpace> ,  ::Kokkos::MemoryTraits<(unsigned int)0u>  > ,  ::Kokkos::LayoutRight,  ::Kokkos::Cuda, (int)1, int> ,  ::Kokkos::RangePolicy< ::Kokkos::Cuda,  ::Kokkos::IndexType<int>  > ,  ::Kokkos::Cuda> > ), _ZN6Kokkos4Impl33cuda_parallel_launch_local_memoryINS0_11ParallelForINS0_8ViewCopyINS_4ViewIPNS_7complexIdEEJNS_10LayoutLeftENS_6DeviceINS_4CudaENS_14AnonymousSpaceEEENS_12MemoryTraitsILj0EEEEEENS4_IPKS6_JS8_SC_SE_EEENS_11LayoutRightESA_Li1EiEENS_11RangePolicyIJSA_NS_9IndexTypeIiEEEEESA_EEEEvT_, (-1));__cudaRegisterEntry(__T1093, ((void ( *)(const  _ZN6Kokkos4Impl11ParallelForINS0_8ViewCopyINS_4ViewIPNS_7complexIdEEJNS_10LayoutLeftENS_6DeviceINS_4CudaENS_14AnonymousSpaceEEENS_12MemoryTraitsILj0EEEEEENS3_IPKS5_JS7_SB_SD_EEES7_S9_Li1ElEENS_11RangePolicyIJS9_NS_9IndexTypeIlEEEEES9_EE))Kokkos::Impl::cuda_parallel_launch_local_memory< ::Kokkos::Impl::ParallelFor< ::Kokkos::Impl::ViewCopy< ::Kokkos::View< ::Kokkos::complex<double>  *,  ::Kokkos::LayoutLeft,  ::Kokkos::Device< ::Kokkos::Cuda,  ::Kokkos::AnonymousSpace> ,  ::Kokkos::MemoryTraits<(unsigned int)0u>  > ,  ::Kokkos::View<const  ::Kokkos::complex<double>  *,  ::Kokkos::LayoutLeft,  ::Kokkos::Device< ::Kokkos::Cuda,  ::Kokkos::AnonymousSpace> ,  ::Kokkos::MemoryTraits<(unsigned int)0u>  > ,  ::Kokkos::LayoutLeft,  ::Kokkos::Cuda, (int)1, long> ,  ::Kokkos::RangePolicy< ::Kokkos::Cuda,  ::Kokkos::IndexType<long>  > ,  ::Kokkos::Cuda> > ), _ZN6Kokkos4Impl33cuda_parallel_launch_local_memoryINS0_11ParallelForINS0_8ViewCopyINS_4ViewIPNS_7complexIdEEJNS_10LayoutLeftENS_6DeviceINS_4CudaENS_14AnonymousSpaceEEENS_12MemoryTraitsILj0EEEEEENS4_IPKS6_JS8_SC_SE_EEES8_SA_Li1ElEENS_11RangePolicyIJSA_NS_9IndexTypeIlEEEEESA_EEEEvT_, (-1));__cudaRegisterEntry(__T1093, ((void ( *)(const  _ZN6Kokkos4Impl11ParallelForINS0_8ViewCopyINS_4ViewIPNS_7complexIdEEJNS_10LayoutLeftENS_6DeviceINS_4CudaENS_14AnonymousSpaceEEENS_12MemoryTraitsILj0EEEEEENS3_IPKS5_JS7_SB_SD_EEENS_11LayoutRightES9_Li1ElEENS_11RangePolicyIJS9_NS_9IndexTypeIlEEEEES9_EE))Kokkos::Impl::cuda_parallel_launch_local_memory< ::Kokkos::Impl::ParallelFor< ::Kokkos::Impl::ViewCopy< ::Kokkos::View< ::Kokkos::complex<double>  *,  ::Kokkos::LayoutLeft,  ::Kokkos::Device< ::Kokkos::Cuda,  ::Kokkos::AnonymousSpace> ,  ::Kokkos::MemoryTraits<(unsigned int)0u>  > ,  ::Kokkos::View<const  ::Kokkos::complex<double>  *,  ::Kokkos::LayoutLeft,  ::Kokkos::Device< ::Kokkos::Cuda,  ::Kokkos::AnonymousSpace> ,  ::Kokkos::MemoryTraits<(unsigned int)0u>  > ,  ::Kokkos::LayoutRight,  ::Kokkos::Cuda, (int)1, long> ,  ::Kokkos::RangePolicy< ::Kokkos::Cuda,  ::Kokkos::IndexType<long>  > ,  ::Kokkos::Cuda> > ), _ZN6Kokkos4Impl33cuda_parallel_launch_local_memoryINS0_11ParallelForINS0_8ViewCopyINS_4ViewIPNS_7complexIdEEJNS_10LayoutLeftENS_6DeviceINS_4CudaENS_14AnonymousSpaceEEENS_12MemoryTraitsILj0EEEEEENS4_IPKS6_JS8_SC_SE_EEENS_11LayoutRightESA_Li1ElEENS_11RangePolicyIJSA_NS_9IndexTypeIlEEEEESA_EEEEvT_, (-1));__cudaRegisterEntry(__T1093, ((void ( *)(const  _ZN6Kokkos4Impl11ParallelForIZN4pops6detail18launch_index_spaceINS_4CudaELi2ENS2_8elliptic19fft_multifab_detail14PackSlabKernelILi2EEEEEvRKT_RKNS2_3BoxIXT0_EEEPKcT1_EUllE_NS_11RangePolicyIJS5_NS_9IndexTypeIlEEEEES5_EE))Kokkos::Impl::cuda_parallel_launch_local_memory< ::Kokkos::Impl::ParallelFor< ::__nv_hdl_wrapper_t<false,false,false,__nv_dl_tag<void (*)(const  ::Kokkos::Cuda &, const  ::pops::Box<(int)2>  &, const char *,  ::pops::elliptic::fft_multifab_detail::PackSlabKernel<(int)2> ),(& :: pops::detail::launch_index_space< ::Kokkos::Cuda, (int)2,  ::pops::elliptic::fft_multifab_detail::PackSlabKernel<(int)2> > ), 1> ,void (long), ::pops::elliptic::fft_multifab_detail::PackSlabKernel<(int)2> ,const  ::pops::Index<(int)2> ,const  ::pops::Extent<(int)2> >,  ::Kokkos::RangePolicy< ::Kokkos::Cuda,  ::Kokkos::IndexType<long>  > ,  ::Kokkos::Cuda> > ), _ZN6Kokkos4Impl33cuda_parallel_launch_local_memoryINS0_11ParallelForIZN4pops6detail18launch_index_spaceINS_4CudaELi2ENS3_8elliptic19fft_multifab_detail14PackSlabKernelILi2EEEEEvRKT_RKNS3_3BoxIXT0_EEEPKcT1_EUllE_NS_11RangePolicyIJS6_NS_9IndexTypeIlEEEEES6_EEEEvSB_, (-1));__cudaRegisterEntry(__T1093, ((void ( *)(const  _ZN6Kokkos4Impl11ParallelForINS0_8ViewFillINS_4ViewIPNS_7complexIdEEJNS_10LayoutLeftENS_6DeviceINS_4CudaENS_14AnonymousSpaceEEENS_12MemoryTraitsILj0EEEEEES7_S9_Li1EiEENS_11RangePolicyIJS9_NS_9IndexTypeIiEENS_12Experimental15StaticBatchSizeILj16EEEEEES9_EE))Kokkos::Impl::cuda_parallel_launch_local_memory< ::Kokkos::Impl::ParallelFor< ::Kokkos::Impl::ViewFill< ::Kokkos::View< ::Kokkos::complex<double>  *,  ::Kokkos::LayoutLeft,  ::Kokkos::Device< ::Kokkos::Cuda,  ::Kokkos::AnonymousSpace> ,  ::Kokkos::MemoryTraits<(unsigned int)0u>  > ,  ::Kokkos::LayoutLeft,  ::Kokkos::Cuda, (int)1, int> ,  ::Kokkos::RangePolicy< ::Kokkos::Cuda,  ::Kokkos::IndexType<int> ,  ::Kokkos::Experimental::StaticBatchSize<(unsigned int)16u>  > ,  ::Kokkos::Cuda> > ), _ZN6Kokkos4Impl33cuda_parallel_launch_local_memoryINS0_11ParallelForINS0_8ViewFillINS_4ViewIPNS_7complexIdEEJNS_10LayoutLeftENS_6DeviceINS_4CudaENS_14AnonymousSpaceEEENS_12MemoryTraitsILj0EEEEEES8_SA_Li1EiEENS_11RangePolicyIJSA_NS_9IndexTypeIiEENS_12Experimental15StaticBatchSizeILj16EEEEEESA_EEEEvT_, (-1));__cudaRegisterEntry(__T1093, ((void ( *)(const  _ZN6Kokkos4Impl11ParallelForINS0_8ViewFillINS_4ViewIPNS_7complexIdEEJNS_10LayoutLeftENS_6DeviceINS_4CudaENS_14AnonymousSpaceEEENS_12MemoryTraitsILj0EEEEEENS_11LayoutRightES9_Li1EiEENS_11RangePolicyIJS9_NS_9IndexTypeIiEENS_12Experimental15StaticBatchSizeILj16EEEEEES9_EE))Kokkos::Impl::cuda_parallel_launch_local_memory< ::Kokkos::Impl::ParallelFor< ::Kokkos::Impl::ViewFill< ::Kokkos::View< ::Kokkos::complex<double>  *,  ::Kokkos::LayoutLeft,  ::Kokkos::Device< ::Kokkos::Cuda,  ::Kokkos::AnonymousSpace> ,  ::Kokkos::MemoryTraits<(unsigned int)0u>  > ,  ::Kokkos::LayoutRight,  ::Kokkos::Cuda, (int)1, int> ,  ::Kokkos::RangePolicy< ::Kokkos::Cuda,  ::Kokkos::IndexType<int> ,  ::Kokkos::Experimental::StaticBatchSize<(unsigned int)16u>  > ,  ::Kokkos::Cuda> > ), _ZN6Kokkos4Impl33cuda_parallel_launch_local_memoryINS0_11ParallelForINS0_8ViewFillINS_4ViewIPNS_7complexIdEEJNS_10LayoutLeftENS_6DeviceINS_4CudaENS_14AnonymousSpaceEEENS_12MemoryTraitsILj0EEEEEENS_11LayoutRightESA_Li1EiEENS_11RangePolicyIJSA_NS_9IndexTypeIiEENS_12Experimental15StaticBatchSizeILj16EEEEEESA_EEEEvT_, (-1));__cudaRegisterEntry(__T1093, ((void ( *)(const  _ZN6Kokkos4Impl11ParallelForINS0_8ViewFillINS_4ViewIPNS_7complexIdEEJNS_10LayoutLeftENS_6DeviceINS_4CudaENS_14AnonymousSpaceEEENS_12MemoryTraitsILj0EEEEEES7_S9_Li1ElEENS_11RangePolicyIJS9_NS_9IndexTypeIlEENS_12Experimental15StaticBatchSizeILj16EEEEEES9_EE))Kokkos::Impl::cuda_parallel_launch_local_memory< ::Kokkos::Impl::ParallelFor< ::Kokkos::Impl::ViewFill< ::Kokkos::View< ::Kokkos::complex<double>  *,  ::Kokkos::LayoutLeft,  ::Kokkos::Device< ::Kokkos::Cuda,  ::Kokkos::AnonymousSpace> ,  ::Kokkos::MemoryTraits<(unsigned int)0u>  > ,  ::Kokkos::LayoutLeft,  ::Kokkos::Cuda, (int)1, long> ,  ::Kokkos::RangePolicy< ::Kokkos::Cuda,  ::Kokkos::IndexType<long> ,  ::Kokkos::Experimental::StaticBatchSize<(unsigned int)16u>  > ,  ::Kokkos::Cuda> > ), _ZN6Kokkos4Impl33cuda_parallel_launch_local_memoryINS0_11ParallelForINS0_8ViewFillINS_4ViewIPNS_7complexIdEEJNS_10LayoutLeftENS_6DeviceINS_4CudaENS_14AnonymousSpaceEEENS_12MemoryTraitsILj0EEEEEES8_SA_Li1ElEENS_11RangePolicyIJSA_NS_9IndexTypeIlEENS_12Experimental15StaticBatchSizeILj16EEEEEESA_EEEEvT_, (-1));__cudaRegisterEntry(__T1093, ((void ( *)(const  _ZN6Kokkos4Impl11ParallelForINS0_8ViewFillINS_4ViewIPNS_7complexIdEEJNS_10LayoutLeftENS_6DeviceINS_4CudaENS_14AnonymousSpaceEEENS_12MemoryTraitsILj0EEEEEENS_11LayoutRightES9_Li1ElEENS_11RangePolicyIJS9_NS_9IndexTypeIlEENS_12Experimental15StaticBatchSizeILj16EEEEEES9_EE))Kokkos::Impl::cuda_parallel_launch_local_memory< ::Kokkos::Impl::ParallelFor< ::Kokkos::Impl::ViewFill< ::Kokkos::View< ::Kokkos::complex<double>  *,  ::Kokkos::LayoutLeft,  ::Kokkos::Device< ::Kokkos::Cuda,  ::Kokkos::AnonymousSpace> ,  ::Kokkos::MemoryTraits<(unsigned int)0u>  > ,  ::Kokkos::LayoutRight,  ::Kokkos::Cuda, (int)1, long> ,  ::Kokkos::RangePolicy< ::Kokkos::Cuda,  ::Kokkos::IndexType<long> ,  ::Kokkos::Experimental::StaticBatchSize<(unsigned int)16u>  > ,  ::Kokkos::Cuda> > ), _ZN6Kokkos4Impl33cuda_parallel_launch_local_memoryINS0_11ParallelForINS0_8ViewFillINS_4ViewIPNS_7complexIdEEJNS_10LayoutLeftENS_6DeviceINS_4CudaENS_14AnonymousSpaceEEENS_12MemoryTraitsILj0EEEEEENS_11LayoutRightESA_Li1ElEENS_11RangePolicyIJSA_NS_9IndexTypeIlEENS_12Experimental15StaticBatchSizeILj16EEEEEESA_EEEEvT_, (-1));__cudaRegisterEntry(__T1093, ((void ( *)(const  _ZN6Kokkos4Impl11ParallelForINS0_8ViewFillINS_4ViewIPNS_7complexIdEEJNS_11LayoutRightENS_6DeviceINS_4CudaENS_14AnonymousSpaceEEENS_12MemoryTraitsILj0EEEEEES7_S9_Li1ElEENS_11RangePolicyIJS9_NS_9IndexTypeIlEENS_12Experimental15StaticBatchSizeILj16EEEEEES9_EE))Kokkos::Impl::cuda_parallel_launch_local_memory< ::Kokkos::Impl::ParallelFor< ::Kokkos::Impl::ViewFill< ::Kokkos::View< ::Kokkos::complex<double>  *,  ::Kokkos::LayoutRight,  ::Kokkos::Device< ::Kokkos::Cuda,  ::Kokkos::AnonymousSpace> ,  ::Kokkos::MemoryTraits<(unsigned int)0u>  > ,  ::Kokkos::LayoutRight,  ::Kokkos::Cuda, (int)1, long> ,  ::Kokkos::RangePolicy< ::Kokkos::Cuda,  ::Kokkos::IndexType<long> ,  ::Kokkos::Experimental::StaticBatchSize<(unsigned int)16u>  > ,  ::Kokkos::Cuda> > ), _ZN6Kokkos4Impl33cuda_parallel_launch_local_memoryINS0_11ParallelForINS0_8ViewFillINS_4ViewIPNS_7complexIdEEJNS_11LayoutRightENS_6DeviceINS_4CudaENS_14AnonymousSpaceEEENS_12MemoryTraitsILj0EEEEEES8_SA_Li1ElEENS_11RangePolicyIJSA_NS_9IndexTypeIlEENS_12Experimental15StaticBatchSizeILj16EEEEEESA_EEEEvT_, (-1));__cudaRegisterEntry(__T1093, ((void ( *)(const  _ZN6Kokkos4Impl11ParallelForINS0_8ViewFillINS_4ViewIPNS_7complexIdEEJNS_11LayoutRightENS_6DeviceINS_4CudaENS_14AnonymousSpaceEEENS_12MemoryTraitsILj0EEEEEES7_S9_Li1EiEENS_11RangePolicyIJS9_NS_9IndexTypeIiEENS_12Experimental15StaticBatchSizeILj16EEEEEES9_EE))Kokkos::Impl::cuda_parallel_launch_local_memory< ::Kokkos::Impl::ParallelFor< ::Kokkos::Impl::ViewFill< ::Kokkos::View< ::Kokkos::complex<double>  *,  ::Kokkos::LayoutRight,  ::Kokkos::Device< ::Kokkos::Cuda,  ::Kokkos::AnonymousSpace> ,  ::Kokkos::MemoryTraits<(unsigned int)0u>  > ,  ::Kokkos::LayoutRight,  ::Kokkos::Cuda, (int)1, int> ,  ::Kokkos::RangePolicy< ::Kokkos::Cuda,  ::Kokkos::IndexType<int> ,  ::Kokkos::Experimental::StaticBatchSize<(unsigned int)16u>  > ,  ::Kokkos::Cuda> > ), _ZN6Kokkos4Impl33cuda_parallel_launch_local_memoryINS0_11ParallelForINS0_8ViewFillINS_4ViewIPNS_7complexIdEEJNS_11LayoutRightENS_6DeviceINS_4CudaENS_14AnonymousSpaceEEENS_12MemoryTraitsILj0EEEEEES8_SA_Li1EiEENS_11RangePolicyIJSA_NS_9IndexTypeIiEENS_12Experimental15StaticBatchSizeILj16EEEEEESA_EEEEvT_, (-1));__cudaRegisterEntry(__T1093, ((void ( *)(const  _ZN6Kokkos4Impl14ParallelReduceINS0_22CombinedFunctorReducerIZN4pops24for_each_cell_reduce_sumINS_4CudaELi2ENS3_15mf_arith_detail9SumKernelILi2EEEEEdRKT_RKNS3_3BoxIXT0_EEET1_EUllRdE_NS0_15FunctorAnalysisINS0_23FunctorPatternInterface6REDUCEENS_11RangePolicyIJS5_NS_9IndexTypeIlEEEEENS_3SumIdNS_9HostSpaceEEEdE7ReducerEvEESP_S5_EE))Kokkos::Impl::cuda_parallel_launch_local_memory< ::Kokkos::Impl::ParallelReduce< ::Kokkos::Impl::CombinedFunctorReducer< ::__nv_hdl_wrapper_t<false,false,false,__nv_dl_tag<double (*)(const  ::Kokkos::Cuda &, const  ::pops::Box<(int)2>  &,  ::pops::mf_arith_detail::SumKernel<(int)2> ),(& :: pops::for_each_cell_reduce_sum< ::Kokkos::Cuda, (int)2,  ::pops::mf_arith_detail::SumKernel<(int)2> > ), 1> ,void (long, double &), ::pops::mf_arith_detail::SumKernel<(int)2> ,const  ::pops::Index<(int)2> ,const  ::pops::Extent<(int)2> >,  ::Kokkos::Impl::FunctorAnalysis< ::Kokkos::Impl::FunctorPatternInterface::REDUCE,  ::Kokkos::RangePolicy< ::Kokkos::Cuda,  ::Kokkos::IndexType<long>  > ,  ::Kokkos::Sum<double,  ::Kokkos::HostSpace> , double> ::Reducer, void> ,  ::Kokkos::RangePolicy< ::Kokkos::Cuda,  ::Kokkos::IndexType<long>  > ,  ::Kokkos::Cuda> > ), _ZN6Kokkos4Impl33cuda_parallel_launch_local_memoryINS0_14ParallelReduceINS0_22CombinedFunctorReducerIZN4pops24for_each_cell_reduce_sumINS_4CudaELi2ENS4_15mf_arith_detail9SumKernelILi2EEEEEdRKT_RKNS4_3BoxIXT0_EEET1_EUllRdE_NS0_15FunctorAnalysisINS0_23FunctorPatternInterface6REDUCEENS_11RangePolicyIJS6_NS_9IndexTypeIlEEEEENS_3SumIdNS_9HostSpaceEEEdE7ReducerEvEESQ_S6_EEEEvSA_, (-1));__cudaRegisterEntry(__T1093, ((void ( *)(const  _ZN6Kokkos4Impl11ParallelForIZN4pops6detail18launch_index_spaceINS_4CudaELi2ENS2_8elliptic3amr10fac_detail12JacobiKernelILi2EEEEEvRKT_RKNS2_3BoxIXT0_EEEPKcT1_EUllE_NS_11RangePolicyIJS5_NS_9IndexTypeIlEEEEES5_EE))Kokkos::Impl::cuda_parallel_launch_local_memory< ::Kokkos::Impl::ParallelFor< ::__nv_hdl_wrapper_t<false,false,false,__nv_dl_tag<void (*)(const  ::Kokkos::Cuda &, const  ::pops::Box<(int)2>  &, const char *,  ::pops::elliptic::amr::fac_detail::JacobiKernel<(int)2> ),(& :: pops::detail::launch_index_space< ::Kokkos::Cuda, (int)2,  ::pops::elliptic::amr::fac_detail::JacobiKernel<(int)2> > ), 1> ,void (long), ::pops::elliptic::amr::fac_detail::JacobiKernel<(int)2> ,const  ::pops::Index<(int)2> ,const  ::pops::Extent<(int)2> >,  ::Kokkos::RangePolicy< ::Kokkos::Cuda,  ::Kokkos::IndexType<long>  > ,  ::Kokkos::Cuda> > ), _ZN6Kokkos4Impl33cuda_parallel_launch_local_memoryINS0_11ParallelForIZN4pops6detail18launch_index_spaceINS_4CudaELi2ENS3_8elliptic3amr10fac_detail12JacobiKernelILi2EEEEEvRKT_RKNS3_3BoxIXT0_EEEPKcT1_EUllE_NS_11RangePolicyIJS6_NS_9IndexTypeIlEEEEES6_EEEEvSC_, (-1));__cudaRegisterEntry(__T1093, ((void ( *)(const  _ZN6Kokkos4Impl14ParallelReduceINS0_22CombinedFunctorReducerIZN4pops24for_each_cell_reduce_maxINS_4CudaELi2ENS3_15mf_arith_detail13NormInfKernelILi2EEEEEdRKT_RKNS3_3BoxIXT0_EEET1_EUllRdE_NS0_15FunctorAnalysisINS0_23FunctorPatternInterface6REDUCEENS_11RangePolicyIJS5_NS_9IndexTypeIlEEEEENS_3MaxIdNS_9HostSpaceEEEdE7ReducerEvEESP_S5_EE))Kokkos::Impl::cuda_parallel_launch_local_memory< ::Kokkos::Impl::ParallelReduce< ::Kokkos::Impl::CombinedFunctorReducer< ::__nv_hdl_wrapper_t<false,false,false,__nv_dl_tag<double (*)(const  ::Kokkos::Cuda &, const  ::pops::Box<(int)2>  &,  ::pops::mf_arith_detail::NormInfKernel<(int)2> ),(& :: pops::for_each_cell_reduce_max< ::Kokkos::Cuda, (int)2,  ::pops::mf_arith_detail::NormInfKernel<(int)2> > ), 1> ,void (long, double &), ::pops::mf_arith_detail::NormInfKernel<(int)2> ,const  ::pops::Index<(int)2> ,const  ::pops::Extent<(int)2> >,  ::Kokkos::Impl::FunctorAnalysis< ::Kokkos::Impl::FunctorPatternInterface::REDUCE,  ::Kokkos::RangePolicy< ::Kokkos::Cuda,  ::Kokkos::IndexType<long>  > ,  ::Kokkos::Max<double,  ::Kokkos::HostSpace> , double> ::Reducer, void> ,  ::Kokkos::RangePolicy< ::Kokkos::Cuda,  ::Kokkos::IndexType<long>  > ,  ::Kokkos::Cuda> > ), _ZN6Kokkos4Impl33cuda_parallel_launch_local_memoryINS0_14ParallelReduceINS0_22CombinedFunctorReducerIZN4pops24for_each_cell_reduce_maxINS_4CudaELi2ENS4_15mf_arith_detail13NormInfKernelILi2EEEEEdRKT_RKNS4_3BoxIXT0_EEET1_EUllRdE_NS0_15FunctorAnalysisINS0_23FunctorPatternInterface6REDUCEENS_11RangePolicyIJS6_NS_9IndexTypeIlEEEEENS_3MaxIdNS_9HostSpaceEEEdE7ReducerEvEESQ_S6_EEEEvSA_, (-1));__cudaRegisterEntry(__T1093, ((void ( *)(const  _ZN6Kokkos4Impl11ParallelForIZN4pops6detail18launch_index_spaceINS_4CudaELi2ENS2_8elliptic3amr10fac_detail9AddKernelILi2EEEEEvRKT_RKNS2_3BoxIXT0_EEEPKcT1_EUllE_NS_11RangePolicyIJS5_NS_9IndexTypeIlEEEEES5_EE))Kokkos::Impl::cuda_parallel_launch_local_memory< ::Kokkos::Impl::ParallelFor< ::__nv_hdl_wrapper_t<false,false,false,__nv_dl_tag<void (*)(const  ::Kokkos::Cuda &, const  ::pops::Box<(int)2>  &, const char *,  ::pops::elliptic::amr::fac_detail::AddKernel<(int)2> ),(& :: pops::detail::launch_index_space< ::Kokkos::Cuda, (int)2,  ::pops::elliptic::amr::fac_detail::AddKernel<(int)2> > ), 1> ,void (long), ::pops::elliptic::amr::fac_detail::AddKernel<(int)2> ,const  ::pops::Index<(int)2> ,const  ::pops::Extent<(int)2> >,  ::Kokkos::RangePolicy< ::Kokkos::Cuda,  ::Kokkos::IndexType<long>  > ,  ::Kokkos::Cuda> > ), _ZN6Kokkos4Impl33cuda_parallel_launch_local_memoryINS0_11ParallelForIZN4pops6detail18launch_index_spaceINS_4CudaELi2ENS3_8elliptic3amr10fac_detail9AddKernelILi2EEEEEvRKT_RKNS3_3BoxIXT0_EEEPKcT1_EUllE_NS_11RangePolicyIJS6_NS_9IndexTypeIlEEEEES6_EEEEvSC_, (-1));__cudaRegisterEntry(__T1093, ((void ( *)(const  _ZN6Kokkos4Impl11ParallelForIZN4pops6detail18launch_index_spaceINS_4CudaELi2ENS2_8elliptic2mg10fac_detail20FluxMismatchTransferILi2EEEEEvRKT_RKNS2_3BoxIXT0_EEEPKcT1_EUllE_NS_11RangePolicyIJS5_NS_9IndexTypeIlEEEEES5_EE))Kokkos::Impl::cuda_parallel_launch_local_memory< ::Kokkos::Impl::ParallelFor< ::__nv_hdl_wrapper_t<false,false,false,__nv_dl_tag<void (*)(const  ::Kokkos::Cuda &, const  ::pops::Box<(int)2>  &, const char *,  ::pops::elliptic::mg::fac_detail::FluxMismatchTransfer<(int)2> ),(& :: pops::detail::launch_index_space< ::Kokkos::Cuda, (int)2,  ::pops::elliptic::mg::fac_detail::FluxMismatchTransfer<(int)2> > ), 1> ,void (long), ::pops::elliptic::mg::fac_detail::FluxMismatchTransfer<(int)2> ,const  ::pops::Index<(int)2> ,const  ::pops::Extent<(int)2> >,  ::Kokkos::RangePolicy< ::Kokkos::Cuda,  ::Kokkos::IndexType<long>  > ,  ::Kokkos::Cuda> > ), _ZN6Kokkos4Impl33cuda_parallel_launch_local_memoryINS0_11ParallelForIZN4pops6detail18launch_index_spaceINS_4CudaELi2ENS3_8elliptic2mg10fac_detail20FluxMismatchTransferILi2EEEEEvRKT_RKNS3_3BoxIXT0_EEEPKcT1_EUllE_NS_11RangePolicyIJS6_NS_9IndexTypeIlEEEEES6_EEEEvSC_, (-1));__cudaRegisterEntry(__T1093, ((void ( *)(const  _ZN6Kokkos4Impl11ParallelForIZN4pops6detail18launch_index_spaceINS_4CudaELi2ENS2_15mf_arith_detail11SaxpyKernelILi2EEEEEvRKT_RKNS2_3BoxIXT0_EEEPKcT1_EUllE_NS_11RangePolicyIJS5_NS_9IndexTypeIlEEEEES5_EE))Kokkos::Impl::cuda_parallel_launch_local_memory< ::Kokkos::Impl::ParallelFor< ::__nv_hdl_wrapper_t<false,false,false,__nv_dl_tag<void (*)(const  ::Kokkos::Cuda &, const  ::pops::Box<(int)2>  &, const char *,  ::pops::mf_arith_detail::SaxpyKernel<(int)2> ),(& :: pops::detail::launch_index_space< ::Kokkos::Cuda, (int)2,  ::pops::mf_arith_detail::SaxpyKernel<(int)2> > ), 1> ,void (long), ::pops::mf_arith_detail::SaxpyKernel<(int)2> ,const  ::pops::Index<(int)2> ,const  ::pops::Extent<(int)2> >,  ::Kokkos::RangePolicy< ::Kokkos::Cuda,  ::Kokkos::IndexType<long>  > ,  ::Kokkos::Cuda> > ), _ZN6Kokkos4Impl33cuda_parallel_launch_local_memoryINS0_11ParallelForIZN4pops6detail18launch_index_spaceINS_4CudaELi2ENS3_15mf_arith_detail11SaxpyKernelILi2EEEEEvRKT_RKNS3_3BoxIXT0_EEEPKcT1_EUllE_NS_11RangePolicyIJS6_NS_9IndexTypeIlEEEEES6_EEEEvSA_, (-1));__cudaRegisterEntry(__T1093, ((void ( *)(const  _ZN6Kokkos4Impl11ParallelForIZN4pops6detail18launch_index_spaceINS_4CudaELi2ENS2_15mf_arith_detail11ScaleKernelILi2EEEEEvRKT_RKNS2_3BoxIXT0_EEEPKcT1_EUllE_NS_11RangePolicyIJS5_NS_9IndexTypeIlEEEEES5_EE))Kokkos::Impl::cuda_parallel_launch_local_memory< ::Kokkos::Impl::ParallelFor< ::__nv_hdl_wrapper_t<false,false,false,__nv_dl_tag<void (*)(const  ::Kokkos::Cuda &, const  ::pops::Box<(int)2>  &, const char *,  ::pops::mf_arith_detail::ScaleKernel<(int)2> ),(& :: pops::detail::launch_index_space< ::Kokkos::Cuda, (int)2,  ::pops::mf_arith_detail::ScaleKernel<(int)2> > ), 1> ,void (long), ::pops::mf_arith_detail::ScaleKernel<(int)2> ,const  ::pops::Index<(int)2> ,const  ::pops::Extent<(int)2> >,  ::Kokkos::RangePolicy< ::Kokkos::Cuda,  ::Kokkos::IndexType<long>  > ,  ::Kokkos::Cuda> > ), _ZN6Kokkos4Impl33cuda_parallel_launch_local_memoryINS0_11ParallelForIZN4pops6detail18launch_index_spaceINS_4CudaELi2ENS3_15mf_arith_detail11ScaleKernelILi2EEEEEvRKT_RKNS3_3BoxIXT0_EEEPKcT1_EUllE_NS_11RangePolicyIJS6_NS_9IndexTypeIlEEEEES6_EEEEvSA_, (-1));__cudaRegisterEntry(__T1093, ((void ( *)(const  _ZN6Kokkos4Impl14ParallelReduceINS0_22CombinedFunctorReducerIZN4pops24for_each_cell_reduce_sumINS_4CudaELi2ENS3_15mf_arith_detail17MeasuredDotKernelILi2EEEEEdRKT_RKNS3_3BoxIXT0_EEET1_EUllRdE_NS0_15FunctorAnalysisINS0_23FunctorPatternInterface6REDUCEENS_11RangePolicyIJS5_NS_9IndexTypeIlEEEEENS_3SumIdNS_9HostSpaceEEEdE7ReducerEvEESP_S5_EE))Kokkos::Impl::cuda_parallel_launch_local_memory< ::Kokkos::Impl::ParallelReduce< ::Kokkos::Impl::CombinedFunctorReducer< ::__nv_hdl_wrapper_t<false,false,false,__nv_dl_tag<double (*)(const  ::Kokkos::Cuda &, const  ::pops::Box<(int)2>  &,  ::pops::mf_arith_detail::MeasuredDotKernel<(int)2> ),(& :: pops::for_each_cell_reduce_sum< ::Kokkos::Cuda, (int)2,  ::pops::mf_arith_detail::MeasuredDotKernel<(int)2> > ), 1> ,void (long, double &), ::pops::mf_arith_detail::MeasuredDotKernel<(int)2> ,const  ::pops::Index<(int)2> ,const  ::pops::Extent<(int)2> >,  ::Kokkos::Impl::FunctorAnalysis< ::Kokkos::Impl::FunctorPatternInterface::REDUCE,  ::Kokkos::RangePolicy< ::Kokkos::Cuda,  ::Kokkos::IndexType<long>  > ,  ::Kokkos::Sum<double,  ::Kokkos::HostSpace> , double> ::Reducer, void> ,  ::Kokkos::RangePolicy< ::Kokkos::Cuda,  ::Kokkos::IndexType<long>  > ,  ::Kokkos::Cuda> > ), _ZN6Kokkos4Impl33cuda_parallel_launch_local_memoryINS0_14ParallelReduceINS0_22CombinedFunctorReducerIZN4pops24for_each_cell_reduce_sumINS_4CudaELi2ENS4_15mf_arith_detail17MeasuredDotKernelILi2EEEEEdRKT_RKNS4_3BoxIXT0_EEET1_EUllRdE_NS0_15FunctorAnalysisINS0_23FunctorPatternInterface6REDUCEENS_11RangePolicyIJS6_NS_9IndexTypeIlEEEEENS_3SumIdNS_9HostSpaceEEEdE7ReducerEvEESQ_S6_EEEEvSA_, (-1));__cudaRegisterEntry(__T1093, ((void ( *)(const  _ZN6Kokkos4Impl14ParallelReduceINS0_22CombinedFunctorReducerIZN4pops24for_each_cell_reduce_sumINS_4CudaELi2ENS3_15mf_arith_detail9DotKernelILi2EEEEEdRKT_RKNS3_3BoxIXT0_EEET1_EUllRdE_NS0_15FunctorAnalysisINS0_23FunctorPatternInterface6REDUCEENS_11RangePolicyIJS5_NS_9IndexTypeIlEEEEENS_3SumIdNS_9HostSpaceEEEdE7ReducerEvEESP_S5_EE))Kokkos::Impl::cuda_parallel_launch_local_memory< ::Kokkos::Impl::ParallelReduce< ::Kokkos::Impl::CombinedFunctorReducer< ::__nv_hdl_wrapper_t<false,false,false,__nv_dl_tag<double (*)(const  ::Kokkos::Cuda &, const  ::pops::Box<(int)2>  &,  ::pops::mf_arith_detail::DotKernel<(int)2> ),(& :: pops::for_each_cell_reduce_sum< ::Kokkos::Cuda, (int)2,  ::pops::mf_arith_detail::DotKernel<(int)2> > ), 1> ,void (long, double &), ::pops::mf_arith_detail::DotKernel<(int)2> ,const  ::pops::Index<(int)2> ,const  ::pops::Extent<(int)2> >,  ::Kokkos::Impl::FunctorAnalysis< ::Kokkos::Impl::FunctorPatternInterface::REDUCE,  ::Kokkos::RangePolicy< ::Kokkos::Cuda,  ::Kokkos::IndexType<long>  > ,  ::Kokkos::Sum<double,  ::Kokkos::HostSpace> , double> ::Reducer, void> ,  ::Kokkos::RangePolicy< ::Kokkos::Cuda,  ::Kokkos::IndexType<long>  > ,  ::Kokkos::Cuda> > ), _ZN6Kokkos4Impl33cuda_parallel_launch_local_memoryINS0_14ParallelReduceINS0_22CombinedFunctorReducerIZN4pops24for_each_cell_reduce_sumINS_4CudaELi2ENS4_15mf_arith_detail9DotKernelILi2EEEEEdRKT_RKNS4_3BoxIXT0_EEET1_EUllRdE_NS0_15FunctorAnalysisINS0_23FunctorPatternInterface6REDUCEENS_11RangePolicyIJS6_NS_9IndexTypeIlEEEEENS_3SumIdNS_9HostSpaceEEEdE7ReducerEvEESQ_S6_EEEEvSA_, (-1));__cudaRegisterEntry(__T1093, ((void ( *)(const  _ZN6Kokkos4Impl11ParallelForIZN4pops6detail18launch_index_spaceINS_4CudaELi2ENS2_17amr_newton_detail21ProjectUnknownsKernelILi2EEEEEvRKT_RKNS2_3BoxIXT0_EEEPKcT1_EUllE_NS_11RangePolicyIJS5_NS_9IndexTypeIlEEEEES5_EE))Kokkos::Impl::cuda_parallel_launch_local_memory< ::Kokkos::Impl::ParallelFor< ::__nv_hdl_wrapper_t<false,false,false,__nv_dl_tag<void (*)(const  ::Kokkos::Cuda &, const  ::pops::Box<(int)2>  &, const char *,  ::pops::amr_newton_detail::ProjectUnknownsKernel<(int)2> ),(& :: pops::detail::launch_index_space< ::Kokkos::Cuda, (int)2,  ::pops::amr_newton_detail::ProjectUnknownsKernel<(int)2> > ), 1> ,void (long), ::pops::amr_newton_detail::ProjectUnknownsKernel<(int)2> ,const  ::pops::Index<(int)2> ,const  ::pops::Extent<(int)2> >,  ::Kokkos::RangePolicy< ::Kokkos::Cuda,  ::Kokkos::IndexType<long>  > ,  ::Kokkos::Cuda> > ), _ZN6Kokkos4Impl33cuda_parallel_launch_local_memoryINS0_11ParallelForIZN4pops6detail18launch_index_spaceINS_4CudaELi2ENS3_17amr_newton_detail21ProjectUnknownsKernelILi2EEEEEvRKT_RKNS3_3BoxIXT0_EEEPKcT1_EUllE_NS_11RangePolicyIJS6_NS_9IndexTypeIlEEEEES6_EEEEvSA_, (-1));__cudaRegisterEntry(__T1093, ((void ( *)(const  _ZN6Kokkos4Impl11ParallelForIZN4pops6detail18launch_index_spaceINS_4CudaELi2ENS2_15mf_arith_detail13LincombKernelILi2EEEEEvRKT_RKNS2_3BoxIXT0_EEEPKcT1_EUllE_NS_11RangePolicyIJS5_NS_9IndexTypeIlEEEEES5_EE))Kokkos::Impl::cuda_parallel_launch_local_memory< ::Kokkos::Impl::ParallelFor< ::__nv_hdl_wrapper_t<false,false,false,__nv_dl_tag<void (*)(const  ::Kokkos::Cuda &, const  ::pops::Box<(int)2>  &, const char *,  ::pops::mf_arith_detail::LincombKernel<(int)2> ),(& :: pops::detail::launch_index_space< ::Kokkos::Cuda, (int)2,  ::pops::mf_arith_detail::LincombKernel<(int)2> > ), 1> ,void (long), ::pops::mf_arith_detail::LincombKernel<(int)2> ,const  ::pops::Index<(int)2> ,const  ::pops::Extent<(int)2> >,  ::Kokkos::RangePolicy< ::Kokkos::Cuda,  ::Kokkos::IndexType<long>  > ,  ::Kokkos::Cuda> > ), _ZN6Kokkos4Impl33cuda_parallel_launch_local_memoryINS0_11ParallelForIZN4pops6detail18launch_index_spaceINS_4CudaELi2ENS3_15mf_arith_detail13LincombKernelILi2EEEEEvRKT_RKNS3_3BoxIXT0_EEEPKcT1_EUllE_NS_11RangePolicyIJS6_NS_9IndexTypeIlEEEEES6_EEEEvSA_, (-1));__cudaRegisterEntry(__T1093, ((void ( *)(const  _ZN6Kokkos4Impl11ParallelForIZN4pops6detail18launch_index_spaceINS_4CudaELi2ENS2_8elliptic2mg6detail23NegativeLaplacianKernelILi2EEEEEvRKT_RKNS2_3BoxIXT0_EEEPKcT1_EUllE_NS_11RangePolicyIJS5_NS_9IndexTypeIlEEEEES5_EE))Kokkos::Impl::cuda_parallel_launch_local_memory< ::Kokkos::Impl::ParallelFor< ::__nv_hdl_wrapper_t<false,false,false,__nv_dl_tag<void (*)(const  ::Kokkos::Cuda &, const  ::pops::Box<(int)2>  &, const char *,  ::pops::elliptic::mg::detail::NegativeLaplacianKernel<(int)2> ),(& :: pops::detail::launch_index_space< ::Kokkos::Cuda, (int)2,  ::pops::elliptic::mg::detail::NegativeLaplacianKernel<(int)2> > ), 1> ,void (long), ::pops::elliptic::mg::detail::NegativeLaplacianKernel<(int)2> ,const  ::pops::Index<(int)2> ,const  ::pops::Extent<(int)2> >,  ::Kokkos::RangePolicy< ::Kokkos::Cuda,  ::Kokkos::IndexType<long>  > ,  ::Kokkos::Cuda> > ), _ZN6Kokkos4Impl33cuda_parallel_launch_local_memoryINS0_11ParallelForIZN4pops6detail18launch_index_spaceINS_4CudaELi2ENS3_8elliptic2mg6detail23NegativeLaplacianKernelILi2EEEEEvRKT_RKNS3_3BoxIXT0_EEEPKcT1_EUllE_NS_11RangePolicyIJS6_NS_9IndexTypeIlEEEEES6_EEEEvSC_, (-1));__cudaRegisterEntry(__T1093, ((void ( *)(const  _ZN6Kokkos4Impl11ParallelForIZN4pops6detail18launch_index_spaceINS_4CudaELi2ENS2_8elliptic3amr10fac_detail18MaskResidualKernelILi2EEEEEvRKT_RKNS2_3BoxIXT0_EEEPKcT1_EUllE_NS_11RangePolicyIJS5_NS_9IndexTypeIlEEEEES5_EE))Kokkos::Impl::cuda_parallel_launch_local_memory< ::Kokkos::Impl::ParallelFor< ::__nv_hdl_wrapper_t<false,false,false,__nv_dl_tag<void (*)(const  ::Kokkos::Cuda &, const  ::pops::Box<(int)2>  &, const char *,  ::pops::elliptic::amr::fac_detail::MaskResidualKernel<(int)2> ),(& :: pops::detail::launch_index_space< ::Kokkos::Cuda, (int)2,  ::pops::elliptic::amr::fac_detail::MaskResidualKernel<(int)2> > ), 1> ,void (long), ::pops::elliptic::amr::fac_detail::MaskResidualKernel<(int)2> ,const  ::pops::Index<(int)2> ,const  ::pops::Extent<(int)2> >,  ::Kokkos::RangePolicy< ::Kokkos::Cuda,  ::Kokkos::IndexType<long>  > ,  ::Kokkos::Cuda> > ), _ZN6Kokkos4Impl33cuda_parallel_launch_local_memoryINS0_11ParallelForIZN4pops6detail18launch_index_spaceINS_4CudaELi2ENS3_8elliptic3amr10fac_detail18MaskResidualKernelILi2EEEEEvRKT_RKNS3_3BoxIXT0_EEEPKcT1_EUllE_NS_11RangePolicyIJS6_NS_9IndexTypeIlEEEEES6_EEEEvSC_, (-1));__cudaRegisterEntry(__T1093, ((void ( *)(const  _ZN6Kokkos4Impl11ParallelForIZN4pops6detail18launch_index_spaceINS_4CudaELi2ENS2_8elliptic2mg6detail14ResidualKernelILi2EEEEEvRKT_RKNS2_3BoxIXT0_EEEPKcT1_EUllE_NS_11RangePolicyIJS5_NS_9IndexTypeIlEEEEES5_EE))Kokkos::Impl::cuda_parallel_launch_local_memory< ::Kokkos::Impl::ParallelFor< ::__nv_hdl_wrapper_t<false,false,false,__nv_dl_tag<void (*)(const  ::Kokkos::Cuda &, const  ::pops::Box<(int)2>  &, const char *,  ::pops::elliptic::mg::detail::ResidualKernel<(int)2> ),(& :: pops::detail::launch_index_space< ::Kokkos::Cuda, (int)2,  ::pops::elliptic::mg::detail::ResidualKernel<(int)2> > ), 1> ,void (long), ::pops::elliptic::mg::detail::ResidualKernel<(int)2> ,const  ::pops::Index<(int)2> ,const  ::pops::Extent<(int)2> >,  ::Kokkos::RangePolicy< ::Kokkos::Cuda,  ::Kokkos::IndexType<long>  > ,  ::Kokkos::Cuda> > ), _ZN6Kokkos4Impl33cuda_parallel_launch_local_memoryINS0_11ParallelForIZN4pops6detail18launch_index_spaceINS_4CudaELi2ENS3_8elliptic2mg6detail14ResidualKernelILi2EEEEEvRKT_RKNS3_3BoxIXT0_EEEPKcT1_EUllE_NS_11RangePolicyIJS6_NS_9IndexTypeIlEEEEES6_EEEEvSC_, (-1));__cudaRegisterEntry(__T1093, ((void ( *)(const  _ZN6Kokkos4Impl11ParallelForIZN4pops6detail18launch_index_spaceINS_4CudaELi2ENS2_8elliptic2mg6detail21WeightedPoissonKernelILi2EEEEEvRKT_RKNS2_3BoxIXT0_EEEPKcT1_EUllE_NS_11RangePolicyIJS5_NS_9IndexTypeIlEEEEES5_EE))Kokkos::Impl::cuda_parallel_launch_local_memory< ::Kokkos::Impl::ParallelFor< ::__nv_hdl_wrapper_t<false,false,false,__nv_dl_tag<void (*)(const  ::Kokkos::Cuda &, const  ::pops::Box<(int)2>  &, const char *,  ::pops::elliptic::mg::detail::WeightedPoissonKernel<(int)2> ),(& :: pops::detail::launch_index_space< ::Kokkos::Cuda, (int)2,  ::pops::elliptic::mg::detail::WeightedPoissonKernel<(int)2> > ), 1> ,void (long), ::pops::elliptic::mg::detail::WeightedPoissonKernel<(int)2> ,const  ::pops::Index<(int)2> ,const  ::pops::Extent<(int)2> >,  ::Kokkos::RangePolicy< ::Kokkos::Cuda,  ::Kokkos::IndexType<long>  > ,  ::Kokkos::Cuda> > ), _ZN6Kokkos4Impl33cuda_parallel_launch_local_memoryINS0_11ParallelForIZN4pops6detail18launch_index_spaceINS_4CudaELi2ENS3_8elliptic2mg6detail21WeightedPoissonKernelILi2EEEEEvRKT_RKNS3_3BoxIXT0_EEEPKcT1_EUllE_NS_11RangePolicyIJS6_NS_9IndexTypeIlEEEEES6_EEEEvSC_, (-1));__cudaRegisterEntry(__T1093, ((void ( *)(const  _ZN6Kokkos4Impl11ParallelForIZN4pops6detail18launch_index_spaceINS_4CudaELi2ENS2_8elliptic2mg10fac_detail26ExtrudeScalarValidToGhostsILi2EEEEEvRKT_RKNS2_3BoxIXT0_EEEPKcT1_EUllE_NS_11RangePolicyIJS5_NS_9IndexTypeIlEEEEES5_EE))Kokkos::Impl::cuda_parallel_launch_local_memory< ::Kokkos::Impl::ParallelFor< ::__nv_hdl_wrapper_t<false,false,false,__nv_dl_tag<void (*)(const  ::Kokkos::Cuda &, const  ::pops::Box<(int)2>  &, const char *,  ::pops::elliptic::mg::fac_detail::ExtrudeScalarValidToGhosts<(int)2> ),(& :: pops::detail::launch_index_space< ::Kokkos::Cuda, (int)2,  ::pops::elliptic::mg::fac_detail::ExtrudeScalarValidToGhosts<(int)2> > ), 1> ,void (long), ::pops::elliptic::mg::fac_detail::ExtrudeScalarValidToGhosts<(int)2> ,const  ::pops::Index<(int)2> ,const  ::pops::Extent<(int)2> >,  ::Kokkos::RangePolicy< ::Kokkos::Cuda,  ::Kokkos::IndexType<long>  > ,  ::Kokkos::Cuda> > ), _ZN6Kokkos4Impl33cuda_parallel_launch_local_memoryINS0_11ParallelForIZN4pops6detail18launch_index_spaceINS_4CudaELi2ENS3_8elliptic2mg10fac_detail26ExtrudeScalarValidToGhostsILi2EEEEEvRKT_RKNS3_3BoxIXT0_EEEPKcT1_EUllE_NS_11RangePolicyIJS6_NS_9IndexTypeIlEEEEES6_EEEEvSC_, (-1));__cudaRegisterEntry(__T1093, ((void ( *)(const  _ZN6Kokkos4Impl11ParallelForIZN4pops6detail18launch_index_spaceINS_4CudaELi2ENS2_24physical_boundary_detail19ApplyPhysicalRegionILi2EEEEEvRKT_RKNS2_3BoxIXT0_EEEPKcT1_EUllE_NS_11RangePolicyIJS5_NS_9IndexTypeIlEEEEES5_EE))Kokkos::Impl::cuda_parallel_launch_local_memory< ::Kokkos::Impl::ParallelFor< ::__nv_hdl_wrapper_t<false,false,false,__nv_dl_tag<void (*)(const  ::Kokkos::Cuda &, const  ::pops::Box<(int)2>  &, const char *,  ::pops::physical_boundary_detail::ApplyPhysicalRegion<(int)2> ),(& :: pops::detail::launch_index_space< ::Kokkos::Cuda, (int)2,  ::pops::physical_boundary_detail::ApplyPhysicalRegion<(int)2> > ), 1> ,void (long), ::pops::physical_boundary_detail::ApplyPhysicalRegion<(int)2> ,const  ::pops::Index<(int)2> ,const  ::pops::Extent<(int)2> >,  ::Kokkos::RangePolicy< ::Kokkos::Cuda,  ::Kokkos::IndexType<long>  > ,  ::Kokkos::Cuda> > ), _ZN6Kokkos4Impl33cuda_parallel_launch_local_memoryINS0_11ParallelForIZN4pops6detail18launch_index_spaceINS_4CudaELi2ENS3_24physical_boundary_detail19ApplyPhysicalRegionILi2EEEEEvRKT_RKNS3_3BoxIXT0_EEEPKcT1_EUllE_NS_11RangePolicyIJS6_NS_9IndexTypeIlEEEEES6_EEEEvSA_, (-1));__cudaRegisterEntry(__T1093, ((void ( *)(const  _ZN6Kokkos4Impl11ParallelForIZN4pops6detail18launch_index_spaceINS_4CudaELi2ENS2_20fill_boundary_detail17CopyShiftedKernelILi2EEEEEvRKT_RKNS2_3BoxIXT0_EEEPKcT1_EUllE_NS_11RangePolicyIJS5_NS_9IndexTypeIlEEEEES5_EE))Kokkos::Impl::cuda_parallel_launch_local_memory< ::Kokkos::Impl::ParallelFor< ::__nv_hdl_wrapper_t<false,false,false,__nv_dl_tag<void (*)(const  ::Kokkos::Cuda &, const  ::pops::Box<(int)2>  &, const char *,  ::pops::fill_boundary_detail::CopyShiftedKernel<(int)2> ),(& :: pops::detail::launch_index_space< ::Kokkos::Cuda, (int)2,  ::pops::fill_boundary_detail::CopyShiftedKernel<(int)2> > ), 1> ,void (long), ::pops::fill_boundary_detail::CopyShiftedKernel<(int)2> ,const  ::pops::Index<(int)2> ,const  ::pops::Extent<(int)2> >,  ::Kokkos::RangePolicy< ::Kokkos::Cuda,  ::Kokkos::IndexType<long>  > ,  ::Kokkos::Cuda> > ), _ZN6Kokkos4Impl33cuda_parallel_launch_local_memoryINS0_11ParallelForIZN4pops6detail18launch_index_spaceINS_4CudaELi2ENS3_20fill_boundary_detail17CopyShiftedKernelILi2EEEEEvRKT_RKNS3_3BoxIXT0_EEEPKcT1_EUllE_NS_11RangePolicyIJS6_NS_9IndexTypeIlEEEEES6_EEEEvSA_, (-1));__cudaRegisterEntry(__T1093, ((void ( *)(const  _ZN6Kokkos4Impl11ParallelForIN4pops12HaloExchangeILi2ENS_9CudaSpaceEE12UnpackKernelENS_11RangePolicyIJNS_4CudaENS_9IndexTypeIlEEEEES8_EE))Kokkos::Impl::cuda_parallel_launch_local_memory< ::Kokkos::Impl::ParallelFor< ::pops::HaloExchange<(int)2,  ::Kokkos::CudaSpace> ::UnpackKernel,  ::Kokkos::RangePolicy< ::Kokkos::Cuda,  ::Kokkos::IndexType<long>  > ,  ::Kokkos::Cuda> > ), _ZN6Kokkos4Impl33cuda_parallel_launch_local_memoryINS0_11ParallelForIN4pops12HaloExchangeILi2ENS_9CudaSpaceEE12UnpackKernelENS_11RangePolicyIJNS_4CudaENS_9IndexTypeIlEEEEES9_EEEEvT_, (-1));__cudaRegisterEntry(__T1093, ((void ( *)(const  _ZN6Kokkos4Impl11ParallelForIN4pops12HaloExchangeILi2ENS_9CudaSpaceEE10PackKernelENS_11RangePolicyIJNS_4CudaENS_9IndexTypeIlEEEEES8_EE))Kokkos::Impl::cuda_parallel_launch_local_memory< ::Kokkos::Impl::ParallelFor< ::pops::HaloExchange<(int)2,  ::Kokkos::CudaSpace> ::PackKernel,  ::Kokkos::RangePolicy< ::Kokkos::Cuda,  ::Kokkos::IndexType<long>  > ,  ::Kokkos::Cuda> > ), _ZN6Kokkos4Impl33cuda_parallel_launch_local_memoryINS0_11ParallelForIN4pops12HaloExchangeILi2ENS_9CudaSpaceEE10PackKernelENS_11RangePolicyIJNS_4CudaENS_9IndexTypeIlEEEEES9_EEEEvT_, (-1));__cudaRegisterEntry(__T1093, ((void ( *)(const  _ZN6Kokkos4Impl11ParallelForIZN4pops6detail18launch_index_spaceINS_4CudaELi2ENS2_8elliptic2mg10fac_detail30QuadraticInterpolationTransferILi2EEEEEvRKT_RKNS2_3BoxIXT0_EEEPKcT1_EUllE_NS_11RangePolicyIJS5_NS_9IndexTypeIlEEEEES5_EE))Kokkos::Impl::cuda_parallel_launch_local_memory< ::Kokkos::Impl::ParallelFor< ::__nv_hdl_wrapper_t<false,false,false,__nv_dl_tag<void (*)(const  ::Kokkos::Cuda &, const  ::pops::Box<(int)2>  &, const char *,  ::pops::elliptic::mg::fac_detail::QuadraticInterpolationTransfer<(int)2> ),(& :: pops::detail::launch_index_space< ::Kokkos::Cuda, (int)2,  ::pops::elliptic::mg::fac_detail::QuadraticInterpolationTransfer<(int)2> > ), 1> ,void (long), ::pops::elliptic::mg::fac_detail::QuadraticInterpolationTransfer<(int)2> ,const  ::pops::Index<(int)2> ,const  ::pops::Extent<(int)2> >,  ::Kokkos::RangePolicy< ::Kokkos::Cuda,  ::Kokkos::IndexType<long>  > ,  ::Kokkos::Cuda> > ), _ZN6Kokkos4Impl33cuda_parallel_launch_local_memoryINS0_11ParallelForIZN4pops6detail18launch_index_spaceINS_4CudaELi2ENS3_8elliptic2mg10fac_detail30QuadraticInterpolationTransferILi2EEEEEvRKT_RKNS3_3BoxIXT0_EEEPKcT1_EUllE_NS_11RangePolicyIJS6_NS_9IndexTypeIlEEEEES6_EEEEvSC_, (-1));__cudaRegisterEntry(__T1093, ((void ( *)(const  _ZN6Kokkos4Impl11ParallelForIN4pops8elliptic3amr20partitioned_transfer15RegionTransportILi2ENS_9CudaSpaceEE12UnpackKernelENS_11RangePolicyIJNS_4CudaENS_9IndexTypeIlEEEEESB_EE))Kokkos::Impl::cuda_parallel_launch_local_memory< ::Kokkos::Impl::ParallelFor< ::pops::elliptic::amr::partitioned_transfer::RegionTransport<(int)2,  ::Kokkos::CudaSpace> ::UnpackKernel,  ::Kokkos::RangePolicy< ::Kokkos::Cuda,  ::Kokkos::IndexType<long>  > ,  ::Kokkos::Cuda> > ), _ZN6Kokkos4Impl33cuda_parallel_launch_local_memoryINS0_11ParallelForIN4pops8elliptic3amr20partitioned_transfer15RegionTransportILi2ENS_9CudaSpaceEE12UnpackKernelENS_11RangePolicyIJNS_4CudaENS_9IndexTypeIlEEEEESC_EEEEvT_, (-1));__cudaRegisterEntry(__T1093, ((void ( *)(const  _ZN6Kokkos4Impl11ParallelForINS0_8ViewCopyINS_4ViewIPdJNS_10LayoutLeftENS_6DeviceINS_4CudaENS_14AnonymousSpaceEEENS_12MemoryTraitsILj0EEEEEENS3_IPKdJS5_NS6_INS_6OpenMPES8_EESB_EEES5_S7_Li1EiEENS_11RangePolicyIJS7_NS_9IndexTypeIiEEEEES7_EE))Kokkos::Impl::cuda_parallel_launch_local_memory< ::Kokkos::Impl::ParallelFor< ::Kokkos::Impl::ViewCopy< ::Kokkos::View<double *,  ::Kokkos::LayoutLeft,  ::Kokkos::Device< ::Kokkos::Cuda,  ::Kokkos::AnonymousSpace> ,  ::Kokkos::MemoryTraits<(unsigned int)0u>  > ,  ::Kokkos::View<const double *,  ::Kokkos::LayoutLeft,  ::Kokkos::Device< ::Kokkos::OpenMP,  ::Kokkos::AnonymousSpace> ,  ::Kokkos::MemoryTraits<(unsigned int)0u>  > ,  ::Kokkos::LayoutLeft,  ::Kokkos::Cuda, (int)1, int> ,  ::Kokkos::RangePolicy< ::Kokkos::Cuda,  ::Kokkos::IndexType<int>  > ,  ::Kokkos::Cuda> > ), _ZN6Kokkos4Impl33cuda_parallel_launch_local_memoryINS0_11ParallelForINS0_8ViewCopyINS_4ViewIPdJNS_10LayoutLeftENS_6DeviceINS_4CudaENS_14AnonymousSpaceEEENS_12MemoryTraitsILj0EEEEEENS4_IPKdJS6_NS7_INS_6OpenMPES9_EESC_EEES6_S8_Li1EiEENS_11RangePolicyIJS8_NS_9IndexTypeIiEEEEES8_EEEEvT_, (-1));__cudaRegisterEntry(__T1093, ((void ( *)(const  _ZN6Kokkos4Impl11ParallelForINS0_8ViewCopyINS_4ViewIPdJNS_10LayoutLeftENS_6DeviceINS_4CudaENS_14AnonymousSpaceEEENS_12MemoryTraitsILj0EEEEEENS3_IPKdJS5_NS6_INS_6OpenMPES8_EESB_EEENS_11LayoutRightES7_Li1EiEENS_11RangePolicyIJS7_NS_9IndexTypeIiEEEEES7_EE))Kokkos::Impl::cuda_parallel_launch_local_memory< ::Kokkos::Impl::ParallelFor< ::Kokkos::Impl::ViewCopy< ::Kokkos::View<double *,  ::Kokkos::LayoutLeft,  ::Kokkos::Device< ::Kokkos::Cuda,  ::Kokkos::AnonymousSpace> ,  ::Kokkos::MemoryTraits<(unsigned int)0u>  > ,  ::Kokkos::View<const double *,  ::Kokkos::LayoutLeft,  ::Kokkos::Device< ::Kokkos::OpenMP,  ::Kokkos::AnonymousSpace> ,  ::Kokkos::MemoryTraits<(unsigned int)0u>  > ,  ::Kokkos::LayoutRight,  ::Kokkos::Cuda, (int)1, int> ,  ::Kokkos::RangePolicy< ::Kokkos::Cuda,  ::Kokkos::IndexType<int>  > ,  ::Kokkos::Cuda> > ), _ZN6Kokkos4Impl33cuda_parallel_launch_local_memoryINS0_11ParallelForINS0_8ViewCopyINS_4ViewIPdJNS_10LayoutLeftENS_6DeviceINS_4CudaENS_14AnonymousSpaceEEENS_12MemoryTraitsILj0EEEEEENS4_IPKdJS6_NS7_INS_6OpenMPES9_EESC_EEENS_11LayoutRightES8_Li1EiEENS_11RangePolicyIJS8_NS_9IndexTypeIiEEEEES8_EEEEvT_, (-1));__cudaRegisterEntry(__T1093, ((void ( *)(const  _ZN6Kokkos4Impl11ParallelForINS0_8ViewCopyINS_4ViewIPdJNS_10LayoutLeftENS_6DeviceINS_4CudaENS_14AnonymousSpaceEEENS_12MemoryTraitsILj0EEEEEENS3_IPKdJS5_NS6_INS_6OpenMPES8_EESB_EEES5_S7_Li1ElEENS_11RangePolicyIJS7_NS_9IndexTypeIlEEEEES7_EE))Kokkos::Impl::cuda_parallel_launch_local_memory< ::Kokkos::Impl::ParallelFor< ::Kokkos::Impl::ViewCopy< ::Kokkos::View<double *,  ::Kokkos::LayoutLeft,  ::Kokkos::Device< ::Kokkos::Cuda,  ::Kokkos::AnonymousSpace> ,  ::Kokkos::MemoryTraits<(unsigned int)0u>  > ,  ::Kokkos::View<const double *,  ::Kokkos::LayoutLeft,  ::Kokkos::Device< ::Kokkos::OpenMP,  ::Kokkos::AnonymousSpace> ,  ::Kokkos::MemoryTraits<(unsigned int)0u>  > ,  ::Kokkos::LayoutLeft,  ::Kokkos::Cuda, (int)1, long> ,  ::Kokkos::RangePolicy< ::Kokkos::Cuda,  ::Kokkos::IndexType<long>  > ,  ::Kokkos::Cuda> > ), _ZN6Kokkos4Impl33cuda_parallel_launch_local_memoryINS0_11ParallelForINS0_8ViewCopyINS_4ViewIPdJNS_10LayoutLeftENS_6DeviceINS_4CudaENS_14AnonymousSpaceEEENS_12MemoryTraitsILj0EEEEEENS4_IPKdJS6_NS7_INS_6OpenMPES9_EESC_EEES6_S8_Li1ElEENS_11RangePolicyIJS8_NS_9IndexTypeIlEEEEES8_EEEEvT_, (-1));__cudaRegisterEntry(__T1093, ((void ( *)(const  _ZN6Kokkos4Impl11ParallelForINS0_8ViewCopyINS_4ViewIPdJNS_10LayoutLeftENS_6DeviceINS_4CudaENS_14AnonymousSpaceEEENS_12MemoryTraitsILj0EEEEEENS3_IPKdJS5_NS6_INS_6OpenMPES8_EESB_EEENS_11LayoutRightES7_Li1ElEENS_11RangePolicyIJS7_NS_9IndexTypeIlEEEEES7_EE))Kokkos::Impl::cuda_parallel_launch_local_memory< ::Kokkos::Impl::ParallelFor< ::Kokkos::Impl::ViewCopy< ::Kokkos::View<double *,  ::Kokkos::LayoutLeft,  ::Kokkos::Device< ::Kokkos::Cuda,  ::Kokkos::AnonymousSpace> ,  ::Kokkos::MemoryTraits<(unsigned int)0u>  > ,  ::Kokkos::View<const double *,  ::Kokkos::LayoutLeft,  ::Kokkos::Device< ::Kokkos::OpenMP,  ::Kokkos::AnonymousSpace> ,  ::Kokkos::MemoryTraits<(unsigned int)0u>  > ,  ::Kokkos::LayoutRight,  ::Kokkos::Cuda, (int)1, long> ,  ::Kokkos::RangePolicy< ::Kokkos::Cuda,  ::Kokkos::IndexType<long>  > ,  ::Kokkos::Cuda> > ), _ZN6Kokkos4Impl33cuda_parallel_launch_local_memoryINS0_11ParallelForINS0_8ViewCopyINS_4ViewIPdJNS_10LayoutLeftENS_6DeviceINS_4CudaENS_14AnonymousSpaceEEENS_12MemoryTraitsILj0EEEEEENS4_IPKdJS6_NS7_INS_6OpenMPES9_EESC_EEENS_11LayoutRightES8_Li1ElEENS_11RangePolicyIJS8_NS_9IndexTypeIlEEEEES8_EEEEvT_, (-1));__cudaRegisterEntry(__T1093, ((void ( *)(const  _ZN6Kokkos4Impl11ParallelForINS0_8ViewCopyINS_4ViewIPdJNS_10LayoutLeftENS_6DeviceINS_6OpenMPENS_14AnonymousSpaceEEENS_12MemoryTraitsILj0EEEEEENS3_IPKdJS5_NS6_INS_4CudaES8_EESB_EEES5_SF_Li1EiEENS_11RangePolicyIJSF_NS_9IndexTypeIiEEEEESF_EE))Kokkos::Impl::cuda_parallel_launch_local_memory< ::Kokkos::Impl::ParallelFor< ::Kokkos::Impl::ViewCopy< ::Kokkos::View<double *,  ::Kokkos::LayoutLeft,  ::Kokkos::Device< ::Kokkos::OpenMP,  ::Kokkos::AnonymousSpace> ,  ::Kokkos::MemoryTraits<(unsigned int)0u>  > ,  ::Kokkos::View<const double *,  ::Kokkos::LayoutLeft,  ::Kokkos::Device< ::Kokkos::Cuda,  ::Kokkos::AnonymousSpace> ,  ::Kokkos::MemoryTraits<(unsigned int)0u>  > ,  ::Kokkos::LayoutLeft,  ::Kokkos::Cuda, (int)1, int> ,  ::Kokkos::RangePolicy< ::Kokkos::Cuda,  ::Kokkos::IndexType<int>  > ,  ::Kokkos::Cuda> > ), _ZN6Kokkos4Impl33cuda_parallel_launch_local_memoryINS0_11ParallelForINS0_8ViewCopyINS_4ViewIPdJNS_10LayoutLeftENS_6DeviceINS_6OpenMPENS_14AnonymousSpaceEEENS_12MemoryTraitsILj0EEEEEENS4_IPKdJS6_NS7_INS_4CudaES9_EESC_EEES6_SG_Li1EiEENS_11RangePolicyIJSG_NS_9IndexTypeIiEEEEESG_EEEEvT_, (-1));__cudaRegisterEntry(__T1093, ((void ( *)(const  _ZN6Kokkos4Impl11ParallelForINS0_8ViewCopyINS_4ViewIPdJNS_10LayoutLeftENS_6DeviceINS_6OpenMPENS_14AnonymousSpaceEEENS_12MemoryTraitsILj0EEEEEENS3_IPKdJS5_NS6_INS_4CudaES8_EESB_EEENS_11LayoutRightESF_Li1EiEENS_11RangePolicyIJSF_NS_9IndexTypeIiEEEEESF_EE))Kokkos::Impl::cuda_parallel_launch_local_memory< ::Kokkos::Impl::ParallelFor< ::Kokkos::Impl::ViewCopy< ::Kokkos::View<double *,  ::Kokkos::LayoutLeft,  ::Kokkos::Device< ::Kokkos::OpenMP,  ::Kokkos::AnonymousSpace> ,  ::Kokkos::MemoryTraits<(unsigned int)0u>  > ,  ::Kokkos::View<const double *,  ::Kokkos::LayoutLeft,  ::Kokkos::Device< ::Kokkos::Cuda,  ::Kokkos::AnonymousSpace> ,  ::Kokkos::MemoryTraits<(unsigned int)0u>  > ,  ::Kokkos::LayoutRight,  ::Kokkos::Cuda, (int)1, int> ,  ::Kokkos::RangePolicy< ::Kokkos::Cuda,  ::Kokkos::IndexType<int>  > ,  ::Kokkos::Cuda> > ), _ZN6Kokkos4Impl33cuda_parallel_launch_local_memoryINS0_11ParallelForINS0_8ViewCopyINS_4ViewIPdJNS_10LayoutLeftENS_6DeviceINS_6OpenMPENS_14AnonymousSpaceEEENS_12MemoryTraitsILj0EEEEEENS4_IPKdJS6_NS7_INS_4CudaES9_EESC_EEENS_11LayoutRightESG_Li1EiEENS_11RangePolicyIJSG_NS_9IndexTypeIiEEEEESG_EEEEvT_, (-1));__cudaRegisterEntry(__T1093, ((void ( *)(const  _ZN6Kokkos4Impl11ParallelForINS0_8ViewCopyINS_4ViewIPdJNS_10LayoutLeftENS_6DeviceINS_6OpenMPENS_14AnonymousSpaceEEENS_12MemoryTraitsILj0EEEEEENS3_IPKdJS5_NS6_INS_4CudaES8_EESB_EEES5_SF_Li1ElEENS_11RangePolicyIJSF_NS_9IndexTypeIlEEEEESF_EE))Kokkos::Impl::cuda_parallel_launch_local_memory< ::Kokkos::Impl::ParallelFor< ::Kokkos::Impl::ViewCopy< ::Kokkos::View<double *,  ::Kokkos::LayoutLeft,  ::Kokkos::Device< ::Kokkos::OpenMP,  ::Kokkos::AnonymousSpace> ,  ::Kokkos::MemoryTraits<(unsigned int)0u>  > ,  ::Kokkos::View<const double *,  ::Kokkos::LayoutLeft,  ::Kokkos::Device< ::Kokkos::Cuda,  ::Kokkos::AnonymousSpace> ,  ::Kokkos::MemoryTraits<(unsigned int)0u>  > ,  ::Kokkos::LayoutLeft,  ::Kokkos::Cuda, (int)1, long> ,  ::Kokkos::RangePolicy< ::Kokkos::Cuda,  ::Kokkos::IndexType<long>  > ,  ::Kokkos::Cuda> > ), _ZN6Kokkos4Impl33cuda_parallel_launch_local_memoryINS0_11ParallelForINS0_8ViewCopyINS_4ViewIPdJNS_10LayoutLeftENS_6DeviceINS_6OpenMPENS_14AnonymousSpaceEEENS_12MemoryTraitsILj0EEEEEENS4_IPKdJS6_NS7_INS_4CudaES9_EESC_EEES6_SG_Li1ElEENS_11RangePolicyIJSG_NS_9IndexTypeIlEEEEESG_EEEEvT_, (-1));__cudaRegisterEntry(__T1093, ((void ( *)(const  _ZN6Kokkos4Impl11ParallelForINS0_8ViewCopyINS_4ViewIPdJNS_10LayoutLeftENS_6DeviceINS_6OpenMPENS_14AnonymousSpaceEEENS_12MemoryTraitsILj0EEEEEENS3_IPKdJS5_NS6_INS_4CudaES8_EESB_EEENS_11LayoutRightESF_Li1ElEENS_11RangePolicyIJSF_NS_9IndexTypeIlEEEEESF_EE))Kokkos::Impl::cuda_parallel_launch_local_memory< ::Kokkos::Impl::ParallelFor< ::Kokkos::Impl::ViewCopy< ::Kokkos::View<double *,  ::Kokkos::LayoutLeft,  ::Kokkos::Device< ::Kokkos::OpenMP,  ::Kokkos::AnonymousSpace> ,  ::Kokkos::MemoryTraits<(unsigned int)0u>  > ,  ::Kokkos::View<const double *,  ::Kokkos::LayoutLeft,  ::Kokkos::Device< ::Kokkos::Cuda,  ::Kokkos::AnonymousSpace> ,  ::Kokkos::MemoryTraits<(unsigned int)0u>  > ,  ::Kokkos::LayoutRight,  ::Kokkos::Cuda, (int)1, long> ,  ::Kokkos::RangePolicy< ::Kokkos::Cuda,  ::Kokkos::IndexType<long>  > ,  ::Kokkos::Cuda> > ), _ZN6Kokkos4Impl33cuda_parallel_launch_local_memoryINS0_11ParallelForINS0_8ViewCopyINS_4ViewIPdJNS_10LayoutLeftENS_6DeviceINS_6OpenMPENS_14AnonymousSpaceEEENS_12MemoryTraitsILj0EEEEEENS4_IPKdJS6_NS7_INS_4CudaES9_EESC_EEENS_11LayoutRightESG_Li1ElEENS_11RangePolicyIJSG_NS_9IndexTypeIlEEEEESG_EEEEvT_, (-1));__cudaRegisterEntry(__T1093, ((void ( *)(const  _ZN6Kokkos4Impl11ParallelForIN4pops8elliptic3amr20partitioned_transfer15RegionTransportILi2ENS_9CudaSpaceEE10PackKernelENS_11RangePolicyIJNS_4CudaENS_9IndexTypeIlEEEEESB_EE))Kokkos::Impl::cuda_parallel_launch_local_memory< ::Kokkos::Impl::ParallelFor< ::pops::elliptic::amr::partitioned_transfer::RegionTransport<(int)2,  ::Kokkos::CudaSpace> ::PackKernel,  ::Kokkos::RangePolicy< ::Kokkos::Cuda,  ::Kokkos::IndexType<long>  > ,  ::Kokkos::Cuda> > ), _ZN6Kokkos4Impl33cuda_parallel_launch_local_memoryINS0_11ParallelForIN4pops8elliptic3amr20partitioned_transfer15RegionTransportILi2ENS_9CudaSpaceEE10PackKernelENS_11RangePolicyIJNS_4CudaENS_9IndexTypeIlEEEEESC_EEEEvT_, (-1));__cudaRegisterEntry(__T1093, ((void ( *)(const  _ZN6Kokkos4Impl11ParallelForIZN4pops6detail18launch_index_spaceINS_4CudaELi2ENS2_8elliptic3amr10fac_detail17RestrictionKernelILi2EEEEEvRKT_RKNS2_3BoxIXT0_EEEPKcT1_EUllE_NS_11RangePolicyIJS5_NS_9IndexTypeIlEEEEES5_EE))Kokkos::Impl::cuda_parallel_launch_local_memory< ::Kokkos::Impl::ParallelFor< ::__nv_hdl_wrapper_t<false,false,false,__nv_dl_tag<void (*)(const  ::Kokkos::Cuda &, const  ::pops::Box<(int)2>  &, const char *,  ::pops::elliptic::amr::fac_detail::RestrictionKernel<(int)2> ),(& :: pops::detail::launch_index_space< ::Kokkos::Cuda, (int)2,  ::pops::elliptic::amr::fac_detail::RestrictionKernel<(int)2> > ), 1> ,void (long), ::pops::elliptic::amr::fac_detail::RestrictionKernel<(int)2> ,const  ::pops::Index<(int)2> ,const  ::pops::Extent<(int)2> >,  ::Kokkos::RangePolicy< ::Kokkos::Cuda,  ::Kokkos::IndexType<long>  > ,  ::Kokkos::Cuda> > ), _ZN6Kokkos4Impl33cuda_parallel_launch_local_memoryINS0_11ParallelForIZN4pops6detail18launch_index_spaceINS_4CudaELi2ENS3_8elliptic3amr10fac_detail17RestrictionKernelILi2EEEEEvRKT_RKNS3_3BoxIXT0_EEEPKcT1_EUllE_NS_11RangePolicyIJS6_NS_9IndexTypeIlEEEEES6_EEEEvSC_, (-1));__cudaRegisterEntry(__T1093, ((void ( *)(const  _ZN6Kokkos4Impl11ParallelForIZN4pops6detail18launch_index_spaceINS_4CudaELi2ENS3_21ShiftFieldBasisKernelILi2EEEEEvRKT_RKNS2_3BoxIXT0_EEEPKcT1_EUllE_NS_11RangePolicyIJS5_NS_9IndexTypeIlEEEEES5_EE))Kokkos::Impl::cuda_parallel_launch_local_memory< ::Kokkos::Impl::ParallelFor< ::__nv_hdl_wrapper_t<false,false,false,__nv_dl_tag<void (*)(const  ::Kokkos::Cuda &, const  ::pops::Box<(int)2>  &, const char *,  ::pops::detail::ShiftFieldBasisKernel<(int)2> ),(& :: pops::detail::launch_index_space< ::Kokkos::Cuda, (int)2,  ::pops::detail::ShiftFieldBasisKernel<(int)2> > ), 1> ,void (long), ::pops::detail::ShiftFieldBasisKernel<(int)2> ,const  ::pops::Index<(int)2> ,const  ::pops::Extent<(int)2> >,  ::Kokkos::RangePolicy< ::Kokkos::Cuda,  ::Kokkos::IndexType<long>  > ,  ::Kokkos::Cuda> > ), _ZN6Kokkos4Impl33cuda_parallel_launch_local_memoryINS0_11ParallelForIZN4pops6detail18launch_index_spaceINS_4CudaELi2ENS4_21ShiftFieldBasisKernelILi2EEEEEvRKT_RKNS3_3BoxIXT0_EEEPKcT1_EUllE_NS_11RangePolicyIJS6_NS_9IndexTypeIlEEEEES6_EEEEvS9_, (-1));__cudaRegisterEntry(__T1093, ((void ( *)(const  _ZN6Kokkos4Impl14ParallelReduceINS0_22CombinedFunctorReducerIZN4pops24for_each_cell_reduce_sumINS_4CudaELi2ENS3_6detail25FieldBasisAbsMomentKernelILi2EEEEEdRKT_RKNS3_3BoxIXT0_EEET1_EUllRdE_NS0_15FunctorAnalysisINS0_23FunctorPatternInterface6REDUCEENS_11RangePolicyIJS5_NS_9IndexTypeIlEEEEENS_3SumIdNS_9HostSpaceEEEdE7ReducerEvEESP_S5_EE))Kokkos::Impl::cuda_parallel_launch_local_memory< ::Kokkos::Impl::ParallelReduce< ::Kokkos::Impl::CombinedFunctorReducer< ::__nv_hdl_wrapper_t<false,false,false,__nv_dl_tag<double (*)(const  ::Kokkos::Cuda &, const  ::pops::Box<(int)2>  &,  ::pops::detail::FieldBasisAbsMomentKernel<(int)2> ),(& :: pops::for_each_cell_reduce_sum< ::Kokkos::Cuda, (int)2,  ::pops::detail::FieldBasisAbsMomentKernel<(int)2> > ), 1> ,void (long, double &), ::pops::detail::FieldBasisAbsMomentKernel<(int)2> ,const  ::pops::Index<(int)2> ,const  ::pops::Extent<(int)2> >,  ::Kokkos::Impl::FunctorAnalysis< ::Kokkos::Impl::FunctorPatternInterface::REDUCE,  ::Kokkos::RangePolicy< ::Kokkos::Cuda,  ::Kokkos::IndexType<long>  > ,  ::Kokkos::Sum<double,  ::Kokkos::HostSpace> , double> ::Reducer, void> ,  ::Kokkos::RangePolicy< ::Kokkos::Cuda,  ::Kokkos::IndexType<long>  > ,  ::Kokkos::Cuda> > ), _ZN6Kokkos4Impl33cuda_parallel_launch_local_memoryINS0_14ParallelReduceINS0_22CombinedFunctorReducerIZN4pops24for_each_cell_reduce_sumINS_4CudaELi2ENS4_6detail25FieldBasisAbsMomentKernelILi2EEEEEdRKT_RKNS4_3BoxIXT0_EEET1_EUllRdE_NS0_15FunctorAnalysisINS0_23FunctorPatternInterface6REDUCEENS_11RangePolicyIJS6_NS_9IndexTypeIlEEEEENS_3SumIdNS_9HostSpaceEEEdE7ReducerEvEESQ_S6_EEEEvSA_, (-1));__cudaRegisterEntry(__T1093, ((void ( *)(const  _ZN6Kokkos4Impl14ParallelReduceINS0_22CombinedFunctorReducerIZN4pops24for_each_cell_reduce_sumINS_4CudaELi2ENS3_6detail22FieldBasisMomentKernelILi2EEEEEdRKT_RKNS3_3BoxIXT0_EEET1_EUllRdE_NS0_15FunctorAnalysisINS0_23FunctorPatternInterface6REDUCEENS_11RangePolicyIJS5_NS_9IndexTypeIlEEEEENS_3SumIdNS_9HostSpaceEEEdE7ReducerEvEESP_S5_EE))Kokkos::Impl::cuda_parallel_launch_local_memory< ::Kokkos::Impl::ParallelReduce< ::Kokkos::Impl::CombinedFunctorReducer< ::__nv_hdl_wrapper_t<false,false,false,__nv_dl_tag<double (*)(const  ::Kokkos::Cuda &, const  ::pops::Box<(int)2>  &,  ::pops::detail::FieldBasisMomentKernel<(int)2> ),(& :: pops::for_each_cell_reduce_sum< ::Kokkos::Cuda, (int)2,  ::pops::detail::FieldBasisMomentKernel<(int)2> > ), 1> ,void (long, double &), ::pops::detail::FieldBasisMomentKernel<(int)2> ,const  ::pops::Index<(int)2> ,const  ::pops::Extent<(int)2> >,  ::Kokkos::Impl::FunctorAnalysis< ::Kokkos::Impl::FunctorPatternInterface::REDUCE,  ::Kokkos::RangePolicy< ::Kokkos::Cuda,  ::Kokkos::IndexType<long>  > ,  ::Kokkos::Sum<double,  ::Kokkos::HostSpace> , double> ::Reducer, void> ,  ::Kokkos::RangePolicy< ::Kokkos::Cuda,  ::Kokkos::IndexType<long>  > ,  ::Kokkos::Cuda> > ), _ZN6Kokkos4Impl33cuda_parallel_launch_local_memoryINS0_14ParallelReduceINS0_22CombinedFunctorReducerIZN4pops24for_each_cell_reduce_sumINS_4CudaELi2ENS4_6detail22FieldBasisMomentKernelILi2EEEEEdRKT_RKNS4_3BoxIXT0_EEET1_EUllRdE_NS0_15FunctorAnalysisINS0_23FunctorPatternInterface6REDUCEENS_11RangePolicyIJS6_NS_9IndexTypeIlEEEEENS_3SumIdNS_9HostSpaceEEEdE7ReducerEvEESQ_S6_EEEEvSA_, (-1));__cudaRegisterEntry(__T1093, ((void ( *)(const  _ZN6Kokkos4Impl11ParallelForIZN4pops6detail18launch_index_spaceINS_4CudaELi2ENS2_8elliptic2mg6detail16CopyScalarKernelILi2EEEEEvRKT_RKNS2_3BoxIXT0_EEEPKcT1_EUllE_NS_11RangePolicyIJS5_NS_9IndexTypeIlEEEEES5_EE))Kokkos::Impl::cuda_parallel_launch_local_memory< ::Kokkos::Impl::ParallelFor< ::__nv_hdl_wrapper_t<false,false,false,__nv_dl_tag<void (*)(const  ::Kokkos::Cuda &, const  ::pops::Box<(int)2>  &, const char *,  ::pops::elliptic::mg::detail::CopyScalarKernel<(int)2> ),(& :: pops::detail::launch_index_space< ::Kokkos::Cuda, (int)2,  ::pops::elliptic::mg::detail::CopyScalarKernel<(int)2> > ), 1> ,void (long), ::pops::elliptic::mg::detail::CopyScalarKernel<(int)2> ,const  ::pops::Index<(int)2> ,const  ::pops::Extent<(int)2> >,  ::Kokkos::RangePolicy< ::Kokkos::Cuda,  ::Kokkos::IndexType<long>  > ,  ::Kokkos::Cuda> > ), _ZN6Kokkos4Impl33cuda_parallel_launch_local_memoryINS0_11ParallelForIZN4pops6detail18launch_index_spaceINS_4CudaELi2ENS3_8elliptic2mg6detail16CopyScalarKernelILi2EEEEEvRKT_RKNS3_3BoxIXT0_EEEPKcT1_EUllE_NS_11RangePolicyIJS6_NS_9IndexTypeIlEEEEES6_EEEEvSC_, (-1));__cudaRegisterEntry(__T1093, ((void ( *)(const  _ZN6Kokkos4Impl11ParallelForIZN4pops6detail18launch_index_spaceINS_4CudaELi2ENS2_8elliptic2mg10fac_detail15SetScalarKernelILi2EEEEEvRKT_RKNS2_3BoxIXT0_EEEPKcT1_EUllE_NS_11RangePolicyIJS5_NS_9IndexTypeIlEEEEES5_EE))Kokkos::Impl::cuda_parallel_launch_local_memory< ::Kokkos::Impl::ParallelFor< ::__nv_hdl_wrapper_t<false,false,false,__nv_dl_tag<void (*)(const  ::Kokkos::Cuda &, const  ::pops::Box<(int)2>  &, const char *,  ::pops::elliptic::mg::fac_detail::SetScalarKernel<(int)2> ),(& :: pops::detail::launch_index_space< ::Kokkos::Cuda, (int)2,  ::pops::elliptic::mg::fac_detail::SetScalarKernel<(int)2> > ), 1> ,void (long), ::pops::elliptic::mg::fac_detail::SetScalarKernel<(int)2> ,const  ::pops::Index<(int)2> ,const  ::pops::Extent<(int)2> >,  ::Kokkos::RangePolicy< ::Kokkos::Cuda,  ::Kokkos::IndexType<long>  > ,  ::Kokkos::Cuda> > ), _ZN6Kokkos4Impl33cuda_parallel_launch_local_memoryINS0_11ParallelForIZN4pops6detail18launch_index_spaceINS_4CudaELi2ENS3_8elliptic2mg10fac_detail15SetScalarKernelILi2EEEEEvRKT_RKNS3_3BoxIXT0_EEEPKcT1_EUllE_NS_11RangePolicyIJS6_NS_9IndexTypeIlEEEEES6_EEEEvSC_, (-1));__cudaRegisterEntry(__T1093, ((void ( *)(const  _ZN6Kokkos4Impl14ParallelReduceINS0_22CombinedFunctorReducerIZN4pops24for_each_cell_reduce_sumINS_4CudaELi2ENS3_6detail20FieldBasisGramKernelILi2EEEEEdRKT_RKNS3_3BoxIXT0_EEET1_EUllRdE_NS0_15FunctorAnalysisINS0_23FunctorPatternInterface6REDUCEENS_11RangePolicyIJS5_NS_9IndexTypeIlEEEEENS_3SumIdNS_9HostSpaceEEEdE7ReducerEvEESP_S5_EE))Kokkos::Impl::cuda_parallel_launch_local_memory< ::Kokkos::Impl::ParallelReduce< ::Kokkos::Impl::CombinedFunctorReducer< ::__nv_hdl_wrapper_t<false,false,false,__nv_dl_tag<double (*)(const  ::Kokkos::Cuda &, const  ::pops::Box<(int)2>  &,  ::pops::detail::FieldBasisGramKernel<(int)2> ),(& :: pops::for_each_cell_reduce_sum< ::Kokkos::Cuda, (int)2,  ::pops::detail::FieldBasisGramKernel<(int)2> > ), 1> ,void (long, double &), ::pops::detail::FieldBasisGramKernel<(int)2> ,const  ::pops::Index<(int)2> ,const  ::pops::Extent<(int)2> >,  ::Kokkos::Impl::FunctorAnalysis< ::Kokkos::Impl::FunctorPatternInterface::REDUCE,  ::Kokkos::RangePolicy< ::Kokkos::Cuda,  ::Kokkos::IndexType<long>  > ,  ::Kokkos::Sum<double,  ::Kokkos::HostSpace> , double> ::Reducer, void> ,  ::Kokkos::RangePolicy< ::Kokkos::Cuda,  ::Kokkos::IndexType<long>  > ,  ::Kokkos::Cuda> > ), _ZN6Kokkos4Impl33cuda_parallel_launch_local_memoryINS0_14ParallelReduceINS0_22CombinedFunctorReducerIZN4pops24for_each_cell_reduce_sumINS_4CudaELi2ENS4_6detail20FieldBasisGramKernelILi2EEEEEdRKT_RKNS4_3BoxIXT0_EEET1_EUllRdE_NS0_15FunctorAnalysisINS0_23FunctorPatternInterface6REDUCEENS_11RangePolicyIJS6_NS_9IndexTypeIlEEEEENS_3SumIdNS_9HostSpaceEEEdE7ReducerEvEESQ_S6_EEEEvSA_, (-1));__cudaRegisterEntry(__T1093, ((void ( *)(const  _ZN6Kokkos4Impl14ParallelReduceINS0_22CombinedFunctorReducerIZN4pops6detail50require_exact_replicated_field_values_prevalidatedILi2EEEvRKNS3_8MultiFabIXT_ENS_9CudaSpaceEEEPcmPKcRKNS3_16CommunicatorViewEEUlmRlE_NS0_15FunctorAnalysisINS0_23FunctorPatternInterface6REDUCEENS_11RangePolicyIJNS_9IndexTypeImEEEEENS_3MaxIlNS_9HostSpaceEEElE7ReducerEvEESP_NS_4CudaEEE))Kokkos::Impl::cuda_parallel_launch_local_memory< ::Kokkos::Impl::ParallelReduce< ::Kokkos::Impl::CombinedFunctorReducer< ::__nv_hdl_wrapper_t<false,false,false,__nv_dl_tag<void (*)(const  ::pops::MultiFab<(int)2,  ::Kokkos::CudaSpace>  &, char *, unsigned long, const char *, const  ::pops::CommunicatorView &),(& :: pops::detail::require_exact_replicated_field_values_prevalidated<(int)2> ), 3> ,void (unsigned long, long &),char *,char *>,  ::Kokkos::Impl::FunctorAnalysis< ::Kokkos::Impl::FunctorPatternInterface::REDUCE,  ::Kokkos::RangePolicy< ::Kokkos::IndexType<unsigned long>  > ,  ::Kokkos::Max<long,  ::Kokkos::HostSpace> , long> ::Reducer, void> ,  ::Kokkos::RangePolicy< ::Kokkos::IndexType<unsigned long>  > ,  ::Kokkos::Cuda> > ), _ZN6Kokkos4Impl33cuda_parallel_launch_local_memoryINS0_14ParallelReduceINS0_22CombinedFunctorReducerIZN4pops6detail50require_exact_replicated_field_values_prevalidatedILi2EEEvRKNS4_8MultiFabIXT_ENS_9CudaSpaceEEEPcmPKcRKNS4_16CommunicatorViewEEUlmRlE_NS0_15FunctorAnalysisINS0_23FunctorPatternInterface6REDUCEENS_11RangePolicyIJNS_9IndexTypeImEEEEENS_3MaxIlNS_9HostSpaceEEElE7ReducerEvEESQ_NS_4CudaEEEEEvT_, (-1));__cudaRegisterEntry(__T1093, ((void ( *)(const  _ZN6Kokkos4Impl11ParallelForIZN4pops6detail50require_exact_replicated_field_values_prevalidatedILi2EEEvRKNS2_8MultiFabIXT_ENS_9CudaSpaceEEEPcmPKcRKNS2_16CommunicatorViewEEUlmE0_NS_11RangePolicyIJNS_9IndexTypeImEEEEENS_4CudaEEE))Kokkos::Impl::cuda_parallel_launch_local_memory< ::Kokkos::Impl::ParallelFor< ::__nv_hdl_wrapper_t<false,false,false,__nv_dl_tag<void (*)(const  ::pops::MultiFab<(int)2,  ::Kokkos::CudaSpace>  &, char *, unsigned long, const char *, const  ::pops::CommunicatorView &),(& :: pops::detail::require_exact_replicated_field_values_prevalidated<(int)2> ), 2> ,void (unsigned long),char *,char *>,  ::Kokkos::RangePolicy< ::Kokkos::IndexType<unsigned long>  > ,  ::Kokkos::Cuda> > ), _ZN6Kokkos4Impl33cuda_parallel_launch_local_memoryINS0_11ParallelForIZN4pops6detail50require_exact_replicated_field_values_prevalidatedILi2EEEvRKNS3_8MultiFabIXT_ENS_9CudaSpaceEEEPcmPKcRKNS3_16CommunicatorViewEEUlmE0_NS_11RangePolicyIJNS_9IndexTypeImEEEEENS_4CudaEEEEEvT_, (-1));__cudaRegisterEntry(__T1093, ((void ( *)(const  _ZN6Kokkos4Impl11ParallelForIZN4pops6detail50require_exact_replicated_field_values_prevalidatedILi2EEEvRKNS2_8MultiFabIXT_ENS_9CudaSpaceEEEPcmPKcRKNS2_16CommunicatorViewEEUlmE_NS_11RangePolicyIJNS_9IndexTypeImEEEEENS_4CudaEEE))Kokkos::Impl::cuda_parallel_launch_local_memory< ::Kokkos::Impl::ParallelFor< ::__nv_hdl_wrapper_t<false,false,false,__nv_dl_tag<void (*)(const  ::pops::MultiFab<(int)2,  ::Kokkos::CudaSpace>  &, char *, unsigned long, const char *, const  ::pops::CommunicatorView &),(& :: pops::detail::require_exact_replicated_field_values_prevalidated<(int)2> ), 1> ,void (unsigned long),const unsigned long,const unsigned long,const  ::pops::Box<(int)2> ,const  ::pops::FieldView<const double, (int)2> ,const unsigned long,char *>,  ::Kokkos::RangePolicy< ::Kokkos::IndexType<unsigned long>  > ,  ::Kokkos::Cuda> > ), _ZN6Kokkos4Impl33cuda_parallel_launch_local_memoryINS0_11ParallelForIZN4pops6detail50require_exact_replicated_field_values_prevalidatedILi2EEEvRKNS3_8MultiFabIXT_ENS_9CudaSpaceEEEPcmPKcRKNS3_16CommunicatorViewEEUlmE_NS_11RangePolicyIJNS_9IndexTypeImEEEEENS_4CudaEEEEEvT_, (-1));__cudaRegisterEntry(__T1093, ((void ( *)(const  _ZN6Kokkos4Impl11ParallelForINS0_16ViewValueFunctorINS_6DeviceINS_4CudaENS_9CudaSpaceEEENS_7complexIdEEEENS_11RangePolicyIJS4_NS_9IndexTypeImEENS9_12ConstructTagEEEES4_EE))Kokkos::Impl::cuda_parallel_launch_local_memory< ::Kokkos::Impl::ParallelFor< ::Kokkos::Impl::ViewValueFunctor< ::Kokkos::Device< ::Kokkos::Cuda,  ::Kokkos::CudaSpace> ,  ::Kokkos::complex<double> > ,  ::Kokkos::RangePolicy< ::Kokkos::Cuda,  ::Kokkos::IndexType<unsigned long> ,     ::Kokkos::Impl::ViewValueFunctor< ::Kokkos::Device< ::Kokkos::Cuda,  ::Kokkos::CudaSpace> ,  ::Kokkos::complex<double> > ::ConstructTag > ,  ::Kokkos::Cuda> > ), _ZN6Kokkos4Impl33cuda_parallel_launch_local_memoryINS0_11ParallelForINS0_16ViewValueFunctorINS_6DeviceINS_4CudaENS_9CudaSpaceEEENS_7complexIdEEEENS_11RangePolicyIJS5_NS_9IndexTypeImEENSA_12ConstructTagEEEES5_EEEEvT_, (-1));__cudaRegisterEntry(__T1093, ((void ( *)(const  _ZN6Kokkos4Impl11ParallelForINS0_16ViewValueFunctorINS_6DeviceINS_4CudaENS_9CudaSpaceEEENS_7complexIdEEEENS_11RangePolicyIJS4_NS_9IndexTypeImEENS9_10DestroyTagEEEES4_EE))Kokkos::Impl::cuda_parallel_launch_local_memory< ::Kokkos::Impl::ParallelFor< ::Kokkos::Impl::ViewValueFunctor< ::Kokkos::Device< ::Kokkos::Cuda,  ::Kokkos::CudaSpace> ,  ::Kokkos::complex<double> > ,  ::Kokkos::RangePolicy< ::Kokkos::Cuda,  ::Kokkos::IndexType<unsigned long> ,     ::Kokkos::Impl::ViewValueFunctor< ::Kokkos::Device< ::Kokkos::Cuda,  ::Kokkos::CudaSpace> ,  ::Kokkos::complex<double> > ::DestroyTag > ,  ::Kokkos::Cuda> > ), _ZN6Kokkos4Impl33cuda_parallel_launch_local_memoryINS0_11ParallelForINS0_16ViewValueFunctorINS_6DeviceINS_4CudaENS_9CudaSpaceEEENS_7complexIdEEEENS_11RangePolicyIJS5_NS_9IndexTypeImEENSA_10DestroyTagEEEES5_EEEEvT_, (-1));__cudaRegisterEntry(__T1093, ((void ( *)(const  _ZN6Kokkos4Impl11ParallelForIZN4pops6detail18launch_index_spaceINS_4CudaELi2ENS2_8elliptic3amr10fac_detail15SetScalarKernelILi2EEEEEvRKT_RKNS2_3BoxIXT0_EEEPKcT1_EUllE_NS_11RangePolicyIJS5_NS_9IndexTypeIlEEEEES5_EE))Kokkos::Impl::cuda_parallel_launch_local_memory< ::Kokkos::Impl::ParallelFor< ::__nv_hdl_wrapper_t<false,false,false,__nv_dl_tag<void (*)(const  ::Kokkos::Cuda &, const  ::pops::Box<(int)2>  &, const char *,  ::pops::elliptic::amr::fac_detail::SetScalarKernel<(int)2> ),(& :: pops::detail::launch_index_space< ::Kokkos::Cuda, (int)2,  ::pops::elliptic::amr::fac_detail::SetScalarKernel<(int)2> > ), 1> ,void (long), ::pops::elliptic::amr::fac_detail::SetScalarKernel<(int)2> ,const  ::pops::Index<(int)2> ,const  ::pops::Extent<(int)2> >,  ::Kokkos::RangePolicy< ::Kokkos::Cuda,  ::Kokkos::IndexType<long>  > ,  ::Kokkos::Cuda> > ), _ZN6Kokkos4Impl33cuda_parallel_launch_local_memoryINS0_11ParallelForIZN4pops6detail18launch_index_spaceINS_4CudaELi2ENS3_8elliptic3amr10fac_detail15SetScalarKernelILi2EEEEEvRKT_RKNS3_3BoxIXT0_EEEPKcT1_EUllE_NS_11RangePolicyIJS6_NS_9IndexTypeIlEEEEES6_EEEEvSC_, (-1));__cudaRegisterEntry(__T1093, ((void ( *)(const  _ZN6Kokkos4Impl11ParallelForINS0_8ViewFillINS_4ViewIPdJNS_10LayoutLeftENS_6DeviceINS_4CudaENS_14AnonymousSpaceEEENS_12MemoryTraitsILj0EEEEEES5_S7_Li1EiEENS_11RangePolicyIJS7_NS_9IndexTypeIiEENS_12Experimental15StaticBatchSizeILj16EEEEEES7_EE))Kokkos::Impl::cuda_parallel_launch_local_memory< ::Kokkos::Impl::ParallelFor< ::Kokkos::Impl::ViewFill< ::Kokkos::View<double *,  ::Kokkos::LayoutLeft,  ::Kokkos::Device< ::Kokkos::Cuda,  ::Kokkos::AnonymousSpace> ,  ::Kokkos::MemoryTraits<(unsigned int)0u>  > ,  ::Kokkos::LayoutLeft,  ::Kokkos::Cuda, (int)1, int> ,  ::Kokkos::RangePolicy< ::Kokkos::Cuda,  ::Kokkos::IndexType<int> ,  ::Kokkos::Experimental::StaticBatchSize<(unsigned int)16u>  > ,  ::Kokkos::Cuda> > ), _ZN6Kokkos4Impl33cuda_parallel_launch_local_memoryINS0_11ParallelForINS0_8ViewFillINS_4ViewIPdJNS_10LayoutLeftENS_6DeviceINS_4CudaENS_14AnonymousSpaceEEENS_12MemoryTraitsILj0EEEEEES6_S8_Li1EiEENS_11RangePolicyIJS8_NS_9IndexTypeIiEENS_12Experimental15StaticBatchSizeILj16EEEEEES8_EEEEvT_, (-1));__cudaRegisterEntry(__T1093, ((void ( *)(const  _ZN6Kokkos4Impl11ParallelForINS0_8ViewFillINS_4ViewIPdJNS_10LayoutLeftENS_6DeviceINS_4CudaENS_14AnonymousSpaceEEENS_12MemoryTraitsILj0EEEEEENS_11LayoutRightES7_Li1EiEENS_11RangePolicyIJS7_NS_9IndexTypeIiEENS_12Experimental15StaticBatchSizeILj16EEEEEES7_EE))Kokkos::Impl::cuda_parallel_launch_local_memory< ::Kokkos::Impl::ParallelFor< ::Kokkos::Impl::ViewFill< ::Kokkos::View<double *,  ::Kokkos::LayoutLeft,  ::Kokkos::Device< ::Kokkos::Cuda,  ::Kokkos::AnonymousSpace> ,  ::Kokkos::MemoryTraits<(unsigned int)0u>  > ,  ::Kokkos::LayoutRight,  ::Kokkos::Cuda, (int)1, int> ,  ::Kokkos::RangePolicy< ::Kokkos::Cuda,  ::Kokkos::IndexType<int> ,  ::Kokkos::Experimental::StaticBatchSize<(unsigned int)16u>  > ,  ::Kokkos::Cuda> > ), _ZN6Kokkos4Impl33cuda_parallel_launch_local_memoryINS0_11ParallelForINS0_8ViewFillINS_4ViewIPdJNS_10LayoutLeftENS_6DeviceINS_4CudaENS_14AnonymousSpaceEEENS_12MemoryTraitsILj0EEEEEENS_11LayoutRightES8_Li1EiEENS_11RangePolicyIJS8_NS_9IndexTypeIiEENS_12Experimental15StaticBatchSizeILj16EEEEEES8_EEEEvT_, (-1));__cudaRegisterEntry(__T1093, ((void ( *)(const  _ZN6Kokkos4Impl11ParallelForINS0_8ViewFillINS_4ViewIPdJNS_10LayoutLeftENS_6DeviceINS_4CudaENS_14AnonymousSpaceEEENS_12MemoryTraitsILj0EEEEEES5_S7_Li1ElEENS_11RangePolicyIJS7_NS_9IndexTypeIlEENS_12Experimental15StaticBatchSizeILj16EEEEEES7_EE))Kokkos::Impl::cuda_parallel_launch_local_memory< ::Kokkos::Impl::ParallelFor< ::Kokkos::Impl::ViewFill< ::Kokkos::View<double *,  ::Kokkos::LayoutLeft,  ::Kokkos::Device< ::Kokkos::Cuda,  ::Kokkos::AnonymousSpace> ,  ::Kokkos::MemoryTraits<(unsigned int)0u>  > ,  ::Kokkos::LayoutLeft,  ::Kokkos::Cuda, (int)1, long> ,  ::Kokkos::RangePolicy< ::Kokkos::Cuda,  ::Kokkos::IndexType<long> ,  ::Kokkos::Experimental::StaticBatchSize<(unsigned int)16u>  > ,  ::Kokkos::Cuda> > ), _ZN6Kokkos4Impl33cuda_parallel_launch_local_memoryINS0_11ParallelForINS0_8ViewFillINS_4ViewIPdJNS_10LayoutLeftENS_6DeviceINS_4CudaENS_14AnonymousSpaceEEENS_12MemoryTraitsILj0EEEEEES6_S8_Li1ElEENS_11RangePolicyIJS8_NS_9IndexTypeIlEENS_12Experimental15StaticBatchSizeILj16EEEEEES8_EEEEvT_, (-1));__cudaRegisterEntry(__T1093, ((void ( *)(const  _ZN6Kokkos4Impl11ParallelForINS0_8ViewFillINS_4ViewIPdJNS_10LayoutLeftENS_6DeviceINS_4CudaENS_14AnonymousSpaceEEENS_12MemoryTraitsILj0EEEEEENS_11LayoutRightES7_Li1ElEENS_11RangePolicyIJS7_NS_9IndexTypeIlEENS_12Experimental15StaticBatchSizeILj16EEEEEES7_EE))Kokkos::Impl::cuda_parallel_launch_local_memory< ::Kokkos::Impl::ParallelFor< ::Kokkos::Impl::ViewFill< ::Kokkos::View<double *,  ::Kokkos::LayoutLeft,  ::Kokkos::Device< ::Kokkos::Cuda,  ::Kokkos::AnonymousSpace> ,  ::Kokkos::MemoryTraits<(unsigned int)0u>  > ,  ::Kokkos::LayoutRight,  ::Kokkos::Cuda, (int)1, long> ,  ::Kokkos::RangePolicy< ::Kokkos::Cuda,  ::Kokkos::IndexType<long> ,  ::Kokkos::Experimental::StaticBatchSize<(unsigned int)16u>  > ,  ::Kokkos::Cuda> > ), _ZN6Kokkos4Impl33cuda_parallel_launch_local_memoryINS0_11ParallelForINS0_8ViewFillINS_4ViewIPdJNS_10LayoutLeftENS_6DeviceINS_4CudaENS_14AnonymousSpaceEEENS_12MemoryTraitsILj0EEEEEENS_11LayoutRightES8_Li1ElEENS_11RangePolicyIJS8_NS_9IndexTypeIlEENS_12Experimental15StaticBatchSizeILj16EEEEEES8_EEEEvT_, (-1));__cudaRegisterEntry(__T1093, ((void ( *)(const  _ZN6Kokkos4Impl11ParallelForINS0_8ViewFillINS_4ViewIPdJNS_11LayoutRightENS_6DeviceINS_4CudaENS_14AnonymousSpaceEEENS_12MemoryTraitsILj0EEEEEES5_S7_Li1ElEENS_11RangePolicyIJS7_NS_9IndexTypeIlEENS_12Experimental15StaticBatchSizeILj16EEEEEES7_EE))Kokkos::Impl::cuda_parallel_launch_local_memory< ::Kokkos::Impl::ParallelFor< ::Kokkos::Impl::ViewFill< ::Kokkos::View<double *,  ::Kokkos::LayoutRight,  ::Kokkos::Device< ::Kokkos::Cuda,  ::Kokkos::AnonymousSpace> ,  ::Kokkos::MemoryTraits<(unsigned int)0u>  > ,  ::Kokkos::LayoutRight,  ::Kokkos::Cuda, (int)1, long> ,  ::Kokkos::RangePolicy< ::Kokkos::Cuda,  ::Kokkos::IndexType<long> ,  ::Kokkos::Experimental::StaticBatchSize<(unsigned int)16u>  > ,  ::Kokkos::Cuda> > ), _ZN6Kokkos4Impl33cuda_parallel_launch_local_memoryINS0_11ParallelForINS0_8ViewFillINS_4ViewIPdJNS_11LayoutRightENS_6DeviceINS_4CudaENS_14AnonymousSpaceEEENS_12MemoryTraitsILj0EEEEEES6_S8_Li1ElEENS_11RangePolicyIJS8_NS_9IndexTypeIlEENS_12Experimental15StaticBatchSizeILj16EEEEEES8_EEEEvT_, (-1));__cudaRegisterEntry(__T1093, ((void ( *)(const  _ZN6Kokkos4Impl11ParallelForINS0_8ViewFillINS_4ViewIPdJNS_11LayoutRightENS_6DeviceINS_4CudaENS_14AnonymousSpaceEEENS_12MemoryTraitsILj0EEEEEES5_S7_Li1EiEENS_11RangePolicyIJS7_NS_9IndexTypeIiEENS_12Experimental15StaticBatchSizeILj16EEEEEES7_EE))Kokkos::Impl::cuda_parallel_launch_local_memory< ::Kokkos::Impl::ParallelFor< ::Kokkos::Impl::ViewFill< ::Kokkos::View<double *,  ::Kokkos::LayoutRight,  ::Kokkos::Device< ::Kokkos::Cuda,  ::Kokkos::AnonymousSpace> ,  ::Kokkos::MemoryTraits<(unsigned int)0u>  > ,  ::Kokkos::LayoutRight,  ::Kokkos::Cuda, (int)1, int> ,  ::Kokkos::RangePolicy< ::Kokkos::Cuda,  ::Kokkos::IndexType<int> ,  ::Kokkos::Experimental::StaticBatchSize<(unsigned int)16u>  > ,  ::Kokkos::Cuda> > ), _ZN6Kokkos4Impl33cuda_parallel_launch_local_memoryINS0_11ParallelForINS0_8ViewFillINS_4ViewIPdJNS_11LayoutRightENS_6DeviceINS_4CudaENS_14AnonymousSpaceEEENS_12MemoryTraitsILj0EEEEEES6_S8_Li1EiEENS_11RangePolicyIJS8_NS_9IndexTypeIiEENS_12Experimental15StaticBatchSizeILj16EEEEEES8_EEEEvT_, (-1));__cudaRegisterEntry(__T1093, ((void ( *)(const  _ZN6Kokkos4Impl11ParallelForINS0_16ViewValueFunctorINS_6DeviceINS_4CudaENS_9CudaSpaceEEEdEENS_11RangePolicyIJS4_NS_9IndexTypeImEENS7_10DestroyTagEEEES4_EE))Kokkos::Impl::cuda_parallel_launch_local_memory< ::Kokkos::Impl::ParallelFor< ::Kokkos::Impl::ViewValueFunctor< ::Kokkos::Device< ::Kokkos::Cuda,  ::Kokkos::CudaSpace> , double> ,  ::Kokkos::RangePolicy< ::Kokkos::Cuda,  ::Kokkos::IndexType<unsigned long> ,     ::Kokkos::Impl::ViewValueFunctor< ::Kokkos::Device< ::Kokkos::Cuda,  ::Kokkos::CudaSpace> , double> ::DestroyTag > ,  ::Kokkos::Cuda> > ), _ZN6Kokkos4Impl33cuda_parallel_launch_local_memoryINS0_11ParallelForINS0_16ViewValueFunctorINS_6DeviceINS_4CudaENS_9CudaSpaceEEEdEENS_11RangePolicyIJS5_NS_9IndexTypeImEENS8_10DestroyTagEEEES5_EEEEvT_, (-1));__cudaRegisterEntry(__T1093, ((void ( *)(const  _ZN6Kokkos4Impl11ParallelForINS0_16ViewValueFunctorINS_6DeviceINS_4CudaENS_9CudaSpaceEEEjEENS_11RangePolicyIJS4_NS_9IndexTypeImEENS7_10DestroyTagEEEES4_EE))Kokkos::Impl::cuda_parallel_launch_local_memory< ::Kokkos::Impl::ParallelFor< ::Kokkos::Impl::ViewValueFunctor< ::Kokkos::Device< ::Kokkos::Cuda,  ::Kokkos::CudaSpace> , unsigned int> ,  ::Kokkos::RangePolicy< ::Kokkos::Cuda,  ::Kokkos::IndexType<unsigned long> ,     ::Kokkos::Impl::ViewValueFunctor< ::Kokkos::Device< ::Kokkos::Cuda,  ::Kokkos::CudaSpace> , unsigned int> ::DestroyTag > ,  ::Kokkos::Cuda> > ), _ZN6Kokkos4Impl33cuda_parallel_launch_local_memoryINS0_11ParallelForINS0_16ViewValueFunctorINS_6DeviceINS_4CudaENS_9CudaSpaceEEEjEENS_11RangePolicyIJS5_NS_9IndexTypeImEENS8_10DestroyTagEEEES5_EEEEvT_, (-1));__cudaRegisterVariable(__T1093, __shadow_var(kokkos_impl_cuda_constant_memory_buffer,::kokkos_impl_cuda_constant_memory_buffer), 0, 32768UL, 1, 0);__cudaRegisterVariable(__T1093, __shadow_var(_ZN5desul4Impl30CUDA_SPACE_ATOMIC_LOCKS_DEVICEE,::desul::Impl::CUDA_SPACE_ATOMIC_LOCKS_DEVICE), 0, 8UL, 1, 0);__cudaRegisterVariable(__T1093, __shadow_var(_ZN5desul4Impl28CUDA_SPACE_ATOMIC_LOCKS_NODEE,::desul::Impl::CUDA_SPACE_ATOMIC_LOCKS_NODE), 0, 8UL, 1, 0);}
        |
  /gpfs/scratch/rmdraux/PoPS-final-full-native-cuda-dim2-gh200-um-98804c68-20261009/source/include/pops/numerics/elliptic/amr/partitioned_region_transfer.hpp:414:8: note: declared private here
    414 |   struct UnpackKernel {
        |        ^~~~~~~~~~~~
  /gpfs/scratch/rmdraux/PoPS-final-full-native-cuda-dim2-gh200-um-98804c68-20261009/tmp/tmpxft_0008fcc6_00000000-6_amr_field_solver_builtin.cudafe1.stub.c:600: error: 'struct pops::elliptic::amr::partitioned_transfer::RegionTransport<2, Kokkos::CudaSpace>::PackKernel' is private within this context
    600 | static void __nv_cudaEntityRegisterCallback(void **__T1093){__nv_dummy_param_ref(__T1093);__nv_save_fatbinhandle_for_managed_rt(__T1093);__cudaRegisterEntry(__T1093, ((void ( *)(const  _ZN6Kokkos4Impl11ParallelForIZN4pops6detail18launch_index_spaceINS_4CudaELi2ENS2_8elliptic2mg10fac_detail25LinearInterpolationKernelILi2EEEEEvRKT_RKNS2_3BoxIXT0_EEEPKcT1_EUllE_NS_11RangePolicyIJS5_NS_9IndexTypeIlEEEEES5_EE))Kokkos::Impl::cuda_parallel_launch_local_memory< ::Kokkos::Impl::ParallelFor< ::__nv_hdl_wrapper_t<false,false,false,__nv_dl_tag<void (*)(const  ::Kokkos::Cuda &, const  ::pops::Box<(int)2>  &, const char *,  ::pops::elliptic::mg::fac_detail::LinearInterpolationKernel<(int)2> ),(& :: pops::detail::launch_index_space< ::Kokkos::Cuda, (int)2,  ::pops::elliptic::mg::fac_detail::LinearInterpolationKernel<(int)2> > ), 1> ,void (long), ::pops::elliptic::mg::fac_detail::LinearInterpolationKernel<(int)2> ,const  ::pops::Index<(int)2> ,const  ::pops::Extent<(int)2> >,  ::Kokkos::RangePolicy< ::Kokkos::Cuda,  ::Kokkos::IndexType<long>  > ,  ::Kokkos::Cuda> > ), _ZN6Kokkos4Impl33cuda_parallel_launch_local_memoryINS0_11ParallelForIZN4pops6detail18launch_index_spaceINS_4CudaELi2ENS3_8elliptic2mg10fac_detail25LinearInterpolationKernelILi2EEEEEvRKT_RKNS3_3BoxIXT0_EEEPKcT1_EUllE_NS_11RangePolicyIJS6_NS_9IndexTypeIlEEEEES6_EEEEvSC_, (-1));__cudaRegisterEntry(__T1093, ((void ( *)(const  _ZN6Kokkos4Impl11ParallelForIZN4pops6detail18launch_index_spaceINS_4CudaELi2ENS2_8elliptic2mg10fac_detail15MaskedAddKernelILi2EEEEEvRKT_RKNS2_3BoxIXT0_EEEPKcT1_EUllE_NS_11RangePolicyIJS5_NS_9IndexTypeIlEEEEES5_EE))Kokkos::Impl::cuda_parallel_launch_local_memory< ::Kokkos::Impl::ParallelFor< ::__nv_hdl_wrapper_t<false,false,false,__nv_dl_tag<void (*)(const  ::Kokkos::Cuda &, const  ::pops::Box<(int)2>  &, const char *,  ::pops::elliptic::mg::fac_detail::MaskedAddKernel<(int)2> ),(& :: pops::detail::launch_index_space< ::Kokkos::Cuda, (int)2,  ::pops::elliptic::mg::fac_detail::MaskedAddKernel<(int)2> > ), 1> ,void (long), ::pops::elliptic::mg::fac_detail::MaskedAddKernel<(int)2> ,const  ::pops::Index<(int)2> ,const  ::pops::Extent<(int)2> >,  ::Kokkos::RangePolicy< ::Kokkos::Cuda,  ::Kokkos::IndexType<long>  > ,  ::Kokkos::Cuda> > ), _ZN6Kokkos4Impl33cuda_parallel_launch_local_memoryINS0_11ParallelForIZN4pops6detail18launch_index_spaceINS_4CudaELi2ENS3_8elliptic2mg10fac_detail15MaskedAddKernelILi2EEEEEvRKT_RKNS3_3BoxIXT0_EEEPKcT1_EUllE_NS_11RangePolicyIJS6_NS_9IndexTypeIlEEEEES6_EEEEvSC_, (-1));__cudaRegisterEntry(__T1093, ((void ( *)(const  _ZN6Kokkos4Impl11ParallelForIZN4pops6detail18launch_index_spaceINS_4CudaELi2ENS2_8elliptic2mg10fac_detail18MaskedJacobiKernelILi2EEEEEvRKT_RKNS2_3BoxIXT0_EEEPKcT1_EUllE_NS_11RangePolicyIJS5_NS_9IndexTypeIlEEEEES5_EE))Kokkos::Impl::cuda_parallel_launch_local_memory< ::Kokkos::Impl::ParallelFor< ::__nv_hdl_wrapper_t<false,false,false,__nv_dl_tag<void (*)(const  ::Kokkos::Cuda &, const  ::pops::Box<(int)2>  &, const char *,  ::pops::elliptic::mg::fac_detail::MaskedJacobiKernel<(int)2> ),(& :: pops::detail::launch_index_space< ::Kokkos::Cuda, (int)2,  ::pops::elliptic::mg::fac_detail::MaskedJacobiKernel<(int)2> > ), 1> ,void (long), ::pops::elliptic::mg::fac_detail::MaskedJacobiKernel<(int)2> ,const  ::pops::Index<(int)2> ,const  ::pops::Extent<(int)2> >,  ::Kokkos::RangePolicy< ::Kokkos::Cuda,  ::Kokkos::IndexType<long>  > ,  ::Kokkos::Cuda> > ), _ZN6Kokkos4Impl33cuda_parallel_launch_local_memoryINS0_11ParallelForIZN4pops6detail18launch_index_spaceINS_4CudaELi2ENS3_8elliptic2mg10fac_detail18MaskedJacobiKernelILi2EEEEEvRKT_RKNS3_3BoxIXT0_EEEPKcT1_EUllE_NS_11RangePolicyIJS6_NS_9IndexTypeIlEEEEES6_EEEEvSC_, (-1));__cudaRegisterEntry(__T1093, ((void ( *)(const  _ZN6Kokkos4Impl11ParallelForIZN4pops6detail18launch_index_spaceINS_4CudaELi2ENS2_8elliptic2mg10fac_detail9AddKernelILi2EEEEEvRKT_RKNS2_3BoxIXT0_EEEPKcT1_EUllE_NS_11RangePolicyIJS5_NS_9IndexTypeIlEEEEES5_EE))Kokkos::Impl::cuda_parallel_launch_local_memory< ::Kokkos::Impl::ParallelFor< ::__nv_hdl_wrapper_t<false,false,false,__nv_dl_tag<void (*)(const  ::Kokkos::Cuda &, const  ::pops::Box<(int)2>  &, const char *,  ::pops::elliptic::mg::fac_detail::AddKernel<(int)2> ),(& :: pops::detail::launch_index_space< ::Kokkos::Cuda, (int)2,  ::pops::elliptic::mg::fac_detail::AddKernel<(int)2> > ), 1> ,void (long), ::pops::elliptic::mg::fac_detail::AddKernel<(int)2> ,const  ::pops::Index<(int)2> ,const  ::pops::Extent<(int)2> >,  ::Kokkos::RangePolicy< ::Kokkos::Cuda,  ::Kokkos::IndexType<long>  > ,  ::Kokkos::Cuda> > ), _ZN6Kokkos4Impl33cuda_parallel_launch_local_memoryINS0_11ParallelForIZN4pops6detail18launch_index_spaceINS_4CudaELi2ENS3_8elliptic2mg10fac_detail9AddKernelILi2EEEEEvRKT_RKNS3_3BoxIXT0_EEEPKcT1_EUllE_NS_11RangePolicyIJS6_NS_9IndexTypeIlEEEEES6_EEEEvSC_, (-1));__cudaRegisterEntry(__T1093, ((void ( *)(const  _ZN6Kokkos4Impl11ParallelForIZN4pops6detail18launch_index_spaceINS_4CudaELi2ENS2_8elliptic2mg10fac_detail18MaskResidualKernelILi2EEEEEvRKT_RKNS2_3BoxIXT0_EEEPKcT1_EUllE_NS_11RangePolicyIJS5_NS_9IndexTypeIlEEEEES5_EE))Kokkos::Impl::cuda_parallel_launch_local_memory< ::Kokkos::Impl::ParallelFor< ::__nv_hdl_wrapper_t<false,false,false,__nv_dl_tag<void (*)(const  ::Kokkos::Cuda &, const  ::pops::Box<(int)2>  &, const char *,  ::pops::elliptic::mg::fac_detail::MaskResidualKernel<(int)2> ),(& :: pops::detail::launch_index_space< ::Kokkos::Cuda, (int)2,  ::pops::elliptic::mg::fac_detail::MaskResidualKernel<(int)2> > ), 1> ,void (long), ::pops::elliptic::mg::fac_detail::MaskResidualKernel<(int)2> ,const  ::pops::Index<(int)2> ,const  ::pops::Extent<(int)2> >,  ::Kokkos::RangePolicy< ::Kokkos::Cuda,  ::Kokkos::IndexType<long>  > ,  ::Kokkos::Cuda> > ), _ZN6Kokkos4Impl33cuda_parallel_launch_local_memoryINS0_11ParallelForIZN4pops6detail18launch_index_spaceINS_4CudaELi2ENS3_8elliptic2mg10fac_detail18MaskResidualKernelILi2EEEEEvRKT_RKNS3_3BoxIXT0_EEEPKcT1_EUllE_NS_11RangePolicyIJS6_NS_9IndexTypeIlEEEEES6_EEEEvSC_, (-1));__cudaRegisterEntry(__T1093, ((void ( *)(const  _ZN6Kokkos4Impl11ParallelForIZN4pops6detail18launch_index_spaceINS_4CudaELi2ENS2_8elliptic2mg10fac_detail17WrapStagingKernelILi2EEEEEvRKT_RKNS2_3BoxIXT0_EEEPKcT1_EUllE_NS_11RangePolicyIJS5_NS_9IndexTypeIlEEEEES5_EE))Kokkos::Impl::cuda_parallel_launch_local_memory< ::Kokkos::Impl::ParallelFor< ::__nv_hdl_wrapper_t<false,false,false,__nv_dl_tag<void (*)(const  ::Kokkos::Cuda &, const  ::pops::Box<(int)2>  &, const char *,  ::pops::elliptic::mg::fac_detail::WrapStagingKernel<(int)2> ),(& :: pops::detail::launch_index_space< ::Kokkos::Cuda, (int)2,  ::pops::elliptic::mg::fac_detail::WrapStagingKernel<(int)2> > ), 1> ,void (long), ::pops::elliptic::mg::fac_detail::WrapStagingKernel<(int)2> ,const  ::pops::Index<(int)2> ,const  ::pops::Extent<(int)2> >,  ::Kokkos::RangePolicy< ::Kokkos::Cuda,  ::Kokkos::IndexType<long>  > ,  ::Kokkos::Cuda> > ), _ZN6Kokkos4Impl33cuda_parallel_launch_local_memoryINS0_11ParallelForIZN4pops6detail18launch_index_spaceINS_4CudaELi2ENS3_8elliptic2mg10fac_detail17WrapStagingKernelILi2EEEEEvRKT_RKNS3_3BoxIXT0_EEEPKcT1_EUllE_NS_11RangePolicyIJS6_NS_9IndexTypeIlEEEEES6_EEEEvSC_, (-1));__cudaRegisterEntry(__T1093, ((void ( *)(const  _ZN6Kokkos4Impl11ParallelForIZN4pops6detail18launch_index_spaceINS_4CudaELi2ENS2_8elliptic2mg10fac_detail17RestrictionKernelILi2EEEEEvRKT_RKNS2_3BoxIXT0_EEEPKcT1_EUllE_NS_11RangePolicyIJS5_NS_9IndexTypeIlEEEEES5_EE))Kokkos::Impl::cuda_parallel_launch_local_memory< ::Kokkos::Impl::ParallelFor< ::__nv_hdl_wrapper_t<false,false,false,__nv_dl_tag<void (*)(const  ::Kokkos::Cuda &, const  ::pops::Box<(int)2>  &, const char *,  ::pops::elliptic::mg::fac_detail::RestrictionKernel<(int)2> ),(& :: pops::detail::launch_index_space< ::Kokkos::Cuda, (int)2,  ::pops::elliptic::mg::fac_detail::RestrictionKernel<(int)2> > ), 1> ,void (long), ::pops::elliptic::mg::fac_detail::RestrictionKernel<(int)2> ,const  ::pops::Index<(int)2> ,const  ::pops::Extent<(int)2> >,  ::Kokkos::RangePolicy< ::Kokkos::Cuda,  ::Kokkos::IndexType<long>  > ,  ::Kokkos::Cuda> > ), _ZN6Kokkos4Impl33cuda_parallel_launch_local_memoryINS0_11ParallelForIZN4pops6detail18launch_index_spaceINS_4CudaELi2ENS3_8elliptic2mg10fac_detail17RestrictionKernelILi2EEEEEvRKT_RKNS3_3BoxIXT0_EEEPKcT1_EUllE_NS_11RangePolicyIJS6_NS_9IndexTypeIlEEEEES6_EEEEvSC_, (-1));__cudaRegisterEntry(__T1093, ((void ( *)(const  _ZN6Kokkos4Impl11ParallelForIZN4pops6detail18launch_index_spaceINS_4CudaELi2ENS2_3amr8transfer16PreparedTransferILi2EEEEEvRKT_RKNS2_3BoxIXT0_EEEPKcT1_EUllE_NS_11RangePolicyIJS5_NS_9IndexTypeIlEEEEES5_EE))Kokkos::Impl::cuda_parallel_launch_local_memory< ::Kokkos::Impl::ParallelFor< ::__nv_hdl_wrapper_t<false,false,false,__nv_dl_tag<void (*)(const  ::Kokkos::Cuda &, const  ::pops::Box<(int)2>  &, const char *,  ::pops::amr::transfer::PreparedTransfer<(int)2> ),(& :: pops::detail::launch_index_space< ::Kokkos::Cuda, (int)2,  ::pops::amr::transfer::PreparedTransfer<(int)2> > ), 1> ,void (long), ::pops::amr::transfer::PreparedTransfer<(int)2> ,const  ::pops::Index<(int)2> ,const  ::pops::Extent<(int)2> >,  ::Kokkos::RangePolicy< ::Kokkos::Cuda,  ::Kokkos::IndexType<long>  > ,  ::Kokkos::Cuda> > ), _ZN6Kokkos4Impl33cuda_parallel_launch_local_memoryINS0_11ParallelForIZN4pops6detail18launch_index_spaceINS_4CudaELi2ENS3_3amr8transfer16PreparedTransferILi2EEEEEvRKT_RKNS3_3BoxIXT0_EEEPKcT1_EUllE_NS_11RangePolicyIJS6_NS_9IndexTypeIlEEEEES6_EEEEvSB_, (-1));__cudaRegisterEntry(__T1093, ((void ( *)(const  _ZN6Kokkos4Impl11ParallelForIZN4pops6detail18launch_index_spaceINS_4CudaELi2ENS2_8elliptic3amr10fac_detail25LinearInterpolationKernelILi2EEEEEvRKT_RKNS2_3BoxIXT0_EEEPKcT1_EUllE_NS_11RangePolicyIJS5_NS_9IndexTypeIlEEEEES5_EE))Kokkos::Impl::cuda_parallel_launch_local_memory< ::Kokkos::Impl::ParallelFor< ::__nv_hdl_wrapper_t<false,false,false,__nv_dl_tag<void (*)(const  ::Kokkos::Cuda &, const  ::pops::Box<(int)2>  &, const char *,  ::pops::elliptic::amr::fac_detail::LinearInterpolationKernel<(int)2> ),(& :: pops::detail::launch_index_space< ::Kokkos::Cuda, (int)2,  ::pops::elliptic::amr::fac_detail::LinearInterpolationKernel<(int)2> > ), 1> ,void (long), ::pops::elliptic::amr::fac_detail::LinearInterpolationKernel<(int)2> ,const  ::pops::Index<(int)2> ,const  ::pops::Extent<(int)2> >,  ::Kokkos::RangePolicy< ::Kokkos::Cuda,  ::Kokkos::IndexType<long>  > ,  ::Kokkos::Cuda> > ), _ZN6Kokkos4Impl33cuda_parallel_launch_local_memoryINS0_11ParallelForIZN4pops6detail18launch_index_spaceINS_4CudaELi2ENS3_8elliptic3amr10fac_detail25LinearInterpolationKernelILi2EEEEEvRKT_RKNS3_3BoxIXT0_EEEPKcT1_EUllE_NS_11RangePolicyIJS6_NS_9IndexTypeIlEEEEES6_EEEEvSC_, (-1));__cudaRegisterEntry(__T1093, ((void ( *)(const  _ZN6Kokkos4Impl11ParallelForIZN4pops6detail18launch_index_spaceINS_4CudaELi2ENS2_8elliptic3amr10fac_detail15ActiveAddKernelILi2EEEEEvRKT_RKNS2_3BoxIXT0_EEEPKcT1_EUllE_NS_11RangePolicyIJS5_NS_9IndexTypeIlEEEEES5_EE))Kokkos::Impl::cuda_parallel_launch_local_memory< ::Kokkos::Impl::ParallelFor< ::__nv_hdl_wrapper_t<false,false,false,__nv_dl_tag<void (*)(const  ::Kokkos::Cuda &, const  ::pops::Box<(int)2>  &, const char *,  ::pops::elliptic::amr::fac_detail::ActiveAddKernel<(int)2> ),(& :: pops::detail::launch_index_space< ::Kokkos::Cuda, (int)2,  ::pops::elliptic::amr::fac_detail::ActiveAddKernel<(int)2> > ), 1> ,void (long), ::pops::elliptic::amr::fac_detail::ActiveAddKernel<(int)2> ,const  ::pops::Index<(int)2> ,const  ::pops::Extent<(int)2> >,  ::Kokkos::RangePolicy< ::Kokkos::Cuda,  ::Kokkos::IndexType<long>  > ,  ::Kokkos::Cuda> > ), _ZN6Kokkos4Impl33cuda_parallel_launch_local_memoryINS0_11ParallelForIZN4pops6detail18launch_index_spaceINS_4CudaELi2ENS3_8elliptic3amr10fac_detail15ActiveAddKernelILi2EEEEEvRKT_RKNS3_3BoxIXT0_EEEPKcT1_EUllE_NS_11RangePolicyIJS6_NS_9IndexTypeIlEEEEES6_EEEEvSC_, (-1));__cudaRegisterEntry(__T1093, ((void ( *)(const  _ZN6Kokkos4Impl11ParallelForIZN4pops6detail18launch_index_spaceINS_4CudaELi2ENS2_8elliptic2mg6detail23ProlongCorrectionKernelILi2EEEEEvRKT_RKNS2_3BoxIXT0_EEEPKcT1_EUllE_NS_11RangePolicyIJS5_NS_9IndexTypeIlEEEEES5_EE))Kokkos::Impl::cuda_parallel_launch_local_memory< ::Kokkos::Impl::ParallelFor< ::__nv_hdl_wrapper_t<false,false,false,__nv_dl_tag<void (*)(const  ::Kokkos::Cuda &, const  ::pops::Box<(int)2>  &, const char *,  ::pops::elliptic::mg::detail::ProlongCorrectionKernel<(int)2> ),(& :: pops::detail::launch_index_space< ::Kokkos::Cuda, (int)2,  ::pops::elliptic::mg::detail::ProlongCorrectionKernel<(int)2> > ), 1> ,void (long), ::pops::elliptic::mg::detail::ProlongCorrectionKernel<(int)2> ,const  ::pops::Index<(int)2> ,const  ::pops::Extent<(int)2> >,  ::Kokkos::RangePolicy< ::Kokkos::Cuda,  ::Kokkos::IndexType<long>  > ,  ::Kokkos::Cuda> > ), _ZN6Kokkos4Impl33cuda_parallel_launch_local_memoryINS0_11ParallelForIZN4pops6detail18launch_index_spaceINS_4CudaELi2ENS3_8elliptic2mg6detail23ProlongCorrectionKernelILi2EEEEEvRKT_RKNS3_3BoxIXT0_EEEPKcT1_EUllE_NS_11RangePolicyIJS6_NS_9IndexTypeIlEEEEES6_EEEEvSC_, (-1));__cudaRegisterEntry(__T1093, ((void ( *)(const  _ZN6Kokkos4Impl11ParallelForIZN4pops6detail18launch_index_spaceINS_4CudaELi2ENS2_17refinement_detail10CopyKernelILi2EEEEEvRKT_RKNS2_3BoxIXT0_EEEPKcT1_EUllE_NS_11RangePolicyIJS5_NS_9IndexTypeIlEEEEES5_EE))Kokkos::Impl::cuda_parallel_launch_local_memory< ::Kokkos::Impl::ParallelFor< ::__nv_hdl_wrapper_t<false,false,false,__nv_dl_tag<void (*)(const  ::Kokkos::Cuda &, const  ::pops::Box<(int)2>  &, const char *,  ::pops::refinement_detail::CopyKernel<(int)2> ),(& :: pops::detail::launch_index_space< ::Kokkos::Cuda, (int)2,  ::pops::refinement_detail::CopyKernel<(int)2> > ), 1> ,void (long), ::pops::refinement_detail::CopyKernel<(int)2> ,const  ::pops::Index<(int)2> ,const  ::pops::Extent<(int)2> >,  ::Kokkos::RangePolicy< ::Kokkos::Cuda,  ::Kokkos::IndexType<long>  > ,  ::Kokkos::Cuda> > ), _ZN6Kokkos4Impl33cuda_parallel_launch_local_memoryINS0_11ParallelForIZN4pops6detail18launch_index_spaceINS_4CudaELi2ENS3_17refinement_detail10CopyKernelILi2EEEEEvRKT_RKNS3_3BoxIXT0_EEEPKcT1_EUllE_NS_11RangePolicyIJS6_NS_9IndexTypeIlEEEEES6_EEEEvSA_, (-1));__cudaRegisterEntry(__T1093, ((void ( *)(const  _ZN6Kokkos4Impl11ParallelForIZN4pops6detail18launch_index_spaceINS_4CudaELi2ENS2_17refinement_detail17AverageDownKernelILi2EEEEEvRKT_RKNS2_3BoxIXT0_EEEPKcT1_EUllE_NS_11RangePolicyIJS5_NS_9IndexTypeIlEEEEES5_EE))Kokkos::Impl::cuda_parallel_launch_local_memory< ::Kokkos::Impl::ParallelFor< ::__nv_hdl_wrapper_t<false,false,false,__nv_dl_tag<void (*)(const  ::Kokkos::Cuda &, const  ::pops::Box<(int)2>  &, const char *,  ::pops::refinement_detail::AverageDownKernel<(int)2> ),(& :: pops::detail::launch_index_space< ::Kokkos::Cuda, (int)2,  ::pops::refinement_detail::AverageDownKernel<(int)2> > ), 1> ,void (long), ::pops::refinement_detail::AverageDownKernel<(int)2> ,const  ::pops::Index<(int)2> ,const  ::pops::Extent<(int)2> >,  ::Kokkos::RangePolicy< ::Kokkos::Cuda,  ::Kokkos::IndexType<long>  > ,  ::Kokkos::Cuda> > ), _ZN6Kokkos4Impl33cuda_parallel_launch_local_memoryINS0_11ParallelForIZN4pops6detail18launch_index_spaceINS_4CudaELi2ENS3_17refinement_detail17AverageDownKernelILi2EEEEEvRKT_RKNS3_3BoxIXT0_EEEPKcT1_EUllE_NS_11RangePolicyIJS6_NS_9IndexTypeIlEEEEES6_EEEEvSA_, (-1));__cudaRegisterEntry(__T1093, ((void ( *)(const  _ZN6Kokkos4Impl11ParallelForIZN4pops6detail18launch_index_spaceINS_4CudaELi2ENS2_8elliptic2mg6detail18DampedJacobiKernelILi2EEEEEvRKT_RKNS2_3BoxIXT0_EEEPKcT1_EUllE_NS_11RangePolicyIJS5_NS_9IndexTypeIlEEEEES5_EE))Kokkos::Impl::cuda_parallel_launch_local_memory< ::Kokkos::Impl::ParallelFor< ::__nv_hdl_wrapper_t<false,false,false,__nv_dl_tag<void (*)(const  ::Kokkos::Cuda &, const  ::pops::Box<(int)2>  &, const char *,  ::pops::elliptic::mg::detail::DampedJacobiKernel<(int)2> ),(& :: pops::detail::launch_index_space< ::Kokkos::Cuda, (int)2,  ::pops::elliptic::mg::detail::DampedJacobiKernel<(int)2> > ), 1> ,void (long), ::pops::elliptic::mg::detail::DampedJacobiKernel<(int)2> ,const  ::pops::Index<(int)2> ,const  ::pops::Extent<(int)2> >,  ::Kokkos::RangePolicy< ::Kokkos::Cuda,  ::Kokkos::IndexType<long>  > ,  ::Kokkos::Cuda> > ), _ZN6Kokkos4Impl33cuda_parallel_launch_local_memoryINS0_11ParallelForIZN4pops6detail18launch_index_spaceINS_4CudaELi2ENS3_8elliptic2mg6detail18DampedJacobiKernelILi2EEEEEvRKT_RKNS3_3BoxIXT0_EEEPKcT1_EUllE_NS_11RangePolicyIJS6_NS_9IndexTypeIlEEEEES6_EEEEvSC_, (-1));__cudaRegisterEntry(__T1093, ((void ( *)(const  _ZN6Kokkos4Impl11ParallelForIZN4pops6detail18launch_index_spaceINS_4CudaELi2ENS2_8elliptic2mg6detail15AddScalarKernelILi2EEEEEvRKT_RKNS2_3BoxIXT0_EEEPKcT1_EUllE_NS_11RangePolicyIJS5_NS_9IndexTypeIlEEEEES5_EE))Kokkos::Impl::cuda_parallel_launch_local_memory< ::Kokkos::Impl::ParallelFor< ::__nv_hdl_wrapper_t<false,false,false,__nv_dl_tag<void (*)(const  ::Kokkos::Cuda &, const  ::pops::Box<(int)2>  &, const char *,  ::pops::elliptic::mg::detail::AddScalarKernel<(int)2> ),(& :: pops::detail::launch_index_space< ::Kokkos::Cuda, (int)2,  ::pops::elliptic::mg::detail::AddScalarKernel<(int)2> > ), 1> ,void (long), ::pops::elliptic::mg::detail::AddScalarKernel<(int)2> ,const  ::pops::Index<(int)2> ,const  ::pops::Extent<(int)2> >,  ::Kokkos::RangePolicy< ::Kokkos::Cuda,  ::Kokkos::IndexType<long>  > ,  ::Kokkos::Cuda> > ), _ZN6Kokkos4Impl33cuda_parallel_launch_local_memoryINS0_11ParallelForIZN4pops6detail18launch_index_spaceINS_4CudaELi2ENS3_8elliptic2mg6detail15AddScalarKernelILi2EEEEEvRKT_RKNS3_3BoxIXT0_EEEPKcT1_EUllE_NS_11RangePolicyIJS6_NS_9IndexTypeIlEEEEES6_EEEEvSC_, (-1));__cudaRegisterEntry(__T1093, ((void ( *)(const  _ZN6Kokkos4Impl11ParallelForIZN4pops6detail18launch_index_spaceINS_4CudaELi2ENS2_8elliptic19fft_multifab_detail16UnpackSlabKernelILi2EEEEEvRKT_RKNS2_3BoxIXT0_EEEPKcT1_EUllE_NS_11RangePolicyIJS5_NS_9IndexTypeIlEEEEES5_EE))Kokkos::Impl::cuda_parallel_launch_local_memory< ::Kokkos::Impl::ParallelFor< ::__nv_hdl_wrapper_t<false,false,false,__nv_dl_tag<void (*)(const  ::Kokkos::Cuda &, const  ::pops::Box<(int)2>  &, const char *,  ::pops::elliptic::fft_multifab_detail::UnpackSlabKernel<(int)2> ),(& :: pops::detail::launch_index_space< ::Kokkos::Cuda, (int)2,  ::pops::elliptic::fft_multifab_detail::UnpackSlabKernel<(int)2> > ), 1> ,void (long), ::pops::elliptic::fft_multifab_detail::UnpackSlabKernel<(int)2> ,const  ::pops::Index<(int)2> ,const  ::pops::Extent<(int)2> >,  ::Kokkos::RangePolicy< ::Kokkos::Cuda,  ::Kokkos::IndexType<long>  > ,  ::Kokkos::Cuda> > ), _ZN6Kokkos4Impl33cuda_parallel_launch_local_memoryINS0_11ParallelForIZN4pops6detail18launch_index_spaceINS_4CudaELi2ENS3_8elliptic19fft_multifab_detail16UnpackSlabKernelILi2EEEEEvRKT_RKNS3_3BoxIXT0_EEEPKcT1_EUllE_NS_11RangePolicyIJS6_NS_9IndexTypeIlEEEEES6_EEEEvSB_, (-1));__cudaRegisterEntry(__T1093, ((void ( *)(const  _ZN6Kokkos4Impl11ParallelForIZN4pops6detail23PoissonFFTDeviceKernelsILi2ENS_9CudaSpaceEE14inverse_symbolERKNS_4ViewIPNS_7complexIdEEJS5_EEERKSt5arrayIiLm2EERKSE_IdLm2EEmiibmEUlmE_NS_11RangePolicyIJEEENS_4CudaEEE))Kokkos::Impl::cuda_parallel_launch_local_memory< ::Kokkos::Impl::ParallelFor< ::__nv_hdl_wrapper_t<false,false,false,__nv_dl_tag<void (*)(const  ::Kokkos::View< ::Kokkos::complex<double>  *,  ::Kokkos::CudaSpace >  &, const     ::std::array<int, (unsigned long)2ul>  &, const  ::std::array<double, (unsigned long)2ul> &, unsigned long, int, int, bool, unsigned long),(& :: pops::detail::PoissonFFTDeviceKernels<(int)2,  ::Kokkos::CudaSpace> ::inverse_symbol), 1> ,void (unsigned long),unsigned long, ::Kokkos::Array<int, (unsigned long)2ul> , ::Kokkos::Array<double, (unsigned long)2ul> ,int,int,bool,const  ::Kokkos::View< ::Kokkos::complex<double>  *,  ::Kokkos::CudaSpace > >,  ::Kokkos::RangePolicy< > ,  ::Kokkos::Cuda> > ), _ZN6Kokkos4Impl33cuda_parallel_launch_local_memoryINS0_11ParallelForIZN4pops6detail23PoissonFFTDeviceKernelsILi2ENS_9CudaSpaceEE14inverse_symbolERKNS_4ViewIPNS_7complexIdEEJS6_EEERKSt5arrayIiLm2EERKSF_IdLm2EEmiibmEUlmE_NS_11RangePolicyIJEEENS_4CudaEEEEEvT_, (-1));__cudaRegisterEntry(__T1093, ((void ( *)(const  _ZN6Kokkos4Impl11ParallelForIZN4pops6detail23PoissonFFTDeviceKernelsILi2ENS_9CudaSpaceEE17inverse_normalizeERKNS_4ViewIPNS_7complexIdEEJS5_EEEimEUlmE_NS_11RangePolicyIJEEENS_4CudaEEE))Kokkos::Impl::cuda_parallel_launch_local_memory< ::Kokkos::Impl::ParallelFor< ::__nv_hdl_wrapper_t<false,false,false,__nv_dl_tag<void (*)(const  ::Kokkos::View< ::Kokkos::complex<double>  *,  ::Kokkos::CudaSpace >  &, int, unsigned long),(& :: pops::detail::PoissonFFTDeviceKernels<(int)2,  ::Kokkos::CudaSpace> ::inverse_normalize), 1> ,void (unsigned long),const  ::Kokkos::View< ::Kokkos::complex<double>  *,  ::Kokkos::CudaSpace > ,int>,  ::Kokkos::RangePolicy< > ,  ::Kokkos::Cuda> > ), _ZN6Kokkos4Impl33cuda_parallel_launch_local_memoryINS0_11ParallelForIZN4pops6detail23PoissonFFTDeviceKernelsILi2ENS_9CudaSpaceEE17inverse_normalizeERKNS_4ViewIPNS_7complexIdEEJS6_EEEimEUlmE_NS_11RangePolicyIJEEENS_4CudaEEEEEvT_, (-1));__cudaRegisterEntry(__T1093, ((void ( *)(const  _ZN6Kokkos4Impl11ParallelForIZN4pops6detail23PoissonFFTDeviceKernelsILi2ENS_9CudaSpaceEE15peer_accumulateERKNS_4ViewIPNS_7complexIdEEJS5_EEESD_mEUlmE_NS_11RangePolicyIJEEENS_4CudaEEE))Kokkos::Impl::cuda_parallel_launch_local_memory< ::Kokkos::Impl::ParallelFor< ::__nv_hdl_wrapper_t<false,false,false,__nv_dl_tag<void (*)(const  ::Kokkos::View< ::Kokkos::complex<double>  *,  ::Kokkos::CudaSpace >  &, const  ::Kokkos::View< ::Kokkos::complex<double>  *,  ::Kokkos::CudaSpace >  &, unsigned long),(& :: pops::detail::PoissonFFTDeviceKernels<(int)2,  ::Kokkos::CudaSpace> ::peer_accumulate), 1> ,void (unsigned long),const  ::Kokkos::View< ::Kokkos::complex<double>  *,  ::Kokkos::CudaSpace > ,const  ::Kokkos::View< ::Kokkos::complex<double>  *,  ::Kokkos::CudaSpace > >,  ::Kokkos::RangePolicy< > ,  ::Kokkos::Cuda> > ), _ZN6Kokkos4Impl33cuda_parallel_launch_local_memoryINS0_11ParallelForIZN4pops6detail23PoissonFFTDeviceKernelsILi2ENS_9CudaSpaceEE15peer_accumulateERKNS_4ViewIPNS_7complexIdEEJS6_EEESE_mEUlmE_NS_11RangePolicyIJEEENS_4CudaEEEEEvT_, (-1));__cudaRegisterEntry(__T1093, ((void ( *)(const  _ZN6Kokkos4Impl11ParallelForIZN4pops6detail23PoissonFFTDeviceKernelsILi2ENS_9CudaSpaceEE8peer_dftERKNS_4ViewIPNS_7complexIdEEJS5_EEESD_miiiidmEUlmE_NS_11RangePolicyIJEEENS_4CudaEEE))Kokkos::Impl::cuda_parallel_launch_local_memory< ::Kokkos::Impl::ParallelFor< ::__nv_hdl_wrapper_t<false,false,false,__nv_dl_tag<void (*)(const  ::Kokkos::View< ::Kokkos::complex<double>  *,  ::Kokkos::CudaSpace >  &, const  ::Kokkos::View< ::Kokkos::complex<double>  *,  ::Kokkos::CudaSpace >  &, unsigned long, int, int, int, int, double, unsigned long),(& :: pops::detail::PoissonFFTDeviceKernels<(int)2,  ::Kokkos::CudaSpace> ::peer_dft), 1> ,void (unsigned long),unsigned long,int,int,int,double,int,const  ::Kokkos::View< ::Kokkos::complex<double>  *,  ::Kokkos::CudaSpace > ,const  ::Kokkos::View< ::Kokkos::complex<double>  *,  ::Kokkos::CudaSpace > >,  ::Kokkos::RangePolicy< > ,  ::Kokkos::Cuda> > ), _ZN6Kokkos4Impl33cuda_parallel_launch_local_memoryINS0_11ParallelForIZN4pops6detail23PoissonFFTDeviceKernelsILi2ENS_9CudaSpaceEE8peer_dftERKNS_4ViewIPNS_7complexIdEEJS6_EEESE_miiiidmEUlmE_NS_11RangePolicyIJEEENS_4CudaEEEEEvT_, (-1));__cudaRegisterEntry(__T1093, ((void ( *)(const  _ZN6Kokkos4Impl11ParallelForIZN4pops6detail23PoissonFFTDeviceKernelsILi2ENS_9CudaSpaceEE22last_inverse_normalizeERKNS_4ViewIPNS_7complexIdEEJS5_EEEimEUlmE_NS_11RangePolicyIJEEENS_4CudaEEE))Kokkos::Impl::cuda_parallel_launch_local_memory< ::Kokkos::Impl::ParallelFor< ::__nv_hdl_wrapper_t<false,false,false,__nv_dl_tag<void (*)(const  ::Kokkos::View< ::Kokkos::complex<double>  *,  ::Kokkos::CudaSpace >  &, int, unsigned long),(& :: pops::detail::PoissonFFTDeviceKernels<(int)2,  ::Kokkos::CudaSpace> ::last_inverse_normalize), 1> ,void (unsigned long),const  ::Kokkos::View< ::Kokkos::complex<double>  *,  ::Kokkos::CudaSpace > ,int>,  ::Kokkos::RangePolicy< > ,  ::Kokkos::Cuda> > ), _ZN6Kokkos4Impl33cuda_parallel_launch_local_memoryINS0_11ParallelForIZN4pops6detail23PoissonFFTDeviceKernelsILi2ENS_9CudaSpaceEE22last_inverse_normalizeERKNS_4ViewIPNS_7complexIdEEJS6_EEEimEUlmE_NS_11RangePolicyIJEEENS_4CudaEEEEEvT_, (-1));__cudaRegisterEntry(__T1093, ((void ( *)(const  _ZN6Kokkos4Impl11ParallelForIZN4pops6detail23PoissonFFTDeviceKernelsILi2ENS_9CudaSpaceEE16last_local_radixERKNS_4ViewIPNS_7complexIdEEJS5_EEESD_miidbmEUlmE_NS_11RangePolicyIJEEENS_4CudaEEE))Kokkos::Impl::cuda_parallel_launch_local_memory< ::Kokkos::Impl::ParallelFor< ::__nv_hdl_wrapper_t<false,false,false,__nv_dl_tag<void (*)(const  ::Kokkos::View< ::Kokkos::complex<double>  *,  ::Kokkos::CudaSpace >  &, const  ::Kokkos::View< ::Kokkos::complex<double>  *,  ::Kokkos::CudaSpace >  &, unsigned long, int, int, double, bool, unsigned long),(& :: pops::detail::PoissonFFTDeviceKernels<(int)2,  ::Kokkos::CudaSpace> ::last_local_radix), 1> ,void (unsigned long),unsigned long,int,int,double,const  ::Kokkos::View< ::Kokkos::complex<double>  *,  ::Kokkos::CudaSpace > ,bool,const  ::Kokkos::View< ::Kokkos::complex<double>  *,  ::Kokkos::CudaSpace > >,  ::Kokkos::RangePolicy< > ,  ::Kokkos::Cuda> > ), _ZN6Kokkos4Impl33cuda_parallel_launch_local_memoryINS0_11ParallelForIZN4pops6detail23PoissonFFTDeviceKernelsILi2ENS_9CudaSpaceEE16last_local_radixERKNS_4ViewIPNS_7complexIdEEJS6_EEESE_miidbmEUlmE_NS_11RangePolicyIJEEENS_4CudaEEEEEvT_, (-1));__cudaRegisterEntry(__T1093, ((void ( *)(const  _ZN6Kokkos4Impl11ParallelForIZN4pops6detail23PoissonFFTDeviceKernelsILi2ENS_9CudaSpaceEE22last_distributed_radixERKNS_4ViewIPNS_7complexIdEEJS5_EEESD_miiiiidbmEUlmE_NS_11RangePolicyIJEEENS_4CudaEEE))Kokkos::Impl::cuda_parallel_launch_local_memory< ::Kokkos::Impl::ParallelFor< ::__nv_hdl_wrapper_t<false,false,false,__nv_dl_tag<void (*)(const  ::Kokkos::View< ::Kokkos::complex<double>  *,  ::Kokkos::CudaSpace >  &, const  ::Kokkos::View< ::Kokkos::complex<double>  *,  ::Kokkos::CudaSpace >  &, unsigned long, int, int, int, int, int, double, bool, unsigned long),(& :: pops::detail::PoissonFFTDeviceKernels<(int)2,  ::Kokkos::CudaSpace> ::last_distributed_radix), 1> ,void (unsigned long),unsigned long,int,int,int,int,double,int,bool,const  ::Kokkos::View< ::Kokkos::complex<double>  *,  ::Kokkos::CudaSpace > ,const  ::Kokkos::View< ::Kokkos::complex<double>  *,  ::Kokkos::CudaSpace > >,  ::Kokkos::RangePolicy< > ,  ::Kokkos::Cuda> > ), _ZN6Kokkos4Impl33cuda_parallel_launch_local_memoryINS0_11ParallelForIZN4pops6detail23PoissonFFTDeviceKernelsILi2ENS_9CudaSpaceEE22last_distributed_radixERKNS_4ViewIPNS_7complexIdEEJS6_EEESE_miiiiidbmEUlmE_NS_11RangePolicyIJEEENS_4CudaEEEEEvT_, (-1));__cudaRegisterEntry(__T1093, ((void ( *)(const  _ZN6Kokkos4Impl11ParallelForINS0_8ViewCopyINS_4ViewIPNS_7complexIdEEJNS_10LayoutLeftENS_6DeviceINS_4CudaENS_14AnonymousSpaceEEENS_12MemoryTraitsILj0EEEEEENS3_IPKS5_JS7_NS8_INS_6OpenMPESA_EESD_EEES7_S9_Li1EiEENS_11RangePolicyIJS9_NS_9IndexTypeIiEEEEES9_EE))Kokkos::Impl::cuda_parallel_launch_local_memory< ::Kokkos::Impl::ParallelFor< ::Kokkos::Impl::ViewCopy< ::Kokkos::View< ::Kokkos::complex<double>  *,  ::Kokkos::LayoutLeft,  ::Kokkos::Device< ::Kokkos::Cuda,  ::Kokkos::AnonymousSpace> ,  ::Kokkos::MemoryTraits<(unsigned int)0u>  > ,  ::Kokkos::View<const  ::Kokkos::complex<double>  *,  ::Kokkos::LayoutLeft,  ::Kokkos::Device< ::Kokkos::OpenMP,  ::Kokkos::AnonymousSpace> ,  ::Kokkos::MemoryTraits<(unsigned int)0u>  > ,  ::Kokkos::LayoutLeft,  ::Kokkos::Cuda, (int)1, int> ,  ::Kokkos::RangePolicy< ::Kokkos::Cuda,  ::Kokkos::IndexType<int>  > ,  ::Kokkos::Cuda> > ), _ZN6Kokkos4Impl33cuda_parallel_launch_local_memoryINS0_11ParallelForINS0_8ViewCopyINS_4ViewIPNS_7complexIdEEJNS_10LayoutLeftENS_6DeviceINS_4CudaENS_14AnonymousSpaceEEENS_12MemoryTraitsILj0EEEEEENS4_IPKS6_JS8_NS9_INS_6OpenMPESB_EESE_EEES8_SA_Li1EiEENS_11RangePolicyIJSA_NS_9IndexTypeIiEEEEESA_EEEEvT_, (-1));__cudaRegisterEntry(__T1093, ((void ( *)(const  _ZN6Kokkos4Impl11ParallelForINS0_8ViewCopyINS_4ViewIPNS_7complexIdEEJNS_10LayoutLeftENS_6DeviceINS_4CudaENS_14AnonymousSpaceEEENS_12MemoryTraitsILj0EEEEEENS3_IPKS5_JS7_NS8_INS_6OpenMPESA_EESD_EEENS_11LayoutRightES9_Li1EiEENS_11RangePolicyIJS9_NS_9IndexTypeIiEEEEES9_EE))Kokkos::Impl::cuda_parallel_launch_local_memory< ::Kokkos::Impl::ParallelFor< ::Kokkos::Impl::ViewCopy< ::Kokkos::View< ::Kokkos::complex<double>  *,  ::Kokkos::LayoutLeft,  ::Kokkos::Device< ::Kokkos::Cuda,  ::Kokkos::AnonymousSpace> ,  ::Kokkos::MemoryTraits<(unsigned int)0u>  > ,  ::Kokkos::View<const  ::Kokkos::complex<double>  *,  ::Kokkos::LayoutLeft,  ::Kokkos::Device< ::Kokkos::OpenMP,  ::Kokkos::AnonymousSpace> ,  ::Kokkos::MemoryTraits<(unsigned int)0u>  > ,  ::Kokkos::LayoutRight,  ::Kokkos::Cuda, (int)1, int> ,  ::Kokkos::RangePolicy< ::Kokkos::Cuda,  ::Kokkos::IndexType<int>  > ,  ::Kokkos::Cuda> > ), _ZN6Kokkos4Impl33cuda_parallel_launch_local_memoryINS0_11ParallelForINS0_8ViewCopyINS_4ViewIPNS_7complexIdEEJNS_10LayoutLeftENS_6DeviceINS_4CudaENS_14AnonymousSpaceEEENS_12MemoryTraitsILj0EEEEEENS4_IPKS6_JS8_NS9_INS_6OpenMPESB_EESE_EEENS_11LayoutRightESA_Li1EiEENS_11RangePolicyIJSA_NS_9IndexTypeIiEEEEESA_EEEEvT_, (-1));__cudaRegisterEntry(__T1093, ((void ( *)(const  _ZN6Kokkos4Impl11ParallelForINS0_8ViewCopyINS_4ViewIPNS_7complexIdEEJNS_10LayoutLeftENS_6DeviceINS_4CudaENS_14AnonymousSpaceEEENS_12MemoryTraitsILj0EEEEEENS3_IPKS5_JS7_NS8_INS_6OpenMPESA_EESD_EEES7_S9_Li1ElEENS_11RangePolicyIJS9_NS_9IndexTypeIlEEEEES9_EE))Kokkos::Impl::cuda_parallel_launch_local_memory< ::Kokkos::Impl::ParallelFor< ::Kokkos::Impl::ViewCopy< ::Kokkos::View< ::Kokkos::complex<double>  *,  ::Kokkos::LayoutLeft,  ::Kokkos::Device< ::Kokkos::Cuda,  ::Kokkos::AnonymousSpace> ,  ::Kokkos::MemoryTraits<(unsigned int)0u>  > ,  ::Kokkos::View<const  ::Kokkos::complex<double>  *,  ::Kokkos::LayoutLeft,  ::Kokkos::Device< ::Kokkos::OpenMP,  ::Kokkos::AnonymousSpace> ,  ::Kokkos::MemoryTraits<(unsigned int)0u>  > ,  ::Kokkos::LayoutLeft,  ::Kokkos::Cuda, (int)1, long> ,  ::Kokkos::RangePolicy< ::Kokkos::Cuda,  ::Kokkos::IndexType<long>  > ,  ::Kokkos::Cuda> > ), _ZN6Kokkos4Impl33cuda_parallel_launch_local_memoryINS0_11ParallelForINS0_8ViewCopyINS_4ViewIPNS_7complexIdEEJNS_10LayoutLeftENS_6DeviceINS_4CudaENS_14AnonymousSpaceEEENS_12MemoryTraitsILj0EEEEEENS4_IPKS6_JS8_NS9_INS_6OpenMPESB_EESE_EEES8_SA_Li1ElEENS_11RangePolicyIJSA_NS_9IndexTypeIlEEEEESA_EEEEvT_, (-1));__cudaRegisterEntry(__T1093, ((void ( *)(const  _ZN6Kokkos4Impl11ParallelForINS0_8ViewCopyINS_4ViewIPNS_7complexIdEEJNS_10LayoutLeftENS_6DeviceINS_4CudaENS_14AnonymousSpaceEEENS_12MemoryTraitsILj0EEEEEENS3_IPKS5_JS7_NS8_INS_6OpenMPESA_EESD_EEENS_11LayoutRightES9_Li1ElEENS_11RangePolicyIJS9_NS_9IndexTypeIlEEEEES9_EE))Kokkos::Impl::cuda_parallel_launch_local_memory< ::Kokkos::Impl::ParallelFor< ::Kokkos::Impl::ViewCopy< ::Kokkos::View< ::Kokkos::complex<double>  *,  ::Kokkos::LayoutLeft,  ::Kokkos::Device< ::Kokkos::Cuda,  ::Kokkos::AnonymousSpace> ,  ::Kokkos::MemoryTraits<(unsigned int)0u>  > ,  ::Kokkos::View<const  ::Kokkos::complex<double>  *,  ::Kokkos::LayoutLeft,  ::Kokkos::Device< ::Kokkos::OpenMP,  ::Kokkos::AnonymousSpace> ,  ::Kokkos::MemoryTraits<(unsigned int)0u>  > ,  ::Kokkos::LayoutRight,  ::Kokkos::Cuda, (int)1, long> ,  ::Kokkos::RangePolicy< ::Kokkos::Cuda,  ::Kokkos::IndexType<long>  > ,  ::Kokkos::Cuda> > ), _ZN6Kokkos4Impl33cuda_parallel_launch_local_memoryINS0_11ParallelForINS0_8ViewCopyINS_4ViewIPNS_7complexIdEEJNS_10LayoutLeftENS_6DeviceINS_4CudaENS_14AnonymousSpaceEEENS_12MemoryTraitsILj0EEEEEENS4_IPKS6_JS8_NS9_INS_6OpenMPESB_EESE_EEENS_11LayoutRightESA_Li1ElEENS_11RangePolicyIJSA_NS_9IndexTypeIlEEEEESA_EEEEvT_, (-1));__cudaRegisterEntry(__T1093, ((void ( *)(const  _ZN6Kokkos4Impl11ParallelForIZN4pops6detail23PoissonFFTDeviceKernelsILi2ENS_9CudaSpaceEE9local_dftERKNS_4ViewIPNS_7complexIdEEJS5_EEESD_mibdmEUlmE_NS_11RangePolicyIJEEENS_4CudaEEE))Kokkos::Impl::cuda_parallel_launch_local_memory< ::Kokkos::Impl::ParallelFor< ::__nv_hdl_wrapper_t<false,false,false,__nv_dl_tag<void (*)(const  ::Kokkos::View< ::Kokkos::complex<double>  *,  ::Kokkos::CudaSpace >  &, const  ::Kokkos::View< ::Kokkos::complex<double>  *,  ::Kokkos::CudaSpace >  &, unsigned long, int, bool, double, unsigned long),(& :: pops::detail::PoissonFFTDeviceKernels<(int)2,  ::Kokkos::CudaSpace> ::local_dft), 1> ,void (unsigned long),unsigned long,int,double,const  ::Kokkos::View< ::Kokkos::complex<double>  *,  ::Kokkos::CudaSpace > ,const  ::Kokkos::View< ::Kokkos::complex<double>  *,  ::Kokkos::CudaSpace > ,bool>,  ::Kokkos::RangePolicy< > ,  ::Kokkos::Cuda> > ), _ZN6Kokkos4Impl33cuda_parallel_launch_local_memoryINS0_11ParallelForIZN4pops6detail23PoissonFFTDeviceKernelsILi2ENS_9CudaSpaceEE9local_dftERKNS_4ViewIPNS_7complexIdEEJS6_EEESE_mibdmEUlmE_NS_11RangePolicyIJEEENS_4CudaEEEEEvT_, (-1));__cudaRegisterEntry(__T1093, ((void ( *)(const  _ZN6Kokkos4Impl11ParallelForIZN4pops6detail23PoissonFFTDeviceKernelsILi2ENS_9CudaSpaceEE21local_radix_normalizeERKNS_4ViewIPNS_7complexIdEEJS5_EEEimEUlmE_NS_11RangePolicyIJEEENS_4CudaEEE))Kokkos::Impl::cuda_parallel_launch_local_memory< ::Kokkos::Impl::ParallelFor< ::__nv_hdl_wrapper_t<false,false,false,__nv_dl_tag<void (*)(const  ::Kokkos::View< ::Kokkos::complex<double>  *,  ::Kokkos::CudaSpace >  &, int, unsigned long),(& :: pops::detail::PoissonFFTDeviceKernels<(int)2,  ::Kokkos::CudaSpace> ::local_radix_normalize), 1> ,void (unsigned long),const  ::Kokkos::View< ::Kokkos::complex<double>  *,  ::Kokkos::CudaSpace > ,int>,  ::Kokkos::RangePolicy< > ,  ::Kokkos::Cuda> > ), _ZN6Kokkos4Impl33cuda_parallel_launch_local_memoryINS0_11ParallelForIZN4pops6detail23PoissonFFTDeviceKernelsILi2ENS_9CudaSpaceEE21local_radix_normalizeERKNS_4ViewIPNS_7complexIdEEJS6_EEEimEUlmE_NS_11RangePolicyIJEEENS_4CudaEEEEEvT_, (-1));__cudaRegisterEntry(__T1093, ((void ( *)(const  _ZN6Kokkos4Impl11ParallelForIZN4pops6detail23PoissonFFTDeviceKernelsILi2ENS_9CudaSpaceEE17local_radix_stageERKNS_4ViewIPNS_7complexIdEEJS5_EEESD_miiidmEUlmE_NS_11RangePolicyIJEEENS_4CudaEEE))Kokkos::Impl::cuda_parallel_launch_local_memory< ::Kokkos::Impl::ParallelFor< ::__nv_hdl_wrapper_t<false,false,false,__nv_dl_tag<void (*)(const  ::Kokkos::View< ::Kokkos::complex<double>  *,  ::Kokkos::CudaSpace >  &, const  ::Kokkos::View< ::Kokkos::complex<double>  *,  ::Kokkos::CudaSpace >  &, unsigned long, int, int, int, double, unsigned long),(& :: pops::detail::PoissonFFTDeviceKernels<(int)2,  ::Kokkos::CudaSpace> ::local_radix_stage), 1> ,void (unsigned long),unsigned long,int,int,int,double,const  ::Kokkos::View< ::Kokkos::complex<double>  *,  ::Kokkos::CudaSpace > ,const  ::Kokkos::View< ::Kokkos::complex<double>  *,  ::Kokkos::CudaSpace > >,  ::Kokkos::RangePolicy< > ,  ::Kokkos::Cuda> > ), _ZN6Kokkos4Impl33cuda_parallel_launch_local_memoryINS0_11ParallelForIZN4pops6detail23PoissonFFTDeviceKernelsILi2ENS_9CudaSpaceEE17local_radix_stageERKNS_4ViewIPNS_7complexIdEEJS6_EEESE_miiidmEUlmE_NS_11RangePolicyIJEEENS_4CudaEEEEEvT_, (-1));__cudaRegisterEntry(__T1093, ((void ( *)(const  _ZN6Kokkos4Impl11ParallelForIZN4pops6detail23PoissonFFTDeviceKernelsILi2ENS_9CudaSpaceEE11bit_reverseERKNS_4ViewIPNS_7complexIdEEJS5_EEESD_mimEUlmE_NS_11RangePolicyIJEEENS_4CudaEEE))Kokkos::Impl::cuda_parallel_launch_local_memory< ::Kokkos::Impl::ParallelFor< ::__nv_hdl_wrapper_t<false,false,false,__nv_dl_tag<void (*)(const  ::Kokkos::View< ::Kokkos::complex<double>  *,  ::Kokkos::CudaSpace >  &, const  ::Kokkos::View< ::Kokkos::complex<double>  *,  ::Kokkos::CudaSpace >  &, unsigned long, int, unsigned long),(& :: pops::detail::PoissonFFTDeviceKernels<(int)2,  ::Kokkos::CudaSpace> ::bit_reverse), 1> ,void (unsigned long),unsigned long,int,const  ::Kokkos::View< ::Kokkos::complex<double>  *,  ::Kokkos::CudaSpace > ,const  ::Kokkos::View< ::Kokkos::complex<double>  *,  ::Kokkos::CudaSpace > >,  ::Kokkos::RangePolicy< > ,  ::Kokkos::Cuda> > ), _ZN6Kokkos4Impl33cuda_parallel_launch_local_memoryINS0_11ParallelForIZN4pops6detail23PoissonFFTDeviceKernelsILi2ENS_9CudaSpaceEE11bit_reverseERKNS_4ViewIPNS_7complexIdEEJS6_EEESE_mimEUlmE_NS_11RangePolicyIJEEENS_4CudaEEEEEvT_, (-1));__cudaRegisterEntry(__T1093, ((void ( *)(const  _ZN6Kokkos4Impl11ParallelForINS0_8ViewCopyINS_4ViewIPNS_7complexIdEEJNS_10LayoutLeftENS_6DeviceINS_6OpenMPENS_14AnonymousSpaceEEENS_12MemoryTraitsILj0EEEEEENS3_IPKS5_JS7_NS8_INS_4CudaESA_EESD_EEES7_SH_Li1EiEENS_11RangePolicyIJSH_NS_9IndexTypeIiEEEEESH_EE))Kokkos::Impl::cuda_parallel_launch_local_memory< ::Kokkos::Impl::ParallelFor< ::Kokkos::Impl::ViewCopy< ::Kokkos::View< ::Kokkos::complex<double>  *,  ::Kokkos::LayoutLeft,  ::Kokkos::Device< ::Kokkos::OpenMP,  ::Kokkos::AnonymousSpace> ,  ::Kokkos::MemoryTraits<(unsigned int)0u>  > ,  ::Kokkos::View<const  ::Kokkos::complex<double>  *,  ::Kokkos::LayoutLeft,  ::Kokkos::Device< ::Kokkos::Cuda,  ::Kokkos::AnonymousSpace> ,  ::Kokkos::MemoryTraits<(unsigned int)0u>  > ,  ::Kokkos::LayoutLeft,  ::Kokkos::Cuda, (int)1, int> ,  ::Kokkos::RangePolicy< ::Kokkos::Cuda,  ::Kokkos::IndexType<int>  > ,  ::Kokkos::Cuda> > ), _ZN6Kokkos4Impl33cuda_parallel_launch_local_memoryINS0_11ParallelForINS0_8ViewCopyINS_4ViewIPNS_7complexIdEEJNS_10LayoutLeftENS_6DeviceINS_6OpenMPENS_14AnonymousSpaceEEENS_12MemoryTraitsILj0EEEEEENS4_IPKS6_JS8_NS9_INS_4CudaESB_EESE_EEES8_SI_Li1EiEENS_11RangePolicyIJSI_NS_9IndexTypeIiEEEEESI_EEEEvT_, (-1));__cudaRegisterEntry(__T1093, ((void ( *)(const  _ZN6Kokkos4Impl11ParallelForINS0_8ViewCopyINS_4ViewIPNS_7complexIdEEJNS_10LayoutLeftENS_6DeviceINS_6OpenMPENS_14AnonymousSpaceEEENS_12MemoryTraitsILj0EEEEEENS3_IPKS5_JS7_NS8_INS_4CudaESA_EESD_EEENS_11LayoutRightESH_Li1EiEENS_11RangePolicyIJSH_NS_9IndexTypeIiEEEEESH_EE))Kokkos::Impl::cuda_parallel_launch_local_memory< ::Kokkos::Impl::ParallelFor< ::Kokkos::Impl::ViewCopy< ::Kokkos::View< ::Kokkos::complex<double>  *,  ::Kokkos::LayoutLeft,  ::Kokkos::Device< ::Kokkos::OpenMP,  ::Kokkos::AnonymousSpace> ,  ::Kokkos::MemoryTraits<(unsigned int)0u>  > ,  ::Kokkos::View<const  ::Kokkos::complex<double>  *,  ::Kokkos::LayoutLeft,  ::Kokkos::Device< ::Kokkos::Cuda,  ::Kokkos::AnonymousSpace> ,  ::Kokkos::MemoryTraits<(unsigned int)0u>  > ,  ::Kokkos::LayoutRight,  ::Kokkos::Cuda, (int)1, int> ,  ::Kokkos::RangePolicy< ::Kokkos::Cuda,  ::Kokkos::IndexType<int>  > ,  ::Kokkos::Cuda> > ), _ZN6Kokkos4Impl33cuda_parallel_launch_local_memoryINS0_11ParallelForINS0_8ViewCopyINS_4ViewIPNS_7complexIdEEJNS_10LayoutLeftENS_6DeviceINS_6OpenMPENS_14AnonymousSpaceEEENS_12MemoryTraitsILj0EEEEEENS4_IPKS6_JS8_NS9_INS_4CudaESB_EESE_EEENS_11LayoutRightESI_Li1EiEENS_11RangePolicyIJSI_NS_9IndexTypeIiEEEEESI_EEEEvT_, (-1));__cudaRegisterEntry(__T1093, ((void ( *)(const  _ZN6Kokkos4Impl11ParallelForINS0_8ViewCopyINS_4ViewIPNS_7complexIdEEJNS_10LayoutLeftENS_6DeviceINS_6OpenMPENS_14AnonymousSpaceEEENS_12MemoryTraitsILj0EEEEEENS3_IPKS5_JS7_NS8_INS_4CudaESA_EESD_EEES7_SH_Li1ElEENS_11RangePolicyIJSH_NS_9IndexTypeIlEEEEESH_EE))Kokkos::Impl::cuda_parallel_launch_local_memory< ::Kokkos::Impl::ParallelFor< ::Kokkos::Impl::ViewCopy< ::Kokkos::View< ::Kokkos::complex<double>  *,  ::Kokkos::LayoutLeft,  ::Kokkos::Device< ::Kokkos::OpenMP,  ::Kokkos::AnonymousSpace> ,  ::Kokkos::MemoryTraits<(unsigned int)0u>  > ,  ::Kokkos::View<const  ::Kokkos::complex<double>  *,  ::Kokkos::LayoutLeft,  ::Kokkos::Device< ::Kokkos::Cuda,  ::Kokkos::AnonymousSpace> ,  ::Kokkos::MemoryTraits<(unsigned int)0u>  > ,  ::Kokkos::LayoutLeft,  ::Kokkos::Cuda, (int)1, long> ,  ::Kokkos::RangePolicy< ::Kokkos::Cuda,  ::Kokkos::IndexType<long>  > ,  ::Kokkos::Cuda> > ), _ZN6Kokkos4Impl33cuda_parallel_launch_local_memoryINS0_11ParallelForINS0_8ViewCopyINS_4ViewIPNS_7complexIdEEJNS_10LayoutLeftENS_6DeviceINS_6OpenMPENS_14AnonymousSpaceEEENS_12MemoryTraitsILj0EEEEEENS4_IPKS6_JS8_NS9_INS_4CudaESB_EESE_EEES8_SI_Li1ElEENS_11RangePolicyIJSI_NS_9IndexTypeIlEEEEESI_EEEEvT_, (-1));__cudaRegisterEntry(__T1093, ((void ( *)(const  _ZN6Kokkos4Impl11ParallelForINS0_8ViewCopyINS_4ViewIPNS_7complexIdEEJNS_10LayoutLeftENS_6DeviceINS_6OpenMPENS_14AnonymousSpaceEEENS_12MemoryTraitsILj0EEEEEENS3_IPKS5_JS7_NS8_INS_4CudaESA_EESD_EEENS_11LayoutRightESH_Li1ElEENS_11RangePolicyIJSH_NS_9IndexTypeIlEEEEESH_EE))Kokkos::Impl::cuda_parallel_launch_local_memory< ::Kokkos::Impl::ParallelFor< ::Kokkos::Impl::ViewCopy< ::Kokkos::View< ::Kokkos::complex<double>  *,  ::Kokkos::LayoutLeft,  ::Kokkos::Device< ::Kokkos::OpenMP,  ::Kokkos::AnonymousSpace> ,  ::Kokkos::MemoryTraits<(unsigned int)0u>  > ,  ::Kokkos::View<const  ::Kokkos::complex<double>  *,  ::Kokkos::LayoutLeft,  ::Kokkos::Device< ::Kokkos::Cuda,  ::Kokkos::AnonymousSpace> ,  ::Kokkos::MemoryTraits<(unsigned int)0u>  > ,  ::Kokkos::LayoutRight,  ::Kokkos::Cuda, (int)1, long> ,  ::Kokkos::RangePolicy< ::Kokkos::Cuda,  ::Kokkos::IndexType<long>  > ,  ::Kokkos::Cuda> > ), _ZN6Kokkos4Impl33cuda_parallel_launch_local_memoryINS0_11ParallelForINS0_8ViewCopyINS_4ViewIPNS_7complexIdEEJNS_10LayoutLeftENS_6DeviceINS_6OpenMPENS_14AnonymousSpaceEEENS_12MemoryTraitsILj0EEEEEENS4_IPKS6_JS8_NS9_INS_4CudaESB_EESE_EEENS_11LayoutRightESI_Li1ElEENS_11RangePolicyIJSI_NS_9IndexTypeIlEEEEESI_EEEEvT_, (-1));__cudaRegisterEntry(__T1093, ((void ( *)(const  _ZN6Kokkos4Impl11ParallelForINS0_8ViewCopyINS_4ViewIPNS_7complexIdEEJNS_10LayoutLeftENS_6DeviceINS_4CudaENS_14AnonymousSpaceEEENS_12MemoryTraitsILj0EEEEEENS3_IPKS5_JS7_SB_SD_EEES7_S9_Li1EiEENS_11RangePolicyIJS9_NS_9IndexTypeIiEEEEES9_EE))Kokkos::Impl::cuda_parallel_launch_local_memory< ::Kokkos::Impl::ParallelFor< ::Kokkos::Impl::ViewCopy< ::Kokkos::View< ::Kokkos::complex<double>  *,  ::Kokkos::LayoutLeft,  ::Kokkos::Device< ::Kokkos::Cuda,  ::Kokkos::AnonymousSpace> ,  ::Kokkos::MemoryTraits<(unsigned int)0u>  > ,  ::Kokkos::View<const  ::Kokkos::complex<double>  *,  ::Kokkos::LayoutLeft,  ::Kokkos::Device< ::Kokkos::Cuda,  ::Kokkos::AnonymousSpace> ,  ::Kokkos::MemoryTraits<(unsigned int)0u>  > ,  ::Kokkos::LayoutLeft,  ::Kokkos::Cuda, (int)1, int> ,  ::Kokkos::RangePolicy< ::Kokkos::Cuda,  ::Kokkos::IndexType<int>  > ,  ::Kokkos::Cuda> > ), _ZN6Kokkos4Impl33cuda_parallel_launch_local_memoryINS0_11ParallelForINS0_8ViewCopyINS_4ViewIPNS_7complexIdEEJNS_10LayoutLeftENS_6DeviceINS_4CudaENS_14AnonymousSpaceEEENS_12MemoryTraitsILj0EEEEEENS4_IPKS6_JS8_SC_SE_EEES8_SA_Li1EiEENS_11RangePolicyIJSA_NS_9IndexTypeIiEEEEESA_EEEEvT_, (-1));__cudaRegisterEntry(__T1093, ((void ( *)(const  _ZN6Kokkos4Impl11ParallelForINS0_8ViewCopyINS_4ViewIPNS_7complexIdEEJNS_10LayoutLeftENS_6DeviceINS_4CudaENS_14AnonymousSpaceEEENS_12MemoryTraitsILj0EEEEEENS3_IPKS5_JS7_SB_SD_EEENS_11LayoutRightES9_Li1EiEENS_11RangePolicyIJS9_NS_9IndexTypeIiEEEEES9_EE))Kokkos::Impl::cuda_parallel_launch_local_memory< ::Kokkos::Impl::ParallelFor< ::Kokkos::Impl::ViewCopy< ::Kokkos::View< ::Kokkos::complex<double>  *,  ::Kokkos::LayoutLeft,  ::Kokkos::Device< ::Kokkos::Cuda,  ::Kokkos::AnonymousSpace> ,  ::Kokkos::MemoryTraits<(unsigned int)0u>  > ,  ::Kokkos::View<const  ::Kokkos::complex<double>  *,  ::Kokkos::LayoutLeft,  ::Kokkos::Device< ::Kokkos::Cuda,  ::Kokkos::AnonymousSpace> ,  ::Kokkos::MemoryTraits<(unsigned int)0u>  > ,  ::Kokkos::LayoutRight,  ::Kokkos::Cuda, (int)1, int> ,  ::Kokkos::RangePolicy< ::Kokkos::Cuda,  ::Kokkos::IndexType<int>  > ,  ::Kokkos::Cuda> > ), _ZN6Kokkos4Impl33cuda_parallel_launch_local_memoryINS0_11ParallelForINS0_8ViewCopyINS_4ViewIPNS_7complexIdEEJNS_10LayoutLeftENS_6DeviceINS_4CudaENS_14AnonymousSpaceEEENS_12MemoryTraitsILj0EEEEEENS4_IPKS6_JS8_SC_SE_EEENS_11LayoutRightESA_Li1EiEENS_11RangePolicyIJSA_NS_9IndexTypeIiEEEEESA_EEEEvT_, (-1));__cudaRegisterEntry(__T1093, ((void ( *)(const  _ZN6Kokkos4Impl11ParallelForINS0_8ViewCopyINS_4ViewIPNS_7complexIdEEJNS_10LayoutLeftENS_6DeviceINS_4CudaENS_14AnonymousSpaceEEENS_12MemoryTraitsILj0EEEEEENS3_IPKS5_JS7_SB_SD_EEES7_S9_Li1ElEENS_11RangePolicyIJS9_NS_9IndexTypeIlEEEEES9_EE))Kokkos::Impl::cuda_parallel_launch_local_memory< ::Kokkos::Impl::ParallelFor< ::Kokkos::Impl::ViewCopy< ::Kokkos::View< ::Kokkos::complex<double>  *,  ::Kokkos::LayoutLeft,  ::Kokkos::Device< ::Kokkos::Cuda,  ::Kokkos::AnonymousSpace> ,  ::Kokkos::MemoryTraits<(unsigned int)0u>  > ,  ::Kokkos::View<const  ::Kokkos::complex<double>  *,  ::Kokkos::LayoutLeft,  ::Kokkos::Device< ::Kokkos::Cuda,  ::Kokkos::AnonymousSpace> ,  ::Kokkos::MemoryTraits<(unsigned int)0u>  > ,  ::Kokkos::LayoutLeft,  ::Kokkos::Cuda, (int)1, long> ,  ::Kokkos::RangePolicy< ::Kokkos::Cuda,  ::Kokkos::IndexType<long>  > ,  ::Kokkos::Cuda> > ), _ZN6Kokkos4Impl33cuda_parallel_launch_local_memoryINS0_11ParallelForINS0_8ViewCopyINS_4ViewIPNS_7complexIdEEJNS_10LayoutLeftENS_6DeviceINS_4CudaENS_14AnonymousSpaceEEENS_12MemoryTraitsILj0EEEEEENS4_IPKS6_JS8_SC_SE_EEES8_SA_Li1ElEENS_11RangePolicyIJSA_NS_9IndexTypeIlEEEEESA_EEEEvT_, (-1));__cudaRegisterEntry(__T1093, ((void ( *)(const  _ZN6Kokkos4Impl11ParallelForINS0_8ViewCopyINS_4ViewIPNS_7complexIdEEJNS_10LayoutLeftENS_6DeviceINS_4CudaENS_14AnonymousSpaceEEENS_12MemoryTraitsILj0EEEEEENS3_IPKS5_JS7_SB_SD_EEENS_11LayoutRightES9_Li1ElEENS_11RangePolicyIJS9_NS_9IndexTypeIlEEEEES9_EE))Kokkos::Impl::cuda_parallel_launch_local_memory< ::Kokkos::Impl::ParallelFor< ::Kokkos::Impl::ViewCopy< ::Kokkos::View< ::Kokkos::complex<double>  *,  ::Kokkos::LayoutLeft,  ::Kokkos::Device< ::Kokkos::Cuda,  ::Kokkos::AnonymousSpace> ,  ::Kokkos::MemoryTraits<(unsigned int)0u>  > ,  ::Kokkos::View<const  ::Kokkos::complex<double>  *,  ::Kokkos::LayoutLeft,  ::Kokkos::Device< ::Kokkos::Cuda,  ::Kokkos::AnonymousSpace> ,  ::Kokkos::MemoryTraits<(unsigned int)0u>  > ,  ::Kokkos::LayoutRight,  ::Kokkos::Cuda, (int)1, long> ,  ::Kokkos::RangePolicy< ::Kokkos::Cuda,  ::Kokkos::IndexType<long>  > ,  ::Kokkos::Cuda> > ), _ZN6Kokkos4Impl33cuda_parallel_launch_local_memoryINS0_11ParallelForINS0_8ViewCopyINS_4ViewIPNS_7complexIdEEJNS_10LayoutLeftENS_6DeviceINS_4CudaENS_14AnonymousSpaceEEENS_12MemoryTraitsILj0EEEEEENS4_IPKS6_JS8_SC_SE_EEENS_11LayoutRightESA_Li1ElEENS_11RangePolicyIJSA_NS_9IndexTypeIlEEEEESA_EEEEvT_, (-1));__cudaRegisterEntry(__T1093, ((void ( *)(const  _ZN6Kokkos4Impl11ParallelForIZN4pops6detail18launch_index_spaceINS_4CudaELi2ENS2_8elliptic19fft_multifab_detail14PackSlabKernelILi2EEEEEvRKT_RKNS2_3BoxIXT0_EEEPKcT1_EUllE_NS_11RangePolicyIJS5_NS_9IndexTypeIlEEEEES5_EE))Kokkos::Impl::cuda_parallel_launch_local_memory< ::Kokkos::Impl::ParallelFor< ::__nv_hdl_wrapper_t<false,false,false,__nv_dl_tag<void (*)(const  ::Kokkos::Cuda &, const  ::pops::Box<(int)2>  &, const char *,  ::pops::elliptic::fft_multifab_detail::PackSlabKernel<(int)2> ),(& :: pops::detail::launch_index_space< ::Kokkos::Cuda, (int)2,  ::pops::elliptic::fft_multifab_detail::PackSlabKernel<(int)2> > ), 1> ,void (long), ::pops::elliptic::fft_multifab_detail::PackSlabKernel<(int)2> ,const  ::pops::Index<(int)2> ,const  ::pops::Extent<(int)2> >,  ::Kokkos::RangePolicy< ::Kokkos::Cuda,  ::Kokkos::IndexType<long>  > ,  ::Kokkos::Cuda> > ), _ZN6Kokkos4Impl33cuda_parallel_launch_local_memoryINS0_11ParallelForIZN4pops6detail18launch_index_spaceINS_4CudaELi2ENS3_8elliptic19fft_multifab_detail14PackSlabKernelILi2EEEEEvRKT_RKNS3_3BoxIXT0_EEEPKcT1_EUllE_NS_11RangePolicyIJS6_NS_9IndexTypeIlEEEEES6_EEEEvSB_, (-1));__cudaRegisterEntry(__T1093, ((void ( *)(const  _ZN6Kokkos4Impl11ParallelForINS0_8ViewFillINS_4ViewIPNS_7complexIdEEJNS_10LayoutLeftENS_6DeviceINS_4CudaENS_14AnonymousSpaceEEENS_12MemoryTraitsILj0EEEEEES7_S9_Li1EiEENS_11RangePolicyIJS9_NS_9IndexTypeIiEENS_12Experimental15StaticBatchSizeILj16EEEEEES9_EE))Kokkos::Impl::cuda_parallel_launch_local_memory< ::Kokkos::Impl::ParallelFor< ::Kokkos::Impl::ViewFill< ::Kokkos::View< ::Kokkos::complex<double>  *,  ::Kokkos::LayoutLeft,  ::Kokkos::Device< ::Kokkos::Cuda,  ::Kokkos::AnonymousSpace> ,  ::Kokkos::MemoryTraits<(unsigned int)0u>  > ,  ::Kokkos::LayoutLeft,  ::Kokkos::Cuda, (int)1, int> ,  ::Kokkos::RangePolicy< ::Kokkos::Cuda,  ::Kokkos::IndexType<int> ,  ::Kokkos::Experimental::StaticBatchSize<(unsigned int)16u>  > ,  ::Kokkos::Cuda> > ), _ZN6Kokkos4Impl33cuda_parallel_launch_local_memoryINS0_11ParallelForINS0_8ViewFillINS_4ViewIPNS_7complexIdEEJNS_10LayoutLeftENS_6DeviceINS_4CudaENS_14AnonymousSpaceEEENS_12MemoryTraitsILj0EEEEEES8_SA_Li1EiEENS_11RangePolicyIJSA_NS_9IndexTypeIiEENS_12Experimental15StaticBatchSizeILj16EEEEEESA_EEEEvT_, (-1));__cudaRegisterEntry(__T1093, ((void ( *)(const  _ZN6Kokkos4Impl11ParallelForINS0_8ViewFillINS_4ViewIPNS_7complexIdEEJNS_10LayoutLeftENS_6DeviceINS_4CudaENS_14AnonymousSpaceEEENS_12MemoryTraitsILj0EEEEEENS_11LayoutRightES9_Li1EiEENS_11RangePolicyIJS9_NS_9IndexTypeIiEENS_12Experimental15StaticBatchSizeILj16EEEEEES9_EE))Kokkos::Impl::cuda_parallel_launch_local_memory< ::Kokkos::Impl::ParallelFor< ::Kokkos::Impl::ViewFill< ::Kokkos::View< ::Kokkos::complex<double>  *,  ::Kokkos::LayoutLeft,  ::Kokkos::Device< ::Kokkos::Cuda,  ::Kokkos::AnonymousSpace> ,  ::Kokkos::MemoryTraits<(unsigned int)0u>  > ,  ::Kokkos::LayoutRight,  ::Kokkos::Cuda, (int)1, int> ,  ::Kokkos::RangePolicy< ::Kokkos::Cuda,  ::Kokkos::IndexType<int> ,  ::Kokkos::Experimental::StaticBatchSize<(unsigned int)16u>  > ,  ::Kokkos::Cuda> > ), _ZN6Kokkos4Impl33cuda_parallel_launch_local_memoryINS0_11ParallelForINS0_8ViewFillINS_4ViewIPNS_7complexIdEEJNS_10LayoutLeftENS_6DeviceINS_4CudaENS_14AnonymousSpaceEEENS_12MemoryTraitsILj0EEEEEENS_11LayoutRightESA_Li1EiEENS_11RangePolicyIJSA_NS_9IndexTypeIiEENS_12Experimental15StaticBatchSizeILj16EEEEEESA_EEEEvT_, (-1));__cudaRegisterEntry(__T1093, ((void ( *)(const  _ZN6Kokkos4Impl11ParallelForINS0_8ViewFillINS_4ViewIPNS_7complexIdEEJNS_10LayoutLeftENS_6DeviceINS_4CudaENS_14AnonymousSpaceEEENS_12MemoryTraitsILj0EEEEEES7_S9_Li1ElEENS_11RangePolicyIJS9_NS_9IndexTypeIlEENS_12Experimental15StaticBatchSizeILj16EEEEEES9_EE))Kokkos::Impl::cuda_parallel_launch_local_memory< ::Kokkos::Impl::ParallelFor< ::Kokkos::Impl::ViewFill< ::Kokkos::View< ::Kokkos::complex<double>  *,  ::Kokkos::LayoutLeft,  ::Kokkos::Device< ::Kokkos::Cuda,  ::Kokkos::AnonymousSpace> ,  ::Kokkos::MemoryTraits<(unsigned int)0u>  > ,  ::Kokkos::LayoutLeft,  ::Kokkos::Cuda, (int)1, long> ,  ::Kokkos::RangePolicy< ::Kokkos::Cuda,  ::Kokkos::IndexType<long> ,  ::Kokkos::Experimental::StaticBatchSize<(unsigned int)16u>  > ,  ::Kokkos::Cuda> > ), _ZN6Kokkos4Impl33cuda_parallel_launch_local_memoryINS0_11ParallelForINS0_8ViewFillINS_4ViewIPNS_7complexIdEEJNS_10LayoutLeftENS_6DeviceINS_4CudaENS_14AnonymousSpaceEEENS_12MemoryTraitsILj0EEEEEES8_SA_Li1ElEENS_11RangePolicyIJSA_NS_9IndexTypeIlEENS_12Experimental15StaticBatchSizeILj16EEEEEESA_EEEEvT_, (-1));__cudaRegisterEntry(__T1093, ((void ( *)(const  _ZN6Kokkos4Impl11ParallelForINS0_8ViewFillINS_4ViewIPNS_7complexIdEEJNS_10LayoutLeftENS_6DeviceINS_4CudaENS_14AnonymousSpaceEEENS_12MemoryTraitsILj0EEEEEENS_11LayoutRightES9_Li1ElEENS_11RangePolicyIJS9_NS_9IndexTypeIlEENS_12Experimental15StaticBatchSizeILj16EEEEEES9_EE))Kokkos::Impl::cuda_parallel_launch_local_memory< ::Kokkos::Impl::ParallelFor< ::Kokkos::Impl::ViewFill< ::Kokkos::View< ::Kokkos::complex<double>  *,  ::Kokkos::LayoutLeft,  ::Kokkos::Device< ::Kokkos::Cuda,  ::Kokkos::AnonymousSpace> ,  ::Kokkos::MemoryTraits<(unsigned int)0u>  > ,  ::Kokkos::LayoutRight,  ::Kokkos::Cuda, (int)1, long> ,  ::Kokkos::RangePolicy< ::Kokkos::Cuda,  ::Kokkos::IndexType<long> ,  ::Kokkos::Experimental::StaticBatchSize<(unsigned int)16u>  > ,  ::Kokkos::Cuda> > ), _ZN6Kokkos4Impl33cuda_parallel_launch_local_memoryINS0_11ParallelForINS0_8ViewFillINS_4ViewIPNS_7complexIdEEJNS_10LayoutLeftENS_6DeviceINS_4CudaENS_14AnonymousSpaceEEENS_12MemoryTraitsILj0EEEEEENS_11LayoutRightESA_Li1ElEENS_11RangePolicyIJSA_NS_9IndexTypeIlEENS_12Experimental15StaticBatchSizeILj16EEEEEESA_EEEEvT_, (-1));__cudaRegisterEntry(__T1093, ((void ( *)(const  _ZN6Kokkos4Impl11ParallelForINS0_8ViewFillINS_4ViewIPNS_7complexIdEEJNS_11LayoutRightENS_6DeviceINS_4CudaENS_14AnonymousSpaceEEENS_12MemoryTraitsILj0EEEEEES7_S9_Li1ElEENS_11RangePolicyIJS9_NS_9IndexTypeIlEENS_12Experimental15StaticBatchSizeILj16EEEEEES9_EE))Kokkos::Impl::cuda_parallel_launch_local_memory< ::Kokkos::Impl::ParallelFor< ::Kokkos::Impl::ViewFill< ::Kokkos::View< ::Kokkos::complex<double>  *,  ::Kokkos::LayoutRight,  ::Kokkos::Device< ::Kokkos::Cuda,  ::Kokkos::AnonymousSpace> ,  ::Kokkos::MemoryTraits<(unsigned int)0u>  > ,  ::Kokkos::LayoutRight,  ::Kokkos::Cuda, (int)1, long> ,  ::Kokkos::RangePolicy< ::Kokkos::Cuda,  ::Kokkos::IndexType<long> ,  ::Kokkos::Experimental::StaticBatchSize<(unsigned int)16u>  > ,  ::Kokkos::Cuda> > ), _ZN6Kokkos4Impl33cuda_parallel_launch_local_memoryINS0_11ParallelForINS0_8ViewFillINS_4ViewIPNS_7complexIdEEJNS_11LayoutRightENS_6DeviceINS_4CudaENS_14AnonymousSpaceEEENS_12MemoryTraitsILj0EEEEEES8_SA_Li1ElEENS_11RangePolicyIJSA_NS_9IndexTypeIlEENS_12Experimental15StaticBatchSizeILj16EEEEEESA_EEEEvT_, (-1));__cudaRegisterEntry(__T1093, ((void ( *)(const  _ZN6Kokkos4Impl11ParallelForINS0_8ViewFillINS_4ViewIPNS_7complexIdEEJNS_11LayoutRightENS_6DeviceINS_4CudaENS_14AnonymousSpaceEEENS_12MemoryTraitsILj0EEEEEES7_S9_Li1EiEENS_11RangePolicyIJS9_NS_9IndexTypeIiEENS_12Experimental15StaticBatchSizeILj16EEEEEES9_EE))Kokkos::Impl::cuda_parallel_launch_local_memory< ::Kokkos::Impl::ParallelFor< ::Kokkos::Impl::ViewFill< ::Kokkos::View< ::Kokkos::complex<double>  *,  ::Kokkos::LayoutRight,  ::Kokkos::Device< ::Kokkos::Cuda,  ::Kokkos::AnonymousSpace> ,  ::Kokkos::MemoryTraits<(unsigned int)0u>  > ,  ::Kokkos::LayoutRight,  ::Kokkos::Cuda, (int)1, int> ,  ::Kokkos::RangePolicy< ::Kokkos::Cuda,  ::Kokkos::IndexType<int> ,  ::Kokkos::Experimental::StaticBatchSize<(unsigned int)16u>  > ,  ::Kokkos::Cuda> > ), _ZN6Kokkos4Impl33cuda_parallel_launch_local_memoryINS0_11ParallelForINS0_8ViewFillINS_4ViewIPNS_7complexIdEEJNS_11LayoutRightENS_6DeviceINS_4CudaENS_14AnonymousSpaceEEENS_12MemoryTraitsILj0EEEEEES8_SA_Li1EiEENS_11RangePolicyIJSA_NS_9IndexTypeIiEENS_12Experimental15StaticBatchSizeILj16EEEEEESA_EEEEvT_, (-1));__cudaRegisterEntry(__T1093, ((void ( *)(const  _ZN6Kokkos4Impl14ParallelReduceINS0_22CombinedFunctorReducerIZN4pops24for_each_cell_reduce_sumINS_4CudaELi2ENS3_15mf_arith_detail9SumKernelILi2EEEEEdRKT_RKNS3_3BoxIXT0_EEET1_EUllRdE_NS0_15FunctorAnalysisINS0_23FunctorPatternInterface6REDUCEENS_11RangePolicyIJS5_NS_9IndexTypeIlEEEEENS_3SumIdNS_9HostSpaceEEEdE7ReducerEvEESP_S5_EE))Kokkos::Impl::cuda_parallel_launch_local_memory< ::Kokkos::Impl::ParallelReduce< ::Kokkos::Impl::CombinedFunctorReducer< ::__nv_hdl_wrapper_t<false,false,false,__nv_dl_tag<double (*)(const  ::Kokkos::Cuda &, const  ::pops::Box<(int)2>  &,  ::pops::mf_arith_detail::SumKernel<(int)2> ),(& :: pops::for_each_cell_reduce_sum< ::Kokkos::Cuda, (int)2,  ::pops::mf_arith_detail::SumKernel<(int)2> > ), 1> ,void (long, double &), ::pops::mf_arith_detail::SumKernel<(int)2> ,const  ::pops::Index<(int)2> ,const  ::pops::Extent<(int)2> >,  ::Kokkos::Impl::FunctorAnalysis< ::Kokkos::Impl::FunctorPatternInterface::REDUCE,  ::Kokkos::RangePolicy< ::Kokkos::Cuda,  ::Kokkos::IndexType<long>  > ,  ::Kokkos::Sum<double,  ::Kokkos::HostSpace> , double> ::Reducer, void> ,  ::Kokkos::RangePolicy< ::Kokkos::Cuda,  ::Kokkos::IndexType<long>  > ,  ::Kokkos::Cuda> > ), _ZN6Kokkos4Impl33cuda_parallel_launch_local_memoryINS0_14ParallelReduceINS0_22CombinedFunctorReducerIZN4pops24for_each_cell_reduce_sumINS_4CudaELi2ENS4_15mf_arith_detail9SumKernelILi2EEEEEdRKT_RKNS4_3BoxIXT0_EEET1_EUllRdE_NS0_15FunctorAnalysisINS0_23FunctorPatternInterface6REDUCEENS_11RangePolicyIJS6_NS_9IndexTypeIlEEEEENS_3SumIdNS_9HostSpaceEEEdE7ReducerEvEESQ_S6_EEEEvSA_, (-1));__cudaRegisterEntry(__T1093, ((void ( *)(const  _ZN6Kokkos4Impl11ParallelForIZN4pops6detail18launch_index_spaceINS_4CudaELi2ENS2_8elliptic3amr10fac_detail12JacobiKernelILi2EEEEEvRKT_RKNS2_3BoxIXT0_EEEPKcT1_EUllE_NS_11RangePolicyIJS5_NS_9IndexTypeIlEEEEES5_EE))Kokkos::Impl::cuda_parallel_launch_local_memory< ::Kokkos::Impl::ParallelFor< ::__nv_hdl_wrapper_t<false,false,false,__nv_dl_tag<void (*)(const  ::Kokkos::Cuda &, const  ::pops::Box<(int)2>  &, const char *,  ::pops::elliptic::amr::fac_detail::JacobiKernel<(int)2> ),(& :: pops::detail::launch_index_space< ::Kokkos::Cuda, (int)2,  ::pops::elliptic::amr::fac_detail::JacobiKernel<(int)2> > ), 1> ,void (long), ::pops::elliptic::amr::fac_detail::JacobiKernel<(int)2> ,const  ::pops::Index<(int)2> ,const  ::pops::Extent<(int)2> >,  ::Kokkos::RangePolicy< ::Kokkos::Cuda,  ::Kokkos::IndexType<long>  > ,  ::Kokkos::Cuda> > ), _ZN6Kokkos4Impl33cuda_parallel_launch_local_memoryINS0_11ParallelForIZN4pops6detail18launch_index_spaceINS_4CudaELi2ENS3_8elliptic3amr10fac_detail12JacobiKernelILi2EEEEEvRKT_RKNS3_3BoxIXT0_EEEPKcT1_EUllE_NS_11RangePolicyIJS6_NS_9IndexTypeIlEEEEES6_EEEEvSC_, (-1));__cudaRegisterEntry(__T1093, ((void ( *)(const  _ZN6Kokkos4Impl14ParallelReduceINS0_22CombinedFunctorReducerIZN4pops24for_each_cell_reduce_maxINS_4CudaELi2ENS3_15mf_arith_detail13NormInfKernelILi2EEEEEdRKT_RKNS3_3BoxIXT0_EEET1_EUllRdE_NS0_15FunctorAnalysisINS0_23FunctorPatternInterface6REDUCEENS_11RangePolicyIJS5_NS_9IndexTypeIlEEEEENS_3MaxIdNS_9HostSpaceEEEdE7ReducerEvEESP_S5_EE))Kokkos::Impl::cuda_parallel_launch_local_memory< ::Kokkos::Impl::ParallelReduce< ::Kokkos::Impl::CombinedFunctorReducer< ::__nv_hdl_wrapper_t<false,false,false,__nv_dl_tag<double (*)(const  ::Kokkos::Cuda &, const  ::pops::Box<(int)2>  &,  ::pops::mf_arith_detail::NormInfKernel<(int)2> ),(& :: pops::for_each_cell_reduce_max< ::Kokkos::Cuda, (int)2,  ::pops::mf_arith_detail::NormInfKernel<(int)2> > ), 1> ,void (long, double &), ::pops::mf_arith_detail::NormInfKernel<(int)2> ,const  ::pops::Index<(int)2> ,const  ::pops::Extent<(int)2> >,  ::Kokkos::Impl::FunctorAnalysis< ::Kokkos::Impl::FunctorPatternInterface::REDUCE,  ::Kokkos::RangePolicy< ::Kokkos::Cuda,  ::Kokkos::IndexType<long>  > ,  ::Kokkos::Max<double,  ::Kokkos::HostSpace> , double> ::Reducer, void> ,  ::Kokkos::RangePolicy< ::Kokkos::Cuda,  ::Kokkos::IndexType<long>  > ,  ::Kokkos::Cuda> > ), _ZN6Kokkos4Impl33cuda_parallel_launch_local_memoryINS0_14ParallelReduceINS0_22CombinedFunctorReducerIZN4pops24for_each_cell_reduce_maxINS_4CudaELi2ENS4_15mf_arith_detail13NormInfKernelILi2EEEEEdRKT_RKNS4_3BoxIXT0_EEET1_EUllRdE_NS0_15FunctorAnalysisINS0_23FunctorPatternInterface6REDUCEENS_11RangePolicyIJS6_NS_9IndexTypeIlEEEEENS_3MaxIdNS_9HostSpaceEEEdE7ReducerEvEESQ_S6_EEEEvSA_, (-1));__cudaRegisterEntry(__T1093, ((void ( *)(const  _ZN6Kokkos4Impl11ParallelForIZN4pops6detail18launch_index_spaceINS_4CudaELi2ENS2_8elliptic3amr10fac_detail9AddKernelILi2EEEEEvRKT_RKNS2_3BoxIXT0_EEEPKcT1_EUllE_NS_11RangePolicyIJS5_NS_9IndexTypeIlEEEEES5_EE))Kokkos::Impl::cuda_parallel_launch_local_memory< ::Kokkos::Impl::ParallelFor< ::__nv_hdl_wrapper_t<false,false,false,__nv_dl_tag<void (*)(const  ::Kokkos::Cuda &, const  ::pops::Box<(int)2>  &, const char *,  ::pops::elliptic::amr::fac_detail::AddKernel<(int)2> ),(& :: pops::detail::launch_index_space< ::Kokkos::Cuda, (int)2,  ::pops::elliptic::amr::fac_detail::AddKernel<(int)2> > ), 1> ,void (long), ::pops::elliptic::amr::fac_detail::AddKernel<(int)2> ,const  ::pops::Index<(int)2> ,const  ::pops::Extent<(int)2> >,  ::Kokkos::RangePolicy< ::Kokkos::Cuda,  ::Kokkos::IndexType<long>  > ,  ::Kokkos::Cuda> > ), _ZN6Kokkos4Impl33cuda_parallel_launch_local_memoryINS0_11ParallelForIZN4pops6detail18launch_index_spaceINS_4CudaELi2ENS3_8elliptic3amr10fac_detail9AddKernelILi2EEEEEvRKT_RKNS3_3BoxIXT0_EEEPKcT1_EUllE_NS_11RangePolicyIJS6_NS_9IndexTypeIlEEEEES6_EEEEvSC_, (-1));__cudaRegisterEntry(__T1093, ((void ( *)(const  _ZN6Kokkos4Impl11ParallelForIZN4pops6detail18launch_index_spaceINS_4CudaELi2ENS2_8elliptic2mg10fac_detail20FluxMismatchTransferILi2EEEEEvRKT_RKNS2_3BoxIXT0_EEEPKcT1_EUllE_NS_11RangePolicyIJS5_NS_9IndexTypeIlEEEEES5_EE))Kokkos::Impl::cuda_parallel_launch_local_memory< ::Kokkos::Impl::ParallelFor< ::__nv_hdl_wrapper_t<false,false,false,__nv_dl_tag<void (*)(const  ::Kokkos::Cuda &, const  ::pops::Box<(int)2>  &, const char *,  ::pops::elliptic::mg::fac_detail::FluxMismatchTransfer<(int)2> ),(& :: pops::detail::launch_index_space< ::Kokkos::Cuda, (int)2,  ::pops::elliptic::mg::fac_detail::FluxMismatchTransfer<(int)2> > ), 1> ,void (long), ::pops::elliptic::mg::fac_detail::FluxMismatchTransfer<(int)2> ,const  ::pops::Index<(int)2> ,const  ::pops::Extent<(int)2> >,  ::Kokkos::RangePolicy< ::Kokkos::Cuda,  ::Kokkos::IndexType<long>  > ,  ::Kokkos::Cuda> > ), _ZN6Kokkos4Impl33cuda_parallel_launch_local_memoryINS0_11ParallelForIZN4pops6detail18launch_index_spaceINS_4CudaELi2ENS3_8elliptic2mg10fac_detail20FluxMismatchTransferILi2EEEEEvRKT_RKNS3_3BoxIXT0_EEEPKcT1_EUllE_NS_11RangePolicyIJS6_NS_9IndexTypeIlEEEEES6_EEEEvSC_, (-1));__cudaRegisterEntry(__T1093, ((void ( *)(const  _ZN6Kokkos4Impl11ParallelForIZN4pops6detail18launch_index_spaceINS_4CudaELi2ENS2_15mf_arith_detail11SaxpyKernelILi2EEEEEvRKT_RKNS2_3BoxIXT0_EEEPKcT1_EUllE_NS_11RangePolicyIJS5_NS_9IndexTypeIlEEEEES5_EE))Kokkos::Impl::cuda_parallel_launch_local_memory< ::Kokkos::Impl::ParallelFor< ::__nv_hdl_wrapper_t<false,false,false,__nv_dl_tag<void (*)(const  ::Kokkos::Cuda &, const  ::pops::Box<(int)2>  &, const char *,  ::pops::mf_arith_detail::SaxpyKernel<(int)2> ),(& :: pops::detail::launch_index_space< ::Kokkos::Cuda, (int)2,  ::pops::mf_arith_detail::SaxpyKernel<(int)2> > ), 1> ,void (long), ::pops::mf_arith_detail::SaxpyKernel<(int)2> ,const  ::pops::Index<(int)2> ,const  ::pops::Extent<(int)2> >,  ::Kokkos::RangePolicy< ::Kokkos::Cuda,  ::Kokkos::IndexType<long>  > ,  ::Kokkos::Cuda> > ), _ZN6Kokkos4Impl33cuda_parallel_launch_local_memoryINS0_11ParallelForIZN4pops6detail18launch_index_spaceINS_4CudaELi2ENS3_15mf_arith_detail11SaxpyKernelILi2EEEEEvRKT_RKNS3_3BoxIXT0_EEEPKcT1_EUllE_NS_11RangePolicyIJS6_NS_9IndexTypeIlEEEEES6_EEEEvSA_, (-1));__cudaRegisterEntry(__T1093, ((void ( *)(const  _ZN6Kokkos4Impl11ParallelForIZN4pops6detail18launch_index_spaceINS_4CudaELi2ENS2_15mf_arith_detail11ScaleKernelILi2EEEEEvRKT_RKNS2_3BoxIXT0_EEEPKcT1_EUllE_NS_11RangePolicyIJS5_NS_9IndexTypeIlEEEEES5_EE))Kokkos::Impl::cuda_parallel_launch_local_memory< ::Kokkos::Impl::ParallelFor< ::__nv_hdl_wrapper_t<false,false,false,__nv_dl_tag<void (*)(const  ::Kokkos::Cuda &, const  ::pops::Box<(int)2>  &, const char *,  ::pops::mf_arith_detail::ScaleKernel<(int)2> ),(& :: pops::detail::launch_index_space< ::Kokkos::Cuda, (int)2,  ::pops::mf_arith_detail::ScaleKernel<(int)2> > ), 1> ,void (long), ::pops::mf_arith_detail::ScaleKernel<(int)2> ,const  ::pops::Index<(int)2> ,const  ::pops::Extent<(int)2> >,  ::Kokkos::RangePolicy< ::Kokkos::Cuda,  ::Kokkos::IndexType<long>  > ,  ::Kokkos::Cuda> > ), _ZN6Kokkos4Impl33cuda_parallel_launch_local_memoryINS0_11ParallelForIZN4pops6detail18launch_index_spaceINS_4CudaELi2ENS3_15mf_arith_detail11ScaleKernelILi2EEEEEvRKT_RKNS3_3BoxIXT0_EEEPKcT1_EUllE_NS_11RangePolicyIJS6_NS_9IndexTypeIlEEEEES6_EEEEvSA_, (-1));__cudaRegisterEntry(__T1093, ((void ( *)(const  _ZN6Kokkos4Impl14ParallelReduceINS0_22CombinedFunctorReducerIZN4pops24for_each_cell_reduce_sumINS_4CudaELi2ENS3_15mf_arith_detail17MeasuredDotKernelILi2EEEEEdRKT_RKNS3_3BoxIXT0_EEET1_EUllRdE_NS0_15FunctorAnalysisINS0_23FunctorPatternInterface6REDUCEENS_11RangePolicyIJS5_NS_9IndexTypeIlEEEEENS_3SumIdNS_9HostSpaceEEEdE7ReducerEvEESP_S5_EE))Kokkos::Impl::cuda_parallel_launch_local_memory< ::Kokkos::Impl::ParallelReduce< ::Kokkos::Impl::CombinedFunctorReducer< ::__nv_hdl_wrapper_t<false,false,false,__nv_dl_tag<double (*)(const  ::Kokkos::Cuda &, const  ::pops::Box<(int)2>  &,  ::pops::mf_arith_detail::MeasuredDotKernel<(int)2> ),(& :: pops::for_each_cell_reduce_sum< ::Kokkos::Cuda, (int)2,  ::pops::mf_arith_detail::MeasuredDotKernel<(int)2> > ), 1> ,void (long, double &), ::pops::mf_arith_detail::MeasuredDotKernel<(int)2> ,const  ::pops::Index<(int)2> ,const  ::pops::Extent<(int)2> >,  ::Kokkos::Impl::FunctorAnalysis< ::Kokkos::Impl::FunctorPatternInterface::REDUCE,  ::Kokkos::RangePolicy< ::Kokkos::Cuda,  ::Kokkos::IndexType<long>  > ,  ::Kokkos::Sum<double,  ::Kokkos::HostSpace> , double> ::Reducer, void> ,  ::Kokkos::RangePolicy< ::Kokkos::Cuda,  ::Kokkos::IndexType<long>  > ,  ::Kokkos::Cuda> > ), _ZN6Kokkos4Impl33cuda_parallel_launch_local_memoryINS0_14ParallelReduceINS0_22CombinedFunctorReducerIZN4pops24for_each_cell_reduce_sumINS_4CudaELi2ENS4_15mf_arith_detail17MeasuredDotKernelILi2EEEEEdRKT_RKNS4_3BoxIXT0_EEET1_EUllRdE_NS0_15FunctorAnalysisINS0_23FunctorPatternInterface6REDUCEENS_11RangePolicyIJS6_NS_9IndexTypeIlEEEEENS_3SumIdNS_9HostSpaceEEEdE7ReducerEvEESQ_S6_EEEEvSA_, (-1));__cudaRegisterEntry(__T1093, ((void ( *)(const  _ZN6Kokkos4Impl14ParallelReduceINS0_22CombinedFunctorReducerIZN4pops24for_each_cell_reduce_sumINS_4CudaELi2ENS3_15mf_arith_detail9DotKernelILi2EEEEEdRKT_RKNS3_3BoxIXT0_EEET1_EUllRdE_NS0_15FunctorAnalysisINS0_23FunctorPatternInterface6REDUCEENS_11RangePolicyIJS5_NS_9IndexTypeIlEEEEENS_3SumIdNS_9HostSpaceEEEdE7ReducerEvEESP_S5_EE))Kokkos::Impl::cuda_parallel_launch_local_memory< ::Kokkos::Impl::ParallelReduce< ::Kokkos::Impl::CombinedFunctorReducer< ::__nv_hdl_wrapper_t<false,false,false,__nv_dl_tag<double (*)(const  ::Kokkos::Cuda &, const  ::pops::Box<(int)2>  &,  ::pops::mf_arith_detail::DotKernel<(int)2> ),(& :: pops::for_each_cell_reduce_sum< ::Kokkos::Cuda, (int)2,  ::pops::mf_arith_detail::DotKernel<(int)2> > ), 1> ,void (long, double &), ::pops::mf_arith_detail::DotKernel<(int)2> ,const  ::pops::Index<(int)2> ,const  ::pops::Extent<(int)2> >,  ::Kokkos::Impl::FunctorAnalysis< ::Kokkos::Impl::FunctorPatternInterface::REDUCE,  ::Kokkos::RangePolicy< ::Kokkos::Cuda,  ::Kokkos::IndexType<long>  > ,  ::Kokkos::Sum<double,  ::Kokkos::HostSpace> , double> ::Reducer, void> ,  ::Kokkos::RangePolicy< ::Kokkos::Cuda,  ::Kokkos::IndexType<long>  > ,  ::Kokkos::Cuda> > ), _ZN6Kokkos4Impl33cuda_parallel_launch_local_memoryINS0_14ParallelReduceINS0_22CombinedFunctorReducerIZN4pops24for_each_cell_reduce_sumINS_4CudaELi2ENS4_15mf_arith_detail9DotKernelILi2EEEEEdRKT_RKNS4_3BoxIXT0_EEET1_EUllRdE_NS0_15FunctorAnalysisINS0_23FunctorPatternInterface6REDUCEENS_11RangePolicyIJS6_NS_9IndexTypeIlEEEEENS_3SumIdNS_9HostSpaceEEEdE7ReducerEvEESQ_S6_EEEEvSA_, (-1));__cudaRegisterEntry(__T1093, ((void ( *)(const  _ZN6Kokkos4Impl11ParallelForIZN4pops6detail18launch_index_spaceINS_4CudaELi2ENS2_17amr_newton_detail21ProjectUnknownsKernelILi2EEEEEvRKT_RKNS2_3BoxIXT0_EEEPKcT1_EUllE_NS_11RangePolicyIJS5_NS_9IndexTypeIlEEEEES5_EE))Kokkos::Impl::cuda_parallel_launch_local_memory< ::Kokkos::Impl::ParallelFor< ::__nv_hdl_wrapper_t<false,false,false,__nv_dl_tag<void (*)(const  ::Kokkos::Cuda &, const  ::pops::Box<(int)2>  &, const char *,  ::pops::amr_newton_detail::ProjectUnknownsKernel<(int)2> ),(& :: pops::detail::launch_index_space< ::Kokkos::Cuda, (int)2,  ::pops::amr_newton_detail::ProjectUnknownsKernel<(int)2> > ), 1> ,void (long), ::pops::amr_newton_detail::ProjectUnknownsKernel<(int)2> ,const  ::pops::Index<(int)2> ,const  ::pops::Extent<(int)2> >,  ::Kokkos::RangePolicy< ::Kokkos::Cuda,  ::Kokkos::IndexType<long>  > ,  ::Kokkos::Cuda> > ), _ZN6Kokkos4Impl33cuda_parallel_launch_local_memoryINS0_11ParallelForIZN4pops6detail18launch_index_spaceINS_4CudaELi2ENS3_17amr_newton_detail21ProjectUnknownsKernelILi2EEEEEvRKT_RKNS3_3BoxIXT0_EEEPKcT1_EUllE_NS_11RangePolicyIJS6_NS_9IndexTypeIlEEEEES6_EEEEvSA_, (-1));__cudaRegisterEntry(__T1093, ((void ( *)(const  _ZN6Kokkos4Impl11ParallelForIZN4pops6detail18launch_index_spaceINS_4CudaELi2ENS2_15mf_arith_detail13LincombKernelILi2EEEEEvRKT_RKNS2_3BoxIXT0_EEEPKcT1_EUllE_NS_11RangePolicyIJS5_NS_9IndexTypeIlEEEEES5_EE))Kokkos::Impl::cuda_parallel_launch_local_memory< ::Kokkos::Impl::ParallelFor< ::__nv_hdl_wrapper_t<false,false,false,__nv_dl_tag<void (*)(const  ::Kokkos::Cuda &, const  ::pops::Box<(int)2>  &, const char *,  ::pops::mf_arith_detail::LincombKernel<(int)2> ),(& :: pops::detail::launch_index_space< ::Kokkos::Cuda, (int)2,  ::pops::mf_arith_detail::LincombKernel<(int)2> > ), 1> ,void (long), ::pops::mf_arith_detail::LincombKernel<(int)2> ,const  ::pops::Index<(int)2> ,const  ::pops::Extent<(int)2> >,  ::Kokkos::RangePolicy< ::Kokkos::Cuda,  ::Kokkos::IndexType<long>  > ,  ::Kokkos::Cuda> > ), _ZN6Kokkos4Impl33cuda_parallel_launch_local_memoryINS0_11ParallelForIZN4pops6detail18launch_index_spaceINS_4CudaELi2ENS3_15mf_arith_detail13LincombKernelILi2EEEEEvRKT_RKNS3_3BoxIXT0_EEEPKcT1_EUllE_NS_11RangePolicyIJS6_NS_9IndexTypeIlEEEEES6_EEEEvSA_, (-1));__cudaRegisterEntry(__T1093, ((void ( *)(const  _ZN6Kokkos4Impl11ParallelForIZN4pops6detail18launch_index_spaceINS_4CudaELi2ENS2_8elliptic2mg6detail23NegativeLaplacianKernelILi2EEEEEvRKT_RKNS2_3BoxIXT0_EEEPKcT1_EUllE_NS_11RangePolicyIJS5_NS_9IndexTypeIlEEEEES5_EE))Kokkos::Impl::cuda_parallel_launch_local_memory< ::Kokkos::Impl::ParallelFor< ::__nv_hdl_wrapper_t<false,false,false,__nv_dl_tag<void (*)(const  ::Kokkos::Cuda &, const  ::pops::Box<(int)2>  &, const char *,  ::pops::elliptic::mg::detail::NegativeLaplacianKernel<(int)2> ),(& :: pops::detail::launch_index_space< ::Kokkos::Cuda, (int)2,  ::pops::elliptic::mg::detail::NegativeLaplacianKernel<(int)2> > ), 1> ,void (long), ::pops::elliptic::mg::detail::NegativeLaplacianKernel<(int)2> ,const  ::pops::Index<(int)2> ,const  ::pops::Extent<(int)2> >,  ::Kokkos::RangePolicy< ::Kokkos::Cuda,  ::Kokkos::IndexType<long>  > ,  ::Kokkos::Cuda> > ), _ZN6Kokkos4Impl33cuda_parallel_launch_local_memoryINS0_11ParallelForIZN4pops6detail18launch_index_spaceINS_4CudaELi2ENS3_8elliptic2mg6detail23NegativeLaplacianKernelILi2EEEEEvRKT_RKNS3_3BoxIXT0_EEEPKcT1_EUllE_NS_11RangePolicyIJS6_NS_9IndexTypeIlEEEEES6_EEEEvSC_, (-1));__cudaRegisterEntry(__T1093, ((void ( *)(const  _ZN6Kokkos4Impl11ParallelForIZN4pops6detail18launch_index_spaceINS_4CudaELi2ENS2_8elliptic3amr10fac_detail18MaskResidualKernelILi2EEEEEvRKT_RKNS2_3BoxIXT0_EEEPKcT1_EUllE_NS_11RangePolicyIJS5_NS_9IndexTypeIlEEEEES5_EE))Kokkos::Impl::cuda_parallel_launch_local_memory< ::Kokkos::Impl::ParallelFor< ::__nv_hdl_wrapper_t<false,false,false,__nv_dl_tag<void (*)(const  ::Kokkos::Cuda &, const  ::pops::Box<(int)2>  &, const char *,  ::pops::elliptic::amr::fac_detail::MaskResidualKernel<(int)2> ),(& :: pops::detail::launch_index_space< ::Kokkos::Cuda, (int)2,  ::pops::elliptic::amr::fac_detail::MaskResidualKernel<(int)2> > ), 1> ,void (long), ::pops::elliptic::amr::fac_detail::MaskResidualKernel<(int)2> ,const  ::pops::Index<(int)2> ,const  ::pops::Extent<(int)2> >,  ::Kokkos::RangePolicy< ::Kokkos::Cuda,  ::Kokkos::IndexType<long>  > ,  ::Kokkos::Cuda> > ), _ZN6Kokkos4Impl33cuda_parallel_launch_local_memoryINS0_11ParallelForIZN4pops6detail18launch_index_spaceINS_4CudaELi2ENS3_8elliptic3amr10fac_detail18MaskResidualKernelILi2EEEEEvRKT_RKNS3_3BoxIXT0_EEEPKcT1_EUllE_NS_11RangePolicyIJS6_NS_9IndexTypeIlEEEEES6_EEEEvSC_, (-1));__cudaRegisterEntry(__T1093, ((void ( *)(const  _ZN6Kokkos4Impl11ParallelForIZN4pops6detail18launch_index_spaceINS_4CudaELi2ENS2_8elliptic2mg6detail14ResidualKernelILi2EEEEEvRKT_RKNS2_3BoxIXT0_EEEPKcT1_EUllE_NS_11RangePolicyIJS5_NS_9IndexTypeIlEEEEES5_EE))Kokkos::Impl::cuda_parallel_launch_local_memory< ::Kokkos::Impl::ParallelFor< ::__nv_hdl_wrapper_t<false,false,false,__nv_dl_tag<void (*)(const  ::Kokkos::Cuda &, const  ::pops::Box<(int)2>  &, const char *,  ::pops::elliptic::mg::detail::ResidualKernel<(int)2> ),(& :: pops::detail::launch_index_space< ::Kokkos::Cuda, (int)2,  ::pops::elliptic::mg::detail::ResidualKernel<(int)2> > ), 1> ,void (long), ::pops::elliptic::mg::detail::ResidualKernel<(int)2> ,const  ::pops::Index<(int)2> ,const  ::pops::Extent<(int)2> >,  ::Kokkos::RangePolicy< ::Kokkos::Cuda,  ::Kokkos::IndexType<long>  > ,  ::Kokkos::Cuda> > ), _ZN6Kokkos4Impl33cuda_parallel_launch_local_memoryINS0_11ParallelForIZN4pops6detail18launch_index_spaceINS_4CudaELi2ENS3_8elliptic2mg6detail14ResidualKernelILi2EEEEEvRKT_RKNS3_3BoxIXT0_EEEPKcT1_EUllE_NS_11RangePolicyIJS6_NS_9IndexTypeIlEEEEES6_EEEEvSC_, (-1));__cudaRegisterEntry(__T1093, ((void ( *)(const  _ZN6Kokkos4Impl11ParallelForIZN4pops6detail18launch_index_spaceINS_4CudaELi2ENS2_8elliptic2mg6detail21WeightedPoissonKernelILi2EEEEEvRKT_RKNS2_3BoxIXT0_EEEPKcT1_EUllE_NS_11RangePolicyIJS5_NS_9IndexTypeIlEEEEES5_EE))Kokkos::Impl::cuda_parallel_launch_local_memory< ::Kokkos::Impl::ParallelFor< ::__nv_hdl_wrapper_t<false,false,false,__nv_dl_tag<void (*)(const  ::Kokkos::Cuda &, const  ::pops::Box<(int)2>  &, const char *,  ::pops::elliptic::mg::detail::WeightedPoissonKernel<(int)2> ),(& :: pops::detail::launch_index_space< ::Kokkos::Cuda, (int)2,  ::pops::elliptic::mg::detail::WeightedPoissonKernel<(int)2> > ), 1> ,void (long), ::pops::elliptic::mg::detail::WeightedPoissonKernel<(int)2> ,const  ::pops::Index<(int)2> ,const  ::pops::Extent<(int)2> >,  ::Kokkos::RangePolicy< ::Kokkos::Cuda,  ::Kokkos::IndexType<long>  > ,  ::Kokkos::Cuda> > ), _ZN6Kokkos4Impl33cuda_parallel_launch_local_memoryINS0_11ParallelForIZN4pops6detail18launch_index_spaceINS_4CudaELi2ENS3_8elliptic2mg6detail21WeightedPoissonKernelILi2EEEEEvRKT_RKNS3_3BoxIXT0_EEEPKcT1_EUllE_NS_11RangePolicyIJS6_NS_9IndexTypeIlEEEEES6_EEEEvSC_, (-1));__cudaRegisterEntry(__T1093, ((void ( *)(const  _ZN6Kokkos4Impl11ParallelForIZN4pops6detail18launch_index_spaceINS_4CudaELi2ENS2_8elliptic2mg10fac_detail26ExtrudeScalarValidToGhostsILi2EEEEEvRKT_RKNS2_3BoxIXT0_EEEPKcT1_EUllE_NS_11RangePolicyIJS5_NS_9IndexTypeIlEEEEES5_EE))Kokkos::Impl::cuda_parallel_launch_local_memory< ::Kokkos::Impl::ParallelFor< ::__nv_hdl_wrapper_t<false,false,false,__nv_dl_tag<void (*)(const  ::Kokkos::Cuda &, const  ::pops::Box<(int)2>  &, const char *,  ::pops::elliptic::mg::fac_detail::ExtrudeScalarValidToGhosts<(int)2> ),(& :: pops::detail::launch_index_space< ::Kokkos::Cuda, (int)2,  ::pops::elliptic::mg::fac_detail::ExtrudeScalarValidToGhosts<(int)2> > ), 1> ,void (long), ::pops::elliptic::mg::fac_detail::ExtrudeScalarValidToGhosts<(int)2> ,const  ::pops::Index<(int)2> ,const  ::pops::Extent<(int)2> >,  ::Kokkos::RangePolicy< ::Kokkos::Cuda,  ::Kokkos::IndexType<long>  > ,  ::Kokkos::Cuda> > ), _ZN6Kokkos4Impl33cuda_parallel_launch_local_memoryINS0_11ParallelForIZN4pops6detail18launch_index_spaceINS_4CudaELi2ENS3_8elliptic2mg10fac_detail26ExtrudeScalarValidToGhostsILi2EEEEEvRKT_RKNS3_3BoxIXT0_EEEPKcT1_EUllE_NS_11RangePolicyIJS6_NS_9IndexTypeIlEEEEES6_EEEEvSC_, (-1));__cudaRegisterEntry(__T1093, ((void ( *)(const  _ZN6Kokkos4Impl11ParallelForIZN4pops6detail18launch_index_spaceINS_4CudaELi2ENS2_24physical_boundary_detail19ApplyPhysicalRegionILi2EEEEEvRKT_RKNS2_3BoxIXT0_EEEPKcT1_EUllE_NS_11RangePolicyIJS5_NS_9IndexTypeIlEEEEES5_EE))Kokkos::Impl::cuda_parallel_launch_local_memory< ::Kokkos::Impl::ParallelFor< ::__nv_hdl_wrapper_t<false,false,false,__nv_dl_tag<void (*)(const  ::Kokkos::Cuda &, const  ::pops::Box<(int)2>  &, const char *,  ::pops::physical_boundary_detail::ApplyPhysicalRegion<(int)2> ),(& :: pops::detail::launch_index_space< ::Kokkos::Cuda, (int)2,  ::pops::physical_boundary_detail::ApplyPhysicalRegion<(int)2> > ), 1> ,void (long), ::pops::physical_boundary_detail::ApplyPhysicalRegion<(int)2> ,const  ::pops::Index<(int)2> ,const  ::pops::Extent<(int)2> >,  ::Kokkos::RangePolicy< ::Kokkos::Cuda,  ::Kokkos::IndexType<long>  > ,  ::Kokkos::Cuda> > ), _ZN6Kokkos4Impl33cuda_parallel_launch_local_memoryINS0_11ParallelForIZN4pops6detail18launch_index_spaceINS_4CudaELi2ENS3_24physical_boundary_detail19ApplyPhysicalRegionILi2EEEEEvRKT_RKNS3_3BoxIXT0_EEEPKcT1_EUllE_NS_11RangePolicyIJS6_NS_9IndexTypeIlEEEEES6_EEEEvSA_, (-1));__cudaRegisterEntry(__T1093, ((void ( *)(const  _ZN6Kokkos4Impl11ParallelForIZN4pops6detail18launch_index_spaceINS_4CudaELi2ENS2_20fill_boundary_detail17CopyShiftedKernelILi2EEEEEvRKT_RKNS2_3BoxIXT0_EEEPKcT1_EUllE_NS_11RangePolicyIJS5_NS_9IndexTypeIlEEEEES5_EE))Kokkos::Impl::cuda_parallel_launch_local_memory< ::Kokkos::Impl::ParallelFor< ::__nv_hdl_wrapper_t<false,false,false,__nv_dl_tag<void (*)(const  ::Kokkos::Cuda &, const  ::pops::Box<(int)2>  &, const char *,  ::pops::fill_boundary_detail::CopyShiftedKernel<(int)2> ),(& :: pops::detail::launch_index_space< ::Kokkos::Cuda, (int)2,  ::pops::fill_boundary_detail::CopyShiftedKernel<(int)2> > ), 1> ,void (long), ::pops::fill_boundary_detail::CopyShiftedKernel<(int)2> ,const  ::pops::Index<(int)2> ,const  ::pops::Extent<(int)2> >,  ::Kokkos::RangePolicy< ::Kokkos::Cuda,  ::Kokkos::IndexType<long>  > ,  ::Kokkos::Cuda> > ), _ZN6Kokkos4Impl33cuda_parallel_launch_local_memoryINS0_11ParallelForIZN4pops6detail18launch_index_spaceINS_4CudaELi2ENS3_20fill_boundary_detail17CopyShiftedKernelILi2EEEEEvRKT_RKNS3_3BoxIXT0_EEEPKcT1_EUllE_NS_11RangePolicyIJS6_NS_9IndexTypeIlEEEEES6_EEEEvSA_, (-1));__cudaRegisterEntry(__T1093, ((void ( *)(const  _ZN6Kokkos4Impl11ParallelForIN4pops12HaloExchangeILi2ENS_9CudaSpaceEE12UnpackKernelENS_11RangePolicyIJNS_4CudaENS_9IndexTypeIlEEEEES8_EE))Kokkos::Impl::cuda_parallel_launch_local_memory< ::Kokkos::Impl::ParallelFor< ::pops::HaloExchange<(int)2,  ::Kokkos::CudaSpace> ::UnpackKernel,  ::Kokkos::RangePolicy< ::Kokkos::Cuda,  ::Kokkos::IndexType<long>  > ,  ::Kokkos::Cuda> > ), _ZN6Kokkos4Impl33cuda_parallel_launch_local_memoryINS0_11ParallelForIN4pops12HaloExchangeILi2ENS_9CudaSpaceEE12UnpackKernelENS_11RangePolicyIJNS_4CudaENS_9IndexTypeIlEEEEES9_EEEEvT_, (-1));__cudaRegisterEntry(__T1093, ((void ( *)(const  _ZN6Kokkos4Impl11ParallelForIN4pops12HaloExchangeILi2ENS_9CudaSpaceEE10PackKernelENS_11RangePolicyIJNS_4CudaENS_9IndexTypeIlEEEEES8_EE))Kokkos::Impl::cuda_parallel_launch_local_memory< ::Kokkos::Impl::ParallelFor< ::pops::HaloExchange<(int)2,  ::Kokkos::CudaSpace> ::PackKernel,  ::Kokkos::RangePolicy< ::Kokkos::Cuda,  ::Kokkos::IndexType<long>  > ,  ::Kokkos::Cuda> > ), _ZN6Kokkos4Impl33cuda_parallel_launch_local_memoryINS0_11ParallelForIN4pops12HaloExchangeILi2ENS_9CudaSpaceEE10PackKernelENS_11RangePolicyIJNS_4CudaENS_9IndexTypeIlEEEEES9_EEEEvT_, (-1));__cudaRegisterEntry(__T1093, ((void ( *)(const  _ZN6Kokkos4Impl11ParallelForIZN4pops6detail18launch_index_spaceINS_4CudaELi2ENS2_8elliptic2mg10fac_detail30QuadraticInterpolationTransferILi2EEEEEvRKT_RKNS2_3BoxIXT0_EEEPKcT1_EUllE_NS_11RangePolicyIJS5_NS_9IndexTypeIlEEEEES5_EE))Kokkos::Impl::cuda_parallel_launch_local_memory< ::Kokkos::Impl::ParallelFor< ::__nv_hdl_wrapper_t<false,false,false,__nv_dl_tag<void (*)(const  ::Kokkos::Cuda &, const  ::pops::Box<(int)2>  &, const char *,  ::pops::elliptic::mg::fac_detail::QuadraticInterpolationTransfer<(int)2> ),(& :: pops::detail::launch_index_space< ::Kokkos::Cuda, (int)2,  ::pops::elliptic::mg::fac_detail::QuadraticInterpolationTransfer<(int)2> > ), 1> ,void (long), ::pops::elliptic::mg::fac_detail::QuadraticInterpolationTransfer<(int)2> ,const  ::pops::Index<(int)2> ,const  ::pops::Extent<(int)2> >,  ::Kokkos::RangePolicy< ::Kokkos::Cuda,  ::Kokkos::IndexType<long>  > ,  ::Kokkos::Cuda> > ), _ZN6Kokkos4Impl33cuda_parallel_launch_local_memoryINS0_11ParallelForIZN4pops6detail18launch_index_spaceINS_4CudaELi2ENS3_8elliptic2mg10fac_detail30QuadraticInterpolationTransferILi2EEEEEvRKT_RKNS3_3BoxIXT0_EEEPKcT1_EUllE_NS_11RangePolicyIJS6_NS_9IndexTypeIlEEEEES6_EEEEvSC_, (-1));__cudaRegisterEntry(__T1093, ((void ( *)(const  _ZN6Kokkos4Impl11ParallelForIN4pops8elliptic3amr20partitioned_transfer15RegionTransportILi2ENS_9CudaSpaceEE12UnpackKernelENS_11RangePolicyIJNS_4CudaENS_9IndexTypeIlEEEEESB_EE))Kokkos::Impl::cuda_parallel_launch_local_memory< ::Kokkos::Impl::ParallelFor< ::pops::elliptic::amr::partitioned_transfer::RegionTransport<(int)2,  ::Kokkos::CudaSpace> ::UnpackKernel,  ::Kokkos::RangePolicy< ::Kokkos::Cuda,  ::Kokkos::IndexType<long>  > ,  ::Kokkos::Cuda> > ), _ZN6Kokkos4Impl33cuda_parallel_launch_local_memoryINS0_11ParallelForIN4pops8elliptic3amr20partitioned_transfer15RegionTransportILi2ENS_9CudaSpaceEE12UnpackKernelENS_11RangePolicyIJNS_4CudaENS_9IndexTypeIlEEEEESC_EEEEvT_, (-1));__cudaRegisterEntry(__T1093, ((void ( *)(const  _ZN6Kokkos4Impl11ParallelForINS0_8ViewCopyINS_4ViewIPdJNS_10LayoutLeftENS_6DeviceINS_4CudaENS_14AnonymousSpaceEEENS_12MemoryTraitsILj0EEEEEENS3_IPKdJS5_NS6_INS_6OpenMPES8_EESB_EEES5_S7_Li1EiEENS_11RangePolicyIJS7_NS_9IndexTypeIiEEEEES7_EE))Kokkos::Impl::cuda_parallel_launch_local_memory< ::Kokkos::Impl::ParallelFor< ::Kokkos::Impl::ViewCopy< ::Kokkos::View<double *,  ::Kokkos::LayoutLeft,  ::Kokkos::Device< ::Kokkos::Cuda,  ::Kokkos::AnonymousSpace> ,  ::Kokkos::MemoryTraits<(unsigned int)0u>  > ,  ::Kokkos::View<const double *,  ::Kokkos::LayoutLeft,  ::Kokkos::Device< ::Kokkos::OpenMP,  ::Kokkos::AnonymousSpace> ,  ::Kokkos::MemoryTraits<(unsigned int)0u>  > ,  ::Kokkos::LayoutLeft,  ::Kokkos::Cuda, (int)1, int> ,  ::Kokkos::RangePolicy< ::Kokkos::Cuda,  ::Kokkos::IndexType<int>  > ,  ::Kokkos::Cuda> > ), _ZN6Kokkos4Impl33cuda_parallel_launch_local_memoryINS0_11ParallelForINS0_8ViewCopyINS_4ViewIPdJNS_10LayoutLeftENS_6DeviceINS_4CudaENS_14AnonymousSpaceEEENS_12MemoryTraitsILj0EEEEEENS4_IPKdJS6_NS7_INS_6OpenMPES9_EESC_EEES6_S8_Li1EiEENS_11RangePolicyIJS8_NS_9IndexTypeIiEEEEES8_EEEEvT_, (-1));__cudaRegisterEntry(__T1093, ((void ( *)(const  _ZN6Kokkos4Impl11ParallelForINS0_8ViewCopyINS_4ViewIPdJNS_10LayoutLeftENS_6DeviceINS_4CudaENS_14AnonymousSpaceEEENS_12MemoryTraitsILj0EEEEEENS3_IPKdJS5_NS6_INS_6OpenMPES8_EESB_EEENS_11LayoutRightES7_Li1EiEENS_11RangePolicyIJS7_NS_9IndexTypeIiEEEEES7_EE))Kokkos::Impl::cuda_parallel_launch_local_memory< ::Kokkos::Impl::ParallelFor< ::Kokkos::Impl::ViewCopy< ::Kokkos::View<double *,  ::Kokkos::LayoutLeft,  ::Kokkos::Device< ::Kokkos::Cuda,  ::Kokkos::AnonymousSpace> ,  ::Kokkos::MemoryTraits<(unsigned int)0u>  > ,  ::Kokkos::View<const double *,  ::Kokkos::LayoutLeft,  ::Kokkos::Device< ::Kokkos::OpenMP,  ::Kokkos::AnonymousSpace> ,  ::Kokkos::MemoryTraits<(unsigned int)0u>  > ,  ::Kokkos::LayoutRight,  ::Kokkos::Cuda, (int)1, int> ,  ::Kokkos::RangePolicy< ::Kokkos::Cuda,  ::Kokkos::IndexType<int>  > ,  ::Kokkos::Cuda> > ), _ZN6Kokkos4Impl33cuda_parallel_launch_local_memoryINS0_11ParallelForINS0_8ViewCopyINS_4ViewIPdJNS_10LayoutLeftENS_6DeviceINS_4CudaENS_14AnonymousSpaceEEENS_12MemoryTraitsILj0EEEEEENS4_IPKdJS6_NS7_INS_6OpenMPES9_EESC_EEENS_11LayoutRightES8_Li1EiEENS_11RangePolicyIJS8_NS_9IndexTypeIiEEEEES8_EEEEvT_, (-1));__cudaRegisterEntry(__T1093, ((void ( *)(const  _ZN6Kokkos4Impl11ParallelForINS0_8ViewCopyINS_4ViewIPdJNS_10LayoutLeftENS_6DeviceINS_4CudaENS_14AnonymousSpaceEEENS_12MemoryTraitsILj0EEEEEENS3_IPKdJS5_NS6_INS_6OpenMPES8_EESB_EEES5_S7_Li1ElEENS_11RangePolicyIJS7_NS_9IndexTypeIlEEEEES7_EE))Kokkos::Impl::cuda_parallel_launch_local_memory< ::Kokkos::Impl::ParallelFor< ::Kokkos::Impl::ViewCopy< ::Kokkos::View<double *,  ::Kokkos::LayoutLeft,  ::Kokkos::Device< ::Kokkos::Cuda,  ::Kokkos::AnonymousSpace> ,  ::Kokkos::MemoryTraits<(unsigned int)0u>  > ,  ::Kokkos::View<const double *,  ::Kokkos::LayoutLeft,  ::Kokkos::Device< ::Kokkos::OpenMP,  ::Kokkos::AnonymousSpace> ,  ::Kokkos::MemoryTraits<(unsigned int)0u>  > ,  ::Kokkos::LayoutLeft,  ::Kokkos::Cuda, (int)1, long> ,  ::Kokkos::RangePolicy< ::Kokkos::Cuda,  ::Kokkos::IndexType<long>  > ,  ::Kokkos::Cuda> > ), _ZN6Kokkos4Impl33cuda_parallel_launch_local_memoryINS0_11ParallelForINS0_8ViewCopyINS_4ViewIPdJNS_10LayoutLeftENS_6DeviceINS_4CudaENS_14AnonymousSpaceEEENS_12MemoryTraitsILj0EEEEEENS4_IPKdJS6_NS7_INS_6OpenMPES9_EESC_EEES6_S8_Li1ElEENS_11RangePolicyIJS8_NS_9IndexTypeIlEEEEES8_EEEEvT_, (-1));__cudaRegisterEntry(__T1093, ((void ( *)(const  _ZN6Kokkos4Impl11ParallelForINS0_8ViewCopyINS_4ViewIPdJNS_10LayoutLeftENS_6DeviceINS_4CudaENS_14AnonymousSpaceEEENS_12MemoryTraitsILj0EEEEEENS3_IPKdJS5_NS6_INS_6OpenMPES8_EESB_EEENS_11LayoutRightES7_Li1ElEENS_11RangePolicyIJS7_NS_9IndexTypeIlEEEEES7_EE))Kokkos::Impl::cuda_parallel_launch_local_memory< ::Kokkos::Impl::ParallelFor< ::Kokkos::Impl::ViewCopy< ::Kokkos::View<double *,  ::Kokkos::LayoutLeft,  ::Kokkos::Device< ::Kokkos::Cuda,  ::Kokkos::AnonymousSpace> ,  ::Kokkos::MemoryTraits<(unsigned int)0u>  > ,  ::Kokkos::View<const double *,  ::Kokkos::LayoutLeft,  ::Kokkos::Device< ::Kokkos::OpenMP,  ::Kokkos::AnonymousSpace> ,  ::Kokkos::MemoryTraits<(unsigned int)0u>  > ,  ::Kokkos::LayoutRight,  ::Kokkos::Cuda, (int)1, long> ,  ::Kokkos::RangePolicy< ::Kokkos::Cuda,  ::Kokkos::IndexType<long>  > ,  ::Kokkos::Cuda> > ), _ZN6Kokkos4Impl33cuda_parallel_launch_local_memoryINS0_11ParallelForINS0_8ViewCopyINS_4ViewIPdJNS_10LayoutLeftENS_6DeviceINS_4CudaENS_14AnonymousSpaceEEENS_12MemoryTraitsILj0EEEEEENS4_IPKdJS6_NS7_INS_6OpenMPES9_EESC_EEENS_11LayoutRightES8_Li1ElEENS_11RangePolicyIJS8_NS_9IndexTypeIlEEEEES8_EEEEvT_, (-1));__cudaRegisterEntry(__T1093, ((void ( *)(const  _ZN6Kokkos4Impl11ParallelForINS0_8ViewCopyINS_4ViewIPdJNS_10LayoutLeftENS_6DeviceINS_6OpenMPENS_14AnonymousSpaceEEENS_12MemoryTraitsILj0EEEEEENS3_IPKdJS5_NS6_INS_4CudaES8_EESB_EEES5_SF_Li1EiEENS_11RangePolicyIJSF_NS_9IndexTypeIiEEEEESF_EE))Kokkos::Impl::cuda_parallel_launch_local_memory< ::Kokkos::Impl::ParallelFor< ::Kokkos::Impl::ViewCopy< ::Kokkos::View<double *,  ::Kokkos::LayoutLeft,  ::Kokkos::Device< ::Kokkos::OpenMP,  ::Kokkos::AnonymousSpace> ,  ::Kokkos::MemoryTraits<(unsigned int)0u>  > ,  ::Kokkos::View<const double *,  ::Kokkos::LayoutLeft,  ::Kokkos::Device< ::Kokkos::Cuda,  ::Kokkos::AnonymousSpace> ,  ::Kokkos::MemoryTraits<(unsigned int)0u>  > ,  ::Kokkos::LayoutLeft,  ::Kokkos::Cuda, (int)1, int> ,  ::Kokkos::RangePolicy< ::Kokkos::Cuda,  ::Kokkos::IndexType<int>  > ,  ::Kokkos::Cuda> > ), _ZN6Kokkos4Impl33cuda_parallel_launch_local_memoryINS0_11ParallelForINS0_8ViewCopyINS_4ViewIPdJNS_10LayoutLeftENS_6DeviceINS_6OpenMPENS_14AnonymousSpaceEEENS_12MemoryTraitsILj0EEEEEENS4_IPKdJS6_NS7_INS_4CudaES9_EESC_EEES6_SG_Li1EiEENS_11RangePolicyIJSG_NS_9IndexTypeIiEEEEESG_EEEEvT_, (-1));__cudaRegisterEntry(__T1093, ((void ( *)(const  _ZN6Kokkos4Impl11ParallelForINS0_8ViewCopyINS_4ViewIPdJNS_10LayoutLeftENS_6DeviceINS_6OpenMPENS_14AnonymousSpaceEEENS_12MemoryTraitsILj0EEEEEENS3_IPKdJS5_NS6_INS_4CudaES8_EESB_EEENS_11LayoutRightESF_Li1EiEENS_11RangePolicyIJSF_NS_9IndexTypeIiEEEEESF_EE))Kokkos::Impl::cuda_parallel_launch_local_memory< ::Kokkos::Impl::ParallelFor< ::Kokkos::Impl::ViewCopy< ::Kokkos::View<double *,  ::Kokkos::LayoutLeft,  ::Kokkos::Device< ::Kokkos::OpenMP,  ::Kokkos::AnonymousSpace> ,  ::Kokkos::MemoryTraits<(unsigned int)0u>  > ,  ::Kokkos::View<const double *,  ::Kokkos::LayoutLeft,  ::Kokkos::Device< ::Kokkos::Cuda,  ::Kokkos::AnonymousSpace> ,  ::Kokkos::MemoryTraits<(unsigned int)0u>  > ,  ::Kokkos::LayoutRight,  ::Kokkos::Cuda, (int)1, int> ,  ::Kokkos::RangePolicy< ::Kokkos::Cuda,  ::Kokkos::IndexType<int>  > ,  ::Kokkos::Cuda> > ), _ZN6Kokkos4Impl33cuda_parallel_launch_local_memoryINS0_11ParallelForINS0_8ViewCopyINS_4ViewIPdJNS_10LayoutLeftENS_6DeviceINS_6OpenMPENS_14AnonymousSpaceEEENS_12MemoryTraitsILj0EEEEEENS4_IPKdJS6_NS7_INS_4CudaES9_EESC_EEENS_11LayoutRightESG_Li1EiEENS_11RangePolicyIJSG_NS_9IndexTypeIiEEEEESG_EEEEvT_, (-1));__cudaRegisterEntry(__T1093, ((void ( *)(const  _ZN6Kokkos4Impl11ParallelForINS0_8ViewCopyINS_4ViewIPdJNS_10LayoutLeftENS_6DeviceINS_6OpenMPENS_14AnonymousSpaceEEENS_12MemoryTraitsILj0EEEEEENS3_IPKdJS5_NS6_INS_4CudaES8_EESB_EEES5_SF_Li1ElEENS_11RangePolicyIJSF_NS_9IndexTypeIlEEEEESF_EE))Kokkos::Impl::cuda_parallel_launch_local_memory< ::Kokkos::Impl::ParallelFor< ::Kokkos::Impl::ViewCopy< ::Kokkos::View<double *,  ::Kokkos::LayoutLeft,  ::Kokkos::Device< ::Kokkos::OpenMP,  ::Kokkos::AnonymousSpace> ,  ::Kokkos::MemoryTraits<(unsigned int)0u>  > ,  ::Kokkos::View<const double *,  ::Kokkos::LayoutLeft,  ::Kokkos::Device< ::Kokkos::Cuda,  ::Kokkos::AnonymousSpace> ,  ::Kokkos::MemoryTraits<(unsigned int)0u>  > ,  ::Kokkos::LayoutLeft,  ::Kokkos::Cuda, (int)1, long> ,  ::Kokkos::RangePolicy< ::Kokkos::Cuda,  ::Kokkos::IndexType<long>  > ,  ::Kokkos::Cuda> > ), _ZN6Kokkos4Impl33cuda_parallel_launch_local_memoryINS0_11ParallelForINS0_8ViewCopyINS_4ViewIPdJNS_10LayoutLeftENS_6DeviceINS_6OpenMPENS_14AnonymousSpaceEEENS_12MemoryTraitsILj0EEEEEENS4_IPKdJS6_NS7_INS_4CudaES9_EESC_EEES6_SG_Li1ElEENS_11RangePolicyIJSG_NS_9IndexTypeIlEEEEESG_EEEEvT_, (-1));__cudaRegisterEntry(__T1093, ((void ( *)(const  _ZN6Kokkos4Impl11ParallelForINS0_8ViewCopyINS_4ViewIPdJNS_10LayoutLeftENS_6DeviceINS_6OpenMPENS_14AnonymousSpaceEEENS_12MemoryTraitsILj0EEEEEENS3_IPKdJS5_NS6_INS_4CudaES8_EESB_EEENS_11LayoutRightESF_Li1ElEENS_11RangePolicyIJSF_NS_9IndexTypeIlEEEEESF_EE))Kokkos::Impl::cuda_parallel_launch_local_memory< ::Kokkos::Impl::ParallelFor< ::Kokkos::Impl::ViewCopy< ::Kokkos::View<double *,  ::Kokkos::LayoutLeft,  ::Kokkos::Device< ::Kokkos::OpenMP,  ::Kokkos::AnonymousSpace> ,  ::Kokkos::MemoryTraits<(unsigned int)0u>  > ,  ::Kokkos::View<const double *,  ::Kokkos::LayoutLeft,  ::Kokkos::Device< ::Kokkos::Cuda,  ::Kokkos::AnonymousSpace> ,  ::Kokkos::MemoryTraits<(unsigned int)0u>  > ,  ::Kokkos::LayoutRight,  ::Kokkos::Cuda, (int)1, long> ,  ::Kokkos::RangePolicy< ::Kokkos::Cuda,  ::Kokkos::IndexType<long>  > ,  ::Kokkos::Cuda> > ), _ZN6Kokkos4Impl33cuda_parallel_launch_local_memoryINS0_11ParallelForINS0_8ViewCopyINS_4ViewIPdJNS_10LayoutLeftENS_6DeviceINS_6OpenMPENS_14AnonymousSpaceEEENS_12MemoryTraitsILj0EEEEEENS4_IPKdJS6_NS7_INS_4CudaES9_EESC_EEENS_11LayoutRightESG_Li1ElEENS_11RangePolicyIJSG_NS_9IndexTypeIlEEEEESG_EEEEvT_, (-1));__cudaRegisterEntry(__T1093, ((void ( *)(const  _ZN6Kokkos4Impl11ParallelForIN4pops8elliptic3amr20partitioned_transfer15RegionTransportILi2ENS_9CudaSpaceEE10PackKernelENS_11RangePolicyIJNS_4CudaENS_9IndexTypeIlEEEEESB_EE))Kokkos::Impl::cuda_parallel_launch_local_memory< ::Kokkos::Impl::ParallelFor< ::pops::elliptic::amr::partitioned_transfer::RegionTransport<(int)2,  ::Kokkos::CudaSpace> ::PackKernel,  ::Kokkos::RangePolicy< ::Kokkos::Cuda,  ::Kokkos::IndexType<long>  > ,  ::Kokkos::Cuda> > ), _ZN6Kokkos4Impl33cuda_parallel_launch_local_memoryINS0_11ParallelForIN4pops8elliptic3amr20partitioned_transfer15RegionTransportILi2ENS_9CudaSpaceEE10PackKernelENS_11RangePolicyIJNS_4CudaENS_9IndexTypeIlEEEEESC_EEEEvT_, (-1));__cudaRegisterEntry(__T1093, ((void ( *)(const  _ZN6Kokkos4Impl11ParallelForIZN4pops6detail18launch_index_spaceINS_4CudaELi2ENS2_8elliptic3amr10fac_detail17RestrictionKernelILi2EEEEEvRKT_RKNS2_3BoxIXT0_EEEPKcT1_EUllE_NS_11RangePolicyIJS5_NS_9IndexTypeIlEEEEES5_EE))Kokkos::Impl::cuda_parallel_launch_local_memory< ::Kokkos::Impl::ParallelFor< ::__nv_hdl_wrapper_t<false,false,false,__nv_dl_tag<void (*)(const  ::Kokkos::Cuda &, const  ::pops::Box<(int)2>  &, const char *,  ::pops::elliptic::amr::fac_detail::RestrictionKernel<(int)2> ),(& :: pops::detail::launch_index_space< ::Kokkos::Cuda, (int)2,  ::pops::elliptic::amr::fac_detail::RestrictionKernel<(int)2> > ), 1> ,void (long), ::pops::elliptic::amr::fac_detail::RestrictionKernel<(int)2> ,const  ::pops::Index<(int)2> ,const  ::pops::Extent<(int)2> >,  ::Kokkos::RangePolicy< ::Kokkos::Cuda,  ::Kokkos::IndexType<long>  > ,  ::Kokkos::Cuda> > ), _ZN6Kokkos4Impl33cuda_parallel_launch_local_memoryINS0_11ParallelForIZN4pops6detail18launch_index_spaceINS_4CudaELi2ENS3_8elliptic3amr10fac_detail17RestrictionKernelILi2EEEEEvRKT_RKNS3_3BoxIXT0_EEEPKcT1_EUllE_NS_11RangePolicyIJS6_NS_9IndexTypeIlEEEEES6_EEEEvSC_, (-1));__cudaRegisterEntry(__T1093, ((void ( *)(const  _ZN6Kokkos4Impl11ParallelForIZN4pops6detail18launch_index_spaceINS_4CudaELi2ENS3_21ShiftFieldBasisKernelILi2EEEEEvRKT_RKNS2_3BoxIXT0_EEEPKcT1_EUllE_NS_11RangePolicyIJS5_NS_9IndexTypeIlEEEEES5_EE))Kokkos::Impl::cuda_parallel_launch_local_memory< ::Kokkos::Impl::ParallelFor< ::__nv_hdl_wrapper_t<false,false,false,__nv_dl_tag<void (*)(const  ::Kokkos::Cuda &, const  ::pops::Box<(int)2>  &, const char *,  ::pops::detail::ShiftFieldBasisKernel<(int)2> ),(& :: pops::detail::launch_index_space< ::Kokkos::Cuda, (int)2,  ::pops::detail::ShiftFieldBasisKernel<(int)2> > ), 1> ,void (long), ::pops::detail::ShiftFieldBasisKernel<(int)2> ,const  ::pops::Index<(int)2> ,const  ::pops::Extent<(int)2> >,  ::Kokkos::RangePolicy< ::Kokkos::Cuda,  ::Kokkos::IndexType<long>  > ,  ::Kokkos::Cuda> > ), _ZN6Kokkos4Impl33cuda_parallel_launch_local_memoryINS0_11ParallelForIZN4pops6detail18launch_index_spaceINS_4CudaELi2ENS4_21ShiftFieldBasisKernelILi2EEEEEvRKT_RKNS3_3BoxIXT0_EEEPKcT1_EUllE_NS_11RangePolicyIJS6_NS_9IndexTypeIlEEEEES6_EEEEvS9_, (-1));__cudaRegisterEntry(__T1093, ((void ( *)(const  _ZN6Kokkos4Impl14ParallelReduceINS0_22CombinedFunctorReducerIZN4pops24for_each_cell_reduce_sumINS_4CudaELi2ENS3_6detail25FieldBasisAbsMomentKernelILi2EEEEEdRKT_RKNS3_3BoxIXT0_EEET1_EUllRdE_NS0_15FunctorAnalysisINS0_23FunctorPatternInterface6REDUCEENS_11RangePolicyIJS5_NS_9IndexTypeIlEEEEENS_3SumIdNS_9HostSpaceEEEdE7ReducerEvEESP_S5_EE))Kokkos::Impl::cuda_parallel_launch_local_memory< ::Kokkos::Impl::ParallelReduce< ::Kokkos::Impl::CombinedFunctorReducer< ::__nv_hdl_wrapper_t<false,false,false,__nv_dl_tag<double (*)(const  ::Kokkos::Cuda &, const  ::pops::Box<(int)2>  &,  ::pops::detail::FieldBasisAbsMomentKernel<(int)2> ),(& :: pops::for_each_cell_reduce_sum< ::Kokkos::Cuda, (int)2,  ::pops::detail::FieldBasisAbsMomentKernel<(int)2> > ), 1> ,void (long, double &), ::pops::detail::FieldBasisAbsMomentKernel<(int)2> ,const  ::pops::Index<(int)2> ,const  ::pops::Extent<(int)2> >,  ::Kokkos::Impl::FunctorAnalysis< ::Kokkos::Impl::FunctorPatternInterface::REDUCE,  ::Kokkos::RangePolicy< ::Kokkos::Cuda,  ::Kokkos::IndexType<long>  > ,  ::Kokkos::Sum<double,  ::Kokkos::HostSpace> , double> ::Reducer, void> ,  ::Kokkos::RangePolicy< ::Kokkos::Cuda,  ::Kokkos::IndexType<long>  > ,  ::Kokkos::Cuda> > ), _ZN6Kokkos4Impl33cuda_parallel_launch_local_memoryINS0_14ParallelReduceINS0_22CombinedFunctorReducerIZN4pops24for_each_cell_reduce_sumINS_4CudaELi2ENS4_6detail25FieldBasisAbsMomentKernelILi2EEEEEdRKT_RKNS4_3BoxIXT0_EEET1_EUllRdE_NS0_15FunctorAnalysisINS0_23FunctorPatternInterface6REDUCEENS_11RangePolicyIJS6_NS_9IndexTypeIlEEEEENS_3SumIdNS_9HostSpaceEEEdE7ReducerEvEESQ_S6_EEEEvSA_, (-1));__cudaRegisterEntry(__T1093, ((void ( *)(const  _ZN6Kokkos4Impl14ParallelReduceINS0_22CombinedFunctorReducerIZN4pops24for_each_cell_reduce_sumINS_4CudaELi2ENS3_6detail22FieldBasisMomentKernelILi2EEEEEdRKT_RKNS3_3BoxIXT0_EEET1_EUllRdE_NS0_15FunctorAnalysisINS0_23FunctorPatternInterface6REDUCEENS_11RangePolicyIJS5_NS_9IndexTypeIlEEEEENS_3SumIdNS_9HostSpaceEEEdE7ReducerEvEESP_S5_EE))Kokkos::Impl::cuda_parallel_launch_local_memory< ::Kokkos::Impl::ParallelReduce< ::Kokkos::Impl::CombinedFunctorReducer< ::__nv_hdl_wrapper_t<false,false,false,__nv_dl_tag<double (*)(const  ::Kokkos::Cuda &, const  ::pops::Box<(int)2>  &,  ::pops::detail::FieldBasisMomentKernel<(int)2> ),(& :: pops::for_each_cell_reduce_sum< ::Kokkos::Cuda, (int)2,  ::pops::detail::FieldBasisMomentKernel<(int)2> > ), 1> ,void (long, double &), ::pops::detail::FieldBasisMomentKernel<(int)2> ,const  ::pops::Index<(int)2> ,const  ::pops::Extent<(int)2> >,  ::Kokkos::Impl::FunctorAnalysis< ::Kokkos::Impl::FunctorPatternInterface::REDUCE,  ::Kokkos::RangePolicy< ::Kokkos::Cuda,  ::Kokkos::IndexType<long>  > ,  ::Kokkos::Sum<double,  ::Kokkos::HostSpace> , double> ::Reducer, void> ,  ::Kokkos::RangePolicy< ::Kokkos::Cuda,  ::Kokkos::IndexType<long>  > ,  ::Kokkos::Cuda> > ), _ZN6Kokkos4Impl33cuda_parallel_launch_local_memoryINS0_14ParallelReduceINS0_22CombinedFunctorReducerIZN4pops24for_each_cell_reduce_sumINS_4CudaELi2ENS4_6detail22FieldBasisMomentKernelILi2EEEEEdRKT_RKNS4_3BoxIXT0_EEET1_EUllRdE_NS0_15FunctorAnalysisINS0_23FunctorPatternInterface6REDUCEENS_11RangePolicyIJS6_NS_9IndexTypeIlEEEEENS_3SumIdNS_9HostSpaceEEEdE7ReducerEvEESQ_S6_EEEEvSA_, (-1));__cudaRegisterEntry(__T1093, ((void ( *)(const  _ZN6Kokkos4Impl11ParallelForIZN4pops6detail18launch_index_spaceINS_4CudaELi2ENS2_8elliptic2mg6detail16CopyScalarKernelILi2EEEEEvRKT_RKNS2_3BoxIXT0_EEEPKcT1_EUllE_NS_11RangePolicyIJS5_NS_9IndexTypeIlEEEEES5_EE))Kokkos::Impl::cuda_parallel_launch_local_memory< ::Kokkos::Impl::ParallelFor< ::__nv_hdl_wrapper_t<false,false,false,__nv_dl_tag<void (*)(const  ::Kokkos::Cuda &, const  ::pops::Box<(int)2>  &, const char *,  ::pops::elliptic::mg::detail::CopyScalarKernel<(int)2> ),(& :: pops::detail::launch_index_space< ::Kokkos::Cuda, (int)2,  ::pops::elliptic::mg::detail::CopyScalarKernel<(int)2> > ), 1> ,void (long), ::pops::elliptic::mg::detail::CopyScalarKernel<(int)2> ,const  ::pops::Index<(int)2> ,const  ::pops::Extent<(int)2> >,  ::Kokkos::RangePolicy< ::Kokkos::Cuda,  ::Kokkos::IndexType<long>  > ,  ::Kokkos::Cuda> > ), _ZN6Kokkos4Impl33cuda_parallel_launch_local_memoryINS0_11ParallelForIZN4pops6detail18launch_index_spaceINS_4CudaELi2ENS3_8elliptic2mg6detail16CopyScalarKernelILi2EEEEEvRKT_RKNS3_3BoxIXT0_EEEPKcT1_EUllE_NS_11RangePolicyIJS6_NS_9IndexTypeIlEEEEES6_EEEEvSC_, (-1));__cudaRegisterEntry(__T1093, ((void ( *)(const  _ZN6Kokkos4Impl11ParallelForIZN4pops6detail18launch_index_spaceINS_4CudaELi2ENS2_8elliptic2mg10fac_detail15SetScalarKernelILi2EEEEEvRKT_RKNS2_3BoxIXT0_EEEPKcT1_EUllE_NS_11RangePolicyIJS5_NS_9IndexTypeIlEEEEES5_EE))Kokkos::Impl::cuda_parallel_launch_local_memory< ::Kokkos::Impl::ParallelFor< ::__nv_hdl_wrapper_t<false,false,false,__nv_dl_tag<void (*)(const  ::Kokkos::Cuda &, const  ::pops::Box<(int)2>  &, const char *,  ::pops::elliptic::mg::fac_detail::SetScalarKernel<(int)2> ),(& :: pops::detail::launch_index_space< ::Kokkos::Cuda, (int)2,  ::pops::elliptic::mg::fac_detail::SetScalarKernel<(int)2> > ), 1> ,void (long), ::pops::elliptic::mg::fac_detail::SetScalarKernel<(int)2> ,const  ::pops::Index<(int)2> ,const  ::pops::Extent<(int)2> >,  ::Kokkos::RangePolicy< ::Kokkos::Cuda,  ::Kokkos::IndexType<long>  > ,  ::Kokkos::Cuda> > ), _ZN6Kokkos4Impl33cuda_parallel_launch_local_memoryINS0_11ParallelForIZN4pops6detail18launch_index_spaceINS_4CudaELi2ENS3_8elliptic2mg10fac_detail15SetScalarKernelILi2EEEEEvRKT_RKNS3_3BoxIXT0_EEEPKcT1_EUllE_NS_11RangePolicyIJS6_NS_9IndexTypeIlEEEEES6_EEEEvSC_, (-1));__cudaRegisterEntry(__T1093, ((void ( *)(const  _ZN6Kokkos4Impl14ParallelReduceINS0_22CombinedFunctorReducerIZN4pops24for_each_cell_reduce_sumINS_4CudaELi2ENS3_6detail20FieldBasisGramKernelILi2EEEEEdRKT_RKNS3_3BoxIXT0_EEET1_EUllRdE_NS0_15FunctorAnalysisINS0_23FunctorPatternInterface6REDUCEENS_11RangePolicyIJS5_NS_9IndexTypeIlEEEEENS_3SumIdNS_9HostSpaceEEEdE7ReducerEvEESP_S5_EE))Kokkos::Impl::cuda_parallel_launch_local_memory< ::Kokkos::Impl::ParallelReduce< ::Kokkos::Impl::CombinedFunctorReducer< ::__nv_hdl_wrapper_t<false,false,false,__nv_dl_tag<double (*)(const  ::Kokkos::Cuda &, const  ::pops::Box<(int)2>  &,  ::pops::detail::FieldBasisGramKernel<(int)2> ),(& :: pops::for_each_cell_reduce_sum< ::Kokkos::Cuda, (int)2,  ::pops::detail::FieldBasisGramKernel<(int)2> > ), 1> ,void (long, double &), ::pops::detail::FieldBasisGramKernel<(int)2> ,const  ::pops::Index<(int)2> ,const  ::pops::Extent<(int)2> >,  ::Kokkos::Impl::FunctorAnalysis< ::Kokkos::Impl::FunctorPatternInterface::REDUCE,  ::Kokkos::RangePolicy< ::Kokkos::Cuda,  ::Kokkos::IndexType<long>  > ,  ::Kokkos::Sum<double,  ::Kokkos::HostSpace> , double> ::Reducer, void> ,  ::Kokkos::RangePolicy< ::Kokkos::Cuda,  ::Kokkos::IndexType<long>  > ,  ::Kokkos::Cuda> > ), _ZN6Kokkos4Impl33cuda_parallel_launch_local_memoryINS0_14ParallelReduceINS0_22CombinedFunctorReducerIZN4pops24for_each_cell_reduce_sumINS_4CudaELi2ENS4_6detail20FieldBasisGramKernelILi2EEEEEdRKT_RKNS4_3BoxIXT0_EEET1_EUllRdE_NS0_15FunctorAnalysisINS0_23FunctorPatternInterface6REDUCEENS_11RangePolicyIJS6_NS_9IndexTypeIlEEEEENS_3SumIdNS_9HostSpaceEEEdE7ReducerEvEESQ_S6_EEEEvSA_, (-1));__cudaRegisterEntry(__T1093, ((void ( *)(const  _ZN6Kokkos4Impl14ParallelReduceINS0_22CombinedFunctorReducerIZN4pops6detail50require_exact_replicated_field_values_prevalidatedILi2EEEvRKNS3_8MultiFabIXT_ENS_9CudaSpaceEEEPcmPKcRKNS3_16CommunicatorViewEEUlmRlE_NS0_15FunctorAnalysisINS0_23FunctorPatternInterface6REDUCEENS_11RangePolicyIJNS_9IndexTypeImEEEEENS_3MaxIlNS_9HostSpaceEEElE7ReducerEvEESP_NS_4CudaEEE))Kokkos::Impl::cuda_parallel_launch_local_memory< ::Kokkos::Impl::ParallelReduce< ::Kokkos::Impl::CombinedFunctorReducer< ::__nv_hdl_wrapper_t<false,false,false,__nv_dl_tag<void (*)(const  ::pops::MultiFab<(int)2,  ::Kokkos::CudaSpace>  &, char *, unsigned long, const char *, const  ::pops::CommunicatorView &),(& :: pops::detail::require_exact_replicated_field_values_prevalidated<(int)2> ), 3> ,void (unsigned long, long &),char *,char *>,  ::Kokkos::Impl::FunctorAnalysis< ::Kokkos::Impl::FunctorPatternInterface::REDUCE,  ::Kokkos::RangePolicy< ::Kokkos::IndexType<unsigned long>  > ,  ::Kokkos::Max<long,  ::Kokkos::HostSpace> , long> ::Reducer, void> ,  ::Kokkos::RangePolicy< ::Kokkos::IndexType<unsigned long>  > ,  ::Kokkos::Cuda> > ), _ZN6Kokkos4Impl33cuda_parallel_launch_local_memoryINS0_14ParallelReduceINS0_22CombinedFunctorReducerIZN4pops6detail50require_exact_replicated_field_values_prevalidatedILi2EEEvRKNS4_8MultiFabIXT_ENS_9CudaSpaceEEEPcmPKcRKNS4_16CommunicatorViewEEUlmRlE_NS0_15FunctorAnalysisINS0_23FunctorPatternInterface6REDUCEENS_11RangePolicyIJNS_9IndexTypeImEEEEENS_3MaxIlNS_9HostSpaceEEElE7ReducerEvEESQ_NS_4CudaEEEEEvT_, (-1));__cudaRegisterEntry(__T1093, ((void ( *)(const  _ZN6Kokkos4Impl11ParallelForIZN4pops6detail50require_exact_replicated_field_values_prevalidatedILi2EEEvRKNS2_8MultiFabIXT_ENS_9CudaSpaceEEEPcmPKcRKNS2_16CommunicatorViewEEUlmE0_NS_11RangePolicyIJNS_9IndexTypeImEEEEENS_4CudaEEE))Kokkos::Impl::cuda_parallel_launch_local_memory< ::Kokkos::Impl::ParallelFor< ::__nv_hdl_wrapper_t<false,false,false,__nv_dl_tag<void (*)(const  ::pops::MultiFab<(int)2,  ::Kokkos::CudaSpace>  &, char *, unsigned long, const char *, const  ::pops::CommunicatorView &),(& :: pops::detail::require_exact_replicated_field_values_prevalidated<(int)2> ), 2> ,void (unsigned long),char *,char *>,  ::Kokkos::RangePolicy< ::Kokkos::IndexType<unsigned long>  > ,  ::Kokkos::Cuda> > ), _ZN6Kokkos4Impl33cuda_parallel_launch_local_memoryINS0_11ParallelForIZN4pops6detail50require_exact_replicated_field_values_prevalidatedILi2EEEvRKNS3_8MultiFabIXT_ENS_9CudaSpaceEEEPcmPKcRKNS3_16CommunicatorViewEEUlmE0_NS_11RangePolicyIJNS_9IndexTypeImEEEEENS_4CudaEEEEEvT_, (-1));__cudaRegisterEntry(__T1093, ((void ( *)(const  _ZN6Kokkos4Impl11ParallelForIZN4pops6detail50require_exact_replicated_field_values_prevalidatedILi2EEEvRKNS2_8MultiFabIXT_ENS_9CudaSpaceEEEPcmPKcRKNS2_16CommunicatorViewEEUlmE_NS_11RangePolicyIJNS_9IndexTypeImEEEEENS_4CudaEEE))Kokkos::Impl::cuda_parallel_launch_local_memory< ::Kokkos::Impl::ParallelFor< ::__nv_hdl_wrapper_t<false,false,false,__nv_dl_tag<void (*)(const  ::pops::MultiFab<(int)2,  ::Kokkos::CudaSpace>  &, char *, unsigned long, const char *, const  ::pops::CommunicatorView &),(& :: pops::detail::require_exact_replicated_field_values_prevalidated<(int)2> ), 1> ,void (unsigned long),const unsigned long,const unsigned long,const  ::pops::Box<(int)2> ,const  ::pops::FieldView<const double, (int)2> ,const unsigned long,char *>,  ::Kokkos::RangePolicy< ::Kokkos::IndexType<unsigned long>  > ,  ::Kokkos::Cuda> > ), _ZN6Kokkos4Impl33cuda_parallel_launch_local_memoryINS0_11ParallelForIZN4pops6detail50require_exact_replicated_field_values_prevalidatedILi2EEEvRKNS3_8MultiFabIXT_ENS_9CudaSpaceEEEPcmPKcRKNS3_16CommunicatorViewEEUlmE_NS_11RangePolicyIJNS_9IndexTypeImEEEEENS_4CudaEEEEEvT_, (-1));__cudaRegisterEntry(__T1093, ((void ( *)(const  _ZN6Kokkos4Impl11ParallelForINS0_16ViewValueFunctorINS_6DeviceINS_4CudaENS_9CudaSpaceEEENS_7complexIdEEEENS_11RangePolicyIJS4_NS_9IndexTypeImEENS9_12ConstructTagEEEES4_EE))Kokkos::Impl::cuda_parallel_launch_local_memory< ::Kokkos::Impl::ParallelFor< ::Kokkos::Impl::ViewValueFunctor< ::Kokkos::Device< ::Kokkos::Cuda,  ::Kokkos::CudaSpace> ,  ::Kokkos::complex<double> > ,  ::Kokkos::RangePolicy< ::Kokkos::Cuda,  ::Kokkos::IndexType<unsigned long> ,     ::Kokkos::Impl::ViewValueFunctor< ::Kokkos::Device< ::Kokkos::Cuda,  ::Kokkos::CudaSpace> ,  ::Kokkos::complex<double> > ::ConstructTag > ,  ::Kokkos::Cuda> > ), _ZN6Kokkos4Impl33cuda_parallel_launch_local_memoryINS0_11ParallelForINS0_16ViewValueFunctorINS_6DeviceINS_4CudaENS_9CudaSpaceEEENS_7complexIdEEEENS_11RangePolicyIJS5_NS_9IndexTypeImEENSA_12ConstructTagEEEES5_EEEEvT_, (-1));__cudaRegisterEntry(__T1093, ((void ( *)(const  _ZN6Kokkos4Impl11ParallelForINS0_16ViewValueFunctorINS_6DeviceINS_4CudaENS_9CudaSpaceEEENS_7complexIdEEEENS_11RangePolicyIJS4_NS_9IndexTypeImEENS9_10DestroyTagEEEES4_EE))Kokkos::Impl::cuda_parallel_launch_local_memory< ::Kokkos::Impl::ParallelFor< ::Kokkos::Impl::ViewValueFunctor< ::Kokkos::Device< ::Kokkos::Cuda,  ::Kokkos::CudaSpace> ,  ::Kokkos::complex<double> > ,  ::Kokkos::RangePolicy< ::Kokkos::Cuda,  ::Kokkos::IndexType<unsigned long> ,     ::Kokkos::Impl::ViewValueFunctor< ::Kokkos::Device< ::Kokkos::Cuda,  ::Kokkos::CudaSpace> ,  ::Kokkos::complex<double> > ::DestroyTag > ,  ::Kokkos::Cuda> > ), _ZN6Kokkos4Impl33cuda_parallel_launch_local_memoryINS0_11ParallelForINS0_16ViewValueFunctorINS_6DeviceINS_4CudaENS_9CudaSpaceEEENS_7complexIdEEEENS_11RangePolicyIJS5_NS_9IndexTypeImEENSA_10DestroyTagEEEES5_EEEEvT_, (-1));__cudaRegisterEntry(__T1093, ((void ( *)(const  _ZN6Kokkos4Impl11ParallelForIZN4pops6detail18launch_index_spaceINS_4CudaELi2ENS2_8elliptic3amr10fac_detail15SetScalarKernelILi2EEEEEvRKT_RKNS2_3BoxIXT0_EEEPKcT1_EUllE_NS_11RangePolicyIJS5_NS_9IndexTypeIlEEEEES5_EE))Kokkos::Impl::cuda_parallel_launch_local_memory< ::Kokkos::Impl::ParallelFor< ::__nv_hdl_wrapper_t<false,false,false,__nv_dl_tag<void (*)(const  ::Kokkos::Cuda &, const  ::pops::Box<(int)2>  &, const char *,  ::pops::elliptic::amr::fac_detail::SetScalarKernel<(int)2> ),(& :: pops::detail::launch_index_space< ::Kokkos::Cuda, (int)2,  ::pops::elliptic::amr::fac_detail::SetScalarKernel<(int)2> > ), 1> ,void (long), ::pops::elliptic::amr::fac_detail::SetScalarKernel<(int)2> ,const  ::pops::Index<(int)2> ,const  ::pops::Extent<(int)2> >,  ::Kokkos::RangePolicy< ::Kokkos::Cuda,  ::Kokkos::IndexType<long>  > ,  ::Kokkos::Cuda> > ), _ZN6Kokkos4Impl33cuda_parallel_launch_local_memoryINS0_11ParallelForIZN4pops6detail18launch_index_spaceINS_4CudaELi2ENS3_8elliptic3amr10fac_detail15SetScalarKernelILi2EEEEEvRKT_RKNS3_3BoxIXT0_EEEPKcT1_EUllE_NS_11RangePolicyIJS6_NS_9IndexTypeIlEEEEES6_EEEEvSC_, (-1));__cudaRegisterEntry(__T1093, ((void ( *)(const  _ZN6Kokkos4Impl11ParallelForINS0_8ViewFillINS_4ViewIPdJNS_10LayoutLeftENS_6DeviceINS_4CudaENS_14AnonymousSpaceEEENS_12MemoryTraitsILj0EEEEEES5_S7_Li1EiEENS_11RangePolicyIJS7_NS_9IndexTypeIiEENS_12Experimental15StaticBatchSizeILj16EEEEEES7_EE))Kokkos::Impl::cuda_parallel_launch_local_memory< ::Kokkos::Impl::ParallelFor< ::Kokkos::Impl::ViewFill< ::Kokkos::View<double *,  ::Kokkos::LayoutLeft,  ::Kokkos::Device< ::Kokkos::Cuda,  ::Kokkos::AnonymousSpace> ,  ::Kokkos::MemoryTraits<(unsigned int)0u>  > ,  ::Kokkos::LayoutLeft,  ::Kokkos::Cuda, (int)1, int> ,  ::Kokkos::RangePolicy< ::Kokkos::Cuda,  ::Kokkos::IndexType<int> ,  ::Kokkos::Experimental::StaticBatchSize<(unsigned int)16u>  > ,  ::Kokkos::Cuda> > ), _ZN6Kokkos4Impl33cuda_parallel_launch_local_memoryINS0_11ParallelForINS0_8ViewFillINS_4ViewIPdJNS_10LayoutLeftENS_6DeviceINS_4CudaENS_14AnonymousSpaceEEENS_12MemoryTraitsILj0EEEEEES6_S8_Li1EiEENS_11RangePolicyIJS8_NS_9IndexTypeIiEENS_12Experimental15StaticBatchSizeILj16EEEEEES8_EEEEvT_, (-1));__cudaRegisterEntry(__T1093, ((void ( *)(const  _ZN6Kokkos4Impl11ParallelForINS0_8ViewFillINS_4ViewIPdJNS_10LayoutLeftENS_6DeviceINS_4CudaENS_14AnonymousSpaceEEENS_12MemoryTraitsILj0EEEEEENS_11LayoutRightES7_Li1EiEENS_11RangePolicyIJS7_NS_9IndexTypeIiEENS_12Experimental15StaticBatchSizeILj16EEEEEES7_EE))Kokkos::Impl::cuda_parallel_launch_local_memory< ::Kokkos::Impl::ParallelFor< ::Kokkos::Impl::ViewFill< ::Kokkos::View<double *,  ::Kokkos::LayoutLeft,  ::Kokkos::Device< ::Kokkos::Cuda,  ::Kokkos::AnonymousSpace> ,  ::Kokkos::MemoryTraits<(unsigned int)0u>  > ,  ::Kokkos::LayoutRight,  ::Kokkos::Cuda, (int)1, int> ,  ::Kokkos::RangePolicy< ::Kokkos::Cuda,  ::Kokkos::IndexType<int> ,  ::Kokkos::Experimental::StaticBatchSize<(unsigned int)16u>  > ,  ::Kokkos::Cuda> > ), _ZN6Kokkos4Impl33cuda_parallel_launch_local_memoryINS0_11ParallelForINS0_8ViewFillINS_4ViewIPdJNS_10LayoutLeftENS_6DeviceINS_4CudaENS_14AnonymousSpaceEEENS_12MemoryTraitsILj0EEEEEENS_11LayoutRightES8_Li1EiEENS_11RangePolicyIJS8_NS_9IndexTypeIiEENS_12Experimental15StaticBatchSizeILj16EEEEEES8_EEEEvT_, (-1));__cudaRegisterEntry(__T1093, ((void ( *)(const  _ZN6Kokkos4Impl11ParallelForINS0_8ViewFillINS_4ViewIPdJNS_10LayoutLeftENS_6DeviceINS_4CudaENS_14AnonymousSpaceEEENS_12MemoryTraitsILj0EEEEEES5_S7_Li1ElEENS_11RangePolicyIJS7_NS_9IndexTypeIlEENS_12Experimental15StaticBatchSizeILj16EEEEEES7_EE))Kokkos::Impl::cuda_parallel_launch_local_memory< ::Kokkos::Impl::ParallelFor< ::Kokkos::Impl::ViewFill< ::Kokkos::View<double *,  ::Kokkos::LayoutLeft,  ::Kokkos::Device< ::Kokkos::Cuda,  ::Kokkos::AnonymousSpace> ,  ::Kokkos::MemoryTraits<(unsigned int)0u>  > ,  ::Kokkos::LayoutLeft,  ::Kokkos::Cuda, (int)1, long> ,  ::Kokkos::RangePolicy< ::Kokkos::Cuda,  ::Kokkos::IndexType<long> ,  ::Kokkos::Experimental::StaticBatchSize<(unsigned int)16u>  > ,  ::Kokkos::Cuda> > ), _ZN6Kokkos4Impl33cuda_parallel_launch_local_memoryINS0_11ParallelForINS0_8ViewFillINS_4ViewIPdJNS_10LayoutLeftENS_6DeviceINS_4CudaENS_14AnonymousSpaceEEENS_12MemoryTraitsILj0EEEEEES6_S8_Li1ElEENS_11RangePolicyIJS8_NS_9IndexTypeIlEENS_12Experimental15StaticBatchSizeILj16EEEEEES8_EEEEvT_, (-1));__cudaRegisterEntry(__T1093, ((void ( *)(const  _ZN6Kokkos4Impl11ParallelForINS0_8ViewFillINS_4ViewIPdJNS_10LayoutLeftENS_6DeviceINS_4CudaENS_14AnonymousSpaceEEENS_12MemoryTraitsILj0EEEEEENS_11LayoutRightES7_Li1ElEENS_11RangePolicyIJS7_NS_9IndexTypeIlEENS_12Experimental15StaticBatchSizeILj16EEEEEES7_EE))Kokkos::Impl::cuda_parallel_launch_local_memory< ::Kokkos::Impl::ParallelFor< ::Kokkos::Impl::ViewFill< ::Kokkos::View<double *,  ::Kokkos::LayoutLeft,  ::Kokkos::Device< ::Kokkos::Cuda,  ::Kokkos::AnonymousSpace> ,  ::Kokkos::MemoryTraits<(unsigned int)0u>  > ,  ::Kokkos::LayoutRight,  ::Kokkos::Cuda, (int)1, long> ,  ::Kokkos::RangePolicy< ::Kokkos::Cuda,  ::Kokkos::IndexType<long> ,  ::Kokkos::Experimental::StaticBatchSize<(unsigned int)16u>  > ,  ::Kokkos::Cuda> > ), _ZN6Kokkos4Impl33cuda_parallel_launch_local_memoryINS0_11ParallelForINS0_8ViewFillINS_4ViewIPdJNS_10LayoutLeftENS_6DeviceINS_4CudaENS_14AnonymousSpaceEEENS_12MemoryTraitsILj0EEEEEENS_11LayoutRightES8_Li1ElEENS_11RangePolicyIJS8_NS_9IndexTypeIlEENS_12Experimental15StaticBatchSizeILj16EEEEEES8_EEEEvT_, (-1));__cudaRegisterEntry(__T1093, ((void ( *)(const  _ZN6Kokkos4Impl11ParallelForINS0_8ViewFillINS_4ViewIPdJNS_11LayoutRightENS_6DeviceINS_4CudaENS_14AnonymousSpaceEEENS_12MemoryTraitsILj0EEEEEES5_S7_Li1ElEENS_11RangePolicyIJS7_NS_9IndexTypeIlEENS_12Experimental15StaticBatchSizeILj16EEEEEES7_EE))Kokkos::Impl::cuda_parallel_launch_local_memory< ::Kokkos::Impl::ParallelFor< ::Kokkos::Impl::ViewFill< ::Kokkos::View<double *,  ::Kokkos::LayoutRight,  ::Kokkos::Device< ::Kokkos::Cuda,  ::Kokkos::AnonymousSpace> ,  ::Kokkos::MemoryTraits<(unsigned int)0u>  > ,  ::Kokkos::LayoutRight,  ::Kokkos::Cuda, (int)1, long> ,  ::Kokkos::RangePolicy< ::Kokkos::Cuda,  ::Kokkos::IndexType<long> ,  ::Kokkos::Experimental::StaticBatchSize<(unsigned int)16u>  > ,  ::Kokkos::Cuda> > ), _ZN6Kokkos4Impl33cuda_parallel_launch_local_memoryINS0_11ParallelForINS0_8ViewFillINS_4ViewIPdJNS_11LayoutRightENS_6DeviceINS_4CudaENS_14AnonymousSpaceEEENS_12MemoryTraitsILj0EEEEEES6_S8_Li1ElEENS_11RangePolicyIJS8_NS_9IndexTypeIlEENS_12Experimental15StaticBatchSizeILj16EEEEEES8_EEEEvT_, (-1));__cudaRegisterEntry(__T1093, ((void ( *)(const  _ZN6Kokkos4Impl11ParallelForINS0_8ViewFillINS_4ViewIPdJNS_11LayoutRightENS_6DeviceINS_4CudaENS_14AnonymousSpaceEEENS_12MemoryTraitsILj0EEEEEES5_S7_Li1EiEENS_11RangePolicyIJS7_NS_9IndexTypeIiEENS_12Experimental15StaticBatchSizeILj16EEEEEES7_EE))Kokkos::Impl::cuda_parallel_launch_local_memory< ::Kokkos::Impl::ParallelFor< ::Kokkos::Impl::ViewFill< ::Kokkos::View<double *,  ::Kokkos::LayoutRight,  ::Kokkos::Device< ::Kokkos::Cuda,  ::Kokkos::AnonymousSpace> ,  ::Kokkos::MemoryTraits<(unsigned int)0u>  > ,  ::Kokkos::LayoutRight,  ::Kokkos::Cuda, (int)1, int> ,  ::Kokkos::RangePolicy< ::Kokkos::Cuda,  ::Kokkos::IndexType<int> ,  ::Kokkos::Experimental::StaticBatchSize<(unsigned int)16u>  > ,  ::Kokkos::Cuda> > ), _ZN6Kokkos4Impl33cuda_parallel_launch_local_memoryINS0_11ParallelForINS0_8ViewFillINS_4ViewIPdJNS_11LayoutRightENS_6DeviceINS_4CudaENS_14AnonymousSpaceEEENS_12MemoryTraitsILj0EEEEEES6_S8_Li1EiEENS_11RangePolicyIJS8_NS_9IndexTypeIiEENS_12Experimental15StaticBatchSizeILj16EEEEEES8_EEEEvT_, (-1));__cudaRegisterEntry(__T1093, ((void ( *)(const  _ZN6Kokkos4Impl11ParallelForINS0_16ViewValueFunctorINS_6DeviceINS_4CudaENS_9CudaSpaceEEEdEENS_11RangePolicyIJS4_NS_9IndexTypeImEENS7_10DestroyTagEEEES4_EE))Kokkos::Impl::cuda_parallel_launch_local_memory< ::Kokkos::Impl::ParallelFor< ::Kokkos::Impl::ViewValueFunctor< ::Kokkos::Device< ::Kokkos::Cuda,  ::Kokkos::CudaSpace> , double> ,  ::Kokkos::RangePolicy< ::Kokkos::Cuda,  ::Kokkos::IndexType<unsigned long> ,     ::Kokkos::Impl::ViewValueFunctor< ::Kokkos::Device< ::Kokkos::Cuda,  ::Kokkos::CudaSpace> , double> ::DestroyTag > ,  ::Kokkos::Cuda> > ), _ZN6Kokkos4Impl33cuda_parallel_launch_local_memoryINS0_11ParallelForINS0_16ViewValueFunctorINS_6DeviceINS_4CudaENS_9CudaSpaceEEEdEENS_11RangePolicyIJS5_NS_9IndexTypeImEENS8_10DestroyTagEEEES5_EEEEvT_, (-1));__cudaRegisterEntry(__T1093, ((void ( *)(const  _ZN6Kokkos4Impl11ParallelForINS0_16ViewValueFunctorINS_6DeviceINS_4CudaENS_9CudaSpaceEEEjEENS_11RangePolicyIJS4_NS_9IndexTypeImEENS7_10DestroyTagEEEES4_EE))Kokkos::Impl::cuda_parallel_launch_local_memory< ::Kokkos::Impl::ParallelFor< ::Kokkos::Impl::ViewValueFunctor< ::Kokkos::Device< ::Kokkos::Cuda,  ::Kokkos::CudaSpace> , unsigned int> ,  ::Kokkos::RangePolicy< ::Kokkos::Cuda,  ::Kokkos::IndexType<unsigned long> ,     ::Kokkos::Impl::ViewValueFunctor< ::Kokkos::Device< ::Kokkos::Cuda,  ::Kokkos::CudaSpace> , unsigned int> ::DestroyTag > ,  ::Kokkos::Cuda> > ), _ZN6Kokkos4Impl33cuda_parallel_launch_local_memoryINS0_11ParallelForINS0_16ViewValueFunctorINS_6DeviceINS_4CudaENS_9CudaSpaceEEEjEENS_11RangePolicyIJS5_NS_9IndexTypeImEENS8_10DestroyTagEEEES5_EEEEvT_, (-1));__cudaRegisterVariable(__T1093, __shadow_var(kokkos_impl_cuda_constant_memory_buffer,::kokkos_impl_cuda_constant_memory_buffer), 0, 32768UL, 1, 0);__cudaRegisterVariable(__T1093, __shadow_var(_ZN5desul4Impl30CUDA_SPACE_ATOMIC_LOCKS_DEVICEE,::desul::Impl::CUDA_SPACE_ATOMIC_LOCKS_DEVICE), 0, 8UL, 1, 0);__cudaRegisterVariable(__T1093, __shadow_var(_ZN5desul4Impl28CUDA_SPACE_ATOMIC_LOCKS_NODEE,::desul::Impl::CUDA_SPACE_ATOMIC_LOCKS_NODE), 0, 8UL, 1, 0);}
        |
  /gpfs/scratch/rmdraux/PoPS-final-full-native-cuda-dim2-gh200-um-98804c68-20261009/source/include/pops/numerics/elliptic/amr/partitioned_region_transfer.hpp:396:8: note: declared private here
    396 |   struct PackKernel {
        |        ^~~~~~~~~~
  [17/28] Building CXX object src/CMakeFiles/pops_runtime_amr.dir/runtime/amr/amr_field_solver_component.cpp.o
  /gpfs/scratch/rmdraux/PoPS-final-full-native-cuda-dim2-gh200-um-98804c68-20261009/source/include/pops/mesh/index/extent.hpp(38): warning #20012-D: __device__ annotation is ignored on a function("Extent") that is explicitly defaulted on its first declaration
      __attribute__((device)) __attribute__((host)) constexpr Extent() = default;
                     ^

  Remark: The warnings can be suppressed with "-diag-suppress <warning-number>"

  /gpfs/scratch/rmdraux/PoPS-final-full-native-cuda-dim2-gh200-um-98804c68-20261009/source/include/pops/mesh/index/extent.hpp(38): warning #20012-D: __host__ annotation is ignored on a function("Extent") that is explicitly defaulted on its first declaration
      __attribute__((device)) __attribute__((host)) constexpr Extent() = default;
                                             ^

  /gpfs/scratch/rmdraux/PoPS-final-full-native-cuda-dim2-gh200-um-98804c68-20261009/source/include/pops/mesh/index/index.hpp(36): warning #20012-D: __device__ annotation is ignored on a function("Index") that is explicitly defaulted on its first declaration
      __attribute__((device)) __attribute__((host)) constexpr Index() = default;
                     ^

  /gpfs/scratch/rmdraux/PoPS-final-full-native-cuda-dim2-gh200-um-98804c68-20261009/source/include/pops/mesh/index/index.hpp(36): warning #20012-D: __host__ annotation is ignored on a function("Index") that is explicitly defaulted on its first declaration
      __attribute__((device)) __attribute__((host)) constexpr Index() = default;
                                             ^

  /gpfs/scratch/rmdraux/PoPS-final-full-native-cuda-dim2-gh200-um-98804c68-20261009/source/include/pops/mesh/index/box.hpp(196): warning #20012-D: __device__ annotation is ignored on a function("operator==") that is explicitly defaulted on its first declaration
      __attribute__((device)) __attribute__((host)) constexpr bool operator==(const Box&) const = default;
                     ^

  /gpfs/scratch/rmdraux/PoPS-final-full-native-cuda-dim2-gh200-um-98804c68-20261009/source/include/pops/mesh/index/box.hpp(196): warning #20012-D: __host__ annotation is ignored on a function("operator==") that is explicitly defaulted on its first declaration
      __attribute__((device)) __attribute__((host)) constexpr bool operator==(const Box&) const = default;
                                             ^

  /gpfs/scratch/rmdraux/PoPS-final-full-native-cuda-dim2-gh200-um-98804c68-20261009/source/include/pops/mesh/index/entity_index.hpp(27): warning #20012-D: __device__ annotation is ignored on a function("FaceIndex") that is explicitly defaulted on its first declaration
      __attribute__((device)) __attribute__((host)) constexpr FaceIndex() = default;
                     ^

  /gpfs/scratch/rmdraux/PoPS-final-full-native-cuda-dim2-gh200-um-98804c68-20261009/source/include/pops/mesh/index/entity_index.hpp(27): warning #20012-D: __host__ annotation is ignored on a function("FaceIndex") that is explicitly defaulted on its first declaration
      __attribute__((device)) __attribute__((host)) constexpr FaceIndex() = default;
                                             ^

  /gpfs/scratch/rmdraux/PoPS-final-full-native-cuda-dim2-gh200-um-98804c68-20261009/source/include/pops/mesh/index/entity_index.hpp(33): warning #20012-D: __device__ annotation is ignored on a function("operator==") that is explicitly defaulted on its first declaration
      __attribute__((device)) __attribute__((host)) constexpr bool operator==(const FaceIndex&) const = default;
                     ^

  /gpfs/scratch/rmdraux/PoPS-final-full-native-cuda-dim2-gh200-um-98804c68-20261009/source/include/pops/mesh/index/entity_index.hpp(33): warning #20012-D: __host__ annotation is ignored on a function("operator==") that is explicitly defaulted on its first declaration
      __attribute__((device)) __attribute__((host)) constexpr bool operator==(const FaceIndex&) const = default;
                                             ^

  /gpfs/scratch/rmdraux/PoPS-final-full-native-cuda-dim2-gh200-um-98804c68-20261009/source/include/pops/mesh/index/real_vector.hpp(43): warning #20012-D: __device__ annotation is ignored on a function("RealVector") that is explicitly defaulted on its first declaration
      __attribute__((device)) __attribute__((host)) constexpr RealVector() = default;
                     ^

  /gpfs/scratch/rmdraux/PoPS-final-full-native-cuda-dim2-gh200-um-98804c68-20261009/source/include/pops/mesh/index/real_vector.hpp(43): warning #20012-D: __host__ annotation is ignored on a function("RealVector") that is explicitly defaulted on its first declaration
      __attribute__((device)) __attribute__((host)) constexpr RealVector() = default;
                                             ^

  /gpfs/scratch/rmdraux/PoPS-final-full-native-cuda-dim2-gh200-um-98804c68-20261009/source/include/pops/mesh/index/extent.hpp(38): warning #20012-D: __device__ annotation is ignored on a function("Extent") that is explicitly defaulted on its first declaration
      __attribute__((device)) __attribute__((host)) constexpr Extent() = default;
                     ^

  Remark: The warnings can be suppressed with "-diag-suppress <warning-number>"

  /gpfs/scratch/rmdraux/PoPS-final-full-native-cuda-dim2-gh200-um-98804c68-20261009/source/include/pops/mesh/index/extent.hpp(38): warning #20012-D: __host__ annotation is ignored on a function("Extent") that is explicitly defaulted on its first declaration
      __attribute__((device)) __attribute__((host)) constexpr Extent() = default;
                                             ^

  /gpfs/scratch/rmdraux/PoPS-final-full-native-cuda-dim2-gh200-um-98804c68-20261009/source/include/pops/mesh/index/index.hpp(36): warning #20012-D: __device__ annotation is ignored on a function("Index") that is explicitly defaulted on its first declaration
      __attribute__((device)) __attribute__((host)) constexpr Index() = default;
                     ^

  /gpfs/scratch/rmdraux/PoPS-final-full-native-cuda-dim2-gh200-um-98804c68-20261009/source/include/pops/mesh/index/index.hpp(36): warning #20012-D: __host__ annotation is ignored on a function("Index") that is explicitly defaulted on its first declaration
      __attribute__((device)) __attribute__((host)) constexpr Index() = default;
                                             ^

  /gpfs/scratch/rmdraux/PoPS-final-full-native-cuda-dim2-gh200-um-98804c68-20261009/source/include/pops/mesh/index/box.hpp(196): warning #20012-D: __device__ annotation is ignored on a function("operator==") that is explicitly defaulted on its first declaration
      __attribute__((device)) __attribute__((host)) constexpr bool operator==(const Box&) const = default;
                     ^

  /gpfs/scratch/rmdraux/PoPS-final-full-native-cuda-dim2-gh200-um-98804c68-20261009/source/include/pops/mesh/index/box.hpp(196): warning #20012-D: __host__ annotation is ignored on a function("operator==") that is explicitly defaulted on its first declaration
      __attribute__((device)) __attribute__((host)) constexpr bool operator==(const Box&) const = default;
                                             ^

  /gpfs/scratch/rmdraux/PoPS-final-full-native-cuda-dim2-gh200-um-98804c68-20261009/source/include/pops/mesh/index/entity_index.hpp(27): warning #20012-D: __device__ annotation is ignored on a function("FaceIndex") that is explicitly defaulted on its first declaration
      __attribute__((device)) __attribute__((host)) constexpr FaceIndex() = default;
                     ^

  /gpfs/scratch/rmdraux/PoPS-final-full-native-cuda-dim2-gh200-um-98804c68-20261009/source/include/pops/mesh/index/entity_index.hpp(27): warning #20012-D: __host__ annotation is ignored on a function("FaceIndex") that is explicitly defaulted on its first declaration
      __attribute__((device)) __attribute__((host)) constexpr FaceIndex() = default;
                                             ^

  /gpfs/scratch/rmdraux/PoPS-final-full-native-cuda-dim2-gh200-um-98804c68-20261009/source/include/pops/mesh/index/entity_index.hpp(33): warning #20012-D: __device__ annotation is ignored on a function("operator==") that is explicitly defaulted on its first declaration
      __attribute__((device)) __attribute__((host)) constexpr bool operator==(const FaceIndex&) const = default;
                     ^

  /gpfs/scratch/rmdraux/PoPS-final-full-native-cuda-dim2-gh200-um-98804c68-20261009/source/include/pops/mesh/index/entity_index.hpp(33): warning #20012-D: __host__ annotation is ignored on a function("operator==") that is explicitly defaulted on its first declaration
      __attribute__((device)) __attribute__((host)) constexpr bool operator==(const FaceIndex&) const = default;
                                             ^

  /gpfs/scratch/rmdraux/PoPS-final-full-native-cuda-dim2-gh200-um-98804c68-20261009/source/include/pops/mesh/index/real_vector.hpp(43): warning #20012-D: __device__ annotation is ignored on a function("RealVector") that is explicitly defaulted on its first declaration
      __attribute__((device)) __attribute__((host)) constexpr RealVector() = default;
                     ^

  /gpfs/scratch/rmdraux/PoPS-final-full-native-cuda-dim2-gh200-um-98804c68-20261009/source/include/pops/mesh/index/real_vector.hpp(43): warning #20012-D: __host__ annotation is ignored on a function("RealVector") that is explicitly defaulted on its first declaration
      __attribute__((device)) __attribute__((host)) constexpr RealVector() = default;
                                             ^

  [18/28] Building CXX object src/CMakeFiles/pops_runtime_output.dir/runtime/output/hdf5_collective.cpp.o
  [19/28] Building CXX object src/CMakeFiles/pops_runtime_amr.dir/runtime/amr/amr_system.cpp.o
  FAILED: [code=2] src/CMakeFiles/pops_runtime_amr.dir/runtime/amr/amr_system.cpp.o
  /gpfs/scratch/rmdraux/PoPS-final-full-native-cuda-dim2-gh200-um-98804c68-20261009/strict_nvcc_wrapper.sh -DKOKKOS_DEPENDENCE -DNDEBUG -DPOPS_CXX_COMPILER=\"/gpfs/scratch/rmdraux/PoPS-final-full-native-cuda-dim2-gh200-um-98804c68-20261009/strict_nvcc_wrapper.sh\" -DPOPS_CXX_STD=20 -DPOPS_EXPORT_BUILDING_MODULE -DPOPS_HAS_FFTW -DPOPS_HAS_HDF5 -DPOPS_HAS_KOKKOS -DPOPS_HAS_MPI -DPOPS_HAS_PARALLEL_HDF5 -DPOPS_HEADER_SIG=\"de2b5ef24a9fae48ab143d4200aab2885c9400dcd43712fa74928f5f2c4e954a\" -DPOPS_MPI_ABI=\"e5470b6bd6171e0d0cc7991de36f6f9c26c61fb75841906b56aa106034f1b138\" -DPOPS_NATIVE_DIM=2 -DPOPS_RUNTIME_SHARED_EXCEPTION_ABI -DPOPS_VERSION=\"1.1.0\" -D_FORTIFY_SOURCE=2 -D_pops_EXPORTS -I/gpfs/scratch/rmdraux/PoPS-final-full-native-cuda-dim2-gh200-um-98804c68-20261009/source/include -isystem /gpfs/scratch/rmdraux/PoPS-final-full-native-cuda-dim2-gh200-um-98804c68-20261009/envs/pops_final_cuda_dim2/include -isystem /gpfs/scratch/rmdraux/PoPS-final-full-native-cuda-dim2-gh200-um-98804c68-20261009/kokkos-unified-install/include --fmad=false -fopenmp -fno-fast-math -ffp-contract=off -O3 -DNDEBUG -std=c++20 -fPIC -fvisibility=hidden -fvisibility-inlines-hidden -extended-lambda -Wext-lambda-captures-this -arch=sm_90 -fopenmp -MD -MT src/CMakeFiles/pops_runtime_amr.dir/runtime/amr/amr_system.cpp.o -MF src/CMakeFiles/pops_runtime_amr.dir/runtime/amr/amr_system.cpp.o.d -o src/CMakeFiles/pops_runtime_amr.dir/runtime/amr/amr_system.cpp.o -c /gpfs/scratch/rmdraux/PoPS-final-full-native-cuda-dim2-gh200-um-98804c68-20261009/source/src/runtime/amr/amr_system.cpp
  /gpfs/scratch/rmdraux/PoPS-final-full-native-cuda-dim2-gh200-um-98804c68-20261009/source/include/pops/mesh/index/extent.hpp(38): warning #20012-D: __device__ annotation is ignored on a function("Extent") that is explicitly defaulted on its first declaration
      __attribute__((device)) __attribute__((host)) constexpr Extent() = default;
                     ^

  Remark: The warnings can be suppressed with "-diag-suppress <warning-number>"

  /gpfs/scratch/rmdraux/PoPS-final-full-native-cuda-dim2-gh200-um-98804c68-20261009/source/include/pops/mesh/index/extent.hpp(38): warning #20012-D: __host__ annotation is ignored on a function("Extent") that is explicitly defaulted on its first declaration
      __attribute__((device)) __attribute__((host)) constexpr Extent() = default;
                                             ^

  /gpfs/scratch/rmdraux/PoPS-final-full-native-cuda-dim2-gh200-um-98804c68-20261009/source/include/pops/mesh/index/index.hpp(36): warning #20012-D: __device__ annotation is ignored on a function("Index") that is explicitly defaulted on its first declaration
      __attribute__((device)) __attribute__((host)) constexpr Index() = default;
                     ^

  /gpfs/scratch/rmdraux/PoPS-final-full-native-cuda-dim2-gh200-um-98804c68-20261009/source/include/pops/mesh/index/index.hpp(36): warning #20012-D: __host__ annotation is ignored on a function("Index") that is explicitly defaulted on its first declaration
      __attribute__((device)) __attribute__((host)) constexpr Index() = default;
                                             ^

  /gpfs/scratch/rmdraux/PoPS-final-full-native-cuda-dim2-gh200-um-98804c68-20261009/source/include/pops/mesh/index/box.hpp(196): warning #20012-D: __device__ annotation is ignored on a function("operator==") that is explicitly defaulted on its first declaration
      __attribute__((device)) __attribute__((host)) constexpr bool operator==(const Box&) const = default;
                     ^

  /gpfs/scratch/rmdraux/PoPS-final-full-native-cuda-dim2-gh200-um-98804c68-20261009/source/include/pops/mesh/index/box.hpp(196): warning #20012-D: __host__ annotation is ignored on a function("operator==") that is explicitly defaulted on its first declaration
      __attribute__((device)) __attribute__((host)) constexpr bool operator==(const Box&) const = default;
                                             ^

  /gpfs/scratch/rmdraux/PoPS-final-full-native-cuda-dim2-gh200-um-98804c68-20261009/source/include/pops/mesh/index/real_vector.hpp(43): warning #20012-D: __device__ annotation is ignored on a function("RealVector") that is explicitly defaulted on its first declaration
      __attribute__((device)) __attribute__((host)) constexpr RealVector() = default;
                     ^

  /gpfs/scratch/rmdraux/PoPS-final-full-native-cuda-dim2-gh200-um-98804c68-20261009/source/include/pops/mesh/index/real_vector.hpp(43): warning #20012-D: __host__ annotation is ignored on a function("RealVector") that is explicitly defaulted on its first declaration
      __attribute__((device)) __attribute__((host)) constexpr RealVector() = default;
                                             ^

  /gpfs/scratch/rmdraux/PoPS-final-full-native-cuda-dim2-gh200-um-98804c68-20261009/source/include/pops/numerics/fv/flux_interfaces.hpp(253): warning #20012-D: __device__ annotation is ignored on a function("BoundFluxProviders") that is explicitly defaulted on its first declaration
      __attribute__((device)) __attribute__((host)) BoundFluxProviders(const BoundFluxProviders&) = default;
                     ^

  /gpfs/scratch/rmdraux/PoPS-final-full-native-cuda-dim2-gh200-um-98804c68-20261009/source/include/pops/numerics/fv/flux_interfaces.hpp(253): warning #20012-D: __host__ annotation is ignored on a function("BoundFluxProviders") that is explicitly defaulted on its first declaration
      __attribute__((device)) __attribute__((host)) BoundFluxProviders(const BoundFluxProviders&) = default;
                                             ^

  /gpfs/scratch/rmdraux/PoPS-final-full-native-cuda-dim2-gh200-um-98804c68-20261009/source/include/pops/mesh/index/entity_index.hpp(27): warning #20012-D: __device__ annotation is ignored on a function("FaceIndex") that is explicitly defaulted on its first declaration
      __attribute__((device)) __attribute__((host)) constexpr FaceIndex() = default;
                     ^

  /gpfs/scratch/rmdraux/PoPS-final-full-native-cuda-dim2-gh200-um-98804c68-20261009/source/include/pops/mesh/index/entity_index.hpp(27): warning #20012-D: __host__ annotation is ignored on a function("FaceIndex") that is explicitly defaulted on its first declaration
      __attribute__((device)) __attribute__((host)) constexpr FaceIndex() = default;
                                             ^

  /gpfs/scratch/rmdraux/PoPS-final-full-native-cuda-dim2-gh200-um-98804c68-20261009/source/include/pops/mesh/index/entity_index.hpp(33): warning #20012-D: __device__ annotation is ignored on a function("operator==") that is explicitly defaulted on its first declaration
      __attribute__((device)) __attribute__((host)) constexpr bool operator==(const FaceIndex&) const = default;
                     ^

  /gpfs/scratch/rmdraux/PoPS-final-full-native-cuda-dim2-gh200-um-98804c68-20261009/source/include/pops/mesh/index/entity_index.hpp(33): warning #20012-D: __host__ annotation is ignored on a function("operator==") that is explicitly defaulted on its first declaration
      __attribute__((device)) __attribute__((host)) constexpr bool operator==(const FaceIndex&) const = default;
                                             ^

  /gpfs/scratch/rmdraux/PoPS-final-full-native-cuda-dim2-gh200-um-98804c68-20261009/source/include/pops/runtime/amr/tensor_composite_fac.hpp(1200): error: An extended __host__ __device__ lambda cannot be defined inside a class ("Connection") with private or protected access within another class
             __attribute__((host)) __attribute__((device))(const std::size_t index, long& flag) {
                                                          ^

  /gpfs/scratch/rmdraux/PoPS-final-full-native-cuda-dim2-gh200-um-98804c68-20261009/source/include/pops/runtime/amr/tensor_composite_fac.hpp(1723): error: The enclosing parent function ("coefficients_are_elliptic_") for an extended __host__ __device__ lambda cannot have private or protected access within its class
               __attribute__((host)) __attribute__((device))(const std::size_t index, long& invalid) {
                                                            ^

  /gpfs/scratch/rmdraux/PoPS-final-full-native-cuda-dim2-gh200-um-98804c68-20261009/source/src/runtime/amr/amr_system.cpp(5729): error: An extended __host__ __device__ lambda cannot be defined inside a class ("Impl") with private or protected access within another class
                            [=] __attribute__((device)) __attribute__((host))(const Index<Dim>& cell) { values(cell, 0) = Real(0); });
                                                                             ^

  /gpfs/scratch/rmdraux/PoPS-final-full-native-cuda-dim2-gh200-um-98804c68-20261009/source/src/runtime/amr/amr_system.cpp(5769): error: An extended __host__ __device__ lambda cannot be defined inside a class ("Impl") with private or protected access within another class
          for_each_cell(source.box(local), [=] __attribute__((device)) __attribute__((host))(const Index<Dim>& cell) {
                                                                                            ^

  /gpfs/scratch/rmdraux/PoPS-final-full-native-cuda-dim2-gh200-um-98804c68-20261009/source/src/runtime/amr/amr_system.cpp(1863): warning #2810-D: ignoring return value type with "nodiscard" attribute
          result.emplace(std::invoke(std::forward<Callback>(callback)));
                        ^
            detected during:
              instantiation of "decltype(auto) pops::<unnamed>::invoke_with_staged_parent(int, std::string_view, int, int, const pops::MultiFab<Dim, Kokkos::Cuda::memory_space> *, pops::MultiFab<Dim, Kokkos::Cuda::memory_space> &, std::string_view, const pops::CommunicatorView &, const std::vector<pops::MultiFab<Dim, Kokkos::Cuda::memory_space>, std::allocator<pops::MultiFab<Dim, Kokkos::Cuda::memory_space>>> *&, pops::MultiFab<Dim, Kokkos::Cuda::memory_space> &, Callback &&) [with Dim=2, Callback=lambda []()->pops::SolveOutcome]" at line 16395
              instantiation of "pops::SolveOutcome pops::AmrSystem<Dim>::solve_prepared_amr_block_level_source_at(int, const pops::runtime::multiblock::BoundaryEvaluationPoint &, pops::MultiFab<Dim, Kokkos::Cuda::memory_space> &, pops::Real, const pops::NewtonOptions &, int, const pops::MultiFab<Dim, Kokkos::Cuda::memory_space> *) [with Dim=2]" at line 25016

  4 errors detected in the compilation of "/gpfs/scratch/rmdraux/PoPS-final-full-native-cuda-dim2-gh200-um-98804c68-20261009/source/src/runtime/amr/amr_system.cpp".
  ninja: build stopped: subcommand failed.

  *** CMake build failed
  error: subprocess-exited-with-error
  
  × Building wheel for pops (pyproject.toml) did not run successfully.
  │ exit code: 1
  ╰─> No available output.
  
  note: This error originates from a subprocess, and is likely not a problem with pip.
  full command: /gpfs/scratch/rmdraux/PoPS-final-full-native-cuda-dim2-gh200-um-98804c68-20261009/envs/pops_final_cuda_dim2/bin/python /gpfs/scratch/rmdraux/PoPS-final-full-native-cuda-dim2-gh200-um-98804c68-20261009/envs/pops_final_cuda_dim2/lib/python3.12/site-packages/pip/_vendor/pyproject_hooks/_in_process/_in_process.py build_wheel /gpfs/scratch/rmdraux/PoPS-final-full-native-cuda-dim2-gh200-um-98804c68-20261009/tmp/tmpcpu6ibhr
  cwd: /gpfs/scratch/rmdraux/PoPS-final-full-native-cuda-dim2-gh200-um-98804c68-20261009/source
  Building wheel for pops (pyproject.toml): finished with status 'error'
  ERROR: Failed building wheel for pops
Failed to build pops
ERROR: Failed to build one or more wheels
